-- Valentina Studio --
-- MySQL dump --
-- ---------------------------------------------------------


/*!40101 SET @OLD_CHARACTER_SET_CLIENT=@@CHARACTER_SET_CLIENT */;
/*!40101 SET @OLD_CHARACTER_SET_RESULTS=@@CHARACTER_SET_RESULTS */;
/*!40101 SET @OLD_COLLATION_CONNECTION=@@COLLATION_CONNECTION */;
/*!40014 SET @OLD_FOREIGN_KEY_CHECKS=@@FOREIGN_KEY_CHECKS, FOREIGN_KEY_CHECKS=0 */;
/*!40101 SET @OLD_SQL_MODE=@@SQL_MODE, SQL_MODE='NO_AUTO_VALUE_ON_ZERO' */;
-- ---------------------------------------------------------


-- CREATE TABLE "com_vtiger_workflow_activatedonce" ------------
CREATE TABLE `com_vtiger_workflow_activatedonce`( 
	`workflow_id` Int( 0 ) NOT NULL,
	`entity_id` Int( 0 ) NOT NULL,
	PRIMARY KEY ( `workflow_id`, `entity_id` ) )
CHARACTER SET = utf8mb4
COLLATE = utf8mb4_0900_ai_ci
ENGINE = InnoDB;
-- -------------------------------------------------------------


-- CREATE TABLE "com_vtiger_workflow_tasktypes" ----------------
CREATE TABLE `com_vtiger_workflow_tasktypes`( 
	`id` Int( 0 ) NOT NULL,
	`tasktypename` VarChar( 255 ) CHARACTER SET utf8mb4 COLLATE utf8mb4_0900_ai_ci NOT NULL,
	`label` VarChar( 255 ) CHARACTER SET utf8mb4 COLLATE utf8mb4_0900_ai_ci NULL DEFAULT NULL,
	`classname` VarChar( 255 ) CHARACTER SET utf8mb4 COLLATE utf8mb4_0900_ai_ci NULL DEFAULT NULL,
	`classpath` VarChar( 255 ) CHARACTER SET utf8mb4 COLLATE utf8mb4_0900_ai_ci NULL DEFAULT NULL,
	`templatepath` VarChar( 255 ) CHARACTER SET utf8mb4 COLLATE utf8mb4_0900_ai_ci NULL DEFAULT NULL,
	`modules` VarChar( 500 ) CHARACTER SET utf8mb4 COLLATE utf8mb4_0900_ai_ci NULL DEFAULT NULL,
	`sourcemodule` VarChar( 255 ) CHARACTER SET utf8mb4 COLLATE utf8mb4_0900_ai_ci NULL DEFAULT NULL )
CHARACTER SET = utf8mb4
COLLATE = utf8mb4_0900_ai_ci
ENGINE = InnoDB;
-- -------------------------------------------------------------


-- CREATE TABLE "com_vtiger_workflow_tasktypes_seq" ------------
CREATE TABLE `com_vtiger_workflow_tasktypes_seq`( 
	`id` Int( 0 ) NOT NULL )
CHARACTER SET = utf8mb4
COLLATE = utf8mb4_0900_ai_ci
ENGINE = InnoDB;
-- -------------------------------------------------------------


-- CREATE TABLE "com_vtiger_workflows" -------------------------
CREATE TABLE `com_vtiger_workflows`( 
	`workflow_id` Int( 0 ) AUTO_INCREMENT NOT NULL,
	`module_name` VarChar( 100 ) CHARACTER SET utf8mb4 COLLATE utf8mb4_0900_ai_ci NULL DEFAULT NULL,
	`summary` VarChar( 400 ) CHARACTER SET utf8mb4 COLLATE utf8mb4_0900_ai_ci NOT NULL,
	`test` Text CHARACTER SET utf8mb4 COLLATE utf8mb4_0900_ai_ci NOT NULL,
	`execution_condition` Int( 0 ) NOT NULL,
	`defaultworkflow` Int( 0 ) NULL DEFAULT NULL,
	`type` VarChar( 255 ) CHARACTER SET utf8mb4 COLLATE utf8mb4_0900_ai_ci NULL DEFAULT NULL,
	`filtersavedinnew` Int( 0 ) NULL DEFAULT NULL,
	`schtypeid` Int( 0 ) NULL DEFAULT NULL,
	`schdayofmonth` VarChar( 100 ) CHARACTER SET utf8mb4 COLLATE utf8mb4_0900_ai_ci NULL DEFAULT NULL,
	`schdayofweek` VarChar( 100 ) CHARACTER SET utf8mb4 COLLATE utf8mb4_0900_ai_ci NULL DEFAULT NULL,
	`schannualdates` VarChar( 500 ) CHARACTER SET utf8mb4 COLLATE utf8mb4_0900_ai_ci NULL DEFAULT NULL,
	`schtime` VarChar( 50 ) CHARACTER SET utf8mb4 COLLATE utf8mb4_0900_ai_ci NULL DEFAULT NULL,
	`nexttrigger_time` DateTime NULL DEFAULT NULL,
	`status` TinyInt( 1 ) NULL DEFAULT 1,
	`workflowname` VarChar( 100 ) CHARACTER SET utf8mb4 COLLATE utf8mb4_0900_ai_ci NULL DEFAULT NULL,
	PRIMARY KEY ( `workflow_id` ),
	CONSTRAINT `com_vtiger_workflows_idx` UNIQUE( `workflow_id` ) )
CHARACTER SET = utf8mb4
COLLATE = utf8mb4_0900_ai_ci
ENGINE = InnoDB
AUTO_INCREMENT = 37;
-- -------------------------------------------------------------


-- CREATE TABLE "com_vtiger_workflows_seq" ---------------------
CREATE TABLE `com_vtiger_workflows_seq`( 
	`id` Int( 0 ) NOT NULL )
CHARACTER SET = utf8mb4
COLLATE = utf8mb4_0900_ai_ci
ENGINE = InnoDB;
-- -------------------------------------------------------------


-- CREATE TABLE "com_vtiger_workflowtask_queue" ----------------
CREATE TABLE `com_vtiger_workflowtask_queue`( 
	`task_id` Int( 0 ) NULL DEFAULT NULL,
	`entity_id` VarChar( 100 ) CHARACTER SET utf8mb4 COLLATE utf8mb4_0900_ai_ci NULL DEFAULT NULL,
	`do_after` Int( 0 ) NULL DEFAULT NULL,
	`relatedinfo` VarChar( 255 ) CHARACTER SET utf8mb4 COLLATE utf8mb4_0900_ai_ci NULL DEFAULT NULL,
	`task_contents` Text CHARACTER SET utf8mb4 COLLATE utf8mb4_0900_ai_ci NULL DEFAULT NULL )
CHARACTER SET = utf8mb4
COLLATE = utf8mb4_0900_ai_ci
ENGINE = InnoDB;
-- -------------------------------------------------------------


-- CREATE TABLE "com_vtiger_workflowtasks" ---------------------
CREATE TABLE `com_vtiger_workflowtasks`( 
	`task_id` Int( 0 ) AUTO_INCREMENT NOT NULL,
	`workflow_id` Int( 0 ) NULL DEFAULT NULL,
	`summary` VarChar( 400 ) CHARACTER SET utf8mb4 COLLATE utf8mb4_0900_ai_ci NOT NULL,
	`task` Text CHARACTER SET utf8mb4 COLLATE utf8mb4_0900_ai_ci NOT NULL,
	PRIMARY KEY ( `task_id` ),
	CONSTRAINT `com_vtiger_workflowtasks_idx` UNIQUE( `task_id` ) )
CHARACTER SET = utf8mb4
COLLATE = utf8mb4_0900_ai_ci
ENGINE = InnoDB
AUTO_INCREMENT = 42;
-- -------------------------------------------------------------


-- CREATE TABLE "com_vtiger_workflowtasks_entitymethod" --------
CREATE TABLE `com_vtiger_workflowtasks_entitymethod`( 
	`workflowtasks_entitymethod_id` Int( 0 ) NOT NULL,
	`module_name` VarChar( 100 ) CHARACTER SET utf8mb4 COLLATE utf8mb4_0900_ai_ci NULL DEFAULT NULL,
	`method_name` VarChar( 100 ) CHARACTER SET utf8mb4 COLLATE utf8mb4_0900_ai_ci NULL DEFAULT NULL,
	`function_path` VarChar( 400 ) CHARACTER SET utf8mb4 COLLATE utf8mb4_0900_ai_ci NULL DEFAULT NULL,
	`function_name` VarChar( 100 ) CHARACTER SET utf8mb4 COLLATE utf8mb4_0900_ai_ci NULL DEFAULT NULL,
	PRIMARY KEY ( `workflowtasks_entitymethod_id` ),
	CONSTRAINT `com_vtiger_workflowtasks_entitymethod_idx` UNIQUE( `workflowtasks_entitymethod_id` ) )
CHARACTER SET = utf8mb4
COLLATE = utf8mb4_0900_ai_ci
ENGINE = InnoDB;
-- -------------------------------------------------------------


-- CREATE TABLE "com_vtiger_workflowtasks_entitymethod_seq" ----
CREATE TABLE `com_vtiger_workflowtasks_entitymethod_seq`( 
	`id` Int( 0 ) NOT NULL )
CHARACTER SET = utf8mb4
COLLATE = utf8mb4_0900_ai_ci
ENGINE = InnoDB;
-- -------------------------------------------------------------


-- CREATE TABLE "com_vtiger_workflowtasks_seq" -----------------
CREATE TABLE `com_vtiger_workflowtasks_seq`( 
	`id` Int( 0 ) NOT NULL )
CHARACTER SET = utf8mb4
COLLATE = utf8mb4_0900_ai_ci
ENGINE = InnoDB;
-- -------------------------------------------------------------


-- CREATE TABLE "com_vtiger_workflowtemplates" -----------------
CREATE TABLE `com_vtiger_workflowtemplates`( 
	`template_id` Int( 0 ) AUTO_INCREMENT NOT NULL,
	`module_name` VarChar( 100 ) CHARACTER SET utf8mb4 COLLATE utf8mb4_0900_ai_ci NULL DEFAULT NULL,
	`title` VarChar( 400 ) CHARACTER SET utf8mb4 COLLATE utf8mb4_0900_ai_ci NULL DEFAULT NULL,
	`template` Text CHARACTER SET utf8mb4 COLLATE utf8mb4_0900_ai_ci NULL DEFAULT NULL,
	PRIMARY KEY ( `template_id` ) )
CHARACTER SET = utf8mb4
COLLATE = utf8mb4_0900_ai_ci
ENGINE = InnoDB;
-- -------------------------------------------------------------


-- CREATE TABLE "its4you_installer_alert" ----------------------
CREATE TABLE `its4you_installer_alert`( 
	`alert` Int( 0 ) NULL DEFAULT NULL,
	`message` VarChar( 250 ) CHARACTER SET utf8mb4 COLLATE utf8mb4_0900_ai_ci NULL DEFAULT NULL,
	`alert_type` VarChar( 50 ) CHARACTER SET utf8mb4 COLLATE utf8mb4_0900_ai_ci NULL DEFAULT NULL,
	`link` VarChar( 250 ) CHARACTER SET utf8mb4 COLLATE utf8mb4_0900_ai_ci NULL DEFAULT NULL,
	`createdtime` DateTime NULL DEFAULT NULL,
	`status` Int( 0 ) NULL DEFAULT NULL )
CHARACTER SET = utf8mb4
COLLATE = utf8mb4_0900_ai_ci
ENGINE = InnoDB;
-- -------------------------------------------------------------


-- CREATE TABLE "its4you_installer_license" --------------------
CREATE TABLE `its4you_installer_license`( 
	`license` VarChar( 250 ) CHARACTER SET utf8mb4 COLLATE utf8mb4_0900_ai_ci NOT NULL,
	`license_data` Text CHARACTER SET utf8mb4 COLLATE utf8mb4_0900_ai_ci NULL DEFAULT NULL,
	PRIMARY KEY ( `license` ) )
CHARACTER SET = utf8mb4
COLLATE = utf8mb4_0900_ai_ci
ENGINE = MyISAM
AUTO_INCREMENT = 1;
-- -------------------------------------------------------------


-- CREATE TABLE "its4you_installer_license_user" ---------------
CREATE TABLE `its4you_installer_license_user`( 
	`id` Int( 0 ) AUTO_INCREMENT NOT NULL,
	`license` VarChar( 255 ) CHARACTER SET utf8mb4 COLLATE utf8mb4_0900_ai_ci NOT NULL,
	`user_id` Int( 0 ) NOT NULL,
	`module` VarChar( 100 ) CHARACTER SET utf8mb4 COLLATE utf8mb4_0900_ai_ci NOT NULL,
	PRIMARY KEY ( `id` ) )
CHARACTER SET = utf8mb4
COLLATE = utf8mb4_0900_ai_ci
ENGINE = InnoDB;
-- -------------------------------------------------------------


-- CREATE TABLE "its4you_installer_user" -----------------------
CREATE TABLE `its4you_installer_user`( 
	`userid` Int( 0 ) NULL DEFAULT NULL,
	`username` VarChar( 200 ) CHARACTER SET utf8mb4 COLLATE utf8mb4_0900_ai_ci NULL DEFAULT NULL,
	`password` VarChar( 200 ) CHARACTER SET utf8mb4 COLLATE utf8mb4_0900_ai_ci NULL DEFAULT NULL,
	`createdon` DateTime NULL DEFAULT NULL )
CHARACTER SET = utf8mb4
COLLATE = utf8mb4_0900_ai_ci
ENGINE = InnoDB;
-- -------------------------------------------------------------


-- CREATE TABLE "its4you_installer_version" --------------------
CREATE TABLE `its4you_installer_version`( 
	`versionid` Int( 0 ) AUTO_INCREMENT NOT NULL,
	`extension` VarChar( 30 ) CHARACTER SET utf8mb4 COLLATE utf8mb4_0900_ai_ci NULL DEFAULT NULL,
	`version` VarChar( 25 ) CHARACTER SET utf8mb4 COLLATE utf8mb4_0900_ai_ci NULL DEFAULT NULL,
	`update_datetime` DateTime NULL DEFAULT NULL,
	PRIMARY KEY ( `versionid` ),
	CONSTRAINT `extension` UNIQUE( `extension` ) )
CHARACTER SET = utf8mb4
COLLATE = utf8mb4_0900_ai_ci
ENGINE = MyISAM
AUTO_INCREMENT = 2;
-- -------------------------------------------------------------


-- CREATE TABLE "its4you_signature_images" ---------------------
CREATE TABLE `its4you_signature_images`( 
	`record` Int( 0 ) AUTO_INCREMENT NOT NULL,
	`link` VarChar( 200 ) CHARACTER SET utf8mb4 COLLATE utf8mb4_0900_ai_ci NULL DEFAULT NULL,
	`name` VarChar( 200 ) CHARACTER SET utf8mb4 COLLATE utf8mb4_0900_ai_ci NULL DEFAULT NULL,
	`width` Int( 0 ) NULL DEFAULT NULL,
	`height` Int( 0 ) NULL DEFAULT NULL,
	`type` VarChar( 50 ) CHARACTER SET utf8mb4 COLLATE utf8mb4_0900_ai_ci NULL DEFAULT NULL,
	`signature_id` Int( 0 ) NULL DEFAULT NULL,
	`recipient_id` Int( 0 ) NULL DEFAULT NULL,
	PRIMARY KEY ( `record` ) )
CHARACTER SET = utf8mb4
COLLATE = utf8mb4_0900_ai_ci
ENGINE = InnoDB
AUTO_INCREMENT = 1;
-- -------------------------------------------------------------


-- CREATE TABLE "vte_advance_menu_settings_groups" -------------
CREATE TABLE `vte_advance_menu_settings_groups`( 
	`groupid` Int( 0 ) AUTO_INCREMENT NOT NULL,
	`creator` Int( 0 ) NULL DEFAULT NULL,
	`modified_by` Int( 0 ) NULL DEFAULT NULL,
	`active` Int( 0 ) NULL DEFAULT 1,
	`group_name` VarChar( 255 ) CHARACTER SET utf8mb3 COLLATE utf8mb3_general_ci NOT NULL,
	`label` VarChar( 255 ) CHARACTER SET utf8mb3 COLLATE utf8mb3_general_ci NULL DEFAULT NULL,
	`icon_class` VarChar( 255 ) CHARACTER SET utf8mb3 COLLATE utf8mb3_general_ci NULL DEFAULT NULL,
	PRIMARY KEY ( `groupid` ) )
CHARACTER SET = utf8mb3
COLLATE = utf8mb3_general_ci
ENGINE = InnoDB
AUTO_INCREMENT = 8;
-- -------------------------------------------------------------


-- CREATE TABLE "vte_advance_menu_settings_menu" ---------------
CREATE TABLE `vte_advance_menu_settings_menu`( 
	`menuid` Int( 0 ) AUTO_INCREMENT NOT NULL,
	`creator` Int( 0 ) NOT NULL,
	`modified_by` Int( 0 ) NOT NULL,
	`active` Int( 0 ) NOT NULL DEFAULT 1,
	`last_module_id` Int( 0 ) NULL DEFAULT NULL,
	PRIMARY KEY ( `menuid` ) )
CHARACTER SET = utf8mb3
COLLATE = utf8mb3_general_ci
ENGINE = InnoDB
AUTO_INCREMENT = 2;
-- -------------------------------------------------------------


-- CREATE TABLE "vte_advance_menu_settings_menu_groups_rel" ----
CREATE TABLE `vte_advance_menu_settings_menu_groups_rel`( 
	`menuid` Int( 0 ) NOT NULL,
	`groupid` Int( 0 ) NOT NULL )
CHARACTER SET = utf8mb3
COLLATE = utf8mb3_general_ci
ENGINE = InnoDB;
-- -------------------------------------------------------------


-- CREATE TABLE "vte_advance_menu_settings_menu_items" ---------
CREATE TABLE `vte_advance_menu_settings_menu_items`( 
	`itemid` Int( 0 ) AUTO_INCREMENT NOT NULL,
	`creator` Int( 0 ) NULL DEFAULT NULL,
	`modified_by` Int( 0 ) NULL DEFAULT NULL,
	`active` Int( 0 ) NULL DEFAULT 1,
	`groupid` Int( 0 ) NOT NULL,
	`menuid` Int( 0 ) NOT NULL,
	`type` VarChar( 255 ) CHARACTER SET utf8mb3 COLLATE utf8mb3_general_ci NOT NULL,
	`module` VarChar( 255 ) CHARACTER SET utf8mb3 COLLATE utf8mb3_general_ci NOT NULL,
	`link` Text CHARACTER SET utf8mb3 COLLATE utf8mb3_general_ci NULL DEFAULT NULL,
	`label` VarChar( 255 ) CHARACTER SET utf8mb3 COLLATE utf8mb3_general_ci NOT NULL,
	`filter` Int( 0 ) NULL DEFAULT NULL,
	`sequence` Int( 0 ) NULL DEFAULT 0,
	PRIMARY KEY ( `itemid` ) )
CHARACTER SET = utf8mb3
COLLATE = utf8mb3_general_ci
ENGINE = InnoDB
AUTO_INCREMENT = 40;
-- -------------------------------------------------------------


-- CREATE TABLE "vte_buttons_customjs" -------------------------
CREATE TABLE `vte_buttons_customjs`( 
	`is_active` Int( 0 ) NULL DEFAULT 0,
	`custom_script` Text CHARACTER SET utf8mb3 COLLATE utf8mb3_general_ci NULL DEFAULT NULL )
CHARACTER SET = utf8mb3
COLLATE = utf8mb3_general_ci
ENGINE = InnoDB;
-- -------------------------------------------------------------


-- CREATE TABLE "vte_buttons_settings" -------------------------
CREATE TABLE `vte_buttons_settings`( 
	`id` Int( 0 ) UNSIGNED AUTO_INCREMENT NOT NULL,
	`module` VarChar( 100 ) CHARACTER SET utf8mb3 COLLATE utf8mb3_general_ci NULL DEFAULT NULL,
	`header` VarChar( 255 ) CHARACTER SET utf8mb3 COLLATE utf8mb3_general_ci NULL DEFAULT NULL,
	`icon` VarChar( 50 ) CHARACTER SET utf8mb3 COLLATE utf8mb3_general_ci NULL DEFAULT NULL,
	`color` VarChar( 50 ) CHARACTER SET utf8mb3 COLLATE utf8mb3_general_ci NULL DEFAULT NULL,
	`field_name` VarChar( 2000 ) CHARACTER SET utf8mb3 COLLATE utf8mb3_general_ci NULL DEFAULT NULL,
	`sequence` Int( 0 ) NULL DEFAULT NULL,
	`active` Int( 0 ) NULL DEFAULT 1,
	`conditions` Text CHARACTER SET utf8mb3 COLLATE utf8mb3_general_ci NULL DEFAULT NULL,
	`conditions_count` Int( 0 ) NULL DEFAULT NULL,
	`show_in_mobile` Int( 0 ) NULL DEFAULT NULL,
	`update_type` VarChar( 50 ) CHARACTER SET utf8mb3 COLLATE utf8mb3_general_ci NULL DEFAULT NULL,
	`automated_update_field` VarChar( 100 ) CHARACTER SET utf8mb3 COLLATE utf8mb3_general_ci NULL DEFAULT NULL,
	`automated_update_value` VarChar( 100 ) CHARACTER SET utf8mb3 COLLATE utf8mb3_general_ci NULL DEFAULT NULL,
	`members` VarChar( 2000 ) CHARACTER SET utf8mb3 COLLATE utf8mb3_general_ci NULL DEFAULT NULL,
	PRIMARY KEY ( `id` ) )
CHARACTER SET = utf8mb3
COLLATE = utf8mb3_general_ci
ENGINE = InnoDB
AUTO_INCREMENT = 4;
-- -------------------------------------------------------------


-- CREATE TABLE "vte_conditional_alerts" -----------------------
CREATE TABLE `vte_conditional_alerts`( 
	`id` Int( 0 ) AUTO_INCREMENT NOT NULL,
	`module` VarChar( 50 ) CHARACTER SET utf8mb4 COLLATE utf8mb4_0900_ai_ci NULL DEFAULT NULL,
	`description` VarChar( 255 ) CHARACTER SET utf8mb4 COLLATE utf8mb4_0900_ai_ci NULL DEFAULT NULL,
	`field` VarChar( 255 ) CHARACTER SET utf8mb4 COLLATE utf8mb4_0900_ai_ci NULL DEFAULT NULL,
	`condition` Text CHARACTER SET utf8mb4 COLLATE utf8mb4_0900_ai_ci NULL DEFAULT NULL,
	`layout` VarChar( 255 ) CHARACTER SET utf8mb4 COLLATE utf8mb4_0900_ai_ci NULL DEFAULT NULL,
	PRIMARY KEY ( `id` ) )
CHARACTER SET = utf8mb4
COLLATE = utf8mb4_0900_ai_ci
ENGINE = InnoDB
AUTO_INCREMENT = 1;
-- -------------------------------------------------------------


-- CREATE TABLE "vte_conditional_alerts_task" ------------------
CREATE TABLE `vte_conditional_alerts_task`( 
	`id` Int( 0 ) AUTO_INCREMENT NOT NULL,
	`cat_id` Int( 0 ) NOT NULL,
	`action_title` VarChar( 255 ) CHARACTER SET utf8mb3 COLLATE utf8mb3_unicode_ci NULL DEFAULT NULL,
	`alert_while_edit` SmallInt( 0 ) NULL DEFAULT 1,
	`alert_when_open` SmallInt( 0 ) NULL DEFAULT 1,
	`alert_on_save` SmallInt( 0 ) NULL DEFAULT 1,
	`donot_allow_to_save` SmallInt( 0 ) NULL DEFAULT 1,
	`active` SmallInt( 0 ) NULL DEFAULT 1,
	`actions` Text CHARACTER SET utf8mb3 COLLATE utf8mb3_unicode_ci NULL DEFAULT NULL,
	`description` Text CHARACTER SET utf8mb3 COLLATE utf8mb3_general_ci NULL DEFAULT NULL,
	PRIMARY KEY ( `id` ) )
CHARACTER SET = utf8mb3
COLLATE = utf8mb3_general_ci
ENGINE = InnoDB
AUTO_INCREMENT = 6;
-- -------------------------------------------------------------


-- CREATE TABLE "vte_default_widgets" --------------------------
CREATE TABLE `vte_default_widgets`( 
	`id` Int( 0 ) AUTO_INCREMENT NOT NULL,
	`tabid` Int( 0 ) NOT NULL,
	`all_widget` TinyInt( 1 ) NULL DEFAULT NULL,
	`comments_widget` TinyInt( 1 ) NULL DEFAULT NULL,
	`activities_widget` TinyInt( 1 ) NULL DEFAULT NULL,
	`update_widget` TinyInt( 1 ) NULL DEFAULT NULL,
	`document_widget` TinyInt( 1 ) NULL DEFAULT NULL,
	`helpdesk_widget` TinyInt( 1 ) NULL DEFAULT NULL,
	`milestones_widget` TinyInt( 1 ) NULL DEFAULT NULL,
	`tasks_widget` TinyInt( 1 ) NULL DEFAULT NULL,
	`contact_widget` TinyInt( 1 ) NULL DEFAULT NULL,
	`product_widget` TinyInt( 1 ) NULL DEFAULT NULL,
	PRIMARY KEY ( `id` ) )
CHARACTER SET = utf8mb4
COLLATE = utf8mb4_0900_ai_ci
ENGINE = InnoDB
AUTO_INCREMENT = 1;
-- -------------------------------------------------------------


-- CREATE TABLE "vte_labeleditor_setting" ----------------------
CREATE TABLE `vte_labeleditor_setting`( 
	`enable` Int( 0 ) NULL DEFAULT 1 )
CHARACTER SET = utf8mb4
COLLATE = utf8mb4_0900_ai_ci
ENGINE = InnoDB;
-- -------------------------------------------------------------


-- CREATE TABLE "vte_module_link_creator" ----------------------
CREATE TABLE `vte_module_link_creator`( 
	`id` Int( 0 ) AUTO_INCREMENT NOT NULL,
	`status` TinyInt( 0 ) NOT NULL DEFAULT 1 COMMENT '// 0: delete; 1: enable; 2 disable',
	`created` DateTime NOT NULL,
	`updated` DateTime NOT NULL,
	`module_id` Int( 0 ) NOT NULL DEFAULT 0 COMMENT '// FK: with entityname table',
	`module_name` VarChar( 100 ) CHARACTER SET utf8mb3 COLLATE utf8mb3_general_ci NOT NULL,
	`module_label` VarChar( 255 ) CHARACTER SET utf8mb3 COLLATE utf8mb3_general_ci NOT NULL,
	`module_type` TinyInt( 0 ) NOT NULL DEFAULT 1 COMMENT '// 1: entity; 2: extension',
	`module_fields` Text CHARACTER SET utf8mb3 COLLATE utf8mb3_general_ci NULL DEFAULT NULL,
	`module_list_view_filter_fields` Text CHARACTER SET utf8mb3 COLLATE utf8mb3_general_ci NULL DEFAULT NULL,
	`module_summary_fields` Text CHARACTER SET utf8mb3 COLLATE utf8mb3_general_ci NULL DEFAULT NULL,
	`module_quick_create_fields` Text CHARACTER SET utf8mb3 COLLATE utf8mb3_general_ci NULL DEFAULT NULL,
	`module_links` Text CHARACTER SET utf8mb3 COLLATE utf8mb3_general_ci NULL DEFAULT NULL,
	`description` Text CHARACTER SET utf8mb3 COLLATE utf8mb3_general_ci NULL DEFAULT NULL,
	`singular_module_label` VarChar( 255 ) CHARACTER SET utf8mb3 COLLATE utf8mb3_general_ci NULL DEFAULT NULL,
	PRIMARY KEY ( `id` ) )
CHARACTER SET = utf8mb3
COLLATE = utf8mb3_general_ci
ENGINE = InnoDB
AUTO_INCREMENT = 3;
-- -------------------------------------------------------------


-- CREATE TABLE "vte_module_link_creator_settings" -------------
CREATE TABLE `vte_module_link_creator_settings`( 
	`id` Int( 0 ) UNSIGNED AUTO_INCREMENT NOT NULL,
	`status` TinyInt( 0 ) NOT NULL DEFAULT 1 COMMENT '// 0: delete; 1: enable; 2 disable',
	`created` DateTime NOT NULL,
	`updated` DateTime NOT NULL,
	`module_id` Int( 0 ) UNSIGNED NOT NULL COMMENT '// FK - with entityname table',
	`description` Text CHARACTER SET utf8mb3 COLLATE utf8mb3_general_ci NULL DEFAULT NULL,
	PRIMARY KEY ( `id` ) )
CHARACTER SET = utf8mb3
COLLATE = utf8mb3_general_ci
ENGINE = InnoDB;
-- -------------------------------------------------------------


-- CREATE TABLE "vte_modules" ----------------------------------
CREATE TABLE `vte_modules`( 
	`module` VarChar( 50 ) CHARACTER SET utf8mb3 COLLATE utf8mb3_general_ci NOT NULL,
	`valid` Int( 0 ) NULL DEFAULT NULL,
	PRIMARY KEY ( `module` ) )
CHARACTER SET = utf8mb3
COLLATE = utf8mb3_general_ci
ENGINE = InnoDB;
-- -------------------------------------------------------------


-- CREATE TABLE "vte_user_login" -------------------------------
CREATE TABLE `vte_user_login`( 
	`id` Int( 0 ) AUTO_INCREMENT NOT NULL,
	`header` VarChar( 255 ) CHARACTER SET utf8mb3 COLLATE utf8mb3_general_ci NULL DEFAULT NULL,
	`description` Text CHARACTER SET utf8mb3 COLLATE utf8mb3_general_ci NULL DEFAULT NULL,
	`logo` VarChar( 255 ) CHARACTER SET utf8mb3 COLLATE utf8mb3_general_ci NULL DEFAULT NULL,
	`social_facebook` VarChar( 255 ) CHARACTER SET utf8mb3 COLLATE utf8mb3_general_ci NULL DEFAULT NULL,
	`social_twitter` VarChar( 255 ) CHARACTER SET utf8mb3 COLLATE utf8mb3_general_ci NULL DEFAULT NULL,
	`social_linkedin` VarChar( 255 ) CHARACTER SET utf8mb3 COLLATE utf8mb3_general_ci NULL DEFAULT NULL,
	`social_youtube` VarChar( 255 ) CHARACTER SET utf8mb3 COLLATE utf8mb3_general_ci NULL DEFAULT NULL,
	`copyright` Text CHARACTER SET utf8mb3 COLLATE utf8mb3_general_ci NULL DEFAULT NULL,
	`images` Text CHARACTER SET utf8mb3 COLLATE utf8mb3_general_ci NULL DEFAULT NULL,
	`slide_type` VarChar( 255 ) CHARACTER SET utf8mb3 COLLATE utf8mb3_general_ci NULL DEFAULT NULL,
	`slide_speed` Int( 0 ) NULL DEFAULT 1500,
	`slide_easing` VarChar( 255 ) CHARACTER SET utf8mb3 COLLATE utf8mb3_general_ci NULL DEFAULT NULL,
	PRIMARY KEY ( `id` ) )
CHARACTER SET = utf8mb3
COLLATE = utf8mb3_general_ci
ENGINE = InnoDB
AUTO_INCREMENT = 2;
-- -------------------------------------------------------------


-- CREATE TABLE "vte_user_login_image_setting" -----------------
CREATE TABLE `vte_user_login_image_setting`( 
	`method` VarChar( 255 ) CHARACTER SET latin1 COLLATE latin1_swedish_ci NULL DEFAULT NULL,
	`width` Int( 0 ) NULL DEFAULT NULL,
	`height` Int( 0 ) NULL DEFAULT NULL,
	`type` VarChar( 255 ) CHARACTER SET latin1 COLLATE latin1_swedish_ci NULL DEFAULT NULL )
CHARACTER SET = latin1
COLLATE = latin1_swedish_ci
ENGINE = InnoDB;
-- -------------------------------------------------------------


-- CREATE TABLE "vte_widgets" ----------------------------------
CREATE TABLE `vte_widgets`( 
	`id` Int( 0 ) AUTO_INCREMENT NOT NULL,
	`tabid` Int( 0 ) NULL DEFAULT NULL,
	`type` VarChar( 30 ) CHARACTER SET utf8mb4 COLLATE utf8mb4_0900_ai_ci NULL DEFAULT NULL,
	`label` VarChar( 100 ) CHARACTER SET utf8mb4 COLLATE utf8mb4_0900_ai_ci NULL DEFAULT NULL,
	`wcol` TinyInt( 1 ) NULL DEFAULT 1,
	`sequence` TinyInt( 0 ) NULL DEFAULT NULL,
	`nomargin` TinyInt( 1 ) NULL DEFAULT 0,
	`data` Text CHARACTER SET utf8mb4 COLLATE utf8mb4_0900_ai_ci NULL DEFAULT NULL,
	`advanced_query` Text CHARACTER SET utf8mb4 COLLATE utf8mb4_0900_ai_ci NULL DEFAULT NULL,
	`preview_email` TinyInt( 1 ) NULL DEFAULT NULL,
	`isactive` Int( 0 ) NULL DEFAULT NULL,
	PRIMARY KEY ( `id` ) )
CHARACTER SET = utf8mb4
COLLATE = utf8mb4_0900_ai_ci
ENGINE = InnoDB
AUTO_INCREMENT = 1;
-- -------------------------------------------------------------


-- CREATE TABLE "vtiger_account" -------------------------------
CREATE TABLE `vtiger_account`( 
	`accountid` Int( 0 ) NOT NULL DEFAULT 0,
	`account_no` VarChar( 100 ) CHARACTER SET utf8mb4 COLLATE utf8mb4_0900_ai_ci NOT NULL,
	`accountname` VarChar( 100 ) CHARACTER SET utf8mb4 COLLATE utf8mb4_0900_ai_ci NOT NULL,
	`parentid` Int( 0 ) NULL DEFAULT 0,
	`account_type` VarChar( 200 ) CHARACTER SET utf8mb4 COLLATE utf8mb4_0900_ai_ci NULL DEFAULT NULL,
	`industry` VarChar( 200 ) CHARACTER SET utf8mb4 COLLATE utf8mb4_0900_ai_ci NULL DEFAULT NULL,
	`annualrevenue` Decimal( 25, 8 ) NULL DEFAULT NULL,
	`rating` VarChar( 200 ) CHARACTER SET utf8mb4 COLLATE utf8mb4_0900_ai_ci NULL DEFAULT NULL,
	`ownership` VarChar( 50 ) CHARACTER SET utf8mb4 COLLATE utf8mb4_0900_ai_ci NULL DEFAULT NULL,
	`siccode` VarChar( 50 ) CHARACTER SET utf8mb4 COLLATE utf8mb4_0900_ai_ci NULL DEFAULT NULL,
	`tickersymbol` VarChar( 30 ) CHARACTER SET utf8mb4 COLLATE utf8mb4_0900_ai_ci NULL DEFAULT NULL,
	`phone` VarChar( 30 ) CHARACTER SET utf8mb4 COLLATE utf8mb4_0900_ai_ci NULL DEFAULT NULL,
	`otherphone` VarChar( 30 ) CHARACTER SET utf8mb4 COLLATE utf8mb4_0900_ai_ci NULL DEFAULT NULL,
	`email1` VarChar( 100 ) CHARACTER SET utf8mb4 COLLATE utf8mb4_0900_ai_ci NULL DEFAULT NULL,
	`email2` VarChar( 100 ) CHARACTER SET utf8mb4 COLLATE utf8mb4_0900_ai_ci NULL DEFAULT NULL,
	`website` VarChar( 100 ) CHARACTER SET utf8mb4 COLLATE utf8mb4_0900_ai_ci NULL DEFAULT NULL,
	`fax` VarChar( 30 ) CHARACTER SET utf8mb4 COLLATE utf8mb4_0900_ai_ci NULL DEFAULT NULL,
	`employees` Int( 0 ) NULL DEFAULT 0,
	`emailoptout` VarChar( 3 ) CHARACTER SET utf8mb4 COLLATE utf8mb4_0900_ai_ci NULL DEFAULT '0',
	`notify_owner` VarChar( 3 ) CHARACTER SET utf8mb4 COLLATE utf8mb4_0900_ai_ci NULL DEFAULT '0',
	`isconvertedfromlead` VarChar( 3 ) CHARACTER SET utf8mb4 COLLATE utf8mb4_0900_ai_ci NULL DEFAULT '0',
	`tags` VarChar( 1 ) CHARACTER SET utf8mb4 COLLATE utf8mb4_0900_ai_ci NULL DEFAULT NULL,
	PRIMARY KEY ( `accountid` ) )
CHARACTER SET = utf8mb4
COLLATE = utf8mb4_0900_ai_ci
ENGINE = InnoDB;
-- -------------------------------------------------------------


-- CREATE TABLE "vtiger_accountbillads" ------------------------
CREATE TABLE `vtiger_accountbillads`( 
	`accountaddressid` Int( 0 ) NOT NULL DEFAULT 0,
	`bill_city` VarChar( 30 ) CHARACTER SET utf8mb4 COLLATE utf8mb4_0900_ai_ci NULL DEFAULT NULL,
	`bill_code` VarChar( 30 ) CHARACTER SET utf8mb4 COLLATE utf8mb4_0900_ai_ci NULL DEFAULT NULL,
	`bill_country` VarChar( 30 ) CHARACTER SET utf8mb4 COLLATE utf8mb4_0900_ai_ci NULL DEFAULT NULL,
	`bill_state` VarChar( 30 ) CHARACTER SET utf8mb4 COLLATE utf8mb4_0900_ai_ci NULL DEFAULT NULL,
	`bill_street` VarChar( 250 ) CHARACTER SET utf8mb4 COLLATE utf8mb4_0900_ai_ci NULL DEFAULT NULL,
	`bill_pobox` VarChar( 30 ) CHARACTER SET utf8mb4 COLLATE utf8mb4_0900_ai_ci NULL DEFAULT NULL,
	PRIMARY KEY ( `accountaddressid` ) )
CHARACTER SET = utf8mb4
COLLATE = utf8mb4_0900_ai_ci
ENGINE = InnoDB;
-- -------------------------------------------------------------


-- CREATE TABLE "vtiger_accountrating" -------------------------
CREATE TABLE `vtiger_accountrating`( 
	`accountratingid` Int( 0 ) AUTO_INCREMENT NOT NULL,
	`rating` VarChar( 200 ) CHARACTER SET utf8mb4 COLLATE utf8mb4_0900_ai_ci NOT NULL,
	`sortorderid` Int( 0 ) NOT NULL DEFAULT 0,
	`presence` Int( 0 ) NOT NULL DEFAULT 1,
	PRIMARY KEY ( `accountratingid` ),
	CONSTRAINT `accountrating_rating_idx` UNIQUE( `rating` ) )
CHARACTER SET = utf8mb4
COLLATE = utf8mb4_0900_ai_ci
ENGINE = InnoDB;
-- -------------------------------------------------------------


-- CREATE TABLE "vtiger_accountscf" ----------------------------
CREATE TABLE `vtiger_accountscf`( 
	`accountid` Int( 0 ) NOT NULL DEFAULT 0,
	PRIMARY KEY ( `accountid` ) )
CHARACTER SET = utf8mb4
COLLATE = utf8mb4_0900_ai_ci
ENGINE = InnoDB;
-- -------------------------------------------------------------


-- CREATE TABLE "vtiger_accountshipads" ------------------------
CREATE TABLE `vtiger_accountshipads`( 
	`accountaddressid` Int( 0 ) NOT NULL DEFAULT 0,
	`ship_city` VarChar( 30 ) CHARACTER SET utf8mb4 COLLATE utf8mb4_0900_ai_ci NULL DEFAULT NULL,
	`ship_code` VarChar( 30 ) CHARACTER SET utf8mb4 COLLATE utf8mb4_0900_ai_ci NULL DEFAULT NULL,
	`ship_country` VarChar( 30 ) CHARACTER SET utf8mb4 COLLATE utf8mb4_0900_ai_ci NULL DEFAULT NULL,
	`ship_state` VarChar( 30 ) CHARACTER SET utf8mb4 COLLATE utf8mb4_0900_ai_ci NULL DEFAULT NULL,
	`ship_pobox` VarChar( 30 ) CHARACTER SET utf8mb4 COLLATE utf8mb4_0900_ai_ci NULL DEFAULT NULL,
	`ship_street` VarChar( 250 ) CHARACTER SET utf8mb4 COLLATE utf8mb4_0900_ai_ci NULL DEFAULT NULL,
	PRIMARY KEY ( `accountaddressid` ) )
CHARACTER SET = utf8mb4
COLLATE = utf8mb4_0900_ai_ci
ENGINE = InnoDB;
-- -------------------------------------------------------------


-- CREATE TABLE "vtiger_accounttype" ---------------------------
CREATE TABLE `vtiger_accounttype`( 
	`accounttypeid` Int( 0 ) AUTO_INCREMENT NOT NULL,
	`accounttype` VarChar( 200 ) CHARACTER SET utf8mb4 COLLATE utf8mb4_0900_ai_ci NOT NULL,
	`presence` Int( 0 ) NOT NULL DEFAULT 1,
	`picklist_valueid` Int( 0 ) NOT NULL DEFAULT 0,
	`sortorderid` Int( 0 ) NULL DEFAULT NULL,
	`color` VarChar( 10 ) CHARACTER SET utf8mb4 COLLATE utf8mb4_0900_ai_ci NULL DEFAULT NULL,
	PRIMARY KEY ( `accounttypeid` ),
	CONSTRAINT `accounttype_accounttype_idx` UNIQUE( `accounttype` ) )
CHARACTER SET = utf8mb4
COLLATE = utf8mb4_0900_ai_ci
ENGINE = InnoDB
AUTO_INCREMENT = 12;
-- -------------------------------------------------------------


-- CREATE TABLE "vtiger_accounttype_seq" -----------------------
CREATE TABLE `vtiger_accounttype_seq`( 
	`id` Int( 0 ) NOT NULL )
CHARACTER SET = utf8mb4
COLLATE = utf8mb4_0900_ai_ci
ENGINE = InnoDB;
-- -------------------------------------------------------------


-- CREATE TABLE "vtiger_actionmapping" -------------------------
CREATE TABLE `vtiger_actionmapping`( 
	`actionid` Int( 0 ) NOT NULL,
	`actionname` VarChar( 200 ) CHARACTER SET utf8mb4 COLLATE utf8mb4_0900_ai_ci NOT NULL,
	`securitycheck` Int( 0 ) NULL DEFAULT NULL,
	PRIMARY KEY ( `actionid`, `actionname` ) )
CHARACTER SET = utf8mb4
COLLATE = utf8mb4_0900_ai_ci
ENGINE = InnoDB;
-- -------------------------------------------------------------


-- CREATE TABLE "vtiger_activity" ------------------------------
CREATE TABLE `vtiger_activity`( 
	`activityid` Int( 0 ) NOT NULL DEFAULT 0,
	`subject` VarChar( 255 ) CHARACTER SET utf8mb4 COLLATE utf8mb4_0900_ai_ci NULL DEFAULT NULL,
	`semodule` VarChar( 20 ) CHARACTER SET utf8mb4 COLLATE utf8mb4_0900_ai_ci NULL DEFAULT NULL,
	`activitytype` VarChar( 200 ) CHARACTER SET utf8mb4 COLLATE utf8mb4_0900_ai_ci NOT NULL,
	`date_start` Date NOT NULL,
	`due_date` Date NULL DEFAULT NULL,
	`time_start` VarChar( 50 ) CHARACTER SET utf8mb4 COLLATE utf8mb4_0900_ai_ci NULL DEFAULT NULL,
	`time_end` VarChar( 50 ) CHARACTER SET utf8mb4 COLLATE utf8mb4_0900_ai_ci NULL DEFAULT NULL,
	`sendnotification` VarChar( 3 ) CHARACTER SET utf8mb4 COLLATE utf8mb4_0900_ai_ci NOT NULL DEFAULT '0',
	`duration_hours` VarChar( 200 ) CHARACTER SET utf8mb4 COLLATE utf8mb4_0900_ai_ci NULL DEFAULT NULL,
	`duration_minutes` VarChar( 200 ) CHARACTER SET utf8mb4 COLLATE utf8mb4_0900_ai_ci NULL DEFAULT NULL,
	`status` VarChar( 200 ) CHARACTER SET utf8mb4 COLLATE utf8mb4_0900_ai_ci NULL DEFAULT NULL,
	`eventstatus` VarChar( 200 ) CHARACTER SET utf8mb4 COLLATE utf8mb4_0900_ai_ci NULL DEFAULT NULL,
	`priority` VarChar( 200 ) CHARACTER SET utf8mb4 COLLATE utf8mb4_0900_ai_ci NULL DEFAULT NULL,
	`location` VarChar( 150 ) CHARACTER SET utf8mb4 COLLATE utf8mb4_0900_ai_ci NULL DEFAULT NULL,
	`notime` VarChar( 3 ) CHARACTER SET utf8mb4 COLLATE utf8mb4_0900_ai_ci NOT NULL DEFAULT '0',
	`visibility` VarChar( 50 ) CHARACTER SET utf8mb4 COLLATE utf8mb4_0900_ai_ci NOT NULL DEFAULT 'all',
	`recurringtype` VarChar( 200 ) CHARACTER SET utf8mb4 COLLATE utf8mb4_0900_ai_ci NULL DEFAULT NULL,
	`tags` VarChar( 1 ) CHARACTER SET utf8mb4 COLLATE utf8mb4_0900_ai_ci NULL DEFAULT NULL,
	PRIMARY KEY ( `activityid` ) )
CHARACTER SET = utf8mb4
COLLATE = utf8mb4_0900_ai_ci
ENGINE = InnoDB;
-- -------------------------------------------------------------


-- CREATE TABLE "vtiger_activity_recurring_info" ---------------
CREATE TABLE `vtiger_activity_recurring_info`( 
	`activityid` Int( 0 ) NOT NULL,
	`recurrenceid` Int( 0 ) NOT NULL )
CHARACTER SET = utf8mb3
COLLATE = utf8mb3_general_ci
ENGINE = InnoDB;
-- -------------------------------------------------------------


-- CREATE TABLE "vtiger_activity_reminder" ---------------------
CREATE TABLE `vtiger_activity_reminder`( 
	`activity_id` Int( 0 ) NOT NULL,
	`reminder_time` Int( 0 ) NOT NULL,
	`reminder_sent` Int( 0 ) NOT NULL,
	`recurringid` Int( 0 ) NOT NULL,
	PRIMARY KEY ( `activity_id`, `recurringid` ) )
CHARACTER SET = utf8mb4
COLLATE = utf8mb4_0900_ai_ci
ENGINE = InnoDB;
-- -------------------------------------------------------------


-- CREATE TABLE "vtiger_activity_reminder_popup" ---------------
CREATE TABLE `vtiger_activity_reminder_popup`( 
	`reminderid` Int( 0 ) AUTO_INCREMENT NOT NULL,
	`semodule` VarChar( 100 ) CHARACTER SET utf8mb4 COLLATE utf8mb4_0900_ai_ci NOT NULL,
	`recordid` Int( 0 ) NOT NULL,
	`date_start` Date NOT NULL,
	`time_start` VarChar( 100 ) CHARACTER SET utf8mb4 COLLATE utf8mb4_0900_ai_ci NOT NULL,
	`status` Int( 0 ) NOT NULL,
	PRIMARY KEY ( `reminderid` ) )
CHARACTER SET = utf8mb4
COLLATE = utf8mb4_0900_ai_ci
ENGINE = InnoDB
AUTO_INCREMENT = 1;
-- -------------------------------------------------------------


-- CREATE TABLE "vtiger_activity_view" -------------------------
CREATE TABLE `vtiger_activity_view`( 
	`activity_viewid` Int( 0 ) AUTO_INCREMENT NOT NULL,
	`activity_view` VarChar( 200 ) CHARACTER SET utf8mb4 COLLATE utf8mb4_0900_ai_ci NOT NULL,
	`sortorderid` Int( 0 ) NOT NULL DEFAULT 0,
	`presence` Int( 0 ) NOT NULL DEFAULT 1,
	PRIMARY KEY ( `activity_viewid` ) )
CHARACTER SET = utf8mb4
COLLATE = utf8mb4_0900_ai_ci
ENGINE = InnoDB
AUTO_INCREMENT = 6;
-- -------------------------------------------------------------


-- CREATE TABLE "vtiger_activity_view_seq" ---------------------
CREATE TABLE `vtiger_activity_view_seq`( 
	`id` Int( 0 ) NOT NULL )
CHARACTER SET = utf8mb4
COLLATE = utf8mb4_0900_ai_ci
ENGINE = InnoDB;
-- -------------------------------------------------------------


-- CREATE TABLE "vtiger_activitycf" ----------------------------
CREATE TABLE `vtiger_activitycf`( 
	`activityid` Int( 0 ) NOT NULL DEFAULT 0,
	PRIMARY KEY ( `activityid` ) )
CHARACTER SET = utf8mb4
COLLATE = utf8mb4_0900_ai_ci
ENGINE = InnoDB;
-- -------------------------------------------------------------


-- CREATE TABLE "vtiger_activityproductrel" --------------------
CREATE TABLE `vtiger_activityproductrel`( 
	`activityid` Int( 0 ) NOT NULL DEFAULT 0,
	`productid` Int( 0 ) NOT NULL DEFAULT 0,
	PRIMARY KEY ( `activityid`, `productid` ) )
CHARACTER SET = utf8mb4
COLLATE = utf8mb4_0900_ai_ci
ENGINE = InnoDB;
-- -------------------------------------------------------------


-- CREATE TABLE "vtiger_activitytype" --------------------------
CREATE TABLE `vtiger_activitytype`( 
	`activitytypeid` Int( 0 ) AUTO_INCREMENT NOT NULL,
	`activitytype` VarChar( 200 ) CHARACTER SET utf8mb4 COLLATE utf8mb4_0900_ai_ci NOT NULL,
	`presence` Int( 0 ) NOT NULL DEFAULT 1,
	`picklist_valueid` Int( 0 ) NOT NULL DEFAULT 0,
	`sortorderid` Int( 0 ) NULL DEFAULT NULL,
	`color` VarChar( 10 ) CHARACTER SET utf8mb4 COLLATE utf8mb4_0900_ai_ci NULL DEFAULT NULL,
	PRIMARY KEY ( `activitytypeid` ),
	CONSTRAINT `activitytype_activitytype_idx` UNIQUE( `activitytype` ) )
CHARACTER SET = utf8mb4
COLLATE = utf8mb4_0900_ai_ci
ENGINE = InnoDB
AUTO_INCREMENT = 4;
-- -------------------------------------------------------------


-- CREATE TABLE "vtiger_activitytype_seq" ----------------------
CREATE TABLE `vtiger_activitytype_seq`( 
	`id` Int( 0 ) NOT NULL )
CHARACTER SET = utf8mb4
COLLATE = utf8mb4_0900_ai_ci
ENGINE = InnoDB;
-- -------------------------------------------------------------


-- CREATE TABLE "vtiger_announcement" --------------------------
CREATE TABLE `vtiger_announcement`( 
	`creatorid` Int( 0 ) NOT NULL,
	`announcement` Text CHARACTER SET utf8mb4 COLLATE utf8mb4_0900_ai_ci NULL DEFAULT NULL,
	`title` VarChar( 255 ) CHARACTER SET utf8mb4 COLLATE utf8mb4_0900_ai_ci NULL DEFAULT NULL,
	`time` Timestamp NULL DEFAULT NULL,
	PRIMARY KEY ( `creatorid` ) )
CHARACTER SET = utf8mb4
COLLATE = utf8mb4_0900_ai_ci
ENGINE = InnoDB;
-- -------------------------------------------------------------


-- CREATE TABLE "vtiger_app2tab" -------------------------------
CREATE TABLE `vtiger_app2tab`( 
	`tabid` Int( 0 ) NULL DEFAULT NULL,
	`appname` VarChar( 20 ) CHARACTER SET utf8mb4 COLLATE utf8mb4_0900_ai_ci NULL DEFAULT NULL,
	`sequence` Int( 0 ) NULL DEFAULT NULL,
	`visible` Int( 0 ) NULL DEFAULT 1 )
CHARACTER SET = utf8mb4
COLLATE = utf8mb4_0900_ai_ci
ENGINE = InnoDB;
-- -------------------------------------------------------------


-- CREATE TABLE "vtiger_assets" --------------------------------
CREATE TABLE `vtiger_assets`( 
	`assetsid` Int( 0 ) NOT NULL,
	`asset_no` VarChar( 30 ) CHARACTER SET utf8mb3 COLLATE utf8mb3_general_ci NOT NULL,
	`account` Int( 0 ) NULL DEFAULT NULL,
	`product` Int( 0 ) NOT NULL,
	`serialnumber` VarChar( 200 ) CHARACTER SET utf8mb3 COLLATE utf8mb3_general_ci NULL DEFAULT NULL,
	`datesold` Date NULL DEFAULT NULL,
	`dateinservice` Date NULL DEFAULT NULL,
	`assetstatus` VarChar( 200 ) CHARACTER SET utf8mb3 COLLATE utf8mb3_general_ci NULL DEFAULT 'In Service',
	`tagnumber` VarChar( 300 ) CHARACTER SET utf8mb3 COLLATE utf8mb3_general_ci NULL DEFAULT NULL,
	`invoiceid` Int( 0 ) NULL DEFAULT NULL,
	`shippingmethod` VarChar( 200 ) CHARACTER SET utf8mb3 COLLATE utf8mb3_general_ci NULL DEFAULT NULL,
	`shippingtrackingnumber` VarChar( 200 ) CHARACTER SET utf8mb3 COLLATE utf8mb3_general_ci NULL DEFAULT NULL,
	`assetname` VarChar( 100 ) CHARACTER SET utf8mb3 COLLATE utf8mb3_general_ci NULL DEFAULT NULL,
	`contact` Int( 0 ) NULL DEFAULT NULL,
	`tags` VarChar( 1 ) CHARACTER SET utf8mb3 COLLATE utf8mb3_general_ci NULL DEFAULT NULL,
	PRIMARY KEY ( `assetsid` ) )
CHARACTER SET = utf8mb3
COLLATE = utf8mb3_general_ci
ENGINE = InnoDB;
-- -------------------------------------------------------------


-- CREATE TABLE "vtiger_assetscf" ------------------------------
CREATE TABLE `vtiger_assetscf`( 
	`assetsid` Int( 0 ) NOT NULL,
	PRIMARY KEY ( `assetsid` ) )
CHARACTER SET = utf8mb3
COLLATE = utf8mb3_general_ci
ENGINE = InnoDB;
-- -------------------------------------------------------------


-- CREATE TABLE "vtiger_assetstatus" ---------------------------
CREATE TABLE `vtiger_assetstatus`( 
	`assetstatusid` Int( 0 ) AUTO_INCREMENT NOT NULL,
	`assetstatus` VarChar( 200 ) CHARACTER SET utf8mb3 COLLATE utf8mb3_general_ci NOT NULL,
	`presence` Int( 0 ) NOT NULL DEFAULT 1,
	`picklist_valueid` Int( 0 ) NOT NULL DEFAULT 0,
	`sortorderid` Int( 0 ) NULL DEFAULT 0,
	`color` VarChar( 10 ) CHARACTER SET utf8mb3 COLLATE utf8mb3_general_ci NULL DEFAULT NULL,
	PRIMARY KEY ( `assetstatusid` ) )
CHARACTER SET = utf8mb3
COLLATE = utf8mb3_general_ci
ENGINE = InnoDB
AUTO_INCREMENT = 2;
-- -------------------------------------------------------------


-- CREATE TABLE "vtiger_assetstatus_seq" -----------------------
CREATE TABLE `vtiger_assetstatus_seq`( 
	`id` Int( 0 ) NOT NULL )
CHARACTER SET = utf8mb4
COLLATE = utf8mb4_0900_ai_ci
ENGINE = InnoDB;
-- -------------------------------------------------------------


-- CREATE TABLE "vtiger_asterisk" ------------------------------
CREATE TABLE `vtiger_asterisk`( 
	`server` VarChar( 30 ) CHARACTER SET utf8mb4 COLLATE utf8mb4_0900_ai_ci NULL DEFAULT NULL,
	`port` VarChar( 30 ) CHARACTER SET utf8mb4 COLLATE utf8mb4_0900_ai_ci NULL DEFAULT NULL,
	`username` VarChar( 50 ) CHARACTER SET utf8mb4 COLLATE utf8mb4_0900_ai_ci NULL DEFAULT NULL,
	`password` VarChar( 50 ) CHARACTER SET utf8mb4 COLLATE utf8mb4_0900_ai_ci NULL DEFAULT NULL,
	`version` VarChar( 50 ) CHARACTER SET utf8mb4 COLLATE utf8mb4_0900_ai_ci NULL DEFAULT NULL )
CHARACTER SET = utf8mb4
COLLATE = utf8mb4_0900_ai_ci
ENGINE = InnoDB;
-- -------------------------------------------------------------


-- CREATE TABLE "vtiger_asteriskextensions" --------------------
CREATE TABLE `vtiger_asteriskextensions`( 
	`userid` Int( 0 ) NULL DEFAULT NULL,
	`asterisk_extension` VarChar( 50 ) CHARACTER SET utf8mb4 COLLATE utf8mb4_0900_ai_ci NULL DEFAULT NULL,
	`use_asterisk` VarChar( 3 ) CHARACTER SET utf8mb4 COLLATE utf8mb4_0900_ai_ci NULL DEFAULT NULL )
CHARACTER SET = utf8mb4
COLLATE = utf8mb4_0900_ai_ci
ENGINE = InnoDB;
-- -------------------------------------------------------------


-- CREATE TABLE "vtiger_asteriskincomingcalls" -----------------
CREATE TABLE `vtiger_asteriskincomingcalls`( 
	`from_number` VarChar( 50 ) CHARACTER SET utf8mb4 COLLATE utf8mb4_0900_ai_ci NULL DEFAULT NULL,
	`from_name` VarChar( 50 ) CHARACTER SET utf8mb4 COLLATE utf8mb4_0900_ai_ci NULL DEFAULT NULL,
	`to_number` VarChar( 50 ) CHARACTER SET utf8mb4 COLLATE utf8mb4_0900_ai_ci NULL DEFAULT NULL,
	`callertype` VarChar( 30 ) CHARACTER SET utf8mb4 COLLATE utf8mb4_0900_ai_ci NULL DEFAULT NULL,
	`flag` Int( 0 ) NULL DEFAULT NULL,
	`timer` Int( 0 ) NULL DEFAULT NULL,
	`refuid` VarChar( 255 ) CHARACTER SET utf8mb4 COLLATE utf8mb4_0900_ai_ci NULL DEFAULT NULL )
CHARACTER SET = utf8mb4
COLLATE = utf8mb4_0900_ai_ci
ENGINE = InnoDB;
-- -------------------------------------------------------------


-- CREATE TABLE "vtiger_asteriskincomingevents" ----------------
CREATE TABLE `vtiger_asteriskincomingevents`( 
	`uid` VarChar( 255 ) CHARACTER SET utf8mb4 COLLATE utf8mb4_0900_ai_ci NOT NULL,
	`channel` VarChar( 100 ) CHARACTER SET utf8mb4 COLLATE utf8mb4_0900_ai_ci NULL DEFAULT NULL,
	`from_number` BigInt( 0 ) NULL DEFAULT NULL,
	`from_name` VarChar( 100 ) CHARACTER SET utf8mb4 COLLATE utf8mb4_0900_ai_ci NULL DEFAULT NULL,
	`to_number` BigInt( 0 ) NULL DEFAULT NULL,
	`callertype` VarChar( 100 ) CHARACTER SET utf8mb4 COLLATE utf8mb4_0900_ai_ci NULL DEFAULT NULL,
	`timer` Int( 0 ) NULL DEFAULT NULL,
	`flag` VarChar( 3 ) CHARACTER SET utf8mb4 COLLATE utf8mb4_0900_ai_ci NULL DEFAULT NULL,
	`pbxrecordid` Int( 0 ) NULL DEFAULT NULL,
	`relcrmid` Int( 0 ) NULL DEFAULT NULL,
	PRIMARY KEY ( `uid` ) )
CHARACTER SET = utf8mb4
COLLATE = utf8mb4_0900_ai_ci
ENGINE = InnoDB;
-- -------------------------------------------------------------


-- CREATE TABLE "vtiger_attachments" ---------------------------
CREATE TABLE `vtiger_attachments`( 
	`attachmentsid` Int( 0 ) NOT NULL,
	`name` VarChar( 255 ) CHARACTER SET utf8mb4 COLLATE utf8mb4_0900_ai_ci NOT NULL,
	`description` Text CHARACTER SET utf8mb4 COLLATE utf8mb4_0900_ai_ci NULL DEFAULT NULL,
	`type` VarChar( 100 ) CHARACTER SET utf8mb4 COLLATE utf8mb4_0900_ai_ci NULL DEFAULT NULL,
	`path` Text CHARACTER SET utf8mb4 COLLATE utf8mb4_0900_ai_ci NULL DEFAULT NULL,
	`storedname` VarChar( 255 ) CHARACTER SET utf8mb4 COLLATE utf8mb4_0900_ai_ci NULL DEFAULT NULL,
	`subject` VarChar( 255 ) CHARACTER SET utf8mb4 COLLATE utf8mb4_0900_ai_ci NULL DEFAULT NULL,
	PRIMARY KEY ( `attachmentsid` ) )
CHARACTER SET = utf8mb4
COLLATE = utf8mb4_0900_ai_ci
ENGINE = InnoDB;
-- -------------------------------------------------------------


-- CREATE TABLE "vtiger_attachmentsfolder" ---------------------
CREATE TABLE `vtiger_attachmentsfolder`( 
	`folderid` Int( 0 ) AUTO_INCREMENT NOT NULL,
	`foldername` VarChar( 200 ) CHARACTER SET utf8mb4 COLLATE utf8mb4_0900_ai_ci NOT NULL,
	`description` VarChar( 250 ) CHARACTER SET utf8mb4 COLLATE utf8mb4_0900_ai_ci NULL DEFAULT NULL,
	`createdby` Int( 0 ) NOT NULL,
	`sequence` Int( 0 ) NULL DEFAULT NULL,
	PRIMARY KEY ( `folderid` ) )
CHARACTER SET = utf8mb4
COLLATE = utf8mb4_0900_ai_ci
ENGINE = InnoDB
AUTO_INCREMENT = 2;
-- -------------------------------------------------------------


-- CREATE TABLE "vtiger_attachmentsfolder_seq" -----------------
CREATE TABLE `vtiger_attachmentsfolder_seq`( 
	`id` Int( 0 ) NOT NULL )
CHARACTER SET = utf8mb4
COLLATE = utf8mb4_0900_ai_ci
ENGINE = InnoDB;
-- -------------------------------------------------------------


-- CREATE TABLE "vtiger_audit_trial" ---------------------------
CREATE TABLE `vtiger_audit_trial`( 
	`auditid` Int( 0 ) NOT NULL,
	`userid` Int( 0 ) NULL DEFAULT NULL,
	`module` VarChar( 255 ) CHARACTER SET utf8mb4 COLLATE utf8mb4_0900_ai_ci NULL DEFAULT NULL,
	`action` VarChar( 255 ) CHARACTER SET utf8mb4 COLLATE utf8mb4_0900_ai_ci NULL DEFAULT NULL,
	`recordid` VarChar( 20 ) CHARACTER SET utf8mb4 COLLATE utf8mb4_0900_ai_ci NULL DEFAULT NULL,
	`actiondate` DateTime NULL DEFAULT NULL,
	PRIMARY KEY ( `auditid` ) )
CHARACTER SET = utf8mb4
COLLATE = utf8mb4_0900_ai_ci
ENGINE = InnoDB;
-- -------------------------------------------------------------


-- CREATE TABLE "vtiger_blocks" --------------------------------
CREATE TABLE `vtiger_blocks`( 
	`blockid` Int( 0 ) NOT NULL,
	`tabid` Int( 0 ) NOT NULL,
	`blocklabel` VarChar( 100 ) CHARACTER SET utf8mb4 COLLATE utf8mb4_0900_ai_ci NOT NULL,
	`sequence` Int( 0 ) NULL DEFAULT NULL,
	`show_title` Int( 0 ) NULL DEFAULT NULL,
	`visible` Int( 0 ) NOT NULL DEFAULT 0,
	`create_view` Int( 0 ) NOT NULL DEFAULT 0,
	`edit_view` Int( 0 ) NOT NULL DEFAULT 0,
	`detail_view` Int( 0 ) NOT NULL DEFAULT 0,
	`display_status` Int( 0 ) NOT NULL DEFAULT 1,
	`iscustom` Int( 0 ) NOT NULL DEFAULT 0,
	PRIMARY KEY ( `blockid` ) )
CHARACTER SET = utf8mb4
COLLATE = utf8mb4_0900_ai_ci
ENGINE = InnoDB;
-- -------------------------------------------------------------


-- CREATE TABLE "vtiger_blocks_seq" ----------------------------
CREATE TABLE `vtiger_blocks_seq`( 
	`id` Int( 0 ) NOT NULL )
CHARACTER SET = utf8mb4
COLLATE = utf8mb4_0900_ai_ci
ENGINE = InnoDB;
-- -------------------------------------------------------------


-- CREATE TABLE "vtiger_calendar_default_activitytypes" --------
CREATE TABLE `vtiger_calendar_default_activitytypes`( 
	`id` Int( 0 ) NOT NULL,
	`module` VarChar( 50 ) CHARACTER SET utf8mb4 COLLATE utf8mb4_0900_ai_ci NULL DEFAULT NULL,
	`fieldname` VarChar( 50 ) CHARACTER SET utf8mb4 COLLATE utf8mb4_0900_ai_ci NULL DEFAULT NULL,
	`defaultcolor` VarChar( 50 ) CHARACTER SET utf8mb4 COLLATE utf8mb4_0900_ai_ci NULL DEFAULT NULL,
	`isdefault` Int( 0 ) NULL DEFAULT 1,
	`conditions` VarChar( 255 ) CHARACTER SET utf8mb4 COLLATE utf8mb4_0900_ai_ci NULL,
	PRIMARY KEY ( `id` ) )
CHARACTER SET = utf8mb4
COLLATE = utf8mb4_0900_ai_ci
ENGINE = InnoDB;
-- -------------------------------------------------------------


-- CREATE TABLE "vtiger_calendar_default_activitytypes_seq" ----
CREATE TABLE `vtiger_calendar_default_activitytypes_seq`( 
	`id` Int( 0 ) NOT NULL )
CHARACTER SET = utf8mb4
COLLATE = utf8mb4_0900_ai_ci
ENGINE = InnoDB;
-- -------------------------------------------------------------


-- CREATE TABLE "vtiger_calendar_user_activitytypes" -----------
CREATE TABLE `vtiger_calendar_user_activitytypes`( 
	`id` Int( 0 ) NOT NULL,
	`defaultid` Int( 0 ) NULL DEFAULT NULL,
	`userid` Int( 0 ) NULL DEFAULT NULL,
	`color` VarChar( 50 ) CHARACTER SET utf8mb4 COLLATE utf8mb4_0900_ai_ci NULL DEFAULT NULL,
	`visible` Int( 0 ) NULL DEFAULT 1,
	PRIMARY KEY ( `id` ) )
CHARACTER SET = utf8mb4
COLLATE = utf8mb4_0900_ai_ci
ENGINE = InnoDB;
-- -------------------------------------------------------------


-- CREATE TABLE "vtiger_calendar_user_activitytypes_seq" -------
CREATE TABLE `vtiger_calendar_user_activitytypes_seq`( 
	`id` Int( 0 ) NOT NULL )
CHARACTER SET = utf8mb4
COLLATE = utf8mb4_0900_ai_ci
ENGINE = InnoDB;
-- -------------------------------------------------------------


-- CREATE TABLE "vtiger_calendarsharedtype" --------------------
CREATE TABLE `vtiger_calendarsharedtype`( 
	`calendarsharedtypeid` Int( 0 ) AUTO_INCREMENT NOT NULL,
	`calendarsharedtype` VarChar( 200 ) CHARACTER SET utf8mb3 COLLATE utf8mb3_general_ci NOT NULL,
	`sortorderid` Int( 0 ) NULL DEFAULT NULL,
	`presence` Int( 0 ) NOT NULL DEFAULT 1,
	PRIMARY KEY ( `calendarsharedtypeid` ) )
CHARACTER SET = utf8mb3
COLLATE = utf8mb3_general_ci
ENGINE = InnoDB
AUTO_INCREMENT = 4;
-- -------------------------------------------------------------


-- CREATE TABLE "vtiger_calendarsharedtype_seq" ----------------
CREATE TABLE `vtiger_calendarsharedtype_seq`( 
	`id` Int( 0 ) NOT NULL )
CHARACTER SET = utf8mb4
COLLATE = utf8mb4_0900_ai_ci
ENGINE = InnoDB;
-- -------------------------------------------------------------


-- CREATE TABLE "vtiger_callduration" --------------------------
CREATE TABLE `vtiger_callduration`( 
	`calldurationid` Int( 0 ) AUTO_INCREMENT NOT NULL,
	`callduration` VarChar( 200 ) CHARACTER SET utf8mb3 COLLATE utf8mb3_general_ci NOT NULL,
	`sortorderid` Int( 0 ) NULL DEFAULT NULL,
	`presence` Int( 0 ) NOT NULL DEFAULT 1,
	PRIMARY KEY ( `calldurationid` ) )
CHARACTER SET = utf8mb3
COLLATE = utf8mb3_general_ci
ENGINE = InnoDB
AUTO_INCREMENT = 6;
-- -------------------------------------------------------------


-- CREATE TABLE "vtiger_callduration_seq" ----------------------
CREATE TABLE `vtiger_callduration_seq`( 
	`id` Int( 0 ) NOT NULL )
CHARACTER SET = utf8mb4
COLLATE = utf8mb4_0900_ai_ci
ENGINE = InnoDB;
-- -------------------------------------------------------------


-- CREATE TABLE "vtiger_campaign" ------------------------------
CREATE TABLE `vtiger_campaign`( 
	`campaign_no` VarChar( 100 ) CHARACTER SET utf8mb4 COLLATE utf8mb4_0900_ai_ci NOT NULL,
	`campaignname` VarChar( 255 ) CHARACTER SET utf8mb4 COLLATE utf8mb4_0900_ai_ci NULL DEFAULT NULL,
	`campaigntype` VarChar( 200 ) CHARACTER SET utf8mb4 COLLATE utf8mb4_0900_ai_ci NULL DEFAULT NULL,
	`campaignstatus` VarChar( 200 ) CHARACTER SET utf8mb4 COLLATE utf8mb4_0900_ai_ci NULL DEFAULT NULL,
	`expectedrevenue` Decimal( 25, 8 ) NULL DEFAULT NULL,
	`budgetcost` Decimal( 25, 8 ) NULL DEFAULT NULL,
	`actualcost` Decimal( 25, 8 ) NULL DEFAULT NULL,
	`expectedresponse` VarChar( 200 ) CHARACTER SET utf8mb4 COLLATE utf8mb4_0900_ai_ci NULL DEFAULT NULL,
	`numsent` Decimal( 11, 0 ) NULL DEFAULT NULL,
	`product_id` Int( 0 ) NULL DEFAULT NULL,
	`sponsor` VarChar( 255 ) CHARACTER SET utf8mb4 COLLATE utf8mb4_0900_ai_ci NULL DEFAULT NULL,
	`targetaudience` VarChar( 255 ) CHARACTER SET utf8mb4 COLLATE utf8mb4_0900_ai_ci NULL DEFAULT NULL,
	`targetsize` Int( 0 ) NULL DEFAULT NULL,
	`expectedresponsecount` Int( 0 ) NULL DEFAULT NULL,
	`expectedsalescount` Int( 0 ) NULL DEFAULT NULL,
	`expectedroi` Decimal( 25, 8 ) NULL DEFAULT NULL,
	`actualresponsecount` Int( 0 ) NULL DEFAULT NULL,
	`actualsalescount` Int( 0 ) NULL DEFAULT NULL,
	`actualroi` Decimal( 25, 8 ) NULL DEFAULT NULL,
	`campaignid` Int( 0 ) NOT NULL,
	`closingdate` Date NULL DEFAULT NULL,
	`tags` VarChar( 1 ) CHARACTER SET utf8mb4 COLLATE utf8mb4_0900_ai_ci NULL DEFAULT NULL,
	PRIMARY KEY ( `campaignid` ) )
CHARACTER SET = utf8mb4
COLLATE = utf8mb4_0900_ai_ci
ENGINE = InnoDB;
-- -------------------------------------------------------------


-- CREATE TABLE "vtiger_campaignaccountrel" --------------------
CREATE TABLE `vtiger_campaignaccountrel`( 
	`campaignid` Int( 0 ) NULL DEFAULT NULL,
	`accountid` Int( 0 ) NULL DEFAULT NULL,
	`campaignrelstatusid` Int( 0 ) NULL DEFAULT NULL )
CHARACTER SET = utf8mb4
COLLATE = utf8mb4_0900_ai_ci
ENGINE = InnoDB;
-- -------------------------------------------------------------


-- CREATE TABLE "vtiger_campaigncontrel" -----------------------
CREATE TABLE `vtiger_campaigncontrel`( 
	`campaignid` Int( 0 ) NOT NULL DEFAULT 0,
	`contactid` Int( 0 ) NOT NULL DEFAULT 0,
	`campaignrelstatusid` Int( 0 ) NOT NULL DEFAULT 0,
	PRIMARY KEY ( `campaignid`, `contactid`, `campaignrelstatusid` ) )
CHARACTER SET = utf8mb4
COLLATE = utf8mb4_0900_ai_ci
ENGINE = InnoDB;
-- -------------------------------------------------------------


-- CREATE TABLE "vtiger_campaignleadrel" -----------------------
CREATE TABLE `vtiger_campaignleadrel`( 
	`campaignid` Int( 0 ) NOT NULL DEFAULT 0,
	`leadid` Int( 0 ) NOT NULL DEFAULT 0,
	`campaignrelstatusid` Int( 0 ) NOT NULL DEFAULT 0,
	PRIMARY KEY ( `campaignid`, `leadid`, `campaignrelstatusid` ) )
CHARACTER SET = utf8mb4
COLLATE = utf8mb4_0900_ai_ci
ENGINE = InnoDB;
-- -------------------------------------------------------------


-- CREATE TABLE "vtiger_campaignrelstatus" ---------------------
CREATE TABLE `vtiger_campaignrelstatus`( 
	`campaignrelstatusid` Int( 0 ) NULL DEFAULT NULL,
	`campaignrelstatus` VarChar( 256 ) CHARACTER SET utf8mb4 COLLATE utf8mb4_0900_ai_ci NULL DEFAULT NULL,
	`sortorderid` Int( 0 ) NULL DEFAULT NULL,
	`presence` Int( 0 ) NULL DEFAULT NULL,
	`color` VarChar( 10 ) CHARACTER SET utf8mb4 COLLATE utf8mb4_0900_ai_ci NULL DEFAULT NULL )
CHARACTER SET = utf8mb4
COLLATE = utf8mb4_0900_ai_ci
ENGINE = InnoDB;
-- -------------------------------------------------------------


-- CREATE TABLE "vtiger_campaignrelstatus_seq" -----------------
CREATE TABLE `vtiger_campaignrelstatus_seq`( 
	`id` Int( 0 ) NOT NULL )
CHARACTER SET = utf8mb4
COLLATE = utf8mb4_0900_ai_ci
ENGINE = InnoDB;
-- -------------------------------------------------------------


-- CREATE TABLE "vtiger_campaignscf" ---------------------------
CREATE TABLE `vtiger_campaignscf`( 
	`campaignid` Int( 0 ) NOT NULL DEFAULT 0,
	PRIMARY KEY ( `campaignid` ) )
CHARACTER SET = utf8mb4
COLLATE = utf8mb4_0900_ai_ci
ENGINE = InnoDB;
-- -------------------------------------------------------------


-- CREATE TABLE "vtiger_campaignstatus" ------------------------
CREATE TABLE `vtiger_campaignstatus`( 
	`campaignstatusid` Int( 0 ) AUTO_INCREMENT NOT NULL,
	`campaignstatus` VarChar( 200 ) CHARACTER SET utf8mb4 COLLATE utf8mb4_0900_ai_ci NOT NULL,
	`presence` Int( 0 ) NOT NULL DEFAULT 1,
	`picklist_valueid` Int( 0 ) NOT NULL DEFAULT 0,
	`sortorderid` Int( 0 ) NULL DEFAULT NULL,
	`color` VarChar( 10 ) CHARACTER SET utf8mb4 COLLATE utf8mb4_0900_ai_ci NULL DEFAULT NULL,
	PRIMARY KEY ( `campaignstatusid` ) )
CHARACTER SET = utf8mb4
COLLATE = utf8mb4_0900_ai_ci
ENGINE = InnoDB
AUTO_INCREMENT = 7;
-- -------------------------------------------------------------


-- CREATE TABLE "vtiger_campaignstatus_seq" --------------------
CREATE TABLE `vtiger_campaignstatus_seq`( 
	`id` Int( 0 ) NOT NULL )
CHARACTER SET = utf8mb4
COLLATE = utf8mb4_0900_ai_ci
ENGINE = InnoDB;
-- -------------------------------------------------------------


-- CREATE TABLE "vtiger_campaigntype" --------------------------
CREATE TABLE `vtiger_campaigntype`( 
	`campaigntypeid` Int( 0 ) AUTO_INCREMENT NOT NULL,
	`campaigntype` VarChar( 200 ) CHARACTER SET utf8mb4 COLLATE utf8mb4_0900_ai_ci NOT NULL,
	`presence` Int( 0 ) NOT NULL DEFAULT 1,
	`picklist_valueid` Int( 0 ) NOT NULL DEFAULT 0,
	`sortorderid` Int( 0 ) NULL DEFAULT NULL,
	`color` VarChar( 10 ) CHARACTER SET utf8mb4 COLLATE utf8mb4_0900_ai_ci NULL DEFAULT NULL,
	PRIMARY KEY ( `campaigntypeid` ),
	CONSTRAINT `campaigntype_campaigntype_idx` UNIQUE( `campaigntype` ) )
CHARACTER SET = utf8mb4
COLLATE = utf8mb4_0900_ai_ci
ENGINE = InnoDB
AUTO_INCREMENT = 14;
-- -------------------------------------------------------------


-- CREATE TABLE "vtiger_campaigntype_seq" ----------------------
CREATE TABLE `vtiger_campaigntype_seq`( 
	`id` Int( 0 ) NOT NULL )
CHARACTER SET = utf8mb4
COLLATE = utf8mb4_0900_ai_ci
ENGINE = InnoDB;
-- -------------------------------------------------------------


-- CREATE TABLE "vtiger_carrier" -------------------------------
CREATE TABLE `vtiger_carrier`( 
	`carrierid` Int( 0 ) AUTO_INCREMENT NOT NULL,
	`carrier` VarChar( 200 ) CHARACTER SET utf8mb4 COLLATE utf8mb4_0900_ai_ci NOT NULL,
	`presence` Int( 0 ) NOT NULL DEFAULT 1,
	`picklist_valueid` Int( 0 ) NOT NULL DEFAULT 0,
	`sortorderid` Int( 0 ) NULL DEFAULT NULL,
	`color` VarChar( 10 ) CHARACTER SET utf8mb4 COLLATE utf8mb4_0900_ai_ci NULL DEFAULT NULL,
	PRIMARY KEY ( `carrierid` ),
	CONSTRAINT `carrier_carrier_idx` UNIQUE( `carrier` ) )
CHARACTER SET = utf8mb4
COLLATE = utf8mb4_0900_ai_ci
ENGINE = InnoDB
AUTO_INCREMENT = 5;
-- -------------------------------------------------------------


-- CREATE TABLE "vtiger_carrier_seq" ---------------------------
CREATE TABLE `vtiger_carrier_seq`( 
	`id` Int( 0 ) NOT NULL )
CHARACTER SET = utf8mb4
COLLATE = utf8mb4_0900_ai_ci
ENGINE = InnoDB;
-- -------------------------------------------------------------


-- CREATE TABLE "vtiger_cf_897" --------------------------------
CREATE TABLE `vtiger_cf_897`( 
	`cf_897id` Int( 0 ) AUTO_INCREMENT NOT NULL,
	`cf_897` VarChar( 200 ) CHARACTER SET utf8mb3 COLLATE utf8mb3_general_ci NOT NULL,
	`sortorderid` Int( 0 ) NULL DEFAULT NULL,
	`presence` Int( 0 ) NOT NULL DEFAULT 1,
	`color` VarChar( 10 ) CHARACTER SET utf8mb3 COLLATE utf8mb3_general_ci NULL DEFAULT NULL,
	PRIMARY KEY ( `cf_897id` ) )
CHARACTER SET = utf8mb3
COLLATE = utf8mb3_general_ci
ENGINE = InnoDB
AUTO_INCREMENT = 6;
-- -------------------------------------------------------------


-- CREATE TABLE "vtiger_cf_897_seq" ----------------------------
CREATE TABLE `vtiger_cf_897_seq`( 
	`id` Int( 0 ) NOT NULL )
CHARACTER SET = utf8mb4
COLLATE = utf8mb4_0900_ai_ci
ENGINE = InnoDB;
-- -------------------------------------------------------------


-- CREATE TABLE "vtiger_cf_899" --------------------------------
CREATE TABLE `vtiger_cf_899`( 
	`cf_899id` Int( 0 ) AUTO_INCREMENT NOT NULL,
	`cf_899` VarChar( 200 ) CHARACTER SET utf8mb3 COLLATE utf8mb3_general_ci NOT NULL,
	`sortorderid` Int( 0 ) NULL DEFAULT NULL,
	`presence` Int( 0 ) NOT NULL DEFAULT 1,
	`color` VarChar( 10 ) CHARACTER SET utf8mb3 COLLATE utf8mb3_general_ci NULL DEFAULT NULL,
	PRIMARY KEY ( `cf_899id` ) )
CHARACTER SET = utf8mb3
COLLATE = utf8mb3_general_ci
ENGINE = InnoDB
AUTO_INCREMENT = 4;
-- -------------------------------------------------------------


-- CREATE TABLE "vtiger_cf_899_seq" ----------------------------
CREATE TABLE `vtiger_cf_899_seq`( 
	`id` Int( 0 ) NOT NULL )
CHARACTER SET = utf8mb4
COLLATE = utf8mb4_0900_ai_ci
ENGINE = InnoDB;
-- -------------------------------------------------------------


-- CREATE TABLE "vtiger_cf_910" --------------------------------
CREATE TABLE `vtiger_cf_910`( 
	`cf_910id` Int( 0 ) AUTO_INCREMENT NOT NULL,
	`cf_910` VarChar( 200 ) CHARACTER SET utf8mb3 COLLATE utf8mb3_general_ci NOT NULL,
	`sortorderid` Int( 0 ) NULL DEFAULT NULL,
	`presence` Int( 0 ) NOT NULL DEFAULT 1,
	`color` VarChar( 10 ) CHARACTER SET utf8mb3 COLLATE utf8mb3_general_ci NULL DEFAULT NULL,
	PRIMARY KEY ( `cf_910id` ) )
CHARACTER SET = utf8mb3
COLLATE = utf8mb3_general_ci
ENGINE = InnoDB
AUTO_INCREMENT = 1;
-- -------------------------------------------------------------


-- CREATE TABLE "vtiger_cf_910_seq" ----------------------------
CREATE TABLE `vtiger_cf_910_seq`( 
	`id` Int( 0 ) NOT NULL )
CHARACTER SET = utf8mb4
COLLATE = utf8mb4_0900_ai_ci
ENGINE = InnoDB;
-- -------------------------------------------------------------


-- CREATE TABLE "vtiger_cf_933" --------------------------------
CREATE TABLE `vtiger_cf_933`( 
	`cf_933id` Int( 0 ) AUTO_INCREMENT NOT NULL,
	`cf_933` VarChar( 200 ) CHARACTER SET utf8mb3 COLLATE utf8mb3_general_ci NOT NULL,
	`sortorderid` Int( 0 ) NULL DEFAULT NULL,
	`presence` Int( 0 ) NOT NULL DEFAULT 1,
	`color` VarChar( 10 ) CHARACTER SET utf8mb3 COLLATE utf8mb3_general_ci NULL DEFAULT NULL,
	PRIMARY KEY ( `cf_933id` ) )
CHARACTER SET = utf8mb3
COLLATE = utf8mb3_general_ci
ENGINE = InnoDB
AUTO_INCREMENT = 3;
-- -------------------------------------------------------------


-- CREATE TABLE "vtiger_cf_933_seq" ----------------------------
CREATE TABLE `vtiger_cf_933_seq`( 
	`id` Int( 0 ) NOT NULL )
CHARACTER SET = utf8mb4
COLLATE = utf8mb4_0900_ai_ci
ENGINE = InnoDB;
-- -------------------------------------------------------------


-- CREATE TABLE "vtiger_cf_937" --------------------------------
CREATE TABLE `vtiger_cf_937`( 
	`cf_937id` Int( 0 ) AUTO_INCREMENT NOT NULL,
	`cf_937` VarChar( 200 ) CHARACTER SET utf8mb3 COLLATE utf8mb3_general_ci NOT NULL,
	`sortorderid` Int( 0 ) NULL DEFAULT NULL,
	`presence` Int( 0 ) NOT NULL DEFAULT 1,
	`color` VarChar( 10 ) CHARACTER SET utf8mb3 COLLATE utf8mb3_general_ci NULL DEFAULT NULL,
	PRIMARY KEY ( `cf_937id` ) )
CHARACTER SET = utf8mb3
COLLATE = utf8mb3_general_ci
ENGINE = InnoDB
AUTO_INCREMENT = 3;
-- -------------------------------------------------------------


-- CREATE TABLE "vtiger_cf_937_seq" ----------------------------
CREATE TABLE `vtiger_cf_937_seq`( 
	`id` Int( 0 ) NOT NULL )
CHARACTER SET = utf8mb4
COLLATE = utf8mb4_0900_ai_ci
ENGINE = InnoDB;
-- -------------------------------------------------------------


-- CREATE TABLE "vtiger_cntactivityrel" ------------------------
CREATE TABLE `vtiger_cntactivityrel`( 
	`contactid` Int( 0 ) NOT NULL DEFAULT 0,
	`activityid` Int( 0 ) NOT NULL DEFAULT 0,
	PRIMARY KEY ( `contactid`, `activityid` ) )
CHARACTER SET = utf8mb4
COLLATE = utf8mb4_0900_ai_ci
ENGINE = InnoDB;
-- -------------------------------------------------------------


-- CREATE TABLE "vtiger_contactaddress" ------------------------
CREATE TABLE `vtiger_contactaddress`( 
	`contactaddressid` Int( 0 ) NOT NULL DEFAULT 0,
	`mailingcity` VarChar( 40 ) CHARACTER SET utf8mb4 COLLATE utf8mb4_0900_ai_ci NULL DEFAULT NULL,
	`mailingstreet` VarChar( 250 ) CHARACTER SET utf8mb4 COLLATE utf8mb4_0900_ai_ci NULL DEFAULT NULL,
	`mailingcountry` VarChar( 40 ) CHARACTER SET utf8mb4 COLLATE utf8mb4_0900_ai_ci NULL DEFAULT NULL,
	`othercountry` VarChar( 30 ) CHARACTER SET utf8mb4 COLLATE utf8mb4_0900_ai_ci NULL DEFAULT NULL,
	`mailingstate` VarChar( 30 ) CHARACTER SET utf8mb4 COLLATE utf8mb4_0900_ai_ci NULL DEFAULT NULL,
	`mailingpobox` VarChar( 30 ) CHARACTER SET utf8mb4 COLLATE utf8mb4_0900_ai_ci NULL DEFAULT NULL,
	`othercity` VarChar( 40 ) CHARACTER SET utf8mb4 COLLATE utf8mb4_0900_ai_ci NULL DEFAULT NULL,
	`otherstate` VarChar( 50 ) CHARACTER SET utf8mb4 COLLATE utf8mb4_0900_ai_ci NULL DEFAULT NULL,
	`mailingzip` VarChar( 30 ) CHARACTER SET utf8mb4 COLLATE utf8mb4_0900_ai_ci NULL DEFAULT NULL,
	`otherzip` VarChar( 30 ) CHARACTER SET utf8mb4 COLLATE utf8mb4_0900_ai_ci NULL DEFAULT NULL,
	`otherstreet` VarChar( 250 ) CHARACTER SET utf8mb4 COLLATE utf8mb4_0900_ai_ci NULL DEFAULT NULL,
	`otherpobox` VarChar( 30 ) CHARACTER SET utf8mb4 COLLATE utf8mb4_0900_ai_ci NULL DEFAULT NULL,
	PRIMARY KEY ( `contactaddressid` ) )
CHARACTER SET = utf8mb4
COLLATE = utf8mb4_0900_ai_ci
ENGINE = InnoDB;
-- -------------------------------------------------------------


-- CREATE TABLE "vtiger_contactdetails" ------------------------
CREATE TABLE `vtiger_contactdetails`( 
	`contactid` Int( 0 ) NOT NULL DEFAULT 0,
	`contact_no` VarChar( 100 ) CHARACTER SET utf8mb4 COLLATE utf8mb4_0900_ai_ci NOT NULL,
	`accountid` Int( 0 ) NULL DEFAULT NULL,
	`salutation` VarChar( 200 ) CHARACTER SET utf8mb4 COLLATE utf8mb4_0900_ai_ci NULL DEFAULT NULL,
	`firstname` VarChar( 40 ) CHARACTER SET utf8mb4 COLLATE utf8mb4_0900_ai_ci NULL DEFAULT NULL,
	`lastname` VarChar( 80 ) CHARACTER SET utf8mb4 COLLATE utf8mb4_0900_ai_ci NOT NULL,
	`email` VarChar( 100 ) CHARACTER SET utf8mb4 COLLATE utf8mb4_0900_ai_ci NULL DEFAULT NULL,
	`phone` VarChar( 50 ) CHARACTER SET utf8mb4 COLLATE utf8mb4_0900_ai_ci NULL DEFAULT NULL,
	`mobile` VarChar( 50 ) CHARACTER SET utf8mb4 COLLATE utf8mb4_0900_ai_ci NULL DEFAULT NULL,
	`title` VarChar( 50 ) CHARACTER SET utf8mb4 COLLATE utf8mb4_0900_ai_ci NULL DEFAULT NULL,
	`department` VarChar( 30 ) CHARACTER SET utf8mb4 COLLATE utf8mb4_0900_ai_ci NULL DEFAULT NULL,
	`fax` VarChar( 50 ) CHARACTER SET utf8mb4 COLLATE utf8mb4_0900_ai_ci NULL DEFAULT NULL,
	`reportsto` VarChar( 30 ) CHARACTER SET utf8mb4 COLLATE utf8mb4_0900_ai_ci NULL DEFAULT NULL,
	`training` VarChar( 50 ) CHARACTER SET utf8mb4 COLLATE utf8mb4_0900_ai_ci NULL DEFAULT NULL,
	`usertype` VarChar( 50 ) CHARACTER SET utf8mb4 COLLATE utf8mb4_0900_ai_ci NULL DEFAULT NULL,
	`contacttype` VarChar( 50 ) CHARACTER SET utf8mb4 COLLATE utf8mb4_0900_ai_ci NULL DEFAULT NULL,
	`otheremail` VarChar( 100 ) CHARACTER SET utf8mb4 COLLATE utf8mb4_0900_ai_ci NULL DEFAULT NULL,
	`secondaryemail` VarChar( 100 ) CHARACTER SET utf8mb4 COLLATE utf8mb4_0900_ai_ci NULL DEFAULT NULL,
	`donotcall` VarChar( 3 ) CHARACTER SET utf8mb4 COLLATE utf8mb4_0900_ai_ci NULL DEFAULT NULL,
	`emailoptout` VarChar( 3 ) CHARACTER SET utf8mb4 COLLATE utf8mb4_0900_ai_ci NULL DEFAULT '0',
	`imagename` VarChar( 150 ) CHARACTER SET utf8mb4 COLLATE utf8mb4_0900_ai_ci NULL DEFAULT NULL,
	`reference` VarChar( 3 ) CHARACTER SET utf8mb4 COLLATE utf8mb4_0900_ai_ci NULL DEFAULT NULL,
	`notify_owner` VarChar( 3 ) CHARACTER SET utf8mb4 COLLATE utf8mb4_0900_ai_ci NULL DEFAULT '0',
	`isconvertedfromlead` VarChar( 3 ) CHARACTER SET utf8mb4 COLLATE utf8mb4_0900_ai_ci NULL DEFAULT '0',
	`tags` VarChar( 1 ) CHARACTER SET utf8mb4 COLLATE utf8mb4_0900_ai_ci NULL DEFAULT NULL,
	PRIMARY KEY ( `contactid` ) )
CHARACTER SET = utf8mb4
COLLATE = utf8mb4_0900_ai_ci
ENGINE = InnoDB;
-- -------------------------------------------------------------


-- CREATE TABLE "vtiger_contactscf" ----------------------------
CREATE TABLE `vtiger_contactscf`( 
	`contactid` Int( 0 ) NOT NULL DEFAULT 0,
	`cf_875` VarChar( 100 ) CHARACTER SET utf8mb4 COLLATE utf8mb4_0900_ai_ci NULL,
	`cf_931` BigInt( 0 ) AUTO_INCREMENT NOT NULL,
	`cf_937` VarChar( 255 ) CHARACTER SET utf8mb4 COLLATE utf8mb4_0900_ai_ci NULL,
	`cf_959` Decimal( 64, 5 ) NULL DEFAULT NULL,
	PRIMARY KEY ( `contactid` ),
	CONSTRAINT `unique_cf_931` UNIQUE( `cf_931` ) )
CHARACTER SET = utf8mb4
COLLATE = utf8mb4_0900_ai_ci
ENGINE = InnoDB
AUTO_INCREMENT = 9;
-- -------------------------------------------------------------


-- CREATE TABLE "vtiger_contactsubdetails" ---------------------
CREATE TABLE `vtiger_contactsubdetails`( 
	`contactsubscriptionid` Int( 0 ) NOT NULL DEFAULT 0,
	`homephone` VarChar( 50 ) CHARACTER SET utf8mb4 COLLATE utf8mb4_0900_ai_ci NULL DEFAULT NULL,
	`otherphone` VarChar( 50 ) CHARACTER SET utf8mb4 COLLATE utf8mb4_0900_ai_ci NULL DEFAULT NULL,
	`assistant` VarChar( 30 ) CHARACTER SET utf8mb4 COLLATE utf8mb4_0900_ai_ci NULL DEFAULT NULL,
	`assistantphone` VarChar( 50 ) CHARACTER SET utf8mb4 COLLATE utf8mb4_0900_ai_ci NULL DEFAULT NULL,
	`birthday` Date NULL DEFAULT NULL,
	`laststayintouchrequest` Int( 0 ) NULL DEFAULT 0,
	`laststayintouchsavedate` Int( 0 ) NULL DEFAULT 0,
	`leadsource` VarChar( 200 ) CHARACTER SET utf8mb4 COLLATE utf8mb4_0900_ai_ci NULL DEFAULT NULL,
	PRIMARY KEY ( `contactsubscriptionid` ) )
CHARACTER SET = utf8mb4
COLLATE = utf8mb4_0900_ai_ci
ENGINE = InnoDB;
-- -------------------------------------------------------------


-- CREATE TABLE "vtiger_contpotentialrel" ----------------------
CREATE TABLE `vtiger_contpotentialrel`( 
	`contactid` Int( 0 ) NOT NULL DEFAULT 0,
	`potentialid` Int( 0 ) NOT NULL DEFAULT 0,
	PRIMARY KEY ( `contactid`, `potentialid` ) )
CHARACTER SET = utf8mb4
COLLATE = utf8mb4_0900_ai_ci
ENGINE = InnoDB;
-- -------------------------------------------------------------


-- CREATE TABLE "vtiger_contract_priority" ---------------------
CREATE TABLE `vtiger_contract_priority`( 
	`contract_priorityid` Int( 0 ) AUTO_INCREMENT NOT NULL,
	`contract_priority` VarChar( 200 ) CHARACTER SET utf8mb3 COLLATE utf8mb3_general_ci NOT NULL,
	`presence` Int( 0 ) NOT NULL DEFAULT 1,
	`picklist_valueid` Int( 0 ) NOT NULL DEFAULT 0,
	`sortorderid` Int( 0 ) NULL DEFAULT 0,
	`color` VarChar( 10 ) CHARACTER SET utf8mb3 COLLATE utf8mb3_general_ci NULL DEFAULT NULL,
	PRIMARY KEY ( `contract_priorityid` ) )
CHARACTER SET = utf8mb3
COLLATE = utf8mb3_general_ci
ENGINE = InnoDB
AUTO_INCREMENT = 4;
-- -------------------------------------------------------------


-- CREATE TABLE "vtiger_contract_priority_seq" -----------------
CREATE TABLE `vtiger_contract_priority_seq`( 
	`id` Int( 0 ) NOT NULL )
CHARACTER SET = utf8mb4
COLLATE = utf8mb4_0900_ai_ci
ENGINE = InnoDB;
-- -------------------------------------------------------------


-- CREATE TABLE "vtiger_contract_status" -----------------------
CREATE TABLE `vtiger_contract_status`( 
	`contract_statusid` Int( 0 ) AUTO_INCREMENT NOT NULL,
	`contract_status` VarChar( 200 ) CHARACTER SET utf8mb3 COLLATE utf8mb3_general_ci NOT NULL,
	`presence` Int( 0 ) NOT NULL DEFAULT 1,
	`picklist_valueid` Int( 0 ) NOT NULL DEFAULT 0,
	`sortorderid` Int( 0 ) NULL DEFAULT 0,
	`color` VarChar( 10 ) CHARACTER SET utf8mb3 COLLATE utf8mb3_general_ci NULL DEFAULT NULL,
	PRIMARY KEY ( `contract_statusid` ) )
CHARACTER SET = utf8mb3
COLLATE = utf8mb3_general_ci
ENGINE = InnoDB
AUTO_INCREMENT = 7;
-- -------------------------------------------------------------


-- CREATE TABLE "vtiger_contract_status_seq" -------------------
CREATE TABLE `vtiger_contract_status_seq`( 
	`id` Int( 0 ) NOT NULL )
CHARACTER SET = utf8mb4
COLLATE = utf8mb4_0900_ai_ci
ENGINE = InnoDB;
-- -------------------------------------------------------------


-- CREATE TABLE "vtiger_contract_type" -------------------------
CREATE TABLE `vtiger_contract_type`( 
	`contract_typeid` Int( 0 ) AUTO_INCREMENT NOT NULL,
	`contract_type` VarChar( 200 ) CHARACTER SET utf8mb3 COLLATE utf8mb3_general_ci NOT NULL,
	`presence` Int( 0 ) NOT NULL DEFAULT 1,
	`picklist_valueid` Int( 0 ) NOT NULL DEFAULT 0,
	`sortorderid` Int( 0 ) NULL DEFAULT 0,
	`color` VarChar( 10 ) CHARACTER SET utf8mb3 COLLATE utf8mb3_general_ci NULL DEFAULT NULL,
	PRIMARY KEY ( `contract_typeid` ) )
CHARACTER SET = utf8mb3
COLLATE = utf8mb3_general_ci
ENGINE = InnoDB
AUTO_INCREMENT = 4;
-- -------------------------------------------------------------


-- CREATE TABLE "vtiger_contract_type_seq" ---------------------
CREATE TABLE `vtiger_contract_type_seq`( 
	`id` Int( 0 ) NOT NULL )
CHARACTER SET = utf8mb4
COLLATE = utf8mb4_0900_ai_ci
ENGINE = InnoDB;
-- -------------------------------------------------------------


-- CREATE TABLE "vtiger_convertleadmapping" --------------------
CREATE TABLE `vtiger_convertleadmapping`( 
	`cfmid` Int( 0 ) AUTO_INCREMENT NOT NULL,
	`leadfid` Int( 0 ) NOT NULL,
	`accountfid` Int( 0 ) NULL DEFAULT NULL,
	`contactfid` Int( 0 ) NULL DEFAULT NULL,
	`potentialfid` Int( 0 ) NULL DEFAULT NULL,
	`editable` Int( 0 ) NULL DEFAULT 1,
	PRIMARY KEY ( `cfmid` ) )
CHARACTER SET = utf8mb4
COLLATE = utf8mb4_0900_ai_ci
ENGINE = InnoDB
AUTO_INCREMENT = 33;
-- -------------------------------------------------------------


-- CREATE TABLE "vtiger_convertpotentialmapping" ---------------
CREATE TABLE `vtiger_convertpotentialmapping`( 
	`cfmid` Int( 0 ) AUTO_INCREMENT NOT NULL,
	`potentialfid` Int( 0 ) NOT NULL,
	`projectfid` Int( 0 ) NULL DEFAULT NULL,
	`editable` Int( 0 ) NULL DEFAULT 1,
	PRIMARY KEY ( `cfmid` ) )
CHARACTER SET = utf8mb3
COLLATE = utf8mb3_general_ci
ENGINE = InnoDB
AUTO_INCREMENT = 3;
-- -------------------------------------------------------------


-- CREATE TABLE "vtiger_crmentity" -----------------------------
CREATE TABLE `vtiger_crmentity`( 
	`crmid` Int( 0 ) NOT NULL,
	`smcreatorid` Int( 0 ) NOT NULL DEFAULT 0,
	`smownerid` Int( 0 ) NOT NULL DEFAULT 0,
	`modifiedby` Int( 0 ) NOT NULL DEFAULT 0,
	`setype` VarChar( 100 ) CHARACTER SET utf8mb4 COLLATE utf8mb4_0900_ai_ci NULL DEFAULT NULL,
	`description` MediumText CHARACTER SET utf8mb4 COLLATE utf8mb4_0900_ai_ci NULL DEFAULT NULL,
	`createdtime` DateTime NOT NULL,
	`modifiedtime` DateTime NOT NULL,
	`viewedtime` DateTime NULL DEFAULT NULL,
	`status` VarChar( 50 ) CHARACTER SET utf8mb4 COLLATE utf8mb4_0900_ai_ci NULL DEFAULT NULL,
	`version` Int( 0 ) NOT NULL DEFAULT 0,
	`presence` Int( 0 ) NULL DEFAULT 1,
	`deleted` Int( 0 ) NOT NULL DEFAULT 0,
	`smgroupid` Int( 0 ) NULL DEFAULT NULL,
	`source` VarChar( 100 ) CHARACTER SET utf8mb4 COLLATE utf8mb4_0900_ai_ci NULL DEFAULT NULL,
	`label` VarChar( 255 ) CHARACTER SET utf8mb4 COLLATE utf8mb4_0900_ai_ci NULL DEFAULT NULL,
	PRIMARY KEY ( `crmid` ) )
CHARACTER SET = utf8mb4
COLLATE = utf8mb4_0900_ai_ci
ENGINE = InnoDB;
-- -------------------------------------------------------------


-- CREATE TABLE "vtiger_crmentity_seq" -------------------------
CREATE TABLE `vtiger_crmentity_seq`( 
	`id` Int( 0 ) NOT NULL )
CHARACTER SET = utf8mb4
COLLATE = utf8mb4_0900_ai_ci
ENGINE = InnoDB;
-- -------------------------------------------------------------


-- CREATE TABLE "vtiger_crmentity_user_field" ------------------
CREATE TABLE `vtiger_crmentity_user_field`( 
	`recordid` Int( 0 ) NOT NULL,
	`userid` Int( 0 ) NOT NULL,
	`starred` VarChar( 100 ) CHARACTER SET utf8mb3 COLLATE utf8mb3_general_ci NULL DEFAULT NULL )
CHARACTER SET = utf8mb3
COLLATE = utf8mb3_general_ci
ENGINE = InnoDB;
-- -------------------------------------------------------------


-- CREATE TABLE "vtiger_crmentityrel" --------------------------
CREATE TABLE `vtiger_crmentityrel`( 
	`crmid` Int( 0 ) NOT NULL,
	`module` VarChar( 100 ) CHARACTER SET utf8mb4 COLLATE utf8mb4_0900_ai_ci NOT NULL,
	`relcrmid` Int( 0 ) NOT NULL,
	`relmodule` VarChar( 100 ) CHARACTER SET utf8mb4 COLLATE utf8mb4_0900_ai_ci NOT NULL )
CHARACTER SET = utf8mb4
COLLATE = utf8mb4_0900_ai_ci
ENGINE = InnoDB;
-- -------------------------------------------------------------


-- CREATE TABLE "vtiger_crmsetup" ------------------------------
CREATE TABLE `vtiger_crmsetup`( 
	`userid` Int( 0 ) NULL DEFAULT NULL,
	`setup_status` Int( 0 ) NULL DEFAULT NULL )
CHARACTER SET = utf8mb4
COLLATE = utf8mb4_0900_ai_ci
ENGINE = InnoDB;
-- -------------------------------------------------------------


-- CREATE TABLE "vtiger_cron_task" -----------------------------
CREATE TABLE `vtiger_cron_task`( 
	`id` Int( 0 ) AUTO_INCREMENT NOT NULL,
	`name` VarChar( 100 ) CHARACTER SET utf8mb3 COLLATE utf8mb3_general_ci NULL DEFAULT NULL,
	`handler_file` VarChar( 100 ) CHARACTER SET utf8mb3 COLLATE utf8mb3_general_ci NULL DEFAULT NULL,
	`frequency` Int( 0 ) NULL DEFAULT NULL,
	`laststart` Int( 0 ) UNSIGNED NULL DEFAULT NULL,
	`lastend` Int( 0 ) UNSIGNED NULL DEFAULT NULL,
	`status` Int( 0 ) NULL DEFAULT NULL,
	`module` VarChar( 100 ) CHARACTER SET utf8mb3 COLLATE utf8mb3_general_ci NULL DEFAULT NULL,
	`sequence` Int( 0 ) NULL DEFAULT NULL,
	`description` Text CHARACTER SET utf8mb3 COLLATE utf8mb3_general_ci NULL DEFAULT NULL,
	PRIMARY KEY ( `id` ),
	CONSTRAINT `handler_file` UNIQUE( `handler_file` ),
	CONSTRAINT `name` UNIQUE( `name` ) )
CHARACTER SET = utf8mb3
COLLATE = utf8mb3_general_ci
ENGINE = InnoDB
AUTO_INCREMENT = 11;
-- -------------------------------------------------------------


-- CREATE TABLE "vtiger_currencies" ----------------------------
CREATE TABLE `vtiger_currencies`( 
	`currencyid` Int( 0 ) AUTO_INCREMENT NOT NULL,
	`currency_name` VarChar( 200 ) CHARACTER SET utf8mb4 COLLATE utf8mb4_0900_ai_ci NULL DEFAULT NULL,
	`currency_code` VarChar( 50 ) CHARACTER SET utf8mb4 COLLATE utf8mb4_0900_ai_ci NULL DEFAULT NULL,
	`currency_symbol` VarChar( 11 ) CHARACTER SET utf8mb4 COLLATE utf8mb4_0900_ai_ci NULL DEFAULT NULL,
	PRIMARY KEY ( `currencyid` ) )
CHARACTER SET = utf8mb4
COLLATE = utf8mb4_0900_ai_ci
ENGINE = InnoDB
AUTO_INCREMENT = 138;
-- -------------------------------------------------------------


-- CREATE TABLE "vtiger_currencies_seq" ------------------------
CREATE TABLE `vtiger_currencies_seq`( 
	`id` Int( 0 ) NOT NULL )
CHARACTER SET = utf8mb4
COLLATE = utf8mb4_0900_ai_ci
ENGINE = InnoDB;
-- -------------------------------------------------------------


-- CREATE TABLE "vtiger_currency" ------------------------------
CREATE TABLE `vtiger_currency`( 
	`currencyid` Int( 0 ) AUTO_INCREMENT NOT NULL,
	`currency` VarChar( 200 ) CHARACTER SET utf8mb4 COLLATE utf8mb4_0900_ai_ci NOT NULL,
	`sortorderid` Int( 0 ) NOT NULL DEFAULT 0,
	`presence` Int( 0 ) NOT NULL DEFAULT 1,
	PRIMARY KEY ( `currencyid` ),
	CONSTRAINT `currency_currency_idx` UNIQUE( `currency` ) )
CHARACTER SET = utf8mb4
COLLATE = utf8mb4_0900_ai_ci
ENGINE = InnoDB;
-- -------------------------------------------------------------


-- CREATE TABLE "vtiger_currency_decimal_separator" ------------
CREATE TABLE `vtiger_currency_decimal_separator`( 
	`currency_decimal_separatorid` Int( 0 ) AUTO_INCREMENT NOT NULL,
	`currency_decimal_separator` VarChar( 2 ) CHARACTER SET utf8mb4 COLLATE utf8mb4_0900_ai_ci NOT NULL,
	`sortorderid` Int( 0 ) NOT NULL DEFAULT 0,
	`presence` Int( 0 ) NOT NULL DEFAULT 1,
	PRIMARY KEY ( `currency_decimal_separatorid` ) )
CHARACTER SET = utf8mb4
COLLATE = utf8mb4_0900_ai_ci
ENGINE = InnoDB
AUTO_INCREMENT = 6;
-- -------------------------------------------------------------


-- CREATE TABLE "vtiger_currency_decimal_separator_seq" --------
CREATE TABLE `vtiger_currency_decimal_separator_seq`( 
	`id` Int( 0 ) NOT NULL )
CHARACTER SET = utf8mb4
COLLATE = utf8mb4_0900_ai_ci
ENGINE = InnoDB;
-- -------------------------------------------------------------


-- CREATE TABLE "vtiger_currency_grouping_pattern" -------------
CREATE TABLE `vtiger_currency_grouping_pattern`( 
	`currency_grouping_patternid` Int( 0 ) AUTO_INCREMENT NOT NULL,
	`currency_grouping_pattern` VarChar( 200 ) CHARACTER SET utf8mb4 COLLATE utf8mb4_0900_ai_ci NOT NULL,
	`sortorderid` Int( 0 ) NOT NULL DEFAULT 0,
	`presence` Int( 0 ) NOT NULL DEFAULT 1,
	PRIMARY KEY ( `currency_grouping_patternid` ) )
CHARACTER SET = utf8mb4
COLLATE = utf8mb4_0900_ai_ci
ENGINE = InnoDB
AUTO_INCREMENT = 5;
-- -------------------------------------------------------------


-- CREATE TABLE "vtiger_currency_grouping_pattern_seq" ---------
CREATE TABLE `vtiger_currency_grouping_pattern_seq`( 
	`id` Int( 0 ) NOT NULL )
CHARACTER SET = utf8mb4
COLLATE = utf8mb4_0900_ai_ci
ENGINE = InnoDB;
-- -------------------------------------------------------------


-- CREATE TABLE "vtiger_currency_grouping_separator" -----------
CREATE TABLE `vtiger_currency_grouping_separator`( 
	`currency_grouping_separatorid` Int( 0 ) AUTO_INCREMENT NOT NULL,
	`currency_grouping_separator` VarChar( 2 ) CHARACTER SET utf8mb4 COLLATE utf8mb4_0900_ai_ci NOT NULL,
	`sortorderid` Int( 0 ) NOT NULL DEFAULT 0,
	`presence` Int( 0 ) NOT NULL DEFAULT 1,
	PRIMARY KEY ( `currency_grouping_separatorid` ) )
CHARACTER SET = utf8mb4
COLLATE = utf8mb4_0900_ai_ci
ENGINE = InnoDB
AUTO_INCREMENT = 6;
-- -------------------------------------------------------------


-- CREATE TABLE "vtiger_currency_grouping_separator_seq" -------
CREATE TABLE `vtiger_currency_grouping_separator_seq`( 
	`id` Int( 0 ) NOT NULL )
CHARACTER SET = utf8mb4
COLLATE = utf8mb4_0900_ai_ci
ENGINE = InnoDB;
-- -------------------------------------------------------------


-- CREATE TABLE "vtiger_currency_info" -------------------------
CREATE TABLE `vtiger_currency_info`( 
	`id` Int( 0 ) AUTO_INCREMENT NOT NULL,
	`currency_name` VarChar( 100 ) CHARACTER SET utf8mb4 COLLATE utf8mb4_0900_ai_ci NULL DEFAULT NULL,
	`currency_code` VarChar( 100 ) CHARACTER SET utf8mb4 COLLATE utf8mb4_0900_ai_ci NULL DEFAULT NULL,
	`currency_symbol` VarChar( 30 ) CHARACTER SET utf8mb4 COLLATE utf8mb4_0900_ai_ci NULL DEFAULT NULL,
	`conversion_rate` Decimal( 12, 5 ) NULL DEFAULT NULL,
	`currency_status` VarChar( 25 ) CHARACTER SET utf8mb4 COLLATE utf8mb4_0900_ai_ci NULL DEFAULT NULL,
	`defaultid` VarChar( 10 ) CHARACTER SET utf8mb4 COLLATE utf8mb4_0900_ai_ci NOT NULL DEFAULT '0',
	`deleted` Int( 0 ) NOT NULL DEFAULT 0,
	PRIMARY KEY ( `id` ) )
CHARACTER SET = utf8mb4
COLLATE = utf8mb4_0900_ai_ci
ENGINE = InnoDB
AUTO_INCREMENT = 3;
-- -------------------------------------------------------------


-- CREATE TABLE "vtiger_currency_info_seq" ---------------------
CREATE TABLE `vtiger_currency_info_seq`( 
	`id` Int( 0 ) NOT NULL )
CHARACTER SET = utf8mb4
COLLATE = utf8mb4_0900_ai_ci
ENGINE = InnoDB;
-- -------------------------------------------------------------


-- CREATE TABLE "vtiger_currency_symbol_placement" -------------
CREATE TABLE `vtiger_currency_symbol_placement`( 
	`currency_symbol_placementid` Int( 0 ) AUTO_INCREMENT NOT NULL,
	`currency_symbol_placement` VarChar( 30 ) CHARACTER SET utf8mb4 COLLATE utf8mb4_0900_ai_ci NOT NULL,
	`sortorderid` Int( 0 ) NOT NULL DEFAULT 0,
	`presence` Int( 0 ) NOT NULL DEFAULT 1,
	PRIMARY KEY ( `currency_symbol_placementid` ) )
CHARACTER SET = utf8mb4
COLLATE = utf8mb4_0900_ai_ci
ENGINE = InnoDB
AUTO_INCREMENT = 3;
-- -------------------------------------------------------------


-- CREATE TABLE "vtiger_currency_symbol_placement_seq" ---------
CREATE TABLE `vtiger_currency_symbol_placement_seq`( 
	`id` Int( 0 ) NOT NULL )
CHARACTER SET = utf8mb4
COLLATE = utf8mb4_0900_ai_ci
ENGINE = InnoDB;
-- -------------------------------------------------------------


-- CREATE TABLE "vtiger_customaction" --------------------------
CREATE TABLE `vtiger_customaction`( 
	`cvid` Int( 0 ) NOT NULL,
	`subject` VarChar( 250 ) CHARACTER SET utf8mb4 COLLATE utf8mb4_0900_ai_ci NOT NULL,
	`module` VarChar( 50 ) CHARACTER SET utf8mb4 COLLATE utf8mb4_0900_ai_ci NOT NULL,
	`content` Text CHARACTER SET utf8mb4 COLLATE utf8mb4_0900_ai_ci NULL DEFAULT NULL )
CHARACTER SET = utf8mb4
COLLATE = utf8mb4_0900_ai_ci
ENGINE = InnoDB;
-- -------------------------------------------------------------


-- CREATE TABLE "vtiger_customerdetails" -----------------------
CREATE TABLE `vtiger_customerdetails`( 
	`customerid` Int( 0 ) NOT NULL,
	`portal` VarChar( 3 ) CHARACTER SET utf8mb4 COLLATE utf8mb4_0900_ai_ci NULL DEFAULT NULL,
	`support_start_date` Date NULL DEFAULT NULL,
	`support_end_date` Date NULL DEFAULT NULL,
	PRIMARY KEY ( `customerid` ) )
CHARACTER SET = utf8mb4
COLLATE = utf8mb4_0900_ai_ci
ENGINE = InnoDB;
-- -------------------------------------------------------------


-- CREATE TABLE "vtiger_customerportal_fields" -----------------
CREATE TABLE `vtiger_customerportal_fields`( 
	`tabid` Int( 0 ) NOT NULL,
	`fieldinfo` Text CHARACTER SET utf8mb3 COLLATE utf8mb3_general_ci NULL DEFAULT NULL,
	`records_visible` Int( 0 ) NULL DEFAULT NULL,
	PRIMARY KEY ( `tabid` ) )
CHARACTER SET = utf8mb3
COLLATE = utf8mb3_general_ci
ENGINE = InnoDB;
-- -------------------------------------------------------------


-- CREATE TABLE "vtiger_customerportal_prefs" ------------------
CREATE TABLE `vtiger_customerportal_prefs`( 
	`tabid` Int( 0 ) NOT NULL,
	`prefkey` VarChar( 100 ) CHARACTER SET utf8mb4 COLLATE utf8mb4_0900_ai_ci NOT NULL,
	`prefvalue` Int( 0 ) NULL DEFAULT NULL,
	PRIMARY KEY ( `tabid`, `prefkey` ) )
CHARACTER SET = utf8mb4
COLLATE = utf8mb4_0900_ai_ci
ENGINE = InnoDB;
-- -------------------------------------------------------------


-- CREATE TABLE "vtiger_customerportal_relatedmoduleinfo" ------
CREATE TABLE `vtiger_customerportal_relatedmoduleinfo`( 
	`tabid` Int( 0 ) NOT NULL,
	`relatedmodules` Text CHARACTER SET utf8mb4 COLLATE utf8mb4_0900_ai_ci NULL DEFAULT NULL,
	PRIMARY KEY ( `tabid` ) )
CHARACTER SET = utf8mb4
COLLATE = utf8mb4_0900_ai_ci
ENGINE = InnoDB;
-- -------------------------------------------------------------


-- CREATE TABLE "vtiger_customerportal_settings" ---------------
CREATE TABLE `vtiger_customerportal_settings`( 
	`id` Int( 0 ) NULL DEFAULT NULL,
	`url` VarChar( 250 ) CHARACTER SET utf8mb4 COLLATE utf8mb4_0900_ai_ci NULL DEFAULT NULL,
	`default_assignee` Int( 0 ) NULL DEFAULT NULL,
	`support_notification` Int( 0 ) NULL DEFAULT NULL,
	`announcement` Text CHARACTER SET utf8mb4 COLLATE utf8mb4_0900_ai_ci NULL DEFAULT NULL,
	`shortcuts` Text CHARACTER SET utf8mb4 COLLATE utf8mb4_0900_ai_ci NULL DEFAULT NULL,
	`widgets` Text CHARACTER SET utf8mb4 COLLATE utf8mb4_0900_ai_ci NULL DEFAULT NULL,
	`charts` Text CHARACTER SET utf8mb4 COLLATE utf8mb4_0900_ai_ci NULL DEFAULT NULL )
CHARACTER SET = utf8mb4
COLLATE = utf8mb4_0900_ai_ci
ENGINE = InnoDB;
-- -------------------------------------------------------------


-- CREATE TABLE "vtiger_customerportal_tabs" -------------------
CREATE TABLE `vtiger_customerportal_tabs`( 
	`tabid` Int( 0 ) NOT NULL,
	`visible` Int( 0 ) NULL DEFAULT 1,
	`sequence` Int( 0 ) NULL DEFAULT NULL,
	`createrecord` TinyInt( 1 ) NOT NULL DEFAULT 0,
	`editrecord` TinyInt( 1 ) NOT NULL DEFAULT 0,
	PRIMARY KEY ( `tabid` ) )
CHARACTER SET = utf8mb4
COLLATE = utf8mb4_0900_ai_ci
ENGINE = InnoDB;
-- -------------------------------------------------------------


-- CREATE TABLE "vtiger_custompayments" ------------------------
CREATE TABLE `vtiger_custompayments`( 
	`custompaymentsid` Int( 0 ) NOT NULL,
	`name` VarChar( 255 ) CHARACTER SET utf8mb3 COLLATE utf8mb3_general_ci NULL DEFAULT NULL,
	`custompaymentsno` VarChar( 100 ) CHARACTER SET utf8mb3 COLLATE utf8mb3_general_ci NULL DEFAULT NULL,
	`tags` VarChar( 1 ) CHARACTER SET utf8mb3 COLLATE utf8mb3_general_ci NULL DEFAULT NULL,
	`cf_quotes_id` Int( 0 ) NULL DEFAULT NULL,
	`cf_potentials_id` Int( 0 ) NULL DEFAULT NULL,
	PRIMARY KEY ( `custompaymentsid` ) )
CHARACTER SET = utf8mb3
COLLATE = utf8mb3_general_ci
ENGINE = InnoDB;
-- -------------------------------------------------------------


-- CREATE TABLE "vtiger_custompaymentscf" ----------------------
CREATE TABLE `vtiger_custompaymentscf`( 
	`custompaymentsid` Int( 0 ) NOT NULL,
	`cf_893` Decimal( 20, 5 ) NULL DEFAULT NULL,
	`cf_897` VarChar( 100 ) CHARACTER SET utf8mb3 COLLATE utf8mb3_general_ci NULL DEFAULT NULL,
	`cf_899` VarChar( 100 ) CHARACTER SET utf8mb3 COLLATE utf8mb3_general_ci NULL DEFAULT NULL,
	`cf_901` Date NULL DEFAULT NULL,
	`cf_906` Time NULL DEFAULT NULL,
	PRIMARY KEY ( `custompaymentsid` ) )
CHARACTER SET = utf8mb3
COLLATE = utf8mb3_general_ci
ENGINE = InnoDB;
-- -------------------------------------------------------------


-- CREATE TABLE "vtiger_customview" ----------------------------
CREATE TABLE `vtiger_customview`( 
	`cvid` Int( 0 ) NOT NULL,
	`viewname` VarChar( 100 ) CHARACTER SET utf8mb4 COLLATE utf8mb4_0900_ai_ci NOT NULL,
	`setdefault` Int( 0 ) NULL DEFAULT 0,
	`setmetrics` Int( 0 ) NULL DEFAULT 0,
	`entitytype` VarChar( 25 ) CHARACTER SET utf8mb4 COLLATE utf8mb4_0900_ai_ci NOT NULL,
	`status` Int( 0 ) NULL DEFAULT 1,
	`userid` Int( 0 ) NULL DEFAULT 1,
	PRIMARY KEY ( `cvid` ) )
CHARACTER SET = utf8mb4
COLLATE = utf8mb4_0900_ai_ci
ENGINE = InnoDB;
-- -------------------------------------------------------------


-- CREATE TABLE "vtiger_customview_seq" ------------------------
CREATE TABLE `vtiger_customview_seq`( 
	`id` Int( 0 ) NOT NULL )
CHARACTER SET = utf8mb4
COLLATE = utf8mb4_0900_ai_ci
ENGINE = InnoDB;
-- -------------------------------------------------------------


-- CREATE TABLE "vtiger_cv2group" ------------------------------
CREATE TABLE `vtiger_cv2group`( 
	`cvid` Int( 0 ) NOT NULL,
	`groupid` Int( 0 ) NOT NULL )
CHARACTER SET = utf8mb3
COLLATE = utf8mb3_general_ci
ENGINE = InnoDB;
-- -------------------------------------------------------------


-- CREATE TABLE "vtiger_cv2users" ------------------------------
CREATE TABLE `vtiger_cv2users`( 
	`cvid` Int( 0 ) NOT NULL,
	`userid` Int( 0 ) NOT NULL )
CHARACTER SET = utf8mb3
COLLATE = utf8mb3_general_ci
ENGINE = InnoDB;
-- -------------------------------------------------------------


-- CREATE TABLE "vtiger_cvadvfilter" ---------------------------
CREATE TABLE `vtiger_cvadvfilter`( 
	`cvid` Int( 0 ) NOT NULL,
	`columnindex` Int( 0 ) NOT NULL,
	`columnname` VarChar( 250 ) CHARACTER SET utf8mb4 COLLATE utf8mb4_0900_ai_ci NULL,
	`comparator` VarChar( 20 ) CHARACTER SET utf8mb4 COLLATE utf8mb4_0900_ai_ci NULL DEFAULT NULL,
	`value` VarChar( 512 ) CHARACTER SET utf8mb4 COLLATE utf8mb4_0900_ai_ci NULL DEFAULT NULL,
	`groupid` Int( 0 ) NULL DEFAULT 1,
	`column_condition` VarChar( 255 ) CHARACTER SET utf8mb4 COLLATE utf8mb4_0900_ai_ci NULL DEFAULT 'and',
	PRIMARY KEY ( `cvid`, `columnindex` ) )
CHARACTER SET = utf8mb4
COLLATE = utf8mb4_0900_ai_ci
ENGINE = InnoDB;
-- -------------------------------------------------------------


-- CREATE TABLE "vtiger_cvadvfilter_grouping" ------------------
CREATE TABLE `vtiger_cvadvfilter_grouping`( 
	`groupid` Int( 0 ) NOT NULL,
	`cvid` Int( 0 ) NOT NULL,
	`group_condition` VarChar( 255 ) CHARACTER SET utf8mb4 COLLATE utf8mb4_0900_ai_ci NULL DEFAULT NULL,
	`condition_expression` Text CHARACTER SET utf8mb4 COLLATE utf8mb4_0900_ai_ci NULL DEFAULT NULL,
	PRIMARY KEY ( `groupid`, `cvid` ) )
CHARACTER SET = utf8mb4
COLLATE = utf8mb4_0900_ai_ci
ENGINE = InnoDB;
-- -------------------------------------------------------------


-- CREATE TABLE "vtiger_cvcolumnlist" --------------------------
CREATE TABLE `vtiger_cvcolumnlist`( 
	`cvid` Int( 0 ) NOT NULL,
	`columnindex` Int( 0 ) NOT NULL,
	`columnname` VarChar( 250 ) CHARACTER SET utf8mb4 COLLATE utf8mb4_0900_ai_ci NULL,
	PRIMARY KEY ( `cvid`, `columnindex` ) )
CHARACTER SET = utf8mb4
COLLATE = utf8mb4_0900_ai_ci
ENGINE = InnoDB;
-- -------------------------------------------------------------


-- CREATE TABLE "vtiger_cvstdfilter" ---------------------------
CREATE TABLE `vtiger_cvstdfilter`( 
	`cvid` Int( 0 ) NOT NULL,
	`columnname` VarChar( 250 ) CHARACTER SET utf8mb4 COLLATE utf8mb4_0900_ai_ci NULL,
	`stdfilter` VarChar( 250 ) CHARACTER SET utf8mb4 COLLATE utf8mb4_0900_ai_ci NULL,
	`startdate` Date NULL DEFAULT NULL,
	`enddate` Date NULL DEFAULT NULL )
CHARACTER SET = utf8mb4
COLLATE = utf8mb4_0900_ai_ci
ENGINE = InnoDB;
-- -------------------------------------------------------------


-- CREATE TABLE "vtiger_dashboard_tabs" ------------------------
CREATE TABLE `vtiger_dashboard_tabs`( 
	`id` Int( 0 ) AUTO_INCREMENT NOT NULL,
	`tabname` VarChar( 50 ) CHARACTER SET utf8mb4 COLLATE utf8mb4_0900_ai_ci NULL DEFAULT NULL,
	`isdefault` Int( 0 ) NULL DEFAULT 0,
	`sequence` Int( 0 ) NULL DEFAULT 2,
	`appname` VarChar( 20 ) CHARACTER SET utf8mb4 COLLATE utf8mb4_0900_ai_ci NULL DEFAULT NULL,
	`modulename` VarChar( 50 ) CHARACTER SET utf8mb4 COLLATE utf8mb4_0900_ai_ci NULL DEFAULT NULL,
	`userid` Int( 0 ) NULL DEFAULT NULL,
	PRIMARY KEY ( `id` ),
	CONSTRAINT `tabname` UNIQUE( `tabname`, `userid` ) )
CHARACTER SET = utf8mb4
COLLATE = utf8mb4_0900_ai_ci
ENGINE = InnoDB
AUTO_INCREMENT = 16;
-- -------------------------------------------------------------


-- CREATE TABLE "vtiger_datashare_grp2grp" ---------------------
CREATE TABLE `vtiger_datashare_grp2grp`( 
	`shareid` Int( 0 ) NOT NULL,
	`share_groupid` Int( 0 ) NULL DEFAULT NULL,
	`to_groupid` Int( 0 ) NULL DEFAULT NULL,
	`permission` Int( 0 ) NULL DEFAULT NULL,
	PRIMARY KEY ( `shareid` ) )
CHARACTER SET = utf8mb4
COLLATE = utf8mb4_0900_ai_ci
ENGINE = InnoDB;
-- -------------------------------------------------------------


-- CREATE TABLE "vtiger_datashare_grp2role" --------------------
CREATE TABLE `vtiger_datashare_grp2role`( 
	`shareid` Int( 0 ) NOT NULL,
	`share_groupid` Int( 0 ) NULL DEFAULT NULL,
	`to_roleid` VarChar( 255 ) CHARACTER SET utf8mb4 COLLATE utf8mb4_0900_ai_ci NULL DEFAULT NULL,
	`permission` Int( 0 ) NULL DEFAULT NULL,
	PRIMARY KEY ( `shareid` ) )
CHARACTER SET = utf8mb4
COLLATE = utf8mb4_0900_ai_ci
ENGINE = InnoDB;
-- -------------------------------------------------------------


-- CREATE TABLE "vtiger_datashare_grp2rs" ----------------------
CREATE TABLE `vtiger_datashare_grp2rs`( 
	`shareid` Int( 0 ) NOT NULL,
	`share_groupid` Int( 0 ) NULL DEFAULT NULL,
	`to_roleandsubid` VarChar( 255 ) CHARACTER SET utf8mb4 COLLATE utf8mb4_0900_ai_ci NULL DEFAULT NULL,
	`permission` Int( 0 ) NULL DEFAULT NULL,
	PRIMARY KEY ( `shareid` ) )
CHARACTER SET = utf8mb4
COLLATE = utf8mb4_0900_ai_ci
ENGINE = InnoDB;
-- -------------------------------------------------------------


-- CREATE TABLE "vtiger_datashare_module_rel" ------------------
CREATE TABLE `vtiger_datashare_module_rel`( 
	`shareid` Int( 0 ) NOT NULL,
	`tabid` Int( 0 ) NOT NULL,
	`relationtype` VarChar( 200 ) CHARACTER SET utf8mb4 COLLATE utf8mb4_0900_ai_ci NULL DEFAULT NULL,
	PRIMARY KEY ( `shareid` ) )
CHARACTER SET = utf8mb4
COLLATE = utf8mb4_0900_ai_ci
ENGINE = InnoDB;
-- -------------------------------------------------------------


-- CREATE TABLE "vtiger_datashare_relatedmodule_permission" ----
CREATE TABLE `vtiger_datashare_relatedmodule_permission`( 
	`shareid` Int( 0 ) NOT NULL,
	`datashare_relatedmodule_id` Int( 0 ) NOT NULL,
	`permission` Int( 0 ) NULL DEFAULT NULL,
	PRIMARY KEY ( `shareid`, `datashare_relatedmodule_id` ) )
CHARACTER SET = utf8mb4
COLLATE = utf8mb4_0900_ai_ci
ENGINE = InnoDB;
-- -------------------------------------------------------------


-- CREATE TABLE "vtiger_datashare_relatedmodules" --------------
CREATE TABLE `vtiger_datashare_relatedmodules`( 
	`datashare_relatedmodule_id` Int( 0 ) NOT NULL,
	`tabid` Int( 0 ) NULL DEFAULT NULL,
	`relatedto_tabid` Int( 0 ) NULL DEFAULT NULL,
	PRIMARY KEY ( `datashare_relatedmodule_id` ) )
CHARACTER SET = utf8mb4
COLLATE = utf8mb4_0900_ai_ci
ENGINE = InnoDB;
-- -------------------------------------------------------------


-- CREATE TABLE "vtiger_datashare_relatedmodules_seq" ----------
CREATE TABLE `vtiger_datashare_relatedmodules_seq`( 
	`id` Int( 0 ) NOT NULL )
CHARACTER SET = utf8mb4
COLLATE = utf8mb4_0900_ai_ci
ENGINE = InnoDB;
-- -------------------------------------------------------------


-- CREATE TABLE "vtiger_datashare_role2group" ------------------
CREATE TABLE `vtiger_datashare_role2group`( 
	`shareid` Int( 0 ) NOT NULL,
	`share_roleid` VarChar( 255 ) CHARACTER SET utf8mb4 COLLATE utf8mb4_0900_ai_ci NULL DEFAULT NULL,
	`to_groupid` Int( 0 ) NULL DEFAULT NULL,
	`permission` Int( 0 ) NULL DEFAULT NULL,
	PRIMARY KEY ( `shareid` ) )
CHARACTER SET = utf8mb4
COLLATE = utf8mb4_0900_ai_ci
ENGINE = InnoDB;
-- -------------------------------------------------------------


-- CREATE TABLE "vtiger_datashare_role2role" -------------------
CREATE TABLE `vtiger_datashare_role2role`( 
	`shareid` Int( 0 ) NOT NULL,
	`share_roleid` VarChar( 255 ) CHARACTER SET utf8mb4 COLLATE utf8mb4_0900_ai_ci NULL DEFAULT NULL,
	`to_roleid` VarChar( 255 ) CHARACTER SET utf8mb4 COLLATE utf8mb4_0900_ai_ci NULL DEFAULT NULL,
	`permission` Int( 0 ) NULL DEFAULT NULL,
	PRIMARY KEY ( `shareid` ) )
CHARACTER SET = utf8mb4
COLLATE = utf8mb4_0900_ai_ci
ENGINE = InnoDB;
-- -------------------------------------------------------------


-- CREATE TABLE "vtiger_datashare_role2rs" ---------------------
CREATE TABLE `vtiger_datashare_role2rs`( 
	`shareid` Int( 0 ) NOT NULL,
	`share_roleid` VarChar( 255 ) CHARACTER SET utf8mb4 COLLATE utf8mb4_0900_ai_ci NULL DEFAULT NULL,
	`to_roleandsubid` VarChar( 255 ) CHARACTER SET utf8mb4 COLLATE utf8mb4_0900_ai_ci NULL DEFAULT NULL,
	`permission` Int( 0 ) NULL DEFAULT NULL,
	PRIMARY KEY ( `shareid` ) )
CHARACTER SET = utf8mb4
COLLATE = utf8mb4_0900_ai_ci
ENGINE = InnoDB;
-- -------------------------------------------------------------


-- CREATE TABLE "vtiger_datashare_rs2grp" ----------------------
CREATE TABLE `vtiger_datashare_rs2grp`( 
	`shareid` Int( 0 ) NOT NULL,
	`share_roleandsubid` VarChar( 255 ) CHARACTER SET utf8mb4 COLLATE utf8mb4_0900_ai_ci NULL DEFAULT NULL,
	`to_groupid` Int( 0 ) NULL DEFAULT NULL,
	`permission` Int( 0 ) NULL DEFAULT NULL,
	PRIMARY KEY ( `shareid` ) )
CHARACTER SET = utf8mb4
COLLATE = utf8mb4_0900_ai_ci
ENGINE = InnoDB;
-- -------------------------------------------------------------


-- CREATE TABLE "vtiger_datashare_rs2role" ---------------------
CREATE TABLE `vtiger_datashare_rs2role`( 
	`shareid` Int( 0 ) NOT NULL,
	`share_roleandsubid` VarChar( 255 ) CHARACTER SET utf8mb4 COLLATE utf8mb4_0900_ai_ci NULL DEFAULT NULL,
	`to_roleid` VarChar( 255 ) CHARACTER SET utf8mb4 COLLATE utf8mb4_0900_ai_ci NULL DEFAULT NULL,
	`permission` Int( 0 ) NULL DEFAULT NULL,
	PRIMARY KEY ( `shareid` ) )
CHARACTER SET = utf8mb4
COLLATE = utf8mb4_0900_ai_ci
ENGINE = InnoDB;
-- -------------------------------------------------------------


-- CREATE TABLE "vtiger_datashare_rs2rs" -----------------------
CREATE TABLE `vtiger_datashare_rs2rs`( 
	`shareid` Int( 0 ) NOT NULL,
	`share_roleandsubid` VarChar( 255 ) CHARACTER SET utf8mb4 COLLATE utf8mb4_0900_ai_ci NULL DEFAULT NULL,
	`to_roleandsubid` VarChar( 255 ) CHARACTER SET utf8mb4 COLLATE utf8mb4_0900_ai_ci NULL DEFAULT NULL,
	`permission` Int( 0 ) NULL DEFAULT NULL,
	PRIMARY KEY ( `shareid` ) )
CHARACTER SET = utf8mb4
COLLATE = utf8mb4_0900_ai_ci
ENGINE = InnoDB;
-- -------------------------------------------------------------


-- CREATE TABLE "vtiger_date_format" ---------------------------
CREATE TABLE `vtiger_date_format`( 
	`date_formatid` Int( 0 ) AUTO_INCREMENT NOT NULL,
	`date_format` VarChar( 200 ) CHARACTER SET utf8mb4 COLLATE utf8mb4_0900_ai_ci NOT NULL,
	`sortorderid` Int( 0 ) NOT NULL DEFAULT 0,
	`presence` Int( 0 ) NOT NULL DEFAULT 1,
	PRIMARY KEY ( `date_formatid` ) )
CHARACTER SET = utf8mb4
COLLATE = utf8mb4_0900_ai_ci
ENGINE = InnoDB
AUTO_INCREMENT = 6;
-- -------------------------------------------------------------


-- CREATE TABLE "vtiger_date_format_seq" -----------------------
CREATE TABLE `vtiger_date_format_seq`( 
	`id` Int( 0 ) NOT NULL )
CHARACTER SET = utf8mb4
COLLATE = utf8mb4_0900_ai_ci
ENGINE = InnoDB;
-- -------------------------------------------------------------


-- CREATE TABLE "vtiger_dayoftheweek" --------------------------
CREATE TABLE `vtiger_dayoftheweek`( 
	`dayoftheweekid` Int( 0 ) AUTO_INCREMENT NOT NULL,
	`dayoftheweek` VarChar( 200 ) CHARACTER SET utf8mb3 COLLATE utf8mb3_general_ci NOT NULL,
	`sortorderid` Int( 0 ) NULL DEFAULT NULL,
	`presence` Int( 0 ) NOT NULL DEFAULT 1,
	PRIMARY KEY ( `dayoftheweekid` ) )
CHARACTER SET = utf8mb3
COLLATE = utf8mb3_general_ci
ENGINE = InnoDB
AUTO_INCREMENT = 8;
-- -------------------------------------------------------------


-- CREATE TABLE "vtiger_dayoftheweek_seq" ----------------------
CREATE TABLE `vtiger_dayoftheweek_seq`( 
	`id` Int( 0 ) NOT NULL )
CHARACTER SET = utf8mb4
COLLATE = utf8mb4_0900_ai_ci
ENGINE = InnoDB;
-- -------------------------------------------------------------


-- CREATE TABLE "vtiger_def_org_field" -------------------------
CREATE TABLE `vtiger_def_org_field`( 
	`tabid` Int( 0 ) NULL DEFAULT NULL,
	`fieldid` Int( 0 ) NOT NULL,
	`visible` Int( 0 ) NULL DEFAULT NULL,
	`readonly` Int( 0 ) NULL DEFAULT NULL,
	PRIMARY KEY ( `fieldid` ) )
CHARACTER SET = utf8mb4
COLLATE = utf8mb4_0900_ai_ci
ENGINE = InnoDB;
-- -------------------------------------------------------------


-- CREATE TABLE "vtiger_def_org_share" -------------------------
CREATE TABLE `vtiger_def_org_share`( 
	`ruleid` Int( 0 ) AUTO_INCREMENT NOT NULL,
	`tabid` Int( 0 ) NOT NULL,
	`permission` Int( 0 ) NULL DEFAULT NULL,
	`editstatus` Int( 0 ) NULL DEFAULT NULL,
	PRIMARY KEY ( `ruleid` ) )
CHARACTER SET = utf8mb4
COLLATE = utf8mb4_0900_ai_ci
ENGINE = InnoDB
AUTO_INCREMENT = 37;
-- -------------------------------------------------------------


-- CREATE TABLE "vtiger_def_org_share_seq" ---------------------
CREATE TABLE `vtiger_def_org_share_seq`( 
	`id` Int( 0 ) NOT NULL )
CHARACTER SET = utf8mb4
COLLATE = utf8mb4_0900_ai_ci
ENGINE = InnoDB;
-- -------------------------------------------------------------


-- CREATE TABLE "vtiger_default_record_view" -------------------
CREATE TABLE `vtiger_default_record_view`( 
	`default_record_viewid` Int( 0 ) AUTO_INCREMENT NOT NULL,
	`default_record_view` VarChar( 200 ) CHARACTER SET utf8mb3 COLLATE utf8mb3_general_ci NOT NULL,
	`sortorderid` Int( 0 ) NULL DEFAULT NULL,
	`presence` Int( 0 ) NOT NULL DEFAULT 1,
	PRIMARY KEY ( `default_record_viewid` ) )
CHARACTER SET = utf8mb3
COLLATE = utf8mb3_general_ci
ENGINE = InnoDB
AUTO_INCREMENT = 3;
-- -------------------------------------------------------------


-- CREATE TABLE "vtiger_default_record_view_seq" ---------------
CREATE TABLE `vtiger_default_record_view_seq`( 
	`id` Int( 0 ) NOT NULL )
CHARACTER SET = utf8mb4
COLLATE = utf8mb4_0900_ai_ci
ENGINE = InnoDB;
-- -------------------------------------------------------------


-- CREATE TABLE "vtiger_defaultactivitytype" -------------------
CREATE TABLE `vtiger_defaultactivitytype`( 
	`defaultactivitytypeid` Int( 0 ) AUTO_INCREMENT NOT NULL,
	`defaultactivitytype` VarChar( 200 ) CHARACTER SET utf8mb3 COLLATE utf8mb3_general_ci NOT NULL,
	`presence` Int( 0 ) NOT NULL DEFAULT 1,
	`picklist_valueid` Int( 0 ) NOT NULL DEFAULT 0,
	`sortorderid` Int( 0 ) NULL DEFAULT 0,
	PRIMARY KEY ( `defaultactivitytypeid` ) )
CHARACTER SET = utf8mb3
COLLATE = utf8mb3_general_ci
ENGINE = InnoDB
AUTO_INCREMENT = 3;
-- -------------------------------------------------------------


-- CREATE TABLE "vtiger_defaultactivitytype_seq" ---------------
CREATE TABLE `vtiger_defaultactivitytype_seq`( 
	`id` Int( 0 ) NOT NULL )
CHARACTER SET = utf8mb4
COLLATE = utf8mb4_0900_ai_ci
ENGINE = InnoDB;
-- -------------------------------------------------------------


-- CREATE TABLE "vtiger_defaultcalendarview" -------------------
CREATE TABLE `vtiger_defaultcalendarview`( 
	`defaultcalendarviewid` Int( 0 ) AUTO_INCREMENT NOT NULL,
	`defaultcalendarview` VarChar( 200 ) CHARACTER SET utf8mb3 COLLATE utf8mb3_general_ci NOT NULL,
	`sortorderid` Int( 0 ) NULL DEFAULT NULL,
	`presence` Int( 0 ) NOT NULL DEFAULT 1,
	PRIMARY KEY ( `defaultcalendarviewid` ) )
CHARACTER SET = utf8mb3
COLLATE = utf8mb3_general_ci
ENGINE = InnoDB
AUTO_INCREMENT = 4;
-- -------------------------------------------------------------


-- CREATE TABLE "vtiger_defaultcalendarview_seq" ---------------
CREATE TABLE `vtiger_defaultcalendarview_seq`( 
	`id` Int( 0 ) NOT NULL )
CHARACTER SET = utf8mb4
COLLATE = utf8mb4_0900_ai_ci
ENGINE = InnoDB;
-- -------------------------------------------------------------


-- CREATE TABLE "vtiger_defaultcv" -----------------------------
CREATE TABLE `vtiger_defaultcv`( 
	`tabid` Int( 0 ) NOT NULL,
	`defaultviewname` VarChar( 50 ) CHARACTER SET utf8mb4 COLLATE utf8mb4_0900_ai_ci NOT NULL,
	`query` Text CHARACTER SET utf8mb4 COLLATE utf8mb4_0900_ai_ci NULL DEFAULT NULL,
	PRIMARY KEY ( `tabid` ) )
CHARACTER SET = utf8mb4
COLLATE = utf8mb4_0900_ai_ci
ENGINE = InnoDB;
-- -------------------------------------------------------------


-- CREATE TABLE "vtiger_defaulteventstatus" --------------------
CREATE TABLE `vtiger_defaulteventstatus`( 
	`defaulteventstatusid` Int( 0 ) AUTO_INCREMENT NOT NULL,
	`defaulteventstatus` VarChar( 200 ) CHARACTER SET utf8mb3 COLLATE utf8mb3_general_ci NOT NULL,
	`presence` Int( 0 ) NOT NULL DEFAULT 1,
	`picklist_valueid` Int( 0 ) NOT NULL DEFAULT 0,
	`sortorderid` Int( 0 ) NULL DEFAULT 0,
	PRIMARY KEY ( `defaulteventstatusid` ) )
CHARACTER SET = utf8mb3
COLLATE = utf8mb3_general_ci
ENGINE = InnoDB
AUTO_INCREMENT = 4;
-- -------------------------------------------------------------


-- CREATE TABLE "vtiger_defaulteventstatus_seq" ----------------
CREATE TABLE `vtiger_defaulteventstatus_seq`( 
	`id` Int( 0 ) NOT NULL )
CHARACTER SET = utf8mb4
COLLATE = utf8mb4_0900_ai_ci
ENGINE = InnoDB;
-- -------------------------------------------------------------


-- CREATE TABLE "vtiger_defaultlandingpage" --------------------
CREATE TABLE `vtiger_defaultlandingpage`( 
	`defaultlandingpageid` Int( 0 ) AUTO_INCREMENT NOT NULL,
	`defaultlandingpage` VarChar( 200 ) CHARACTER SET utf8mb3 COLLATE utf8mb3_general_ci NOT NULL,
	`presence` Int( 0 ) NOT NULL DEFAULT 1,
	`picklist_valueid` Int( 0 ) NOT NULL DEFAULT 0,
	`sortorderid` Int( 0 ) NULL DEFAULT 0,
	`color` VarChar( 10 ) CHARACTER SET utf8mb3 COLLATE utf8mb3_general_ci NULL DEFAULT NULL,
	PRIMARY KEY ( `defaultlandingpageid` ) )
CHARACTER SET = utf8mb3
COLLATE = utf8mb3_general_ci
ENGINE = InnoDB
AUTO_INCREMENT = 2;
-- -------------------------------------------------------------


-- CREATE TABLE "vtiger_defaultlandingpage_seq" ----------------
CREATE TABLE `vtiger_defaultlandingpage_seq`( 
	`id` Int( 0 ) NOT NULL )
CHARACTER SET = utf8mb4
COLLATE = utf8mb4_0900_ai_ci
ENGINE = InnoDB;
-- -------------------------------------------------------------


-- CREATE TABLE "vtiger_duration_minutes" ----------------------
CREATE TABLE `vtiger_duration_minutes`( 
	`minutesid` Int( 0 ) AUTO_INCREMENT NOT NULL,
	`duration_minutes` VarChar( 200 ) CHARACTER SET utf8mb4 COLLATE utf8mb4_0900_ai_ci NOT NULL,
	`sortorderid` Int( 0 ) NOT NULL DEFAULT 0,
	`presence` Int( 0 ) NOT NULL DEFAULT 1,
	`color` VarChar( 10 ) CHARACTER SET utf8mb4 COLLATE utf8mb4_0900_ai_ci NULL DEFAULT NULL,
	PRIMARY KEY ( `minutesid` ) )
CHARACTER SET = utf8mb4
COLLATE = utf8mb4_0900_ai_ci
ENGINE = InnoDB
AUTO_INCREMENT = 4;
-- -------------------------------------------------------------


-- CREATE TABLE "vtiger_duration_minutes_seq" ------------------
CREATE TABLE `vtiger_duration_minutes_seq`( 
	`id` Int( 0 ) NOT NULL )
CHARACTER SET = utf8mb4
COLLATE = utf8mb4_0900_ai_ci
ENGINE = InnoDB;
-- -------------------------------------------------------------


-- CREATE TABLE "vtiger_durationhrs" ---------------------------
CREATE TABLE `vtiger_durationhrs`( 
	`hrsid` Int( 0 ) AUTO_INCREMENT NOT NULL,
	`hrs` VarChar( 50 ) CHARACTER SET utf8mb4 COLLATE utf8mb4_0900_ai_ci NULL DEFAULT NULL,
	`sortorderid` Int( 0 ) NOT NULL DEFAULT 0,
	`presence` Int( 0 ) NOT NULL DEFAULT 1,
	PRIMARY KEY ( `hrsid` ) )
CHARACTER SET = utf8mb4
COLLATE = utf8mb4_0900_ai_ci
ENGINE = InnoDB;
-- -------------------------------------------------------------


-- CREATE TABLE "vtiger_durationmins" --------------------------
CREATE TABLE `vtiger_durationmins`( 
	`minsid` Int( 0 ) AUTO_INCREMENT NOT NULL,
	`mins` VarChar( 50 ) CHARACTER SET utf8mb4 COLLATE utf8mb4_0900_ai_ci NULL DEFAULT NULL,
	`sortorderid` Int( 0 ) NOT NULL DEFAULT 0,
	`presence` Int( 0 ) NOT NULL DEFAULT 1,
	PRIMARY KEY ( `minsid` ) )
CHARACTER SET = utf8mb4
COLLATE = utf8mb4_0900_ai_ci
ENGINE = InnoDB;
-- -------------------------------------------------------------


-- CREATE TABLE "vtiger_email_access" --------------------------
CREATE TABLE `vtiger_email_access`( 
	`crmid` Int( 0 ) NULL DEFAULT NULL,
	`mailid` Int( 0 ) NULL DEFAULT NULL,
	`accessdate` Date NULL DEFAULT NULL,
	`accesstime` DateTime NULL DEFAULT NULL )
CHARACTER SET = utf8mb4
COLLATE = utf8mb4_0900_ai_ci
ENGINE = InnoDB;
-- -------------------------------------------------------------


-- CREATE TABLE "vtiger_email_track" ---------------------------
CREATE TABLE `vtiger_email_track`( 
	`crmid` Int( 0 ) NULL DEFAULT NULL,
	`mailid` Int( 0 ) NULL DEFAULT NULL,
	`access_count` Int( 0 ) NULL DEFAULT NULL,
	`click_count` Int( 0 ) NOT NULL DEFAULT 0,
	CONSTRAINT `link_tabidtype_idx` UNIQUE( `crmid`, `mailid` ) )
CHARACTER SET = utf8mb4
COLLATE = utf8mb4_0900_ai_ci
ENGINE = InnoDB;
-- -------------------------------------------------------------


-- CREATE TABLE "vtiger_emaildetails" --------------------------
CREATE TABLE `vtiger_emaildetails`( 
	`emailid` Int( 0 ) NOT NULL,
	`from_email` VarChar( 50 ) CHARACTER SET utf8mb4 COLLATE utf8mb4_0900_ai_ci NOT NULL,
	`to_email` Text CHARACTER SET utf8mb4 COLLATE utf8mb4_0900_ai_ci NOT NULL,
	`cc_email` Text CHARACTER SET utf8mb4 COLLATE utf8mb4_0900_ai_ci NOT NULL,
	`bcc_email` Text CHARACTER SET utf8mb4 COLLATE utf8mb4_0900_ai_ci NOT NULL,
	`assigned_user_email` VarChar( 50 ) CHARACTER SET utf8mb4 COLLATE utf8mb4_0900_ai_ci NOT NULL,
	`idlists` Text CHARACTER SET utf8mb4 COLLATE utf8mb4_0900_ai_ci NOT NULL,
	`email_flag` VarChar( 50 ) CHARACTER SET utf8mb4 COLLATE utf8mb4_0900_ai_ci NOT NULL,
	PRIMARY KEY ( `emailid` ) )
CHARACTER SET = utf8mb4
COLLATE = utf8mb4_0900_ai_ci
ENGINE = InnoDB;
-- -------------------------------------------------------------


-- CREATE TABLE "vtiger_emails_recipientprefs" -----------------
CREATE TABLE `vtiger_emails_recipientprefs`( 
	`id` Int( 0 ) AUTO_INCREMENT NOT NULL,
	`tabid` Int( 0 ) NOT NULL,
	`prefs` VarChar( 255 ) CHARACTER SET utf8mb3 COLLATE utf8mb3_general_ci NULL DEFAULT NULL,
	`userid` Int( 0 ) NULL DEFAULT NULL,
	PRIMARY KEY ( `id` ) )
CHARACTER SET = utf8mb3
COLLATE = utf8mb3_general_ci
ENGINE = InnoDB
AUTO_INCREMENT = 1;
-- -------------------------------------------------------------


-- CREATE TABLE "vtiger_emailslookup" --------------------------
CREATE TABLE `vtiger_emailslookup`( 
	`crmid` Int( 0 ) NULL DEFAULT NULL,
	`setype` VarChar( 100 ) CHARACTER SET utf8mb4 COLLATE utf8mb4_0900_ai_ci NULL DEFAULT NULL,
	`value` VarChar( 100 ) CHARACTER SET utf8mb4 COLLATE utf8mb4_0900_ai_ci NULL DEFAULT NULL,
	`fieldid` Int( 0 ) NULL DEFAULT NULL,
	CONSTRAINT `emailslookup_crmid_setype_fieldname_uk` UNIQUE( `crmid`, `setype`, `fieldid` ) )
CHARACTER SET = utf8mb4
COLLATE = utf8mb4_0900_ai_ci
ENGINE = InnoDB;
-- -------------------------------------------------------------


-- CREATE TABLE "vtiger_emailtemplates" ------------------------
CREATE TABLE `vtiger_emailtemplates`( 
	`foldername` VarChar( 100 ) CHARACTER SET utf8mb4 COLLATE utf8mb4_0900_ai_ci NULL DEFAULT NULL,
	`templatename` VarChar( 100 ) CHARACTER SET utf8mb4 COLLATE utf8mb4_0900_ai_ci NULL DEFAULT NULL,
	`templatepath` VarChar( 100 ) CHARACTER SET utf8mb4 COLLATE utf8mb4_0900_ai_ci NULL DEFAULT NULL,
	`subject` VarChar( 255 ) CHARACTER SET utf8mb4 COLLATE utf8mb4_0900_ai_ci NULL DEFAULT NULL,
	`description` Text CHARACTER SET utf8mb4 COLLATE utf8mb4_0900_ai_ci NULL DEFAULT NULL,
	`body` Text CHARACTER SET utf8mb4 COLLATE utf8mb4_0900_ai_ci NULL DEFAULT NULL,
	`deleted` Int( 0 ) NOT NULL DEFAULT 0,
	`templateid` Int( 0 ) AUTO_INCREMENT NOT NULL,
	`systemtemplate` Int( 0 ) NOT NULL DEFAULT 0,
	`module` VarChar( 100 ) CHARACTER SET utf8mb4 COLLATE utf8mb4_0900_ai_ci NULL DEFAULT NULL,
	PRIMARY KEY ( `templateid` ) )
CHARACTER SET = utf8mb4
COLLATE = utf8mb4_0900_ai_ci
ENGINE = InnoDB
AUTO_INCREMENT = 16;
-- -------------------------------------------------------------


-- CREATE TABLE "vtiger_emailtemplates_seq" --------------------
CREATE TABLE `vtiger_emailtemplates_seq`( 
	`id` Int( 0 ) NOT NULL )
CHARACTER SET = utf8mb4
COLLATE = utf8mb4_0900_ai_ci
ENGINE = InnoDB;
-- -------------------------------------------------------------


-- CREATE TABLE "vtiger_entityname" ----------------------------
CREATE TABLE `vtiger_entityname`( 
	`tabid` Int( 0 ) NOT NULL DEFAULT 0,
	`modulename` VarChar( 100 ) CHARACTER SET utf8mb4 COLLATE utf8mb4_0900_ai_ci NULL DEFAULT NULL,
	`tablename` VarChar( 100 ) CHARACTER SET utf8mb4 COLLATE utf8mb4_0900_ai_ci NOT NULL,
	`fieldname` VarChar( 150 ) CHARACTER SET utf8mb4 COLLATE utf8mb4_0900_ai_ci NOT NULL,
	`entityidfield` VarChar( 150 ) CHARACTER SET utf8mb4 COLLATE utf8mb4_0900_ai_ci NOT NULL,
	`entityidcolumn` VarChar( 150 ) CHARACTER SET utf8mb4 COLLATE utf8mb4_0900_ai_ci NOT NULL,
	PRIMARY KEY ( `tabid` ) )
CHARACTER SET = utf8mb4
COLLATE = utf8mb4_0900_ai_ci
ENGINE = InnoDB;
-- -------------------------------------------------------------


-- CREATE TABLE "vtiger_eventhandler_module" -------------------
CREATE TABLE `vtiger_eventhandler_module`( 
	`eventhandler_module_id` Int( 0 ) AUTO_INCREMENT NOT NULL,
	`module_name` VarChar( 100 ) CHARACTER SET utf8mb4 COLLATE utf8mb4_0900_ai_ci NULL DEFAULT NULL,
	`handler_class` VarChar( 100 ) CHARACTER SET utf8mb4 COLLATE utf8mb4_0900_ai_ci NULL DEFAULT NULL,
	PRIMARY KEY ( `eventhandler_module_id` ) )
CHARACTER SET = utf8mb4
COLLATE = utf8mb4_0900_ai_ci
ENGINE = InnoDB
AUTO_INCREMENT = 5;
-- -------------------------------------------------------------


-- CREATE TABLE "vtiger_eventhandler_module_seq" ---------------
CREATE TABLE `vtiger_eventhandler_module_seq`( 
	`id` Int( 0 ) NOT NULL )
CHARACTER SET = utf8mb4
COLLATE = utf8mb4_0900_ai_ci
ENGINE = InnoDB;
-- -------------------------------------------------------------


-- CREATE TABLE "vtiger_eventhandlers" -------------------------
CREATE TABLE `vtiger_eventhandlers`( 
	`eventhandler_id` Int( 0 ) AUTO_INCREMENT NOT NULL,
	`event_name` VarChar( 100 ) CHARACTER SET utf8mb4 COLLATE utf8mb4_0900_ai_ci NOT NULL,
	`handler_path` VarChar( 400 ) CHARACTER SET utf8mb4 COLLATE utf8mb4_0900_ai_ci NOT NULL,
	`handler_class` VarChar( 100 ) CHARACTER SET utf8mb4 COLLATE utf8mb4_0900_ai_ci NOT NULL,
	`cond` Text CHARACTER SET utf8mb4 COLLATE utf8mb4_0900_ai_ci NOT NULL,
	`is_active` Int( 0 ) NOT NULL,
	`dependent_on` VarChar( 255 ) CHARACTER SET utf8mb4 COLLATE utf8mb4_0900_ai_ci NULL DEFAULT '[]',
	PRIMARY KEY ( `eventhandler_id`, `event_name`, `handler_class` ),
	CONSTRAINT `eventhandler_idx` UNIQUE( `eventhandler_id` ) )
CHARACTER SET = utf8mb4
COLLATE = utf8mb4_0900_ai_ci
ENGINE = InnoDB
AUTO_INCREMENT = 53;
-- -------------------------------------------------------------


-- CREATE TABLE "vtiger_eventhandlers_seq" ---------------------
CREATE TABLE `vtiger_eventhandlers_seq`( 
	`id` Int( 0 ) NOT NULL )
CHARACTER SET = utf8mb4
COLLATE = utf8mb4_0900_ai_ci
ENGINE = InnoDB;
-- -------------------------------------------------------------


-- CREATE TABLE "vtiger_eventstatus" ---------------------------
CREATE TABLE `vtiger_eventstatus`( 
	`eventstatusid` Int( 0 ) AUTO_INCREMENT NOT NULL,
	`eventstatus` VarChar( 200 ) CHARACTER SET utf8mb4 COLLATE utf8mb4_0900_ai_ci NOT NULL,
	`presence` Int( 0 ) NOT NULL DEFAULT 1,
	`picklist_valueid` Int( 0 ) NOT NULL DEFAULT 0,
	`sortorderid` Int( 0 ) NULL DEFAULT NULL,
	`color` VarChar( 10 ) CHARACTER SET utf8mb4 COLLATE utf8mb4_0900_ai_ci NULL DEFAULT NULL,
	PRIMARY KEY ( `eventstatusid` ) )
CHARACTER SET = utf8mb4
COLLATE = utf8mb4_0900_ai_ci
ENGINE = InnoDB
AUTO_INCREMENT = 4;
-- -------------------------------------------------------------


-- CREATE TABLE "vtiger_eventstatus_seq" -----------------------
CREATE TABLE `vtiger_eventstatus_seq`( 
	`id` Int( 0 ) NOT NULL )
CHARACTER SET = utf8mb4
COLLATE = utf8mb4_0900_ai_ci
ENGINE = InnoDB;
-- -------------------------------------------------------------


-- CREATE TABLE "vtiger_expectedresponse" ----------------------
CREATE TABLE `vtiger_expectedresponse`( 
	`expectedresponseid` Int( 0 ) AUTO_INCREMENT NOT NULL,
	`expectedresponse` VarChar( 200 ) CHARACTER SET utf8mb4 COLLATE utf8mb4_0900_ai_ci NOT NULL,
	`presence` Int( 0 ) NOT NULL DEFAULT 1,
	`picklist_valueid` Int( 0 ) NOT NULL DEFAULT 0,
	`sortorderid` Int( 0 ) NULL DEFAULT NULL,
	`color` VarChar( 10 ) CHARACTER SET utf8mb4 COLLATE utf8mb4_0900_ai_ci NULL DEFAULT NULL,
	PRIMARY KEY ( `expectedresponseid` ),
	CONSTRAINT `CampaignExpRes_UK01` UNIQUE( `expectedresponse` ) )
CHARACTER SET = utf8mb4
COLLATE = utf8mb4_0900_ai_ci
ENGINE = InnoDB
AUTO_INCREMENT = 6;
-- -------------------------------------------------------------


-- CREATE TABLE "vtiger_expectedresponse_seq" ------------------
CREATE TABLE `vtiger_expectedresponse_seq`( 
	`id` Int( 0 ) NOT NULL )
CHARACTER SET = utf8mb4
COLLATE = utf8mb4_0900_ai_ci
ENGINE = InnoDB;
-- -------------------------------------------------------------


-- CREATE TABLE "vtiger_extnstore_users" -----------------------
CREATE TABLE `vtiger_extnstore_users`( 
	`id` Int( 0 ) AUTO_INCREMENT NOT NULL,
	`username` VarChar( 50 ) CHARACTER SET utf8mb3 COLLATE utf8mb3_general_ci NULL DEFAULT NULL,
	`password` VarChar( 75 ) CHARACTER SET utf8mb3 COLLATE utf8mb3_general_ci NULL DEFAULT NULL,
	`instanceurl` VarChar( 255 ) CHARACTER SET utf8mb3 COLLATE utf8mb3_general_ci NULL DEFAULT NULL,
	`createdon` DateTime NULL DEFAULT NULL,
	`deleted` Int( 0 ) NOT NULL DEFAULT 0,
	PRIMARY KEY ( `id` ) )
CHARACTER SET = utf8mb3
COLLATE = utf8mb3_general_ci
ENGINE = InnoDB
AUTO_INCREMENT = 2;
-- -------------------------------------------------------------


-- CREATE TABLE "vtiger_faq" -----------------------------------
CREATE TABLE `vtiger_faq`( 
	`id` Int( 0 ) NOT NULL,
	`faq_no` VarChar( 100 ) CHARACTER SET utf8mb4 COLLATE utf8mb4_0900_ai_ci NOT NULL,
	`product_id` VarChar( 100 ) CHARACTER SET utf8mb4 COLLATE utf8mb4_0900_ai_ci NULL DEFAULT NULL,
	`question` Text CHARACTER SET utf8mb4 COLLATE utf8mb4_0900_ai_ci NOT NULL,
	`answer` Text CHARACTER SET utf8mb4 COLLATE utf8mb4_0900_ai_ci NULL DEFAULT NULL,
	`category` VarChar( 200 ) CHARACTER SET utf8mb4 COLLATE utf8mb4_0900_ai_ci NOT NULL,
	`status` VarChar( 200 ) CHARACTER SET utf8mb4 COLLATE utf8mb4_0900_ai_ci NOT NULL,
	`tags` VarChar( 1 ) CHARACTER SET utf8mb4 COLLATE utf8mb4_0900_ai_ci NULL DEFAULT NULL,
	PRIMARY KEY ( `id` ) )
CHARACTER SET = utf8mb4
COLLATE = utf8mb4_0900_ai_ci
ENGINE = InnoDB
AUTO_INCREMENT = 1;
-- -------------------------------------------------------------


-- CREATE TABLE "vtiger_faqcategories" -------------------------
CREATE TABLE `vtiger_faqcategories`( 
	`faqcategories_id` Int( 0 ) AUTO_INCREMENT NOT NULL,
	`faqcategories` VarChar( 200 ) CHARACTER SET utf8mb4 COLLATE utf8mb4_0900_ai_ci NULL DEFAULT NULL,
	`presence` Int( 0 ) NOT NULL DEFAULT 1,
	`picklist_valueid` Int( 0 ) NOT NULL DEFAULT 0,
	`sortorderid` Int( 0 ) NULL DEFAULT NULL,
	`color` VarChar( 10 ) CHARACTER SET utf8mb4 COLLATE utf8mb4_0900_ai_ci NULL DEFAULT NULL,
	PRIMARY KEY ( `faqcategories_id` ) )
CHARACTER SET = utf8mb4
COLLATE = utf8mb4_0900_ai_ci
ENGINE = InnoDB
AUTO_INCREMENT = 1;
-- -------------------------------------------------------------


-- CREATE TABLE "vtiger_faqcategories_seq" ---------------------
CREATE TABLE `vtiger_faqcategories_seq`( 
	`id` Int( 0 ) NOT NULL )
CHARACTER SET = utf8mb4
COLLATE = utf8mb4_0900_ai_ci
ENGINE = InnoDB;
-- -------------------------------------------------------------


-- CREATE TABLE "vtiger_faqcf" ---------------------------------
CREATE TABLE `vtiger_faqcf`( 
	`faqid` Int( 0 ) NOT NULL DEFAULT 0,
	PRIMARY KEY ( `faqid` ) )
CHARACTER SET = utf8mb4
COLLATE = utf8mb4_0900_ai_ci
ENGINE = InnoDB;
-- -------------------------------------------------------------


-- CREATE TABLE "vtiger_faqcomments" ---------------------------
CREATE TABLE `vtiger_faqcomments`( 
	`commentid` Int( 0 ) AUTO_INCREMENT NOT NULL,
	`faqid` Int( 0 ) NULL DEFAULT NULL,
	`comments` Text CHARACTER SET utf8mb4 COLLATE utf8mb4_0900_ai_ci NULL DEFAULT NULL,
	`createdtime` DateTime NOT NULL,
	PRIMARY KEY ( `commentid` ) )
CHARACTER SET = utf8mb4
COLLATE = utf8mb4_0900_ai_ci
ENGINE = InnoDB
AUTO_INCREMENT = 1;
-- -------------------------------------------------------------


-- CREATE TABLE "vtiger_faqstatus" -----------------------------
CREATE TABLE `vtiger_faqstatus`( 
	`faqstatus_id` Int( 0 ) AUTO_INCREMENT NOT NULL,
	`faqstatus` VarChar( 200 ) CHARACTER SET utf8mb4 COLLATE utf8mb4_0900_ai_ci NULL DEFAULT NULL,
	`presence` Int( 0 ) NOT NULL DEFAULT 1,
	`picklist_valueid` Int( 0 ) NOT NULL DEFAULT 0,
	`sortorderid` Int( 0 ) NULL DEFAULT NULL,
	`color` VarChar( 10 ) CHARACTER SET utf8mb4 COLLATE utf8mb4_0900_ai_ci NULL DEFAULT NULL,
	PRIMARY KEY ( `faqstatus_id` ) )
CHARACTER SET = utf8mb4
COLLATE = utf8mb4_0900_ai_ci
ENGINE = InnoDB
AUTO_INCREMENT = 4;
-- -------------------------------------------------------------


-- CREATE TABLE "vtiger_faqstatus_seq" -------------------------
CREATE TABLE `vtiger_faqstatus_seq`( 
	`id` Int( 0 ) NOT NULL )
CHARACTER SET = utf8mb4
COLLATE = utf8mb4_0900_ai_ci
ENGINE = InnoDB;
-- -------------------------------------------------------------


-- CREATE TABLE "vtiger_feedback" ------------------------------
CREATE TABLE `vtiger_feedback`( 
	`userid` Int( 0 ) NULL DEFAULT NULL,
	`dontshow` VarChar( 19 ) CHARACTER SET utf8mb4 COLLATE utf8mb4_0900_ai_ci NULL DEFAULT 'false' )
CHARACTER SET = utf8mb4
COLLATE = utf8mb4_0900_ai_ci
ENGINE = InnoDB;
-- -------------------------------------------------------------


-- CREATE TABLE "vtiger_field" ---------------------------------
CREATE TABLE `vtiger_field`( 
	`tabid` Int( 0 ) NOT NULL,
	`fieldid` Int( 0 ) AUTO_INCREMENT NOT NULL,
	`columnname` VarChar( 50 ) CHARACTER SET latin1 COLLATE latin1_swedish_ci NOT NULL,
	`tablename` VarChar( 100 ) CHARACTER SET utf8mb4 COLLATE utf8mb4_0900_ai_ci NULL DEFAULT NULL,
	`generatedtype` Int( 0 ) NOT NULL DEFAULT 0,
	`uitype` VarChar( 30 ) CHARACTER SET utf8mb4 COLLATE utf8mb4_0900_ai_ci NOT NULL,
	`fieldname` VarChar( 50 ) CHARACTER SET utf8mb4 COLLATE utf8mb4_0900_ai_ci NOT NULL,
	`fieldlabel` VarChar( 50 ) CHARACTER SET utf8mb4 COLLATE utf8mb4_0900_ai_ci NOT NULL,
	`readonly` Int( 0 ) NOT NULL,
	`presence` Int( 0 ) NOT NULL DEFAULT 1,
	`defaultvalue` Text CHARACTER SET utf8mb4 COLLATE utf8mb4_0900_ai_ci NULL DEFAULT NULL,
	`maximumlength` Int( 0 ) NULL DEFAULT NULL,
	`sequence` Int( 0 ) NULL DEFAULT NULL,
	`block` Int( 0 ) NULL DEFAULT NULL,
	`displaytype` Int( 0 ) NULL DEFAULT NULL,
	`typeofdata` VarChar( 100 ) CHARACTER SET utf8mb4 COLLATE utf8mb4_0900_ai_ci NULL DEFAULT NULL,
	`quickcreate` Int( 0 ) NOT NULL DEFAULT 1,
	`quickcreatesequence` Int( 0 ) NULL DEFAULT NULL,
	`info_type` VarChar( 20 ) CHARACTER SET utf8mb4 COLLATE utf8mb4_0900_ai_ci NULL DEFAULT NULL,
	`masseditable` Int( 0 ) NOT NULL DEFAULT 1,
	`helpinfo` Text CHARACTER SET utf8mb4 COLLATE utf8mb4_0900_ai_ci NULL DEFAULT NULL,
	`summaryfield` Int( 0 ) NOT NULL DEFAULT 0,
	`headerfield` Int( 0 ) NULL DEFAULT 0,
	`isunique` TinyInt( 1 ) NULL DEFAULT 0,
	PRIMARY KEY ( `fieldid` ) )
CHARACTER SET = utf8mb4
COLLATE = utf8mb4_0900_ai_ci
ENGINE = InnoDB
AUTO_INCREMENT = 961;
-- -------------------------------------------------------------


-- CREATE TABLE "vtiger_field_seq" -----------------------------
CREATE TABLE `vtiger_field_seq`( 
	`id` Int( 0 ) NOT NULL )
CHARACTER SET = utf8mb4
COLLATE = utf8mb4_0900_ai_ci
ENGINE = InnoDB;
-- -------------------------------------------------------------


-- CREATE TABLE "vtiger_fieldmodulerel" ------------------------
CREATE TABLE `vtiger_fieldmodulerel`( 
	`fieldid` Int( 0 ) NOT NULL,
	`module` VarChar( 100 ) CHARACTER SET utf8mb4 COLLATE utf8mb4_0900_ai_ci NOT NULL,
	`relmodule` VarChar( 100 ) CHARACTER SET utf8mb4 COLLATE utf8mb4_0900_ai_ci NOT NULL,
	`status` VarChar( 10 ) CHARACTER SET utf8mb4 COLLATE utf8mb4_0900_ai_ci NULL DEFAULT NULL,
	`sequence` Int( 0 ) NULL DEFAULT NULL )
CHARACTER SET = utf8mb4
COLLATE = utf8mb4_0900_ai_ci
ENGINE = InnoDB;
-- -------------------------------------------------------------


-- CREATE TABLE "vtiger_freetagged_objects" --------------------
CREATE TABLE `vtiger_freetagged_objects`( 
	`tag_id` Int( 0 ) NOT NULL DEFAULT 0,
	`tagger_id` Int( 0 ) NOT NULL DEFAULT 0,
	`object_id` Int( 0 ) NOT NULL DEFAULT 0,
	`tagged_on` Timestamp NOT NULL DEFAULT CURRENT_TIMESTAMP,
	`module` VarChar( 100 ) CHARACTER SET utf8mb4 COLLATE utf8mb4_0900_ai_ci NULL DEFAULT NULL,
	PRIMARY KEY ( `tag_id`, `tagger_id`, `object_id` ) )
CHARACTER SET = utf8mb4
COLLATE = utf8mb4_0900_ai_ci
ENGINE = InnoDB;
-- -------------------------------------------------------------


-- CREATE TABLE "vtiger_freetags" ------------------------------
CREATE TABLE `vtiger_freetags`( 
	`id` Int( 0 ) NOT NULL,
	`tag` VarChar( 50 ) CHARACTER SET utf8mb4 COLLATE utf8mb4_0900_ai_ci NOT NULL,
	`raw_tag` VarChar( 50 ) CHARACTER SET utf8mb4 COLLATE utf8mb4_0900_ai_ci NOT NULL,
	`visibility` VarChar( 100 ) CHARACTER SET utf8mb4 COLLATE utf8mb4_0900_ai_ci NOT NULL DEFAULT 'PRIVATE',
	`owner` Int( 0 ) NOT NULL,
	PRIMARY KEY ( `id` ) )
CHARACTER SET = utf8mb4
COLLATE = utf8mb4_0900_ai_ci
ENGINE = InnoDB;
-- -------------------------------------------------------------


-- CREATE TABLE "vtiger_freetags_seq" --------------------------
CREATE TABLE `vtiger_freetags_seq`( 
	`id` Int( 0 ) NOT NULL )
CHARACTER SET = utf8mb4
COLLATE = utf8mb4_0900_ai_ci
ENGINE = InnoDB;
-- -------------------------------------------------------------


-- CREATE TABLE "vtiger_glacct" --------------------------------
CREATE TABLE `vtiger_glacct`( 
	`glacctid` Int( 0 ) AUTO_INCREMENT NOT NULL,
	`glacct` VarChar( 200 ) CHARACTER SET utf8mb4 COLLATE utf8mb4_0900_ai_ci NOT NULL,
	`presence` Int( 0 ) NOT NULL DEFAULT 1,
	`picklist_valueid` Int( 0 ) NOT NULL DEFAULT 0,
	`sortorderid` Int( 0 ) NULL DEFAULT NULL,
	`color` VarChar( 10 ) CHARACTER SET utf8mb4 COLLATE utf8mb4_0900_ai_ci NULL DEFAULT NULL,
	PRIMARY KEY ( `glacctid` ),
	CONSTRAINT `glacct_glacct_idx` UNIQUE( `glacct` ) )
CHARACTER SET = utf8mb4
COLLATE = utf8mb4_0900_ai_ci
ENGINE = InnoDB
AUTO_INCREMENT = 10;
-- -------------------------------------------------------------


-- CREATE TABLE "vtiger_glacct_seq" ----------------------------
CREATE TABLE `vtiger_glacct_seq`( 
	`id` Int( 0 ) NOT NULL )
CHARACTER SET = utf8mb4
COLLATE = utf8mb4_0900_ai_ci
ENGINE = InnoDB;
-- -------------------------------------------------------------


-- CREATE TABLE "vtiger_google_event_calendar_mapping" ---------
CREATE TABLE `vtiger_google_event_calendar_mapping`( 
	`event_id` VarChar( 255 ) CHARACTER SET utf8mb3 COLLATE utf8mb3_general_ci NULL DEFAULT NULL,
	`calendar_id` VarChar( 255 ) CHARACTER SET utf8mb3 COLLATE utf8mb3_general_ci NULL DEFAULT NULL,
	`user_id` Int( 0 ) NOT NULL )
CHARACTER SET = utf8mb3
COLLATE = utf8mb3_general_ci
ENGINE = InnoDB;
-- -------------------------------------------------------------


-- CREATE TABLE "vtiger_google_oauth2" -------------------------
CREATE TABLE `vtiger_google_oauth2`( 
	`service` VarChar( 20 ) CHARACTER SET utf8mb3 COLLATE utf8mb3_general_ci NULL DEFAULT NULL,
	`access_token` VarChar( 500 ) CHARACTER SET utf8mb3 COLLATE utf8mb3_general_ci NULL DEFAULT NULL,
	`refresh_token` VarChar( 500 ) CHARACTER SET utf8mb3 COLLATE utf8mb3_general_ci NULL DEFAULT NULL,
	`userid` Int( 0 ) NULL DEFAULT NULL )
CHARACTER SET = utf8mb3
COLLATE = utf8mb3_general_ci
ENGINE = InnoDB;
-- -------------------------------------------------------------


-- CREATE TABLE "vtiger_google_sync_fieldmapping" --------------
CREATE TABLE `vtiger_google_sync_fieldmapping`( 
	`vtiger_field` VarChar( 255 ) CHARACTER SET utf8mb4 COLLATE utf8mb4_0900_ai_ci NULL DEFAULT NULL,
	`google_field` VarChar( 255 ) CHARACTER SET utf8mb4 COLLATE utf8mb4_0900_ai_ci NULL DEFAULT NULL,
	`google_field_type` VarChar( 255 ) CHARACTER SET utf8mb4 COLLATE utf8mb4_0900_ai_ci NULL DEFAULT NULL,
	`google_custom_label` VarChar( 255 ) CHARACTER SET utf8mb4 COLLATE utf8mb4_0900_ai_ci NULL DEFAULT NULL,
	`user` Int( 0 ) NULL DEFAULT NULL )
CHARACTER SET = utf8mb4
COLLATE = utf8mb4_0900_ai_ci
ENGINE = InnoDB;
-- -------------------------------------------------------------


-- CREATE TABLE "vtiger_google_sync_settings" ------------------
CREATE TABLE `vtiger_google_sync_settings`( 
	`user` Int( 0 ) NULL DEFAULT NULL,
	`module` VarChar( 50 ) CHARACTER SET utf8mb4 COLLATE utf8mb4_0900_ai_ci NULL DEFAULT NULL,
	`clientgroup` VarChar( 255 ) CHARACTER SET utf8mb4 COLLATE utf8mb4_0900_ai_ci NULL DEFAULT NULL,
	`direction` VarChar( 50 ) CHARACTER SET utf8mb4 COLLATE utf8mb4_0900_ai_ci NULL DEFAULT NULL,
	`enabled` TinyInt( 0 ) NULL DEFAULT 1 )
CHARACTER SET = utf8mb4
COLLATE = utf8mb4_0900_ai_ci
ENGINE = InnoDB;
-- -------------------------------------------------------------


-- CREATE TABLE "vtiger_group2grouprel" ------------------------
CREATE TABLE `vtiger_group2grouprel`( 
	`groupid` Int( 0 ) NOT NULL,
	`containsgroupid` Int( 0 ) NOT NULL,
	PRIMARY KEY ( `groupid`, `containsgroupid` ) )
CHARACTER SET = utf8mb4
COLLATE = utf8mb4_0900_ai_ci
ENGINE = InnoDB;
-- -------------------------------------------------------------


-- CREATE TABLE "vtiger_group2role" ----------------------------
CREATE TABLE `vtiger_group2role`( 
	`groupid` Int( 0 ) NOT NULL,
	`roleid` VarChar( 255 ) CHARACTER SET utf8mb4 COLLATE utf8mb4_0900_ai_ci NOT NULL,
	PRIMARY KEY ( `groupid`, `roleid` ) )
CHARACTER SET = utf8mb4
COLLATE = utf8mb4_0900_ai_ci
ENGINE = InnoDB;
-- -------------------------------------------------------------


-- CREATE TABLE "vtiger_group2rs" ------------------------------
CREATE TABLE `vtiger_group2rs`( 
	`groupid` Int( 0 ) NOT NULL,
	`roleandsubid` VarChar( 255 ) CHARACTER SET utf8mb4 COLLATE utf8mb4_0900_ai_ci NOT NULL,
	PRIMARY KEY ( `groupid`, `roleandsubid` ) )
CHARACTER SET = utf8mb4
COLLATE = utf8mb4_0900_ai_ci
ENGINE = InnoDB;
-- -------------------------------------------------------------


-- CREATE TABLE "vtiger_groups" --------------------------------
CREATE TABLE `vtiger_groups`( 
	`groupid` Int( 0 ) NOT NULL,
	`groupname` VarChar( 100 ) CHARACTER SET utf8mb4 COLLATE utf8mb4_0900_ai_ci NULL DEFAULT NULL,
	`description` Text CHARACTER SET utf8mb4 COLLATE utf8mb4_0900_ai_ci NULL DEFAULT NULL,
	PRIMARY KEY ( `groupid` ),
	CONSTRAINT `groups_groupname_idx` UNIQUE( `groupname` ) )
CHARACTER SET = utf8mb4
COLLATE = utf8mb4_0900_ai_ci
ENGINE = InnoDB;
-- -------------------------------------------------------------


-- CREATE TABLE "vtiger_home_layout" ---------------------------
CREATE TABLE `vtiger_home_layout`( 
	`userid` Int( 0 ) NOT NULL,
	`layout` Int( 0 ) NOT NULL DEFAULT 4,
	PRIMARY KEY ( `userid` ) )
CHARACTER SET = utf8mb4
COLLATE = utf8mb4_0900_ai_ci
ENGINE = InnoDB;
-- -------------------------------------------------------------


-- CREATE TABLE "vtiger_homedashbd" ----------------------------
CREATE TABLE `vtiger_homedashbd`( 
	`stuffid` Int( 0 ) NOT NULL DEFAULT 0,
	`dashbdname` VarChar( 100 ) CHARACTER SET utf8mb4 COLLATE utf8mb4_0900_ai_ci NULL DEFAULT NULL,
	`dashbdtype` VarChar( 100 ) CHARACTER SET utf8mb4 COLLATE utf8mb4_0900_ai_ci NULL DEFAULT NULL,
	PRIMARY KEY ( `stuffid` ) )
CHARACTER SET = utf8mb4
COLLATE = utf8mb4_0900_ai_ci
ENGINE = InnoDB;
-- -------------------------------------------------------------


-- CREATE TABLE "vtiger_homedefault" ---------------------------
CREATE TABLE `vtiger_homedefault`( 
	`stuffid` Int( 0 ) NOT NULL DEFAULT 0,
	`hometype` VarChar( 30 ) CHARACTER SET utf8mb4 COLLATE utf8mb4_0900_ai_ci NOT NULL,
	`maxentries` Int( 0 ) NULL DEFAULT NULL,
	`setype` VarChar( 30 ) CHARACTER SET utf8mb4 COLLATE utf8mb4_0900_ai_ci NULL DEFAULT NULL,
	PRIMARY KEY ( `stuffid` ) )
CHARACTER SET = utf8mb4
COLLATE = utf8mb4_0900_ai_ci
ENGINE = InnoDB;
-- -------------------------------------------------------------


-- CREATE TABLE "vtiger_homemodule" ----------------------------
CREATE TABLE `vtiger_homemodule`( 
	`stuffid` Int( 0 ) NOT NULL,
	`modulename` VarChar( 100 ) CHARACTER SET utf8mb4 COLLATE utf8mb4_0900_ai_ci NULL DEFAULT NULL,
	`maxentries` Int( 0 ) NOT NULL,
	`customviewid` Int( 0 ) NOT NULL,
	`setype` VarChar( 30 ) CHARACTER SET utf8mb4 COLLATE utf8mb4_0900_ai_ci NOT NULL,
	PRIMARY KEY ( `stuffid` ) )
CHARACTER SET = utf8mb4
COLLATE = utf8mb4_0900_ai_ci
ENGINE = InnoDB;
-- -------------------------------------------------------------


-- CREATE TABLE "vtiger_homemoduleflds" ------------------------
CREATE TABLE `vtiger_homemoduleflds`( 
	`stuffid` Int( 0 ) NULL DEFAULT NULL,
	`fieldname` VarChar( 100 ) CHARACTER SET utf8mb4 COLLATE utf8mb4_0900_ai_ci NULL DEFAULT NULL )
CHARACTER SET = utf8mb4
COLLATE = utf8mb4_0900_ai_ci
ENGINE = InnoDB;
-- -------------------------------------------------------------


-- CREATE TABLE "vtiger_homereportchart" -----------------------
CREATE TABLE `vtiger_homereportchart`( 
	`stuffid` Int( 0 ) NOT NULL,
	`reportid` Int( 0 ) NULL DEFAULT NULL,
	`reportcharttype` VarChar( 100 ) CHARACTER SET utf8mb4 COLLATE utf8mb4_0900_ai_ci NULL DEFAULT NULL,
	PRIMARY KEY ( `stuffid` ) )
CHARACTER SET = utf8mb4
COLLATE = utf8mb4_0900_ai_ci
ENGINE = InnoDB;
-- -------------------------------------------------------------


-- CREATE TABLE "vtiger_homerss" -------------------------------
CREATE TABLE `vtiger_homerss`( 
	`stuffid` Int( 0 ) NOT NULL DEFAULT 0,
	`url` VarChar( 100 ) CHARACTER SET utf8mb4 COLLATE utf8mb4_0900_ai_ci NULL DEFAULT NULL,
	`maxentries` Int( 0 ) NOT NULL,
	PRIMARY KEY ( `stuffid` ) )
CHARACTER SET = utf8mb4
COLLATE = utf8mb4_0900_ai_ci
ENGINE = InnoDB;
-- -------------------------------------------------------------


-- CREATE TABLE "vtiger_homestuff" -----------------------------
CREATE TABLE `vtiger_homestuff`( 
	`stuffid` Int( 0 ) NOT NULL DEFAULT 0,
	`stuffsequence` Int( 0 ) NOT NULL DEFAULT 0,
	`stufftype` VarChar( 100 ) CHARACTER SET utf8mb4 COLLATE utf8mb4_0900_ai_ci NULL DEFAULT NULL,
	`userid` Int( 0 ) NOT NULL,
	`visible` Int( 0 ) NOT NULL DEFAULT 0,
	`stufftitle` VarChar( 100 ) CHARACTER SET utf8mb4 COLLATE utf8mb4_0900_ai_ci NULL DEFAULT NULL,
	PRIMARY KEY ( `stuffid` ) )
CHARACTER SET = utf8mb4
COLLATE = utf8mb4_0900_ai_ci
ENGINE = InnoDB;
-- -------------------------------------------------------------


-- CREATE TABLE "vtiger_homestuff_seq" -------------------------
CREATE TABLE `vtiger_homestuff_seq`( 
	`id` Int( 0 ) NOT NULL )
CHARACTER SET = utf8mb4
COLLATE = utf8mb4_0900_ai_ci
ENGINE = InnoDB;
-- -------------------------------------------------------------


-- CREATE TABLE "vtiger_hour_format" ---------------------------
CREATE TABLE `vtiger_hour_format`( 
	`hour_formatid` Int( 0 ) AUTO_INCREMENT NOT NULL,
	`hour_format` VarChar( 200 ) CHARACTER SET utf8mb3 COLLATE utf8mb3_general_ci NOT NULL,
	`sortorderid` Int( 0 ) NULL DEFAULT NULL,
	`presence` Int( 0 ) NOT NULL DEFAULT 1,
	PRIMARY KEY ( `hour_formatid` ) )
CHARACTER SET = utf8mb3
COLLATE = utf8mb3_general_ci
ENGINE = InnoDB
AUTO_INCREMENT = 3;
-- -------------------------------------------------------------


-- CREATE TABLE "vtiger_hour_format_seq" -----------------------
CREATE TABLE `vtiger_hour_format_seq`( 
	`id` Int( 0 ) NOT NULL )
CHARACTER SET = utf8mb4
COLLATE = utf8mb4_0900_ai_ci
ENGINE = InnoDB;
-- -------------------------------------------------------------


-- CREATE TABLE "vtiger_import_locks" --------------------------
CREATE TABLE `vtiger_import_locks`( 
	`vtiger_import_lock_id` Int( 0 ) NOT NULL,
	`userid` Int( 0 ) NOT NULL,
	`tabid` Int( 0 ) NOT NULL,
	`importid` Int( 0 ) NOT NULL,
	`locked_since` DateTime NULL DEFAULT NULL,
	PRIMARY KEY ( `vtiger_import_lock_id` ) )
CHARACTER SET = utf8mb3
COLLATE = utf8mb3_general_ci
ENGINE = InnoDB;
-- -------------------------------------------------------------


-- CREATE TABLE "vtiger_import_maps" ---------------------------
CREATE TABLE `vtiger_import_maps`( 
	`id` Int( 0 ) AUTO_INCREMENT NOT NULL,
	`name` VarChar( 36 ) CHARACTER SET utf8mb4 COLLATE utf8mb4_0900_ai_ci NOT NULL,
	`module` VarChar( 36 ) CHARACTER SET utf8mb4 COLLATE utf8mb4_0900_ai_ci NOT NULL,
	`content` LongBlob NULL DEFAULT NULL,
	`has_header` Int( 0 ) NOT NULL DEFAULT 1,
	`deleted` Int( 0 ) NOT NULL DEFAULT 0,
	`date_entered` Timestamp NOT NULL,
	`date_modified` DateTime NULL DEFAULT NULL,
	`assigned_user_id` VarChar( 36 ) CHARACTER SET utf8mb4 COLLATE utf8mb4_0900_ai_ci NULL DEFAULT NULL,
	`is_published` VarChar( 3 ) CHARACTER SET utf8mb4 COLLATE utf8mb4_0900_ai_ci NOT NULL DEFAULT 'no',
	PRIMARY KEY ( `id` ) )
CHARACTER SET = utf8mb4
COLLATE = utf8mb4_0900_ai_ci
ENGINE = InnoDB;
-- -------------------------------------------------------------


-- CREATE TABLE "vtiger_import_queue" --------------------------
CREATE TABLE `vtiger_import_queue`( 
	`importid` Int( 0 ) NOT NULL,
	`userid` Int( 0 ) NOT NULL,
	`tabid` Int( 0 ) NOT NULL,
	`field_mapping` Text CHARACTER SET utf8mb3 COLLATE utf8mb3_general_ci NULL DEFAULT NULL,
	`default_values` Text CHARACTER SET utf8mb3 COLLATE utf8mb3_general_ci NULL DEFAULT NULL,
	`merge_type` Int( 0 ) NULL DEFAULT NULL,
	`merge_fields` Text CHARACTER SET utf8mb3 COLLATE utf8mb3_general_ci NULL DEFAULT NULL,
	`status` Int( 0 ) NULL DEFAULT 0,
	`lineitem_currency_id` Int( 0 ) NULL DEFAULT NULL,
	`paging` Int( 0 ) NULL DEFAULT 0,
	PRIMARY KEY ( `importid` ) )
CHARACTER SET = utf8mb3
COLLATE = utf8mb3_general_ci
ENGINE = InnoDB;
-- -------------------------------------------------------------


-- CREATE TABLE "vtiger_industry" ------------------------------
CREATE TABLE `vtiger_industry`( 
	`industryid` Int( 0 ) AUTO_INCREMENT NOT NULL,
	`industry` VarChar( 200 ) CHARACTER SET utf8mb4 COLLATE utf8mb4_0900_ai_ci NOT NULL,
	`presence` Int( 0 ) NOT NULL DEFAULT 1,
	`picklist_valueid` Int( 0 ) NOT NULL DEFAULT 0,
	`sortorderid` Int( 0 ) NULL DEFAULT NULL,
	`color` VarChar( 10 ) CHARACTER SET utf8mb4 COLLATE utf8mb4_0900_ai_ci NULL DEFAULT NULL,
	PRIMARY KEY ( `industryid` ),
	CONSTRAINT `industry_industry_idx` UNIQUE( `industry` ) )
CHARACTER SET = utf8mb4
COLLATE = utf8mb4_0900_ai_ci
ENGINE = InnoDB
AUTO_INCREMENT = 33;
-- -------------------------------------------------------------


-- CREATE TABLE "vtiger_industry_seq" --------------------------
CREATE TABLE `vtiger_industry_seq`( 
	`id` Int( 0 ) NOT NULL )
CHARACTER SET = utf8mb4
COLLATE = utf8mb4_0900_ai_ci
ENGINE = InnoDB;
-- -------------------------------------------------------------


-- CREATE TABLE "vtiger_inventory_tandc" -----------------------
CREATE TABLE `vtiger_inventory_tandc`( 
	`id` Int( 0 ) NOT NULL,
	`type` VarChar( 30 ) CHARACTER SET utf8mb4 COLLATE utf8mb4_0900_ai_ci NOT NULL,
	`tandc` Text CHARACTER SET utf8mb4 COLLATE utf8mb4_0900_ai_ci NULL DEFAULT NULL,
	PRIMARY KEY ( `id` ) )
CHARACTER SET = utf8mb4
COLLATE = utf8mb4_0900_ai_ci
ENGINE = InnoDB;
-- -------------------------------------------------------------


-- CREATE TABLE "vtiger_inventory_tandc_seq" -------------------
CREATE TABLE `vtiger_inventory_tandc_seq`( 
	`id` Int( 0 ) NOT NULL )
CHARACTER SET = utf8mb4
COLLATE = utf8mb4_0900_ai_ci
ENGINE = InnoDB;
-- -------------------------------------------------------------


-- CREATE TABLE "vtiger_inventorycharges" ----------------------
CREATE TABLE `vtiger_inventorycharges`( 
	`chargeid` Int( 0 ) AUTO_INCREMENT NOT NULL,
	`name` VarChar( 100 ) CHARACTER SET utf8mb4 COLLATE utf8mb4_0900_ai_ci NOT NULL,
	`format` VarChar( 10 ) CHARACTER SET utf8mb4 COLLATE utf8mb4_0900_ai_ci NULL DEFAULT NULL,
	`type` VarChar( 10 ) CHARACTER SET utf8mb4 COLLATE utf8mb4_0900_ai_ci NULL DEFAULT NULL,
	`value` Decimal( 12, 5 ) NULL DEFAULT NULL,
	`regions` Text CHARACTER SET utf8mb4 COLLATE utf8mb4_0900_ai_ci NULL DEFAULT NULL,
	`istaxable` Int( 0 ) NOT NULL DEFAULT 1,
	`taxes` VarChar( 1024 ) CHARACTER SET utf8mb4 COLLATE utf8mb4_0900_ai_ci NULL DEFAULT NULL,
	`deleted` Int( 0 ) NOT NULL DEFAULT 0,
	PRIMARY KEY ( `chargeid` ) )
CHARACTER SET = utf8mb4
COLLATE = utf8mb4_0900_ai_ci
ENGINE = InnoDB
AUTO_INCREMENT = 2;
-- -------------------------------------------------------------


-- CREATE TABLE "vtiger_inventorychargesrel" -------------------
CREATE TABLE `vtiger_inventorychargesrel`( 
	`recordid` Int( 0 ) NOT NULL,
	`charges` Text CHARACTER SET utf8mb4 COLLATE utf8mb4_0900_ai_ci NULL DEFAULT NULL )
CHARACTER SET = utf8mb4
COLLATE = utf8mb4_0900_ai_ci
ENGINE = InnoDB;
-- -------------------------------------------------------------


-- CREATE TABLE "vtiger_inventorynotification" -----------------
CREATE TABLE `vtiger_inventorynotification`( 
	`notificationid` Int( 0 ) AUTO_INCREMENT NOT NULL,
	`notificationname` VarChar( 200 ) CHARACTER SET utf8mb4 COLLATE utf8mb4_0900_ai_ci NULL DEFAULT NULL,
	`notificationsubject` VarChar( 200 ) CHARACTER SET utf8mb4 COLLATE utf8mb4_0900_ai_ci NULL DEFAULT NULL,
	`notificationbody` Text CHARACTER SET utf8mb4 COLLATE utf8mb4_0900_ai_ci NULL DEFAULT NULL,
	`label` VarChar( 50 ) CHARACTER SET utf8mb4 COLLATE utf8mb4_0900_ai_ci NULL DEFAULT NULL,
	`status` VarChar( 30 ) CHARACTER SET utf8mb4 COLLATE utf8mb4_0900_ai_ci NULL DEFAULT NULL,
	PRIMARY KEY ( `notificationid` ) )
CHARACTER SET = utf8mb4
COLLATE = utf8mb4_0900_ai_ci
ENGINE = InnoDB
AUTO_INCREMENT = 3;
-- -------------------------------------------------------------


-- CREATE TABLE "vtiger_inventorynotification_seq" -------------
CREATE TABLE `vtiger_inventorynotification_seq`( 
	`id` Int( 0 ) NOT NULL )
CHARACTER SET = utf8mb4
COLLATE = utf8mb4_0900_ai_ci
ENGINE = InnoDB;
-- -------------------------------------------------------------


-- CREATE TABLE "vtiger_inventoryproductrel" -------------------
CREATE TABLE `vtiger_inventoryproductrel`( 
	`id` Int( 0 ) NULL DEFAULT NULL,
	`productid` Int( 0 ) NULL DEFAULT NULL,
	`sequence_no` Int( 0 ) NULL DEFAULT NULL,
	`quantity` Decimal( 25, 3 ) NULL DEFAULT NULL,
	`listprice` Decimal( 27, 8 ) NULL DEFAULT NULL,
	`discount_percent` Decimal( 7, 3 ) NULL DEFAULT NULL,
	`discount_amount` Decimal( 27, 8 ) NULL DEFAULT NULL,
	`comment` Text CHARACTER SET utf8mb4 COLLATE utf8mb4_0900_ai_ci NULL DEFAULT NULL,
	`description` Text CHARACTER SET utf8mb4 COLLATE utf8mb4_0900_ai_ci NULL DEFAULT NULL,
	`incrementondel` Int( 0 ) NOT NULL DEFAULT 0,
	`lineitem_id` Int( 0 ) AUTO_INCREMENT NOT NULL,
	`tax1` Decimal( 7, 3 ) NULL DEFAULT NULL,
	`tax2` Decimal( 7, 3 ) NULL DEFAULT NULL,
	`tax3` Decimal( 7, 3 ) NULL DEFAULT NULL,
	`image` VarChar( 2 ) CHARACTER SET utf8mb4 COLLATE utf8mb4_0900_ai_ci NULL DEFAULT NULL,
	`purchase_cost` Decimal( 27, 8 ) NULL DEFAULT NULL,
	`margin` Decimal( 27, 8 ) NULL DEFAULT NULL,
	PRIMARY KEY ( `lineitem_id` ) )
CHARACTER SET = utf8mb4
COLLATE = utf8mb4_0900_ai_ci
ENGINE = InnoDB
AUTO_INCREMENT = 67;
-- -------------------------------------------------------------


-- CREATE TABLE "vtiger_inventoryproductrel_seq" ---------------
CREATE TABLE `vtiger_inventoryproductrel_seq`( 
	`id` Int( 0 ) NOT NULL )
CHARACTER SET = utf8mb4
COLLATE = utf8mb4_0900_ai_ci
ENGINE = InnoDB;
-- -------------------------------------------------------------


-- CREATE TABLE "vtiger_inventoryshippingrel" ------------------
CREATE TABLE `vtiger_inventoryshippingrel`( 
	`id` Int( 0 ) NULL DEFAULT NULL,
	`shtax1` Decimal( 7, 3 ) NULL DEFAULT NULL,
	`shtax2` Decimal( 7, 3 ) NULL DEFAULT NULL,
	`shtax3` Decimal( 7, 3 ) NULL DEFAULT NULL )
CHARACTER SET = utf8mb4
COLLATE = utf8mb4_0900_ai_ci
ENGINE = InnoDB;
-- -------------------------------------------------------------


-- CREATE TABLE "vtiger_inventorysubproductrel" ----------------
CREATE TABLE `vtiger_inventorysubproductrel`( 
	`id` Int( 0 ) NOT NULL,
	`sequence_no` Int( 0 ) NOT NULL,
	`productid` Int( 0 ) NOT NULL,
	`quantity` Int( 0 ) NULL DEFAULT 1 )
CHARACTER SET = utf8mb4
COLLATE = utf8mb4_0900_ai_ci
ENGINE = InnoDB;
-- -------------------------------------------------------------


-- CREATE TABLE "vtiger_inventorytaxinfo" ----------------------
CREATE TABLE `vtiger_inventorytaxinfo`( 
	`taxid` Int( 0 ) NOT NULL,
	`taxname` VarChar( 50 ) CHARACTER SET utf8mb4 COLLATE utf8mb4_0900_ai_ci NULL DEFAULT NULL,
	`taxlabel` VarChar( 50 ) CHARACTER SET utf8mb4 COLLATE utf8mb4_0900_ai_ci NULL DEFAULT NULL,
	`percentage` Decimal( 7, 3 ) NULL DEFAULT NULL,
	`deleted` Int( 0 ) NULL DEFAULT NULL,
	`method` VarChar( 10 ) CHARACTER SET utf8mb4 COLLATE utf8mb4_0900_ai_ci NULL DEFAULT NULL,
	`type` VarChar( 10 ) CHARACTER SET utf8mb4 COLLATE utf8mb4_0900_ai_ci NULL DEFAULT NULL,
	`compoundon` VarChar( 400 ) CHARACTER SET utf8mb4 COLLATE utf8mb4_0900_ai_ci NULL DEFAULT NULL,
	`regions` Text CHARACTER SET utf8mb4 COLLATE utf8mb4_0900_ai_ci NULL DEFAULT NULL,
	PRIMARY KEY ( `taxid` ) )
CHARACTER SET = utf8mb4
COLLATE = utf8mb4_0900_ai_ci
ENGINE = InnoDB;
-- -------------------------------------------------------------


-- CREATE TABLE "vtiger_inventorytaxinfo_seq" ------------------
CREATE TABLE `vtiger_inventorytaxinfo_seq`( 
	`id` Int( 0 ) NOT NULL )
CHARACTER SET = utf8mb4
COLLATE = utf8mb4_0900_ai_ci
ENGINE = InnoDB;
-- -------------------------------------------------------------


-- CREATE TABLE "vtiger_invitees" ------------------------------
CREATE TABLE `vtiger_invitees`( 
	`activityid` Int( 0 ) NOT NULL,
	`inviteeid` Int( 0 ) NOT NULL,
	`status` VarChar( 50 ) CHARACTER SET utf8mb4 COLLATE utf8mb4_0900_ai_ci NULL DEFAULT NULL,
	PRIMARY KEY ( `activityid`, `inviteeid` ) )
CHARACTER SET = utf8mb4
COLLATE = utf8mb4_0900_ai_ci
ENGINE = InnoDB;
-- -------------------------------------------------------------


-- CREATE TABLE "vtiger_invoice" -------------------------------
CREATE TABLE `vtiger_invoice`( 
	`invoiceid` Int( 0 ) NOT NULL DEFAULT 0,
	`subject` VarChar( 100 ) CHARACTER SET utf8mb4 COLLATE utf8mb4_0900_ai_ci NULL DEFAULT NULL,
	`salesorderid` Int( 0 ) NULL DEFAULT NULL,
	`customerno` VarChar( 100 ) CHARACTER SET utf8mb4 COLLATE utf8mb4_0900_ai_ci NULL DEFAULT NULL,
	`contactid` Int( 0 ) NULL DEFAULT NULL,
	`notes` VarChar( 100 ) CHARACTER SET utf8mb4 COLLATE utf8mb4_0900_ai_ci NULL DEFAULT NULL,
	`invoicedate` Date NULL DEFAULT NULL,
	`duedate` Date NULL DEFAULT NULL,
	`invoiceterms` VarChar( 100 ) CHARACTER SET utf8mb4 COLLATE utf8mb4_0900_ai_ci NULL DEFAULT NULL,
	`type` VarChar( 100 ) CHARACTER SET utf8mb4 COLLATE utf8mb4_0900_ai_ci NULL DEFAULT NULL,
	`adjustment` Decimal( 25, 8 ) NULL DEFAULT NULL,
	`salescommission` Decimal( 25, 3 ) NULL DEFAULT NULL,
	`exciseduty` Decimal( 25, 3 ) NULL DEFAULT NULL,
	`subtotal` Decimal( 25, 8 ) NULL DEFAULT NULL,
	`total` Decimal( 25, 8 ) NULL DEFAULT NULL,
	`taxtype` VarChar( 25 ) CHARACTER SET utf8mb4 COLLATE utf8mb4_0900_ai_ci NULL DEFAULT NULL,
	`discount_percent` Decimal( 25, 3 ) NULL DEFAULT NULL,
	`discount_amount` Decimal( 25, 8 ) NULL DEFAULT NULL,
	`s_h_amount` Decimal( 25, 8 ) NULL DEFAULT NULL,
	`shipping` VarChar( 100 ) CHARACTER SET utf8mb4 COLLATE utf8mb4_0900_ai_ci NULL DEFAULT NULL,
	`accountid` Int( 0 ) NULL DEFAULT NULL,
	`terms_conditions` Text CHARACTER SET utf8mb4 COLLATE utf8mb4_0900_ai_ci NULL DEFAULT NULL,
	`purchaseorder` VarChar( 200 ) CHARACTER SET utf8mb4 COLLATE utf8mb4_0900_ai_ci NULL DEFAULT NULL,
	`invoicestatus` VarChar( 200 ) CHARACTER SET utf8mb4 COLLATE utf8mb4_0900_ai_ci NULL DEFAULT NULL,
	`invoice_no` VarChar( 100 ) CHARACTER SET utf8mb4 COLLATE utf8mb4_0900_ai_ci NULL DEFAULT NULL,
	`currency_id` Int( 0 ) NOT NULL DEFAULT 1,
	`conversion_rate` Decimal( 10, 3 ) NOT NULL DEFAULT 1.000,
	`compound_taxes_info` Text CHARACTER SET utf8mb4 COLLATE utf8mb4_0900_ai_ci NULL DEFAULT NULL,
	`pre_tax_total` Decimal( 25, 8 ) NULL DEFAULT NULL,
	`received` Decimal( 25, 8 ) NULL DEFAULT NULL,
	`balance` Decimal( 25, 8 ) NULL DEFAULT NULL,
	`s_h_percent` Decimal( 25, 8 ) NULL DEFAULT NULL,
	`potential_id` VarChar( 100 ) CHARACTER SET utf8mb4 COLLATE utf8mb4_0900_ai_ci NULL DEFAULT NULL,
	`tags` VarChar( 1 ) CHARACTER SET utf8mb4 COLLATE utf8mb4_0900_ai_ci NULL DEFAULT NULL,
	`region_id` Int( 0 ) NULL DEFAULT NULL,
	PRIMARY KEY ( `invoiceid` ) )
CHARACTER SET = utf8mb4
COLLATE = utf8mb4_0900_ai_ci
ENGINE = InnoDB;
-- -------------------------------------------------------------


-- CREATE TABLE "vtiger_invoice_recurring_info" ----------------
CREATE TABLE `vtiger_invoice_recurring_info`( 
	`salesorderid` Int( 0 ) NOT NULL,
	`recurring_frequency` VarChar( 200 ) CHARACTER SET utf8mb4 COLLATE utf8mb4_0900_ai_ci NULL DEFAULT NULL,
	`start_period` Date NULL DEFAULT NULL,
	`end_period` Date NULL DEFAULT NULL,
	`last_recurring_date` Date NULL DEFAULT NULL,
	`payment_duration` VarChar( 200 ) CHARACTER SET utf8mb4 COLLATE utf8mb4_0900_ai_ci NULL DEFAULT NULL,
	`invoice_status` VarChar( 200 ) CHARACTER SET utf8mb4 COLLATE utf8mb4_0900_ai_ci NULL DEFAULT NULL,
	PRIMARY KEY ( `salesorderid` ) )
CHARACTER SET = utf8mb4
COLLATE = utf8mb4_0900_ai_ci
ENGINE = InnoDB;
-- -------------------------------------------------------------


-- CREATE TABLE "vtiger_invoicebillads" ------------------------
CREATE TABLE `vtiger_invoicebillads`( 
	`invoicebilladdressid` Int( 0 ) NOT NULL DEFAULT 0,
	`bill_city` VarChar( 30 ) CHARACTER SET utf8mb4 COLLATE utf8mb4_0900_ai_ci NULL DEFAULT NULL,
	`bill_code` VarChar( 30 ) CHARACTER SET utf8mb4 COLLATE utf8mb4_0900_ai_ci NULL DEFAULT NULL,
	`bill_country` VarChar( 30 ) CHARACTER SET utf8mb4 COLLATE utf8mb4_0900_ai_ci NULL DEFAULT NULL,
	`bill_state` VarChar( 30 ) CHARACTER SET utf8mb4 COLLATE utf8mb4_0900_ai_ci NULL DEFAULT NULL,
	`bill_street` VarChar( 250 ) CHARACTER SET utf8mb4 COLLATE utf8mb4_0900_ai_ci NULL DEFAULT NULL,
	`bill_pobox` VarChar( 30 ) CHARACTER SET utf8mb4 COLLATE utf8mb4_0900_ai_ci NULL DEFAULT NULL,
	PRIMARY KEY ( `invoicebilladdressid` ) )
CHARACTER SET = utf8mb4
COLLATE = utf8mb4_0900_ai_ci
ENGINE = InnoDB;
-- -------------------------------------------------------------


-- CREATE TABLE "vtiger_invoicecf" -----------------------------
CREATE TABLE `vtiger_invoicecf`( 
	`invoiceid` Int( 0 ) NOT NULL DEFAULT 0,
	`cf_908` VarChar( 3 ) CHARACTER SET utf8mb4 COLLATE utf8mb4_0900_ai_ci NULL DEFAULT '0',
	PRIMARY KEY ( `invoiceid` ) )
CHARACTER SET = utf8mb4
COLLATE = utf8mb4_0900_ai_ci
ENGINE = InnoDB;
-- -------------------------------------------------------------


-- CREATE TABLE "vtiger_invoiceshipads" ------------------------
CREATE TABLE `vtiger_invoiceshipads`( 
	`invoiceshipaddressid` Int( 0 ) NOT NULL DEFAULT 0,
	`ship_city` VarChar( 30 ) CHARACTER SET utf8mb4 COLLATE utf8mb4_0900_ai_ci NULL DEFAULT NULL,
	`ship_code` VarChar( 30 ) CHARACTER SET utf8mb4 COLLATE utf8mb4_0900_ai_ci NULL DEFAULT NULL,
	`ship_country` VarChar( 30 ) CHARACTER SET utf8mb4 COLLATE utf8mb4_0900_ai_ci NULL DEFAULT NULL,
	`ship_state` VarChar( 30 ) CHARACTER SET utf8mb4 COLLATE utf8mb4_0900_ai_ci NULL DEFAULT NULL,
	`ship_street` VarChar( 250 ) CHARACTER SET utf8mb4 COLLATE utf8mb4_0900_ai_ci NULL DEFAULT NULL,
	`ship_pobox` VarChar( 30 ) CHARACTER SET utf8mb4 COLLATE utf8mb4_0900_ai_ci NULL DEFAULT NULL,
	PRIMARY KEY ( `invoiceshipaddressid` ) )
CHARACTER SET = utf8mb4
COLLATE = utf8mb4_0900_ai_ci
ENGINE = InnoDB;
-- -------------------------------------------------------------


-- CREATE TABLE "vtiger_invoicestatus" -------------------------
CREATE TABLE `vtiger_invoicestatus`( 
	`invoicestatusid` Int( 0 ) AUTO_INCREMENT NOT NULL,
	`invoicestatus` VarChar( 200 ) CHARACTER SET utf8mb4 COLLATE utf8mb4_0900_ai_ci NOT NULL,
	`presence` Int( 0 ) NOT NULL DEFAULT 1,
	`picklist_valueid` Int( 0 ) NOT NULL DEFAULT 0,
	`sortorderid` Int( 0 ) NULL DEFAULT NULL,
	`color` VarChar( 10 ) CHARACTER SET utf8mb4 COLLATE utf8mb4_0900_ai_ci NULL DEFAULT NULL,
	PRIMARY KEY ( `invoicestatusid` ),
	CONSTRAINT `invoicestatus_invoiestatus_idx` UNIQUE( `invoicestatus` ) )
CHARACTER SET = utf8mb4
COLLATE = utf8mb4_0900_ai_ci
ENGINE = InnoDB
AUTO_INCREMENT = 11;
-- -------------------------------------------------------------


-- CREATE TABLE "vtiger_invoicestatus_seq" ---------------------
CREATE TABLE `vtiger_invoicestatus_seq`( 
	`id` Int( 0 ) NOT NULL )
CHARACTER SET = utf8mb4
COLLATE = utf8mb4_0900_ai_ci
ENGINE = InnoDB;
-- -------------------------------------------------------------


-- CREATE TABLE "vtiger_invoicestatushistory" ------------------
CREATE TABLE `vtiger_invoicestatushistory`( 
	`historyid` Int( 0 ) AUTO_INCREMENT NOT NULL,
	`invoiceid` Int( 0 ) NOT NULL,
	`accountname` VarChar( 100 ) CHARACTER SET utf8mb4 COLLATE utf8mb4_0900_ai_ci NULL DEFAULT NULL,
	`total` Decimal( 10, 0 ) NULL DEFAULT NULL,
	`invoicestatus` VarChar( 200 ) CHARACTER SET utf8mb4 COLLATE utf8mb4_0900_ai_ci NULL DEFAULT NULL,
	`lastmodified` DateTime NULL DEFAULT NULL,
	PRIMARY KEY ( `historyid` ) )
CHARACTER SET = utf8mb4
COLLATE = utf8mb4_0900_ai_ci
ENGINE = InnoDB
AUTO_INCREMENT = 1;
-- -------------------------------------------------------------


-- CREATE TABLE "vtiger_language" ------------------------------
CREATE TABLE `vtiger_language`( 
	`id` Int( 0 ) AUTO_INCREMENT NOT NULL,
	`name` VarChar( 50 ) CHARACTER SET utf8mb4 COLLATE utf8mb4_0900_ai_ci NULL DEFAULT NULL,
	`prefix` VarChar( 10 ) CHARACTER SET utf8mb4 COLLATE utf8mb4_0900_ai_ci NULL DEFAULT NULL,
	`label` VarChar( 30 ) CHARACTER SET utf8mb4 COLLATE utf8mb4_0900_ai_ci NULL DEFAULT NULL,
	`lastupdated` DateTime NULL DEFAULT NULL,
	`sequence` Int( 0 ) NULL DEFAULT NULL,
	`isdefault` Int( 0 ) NULL DEFAULT NULL,
	`active` Int( 0 ) NULL DEFAULT NULL,
	PRIMARY KEY ( `id` ) )
CHARACTER SET = utf8mb4
COLLATE = utf8mb4_0900_ai_ci
ENGINE = InnoDB
AUTO_INCREMENT = 17;
-- -------------------------------------------------------------


-- CREATE TABLE "vtiger_language_seq" --------------------------
CREATE TABLE `vtiger_language_seq`( 
	`id` Int( 0 ) NOT NULL )
CHARACTER SET = utf8mb4
COLLATE = utf8mb4_0900_ai_ci
ENGINE = InnoDB;
-- -------------------------------------------------------------


-- CREATE TABLE "vtiger_lead_view" -----------------------------
CREATE TABLE `vtiger_lead_view`( 
	`lead_viewid` Int( 0 ) AUTO_INCREMENT NOT NULL,
	`lead_view` VarChar( 200 ) CHARACTER SET utf8mb4 COLLATE utf8mb4_0900_ai_ci NOT NULL,
	`sortorderid` Int( 0 ) NOT NULL DEFAULT 0,
	`presence` Int( 0 ) NOT NULL DEFAULT 1,
	PRIMARY KEY ( `lead_viewid` ) )
CHARACTER SET = utf8mb4
COLLATE = utf8mb4_0900_ai_ci
ENGINE = InnoDB
AUTO_INCREMENT = 4;
-- -------------------------------------------------------------


-- CREATE TABLE "vtiger_lead_view_seq" -------------------------
CREATE TABLE `vtiger_lead_view_seq`( 
	`id` Int( 0 ) NOT NULL )
CHARACTER SET = utf8mb4
COLLATE = utf8mb4_0900_ai_ci
ENGINE = InnoDB;
-- -------------------------------------------------------------


-- CREATE TABLE "vtiger_leadaddress" ---------------------------
CREATE TABLE `vtiger_leadaddress`( 
	`leadaddressid` Int( 0 ) NOT NULL DEFAULT 0,
	`city` VarChar( 30 ) CHARACTER SET utf8mb4 COLLATE utf8mb4_0900_ai_ci NULL DEFAULT NULL,
	`code` VarChar( 30 ) CHARACTER SET utf8mb4 COLLATE utf8mb4_0900_ai_ci NULL DEFAULT NULL,
	`state` VarChar( 30 ) CHARACTER SET utf8mb4 COLLATE utf8mb4_0900_ai_ci NULL DEFAULT NULL,
	`pobox` VarChar( 30 ) CHARACTER SET utf8mb4 COLLATE utf8mb4_0900_ai_ci NULL DEFAULT NULL,
	`country` VarChar( 30 ) CHARACTER SET utf8mb4 COLLATE utf8mb4_0900_ai_ci NULL DEFAULT NULL,
	`phone` VarChar( 50 ) CHARACTER SET utf8mb4 COLLATE utf8mb4_0900_ai_ci NULL DEFAULT NULL,
	`mobile` VarChar( 50 ) CHARACTER SET utf8mb4 COLLATE utf8mb4_0900_ai_ci NULL DEFAULT NULL,
	`fax` VarChar( 50 ) CHARACTER SET utf8mb4 COLLATE utf8mb4_0900_ai_ci NULL DEFAULT NULL,
	`lane` VarChar( 250 ) CHARACTER SET utf8mb4 COLLATE utf8mb4_0900_ai_ci NULL DEFAULT NULL,
	`leadaddresstype` VarChar( 30 ) CHARACTER SET utf8mb4 COLLATE utf8mb4_0900_ai_ci NULL DEFAULT 'Billing',
	PRIMARY KEY ( `leadaddressid` ) )
CHARACTER SET = utf8mb4
COLLATE = utf8mb4_0900_ai_ci
ENGINE = InnoDB;
-- -------------------------------------------------------------


-- CREATE TABLE "vtiger_leaddetails" ---------------------------
CREATE TABLE `vtiger_leaddetails`( 
	`leadid` Int( 0 ) NOT NULL,
	`lead_no` VarChar( 100 ) CHARACTER SET utf8mb4 COLLATE utf8mb4_0900_ai_ci NOT NULL,
	`email` VarChar( 100 ) CHARACTER SET utf8mb4 COLLATE utf8mb4_0900_ai_ci NULL DEFAULT NULL,
	`interest` VarChar( 50 ) CHARACTER SET utf8mb4 COLLATE utf8mb4_0900_ai_ci NULL DEFAULT NULL,
	`firstname` VarChar( 40 ) CHARACTER SET utf8mb4 COLLATE utf8mb4_0900_ai_ci NULL DEFAULT NULL,
	`salutation` VarChar( 200 ) CHARACTER SET utf8mb4 COLLATE utf8mb4_0900_ai_ci NULL DEFAULT NULL,
	`lastname` VarChar( 80 ) CHARACTER SET utf8mb4 COLLATE utf8mb4_0900_ai_ci NOT NULL,
	`company` VarChar( 100 ) CHARACTER SET utf8mb4 COLLATE utf8mb4_0900_ai_ci NOT NULL,
	`annualrevenue` Decimal( 25, 8 ) NULL DEFAULT NULL,
	`industry` VarChar( 200 ) CHARACTER SET utf8mb4 COLLATE utf8mb4_0900_ai_ci NULL DEFAULT NULL,
	`campaign` VarChar( 30 ) CHARACTER SET utf8mb4 COLLATE utf8mb4_0900_ai_ci NULL DEFAULT NULL,
	`rating` VarChar( 200 ) CHARACTER SET utf8mb4 COLLATE utf8mb4_0900_ai_ci NULL DEFAULT NULL,
	`leadstatus` VarChar( 200 ) CHARACTER SET utf8mb4 COLLATE utf8mb4_0900_ai_ci NULL DEFAULT NULL,
	`leadsource` VarChar( 200 ) CHARACTER SET utf8mb4 COLLATE utf8mb4_0900_ai_ci NULL DEFAULT NULL,
	`converted` Int( 0 ) NULL DEFAULT 0,
	`designation` VarChar( 50 ) CHARACTER SET utf8mb4 COLLATE utf8mb4_0900_ai_ci NULL DEFAULT 'SalesMan',
	`licencekeystatus` VarChar( 50 ) CHARACTER SET utf8mb4 COLLATE utf8mb4_0900_ai_ci NULL DEFAULT NULL,
	`space` VarChar( 250 ) CHARACTER SET utf8mb4 COLLATE utf8mb4_0900_ai_ci NULL DEFAULT NULL,
	`comments` Text CHARACTER SET utf8mb4 COLLATE utf8mb4_0900_ai_ci NULL DEFAULT NULL,
	`priority` VarChar( 50 ) CHARACTER SET utf8mb4 COLLATE utf8mb4_0900_ai_ci NULL DEFAULT NULL,
	`demorequest` VarChar( 50 ) CHARACTER SET utf8mb4 COLLATE utf8mb4_0900_ai_ci NULL DEFAULT NULL,
	`partnercontact` VarChar( 50 ) CHARACTER SET utf8mb4 COLLATE utf8mb4_0900_ai_ci NULL DEFAULT NULL,
	`productversion` VarChar( 20 ) CHARACTER SET utf8mb4 COLLATE utf8mb4_0900_ai_ci NULL DEFAULT NULL,
	`product` VarChar( 50 ) CHARACTER SET utf8mb4 COLLATE utf8mb4_0900_ai_ci NULL DEFAULT NULL,
	`maildate` Date NULL DEFAULT NULL,
	`nextstepdate` Date NULL DEFAULT NULL,
	`fundingsituation` VarChar( 50 ) CHARACTER SET utf8mb4 COLLATE utf8mb4_0900_ai_ci NULL DEFAULT NULL,
	`purpose` VarChar( 50 ) CHARACTER SET utf8mb4 COLLATE utf8mb4_0900_ai_ci NULL DEFAULT NULL,
	`evaluationstatus` VarChar( 50 ) CHARACTER SET utf8mb4 COLLATE utf8mb4_0900_ai_ci NULL DEFAULT NULL,
	`transferdate` Date NULL DEFAULT NULL,
	`revenuetype` VarChar( 50 ) CHARACTER SET utf8mb4 COLLATE utf8mb4_0900_ai_ci NULL DEFAULT NULL,
	`noofemployees` Int( 0 ) NULL DEFAULT NULL,
	`secondaryemail` VarChar( 100 ) CHARACTER SET utf8mb4 COLLATE utf8mb4_0900_ai_ci NULL DEFAULT NULL,
	`assignleadchk` Int( 0 ) NULL DEFAULT 0,
	`emailoptout` VarChar( 3 ) CHARACTER SET utf8mb4 COLLATE utf8mb4_0900_ai_ci NULL DEFAULT NULL,
	`tags` VarChar( 1 ) CHARACTER SET utf8mb4 COLLATE utf8mb4_0900_ai_ci NULL DEFAULT NULL,
	PRIMARY KEY ( `leadid` ) )
CHARACTER SET = utf8mb4
COLLATE = utf8mb4_0900_ai_ci
ENGINE = InnoDB;
-- -------------------------------------------------------------


-- CREATE TABLE "vtiger_leadscf" -------------------------------
CREATE TABLE `vtiger_leadscf`( 
	`leadid` Int( 0 ) NOT NULL DEFAULT 0,
	`cf_871` Date NULL DEFAULT NULL,
	`cf_873` VarChar( 100 ) CHARACTER SET utf8mb4 COLLATE utf8mb4_0900_ai_ci NULL,
	`cf_933` VarChar( 255 ) CHARACTER SET utf8mb4 COLLATE utf8mb4_0900_ai_ci NULL,
	PRIMARY KEY ( `leadid` ) )
CHARACTER SET = utf8mb4
COLLATE = utf8mb4_0900_ai_ci
ENGINE = InnoDB;
-- -------------------------------------------------------------


-- CREATE TABLE "vtiger_leadsource" ----------------------------
CREATE TABLE `vtiger_leadsource`( 
	`leadsourceid` Int( 0 ) AUTO_INCREMENT NOT NULL,
	`leadsource` VarChar( 200 ) CHARACTER SET utf8mb4 COLLATE utf8mb4_0900_ai_ci NOT NULL,
	`presence` Int( 0 ) NOT NULL DEFAULT 1,
	`picklist_valueid` Int( 0 ) NOT NULL DEFAULT 0,
	`sortorderid` Int( 0 ) NULL DEFAULT NULL,
	`color` VarChar( 10 ) CHARACTER SET utf8mb4 COLLATE utf8mb4_0900_ai_ci NULL DEFAULT NULL,
	PRIMARY KEY ( `leadsourceid` ) )
CHARACTER SET = utf8mb4
COLLATE = utf8mb4_0900_ai_ci
ENGINE = InnoDB
AUTO_INCREMENT = 14;
-- -------------------------------------------------------------


-- CREATE TABLE "vtiger_leadsource_seq" ------------------------
CREATE TABLE `vtiger_leadsource_seq`( 
	`id` Int( 0 ) NOT NULL )
CHARACTER SET = utf8mb4
COLLATE = utf8mb4_0900_ai_ci
ENGINE = InnoDB;
-- -------------------------------------------------------------


-- CREATE TABLE "vtiger_leadstage" -----------------------------
CREATE TABLE `vtiger_leadstage`( 
	`leadstageid` Int( 0 ) AUTO_INCREMENT NOT NULL,
	`stage` VarChar( 200 ) CHARACTER SET utf8mb4 COLLATE utf8mb4_0900_ai_ci NOT NULL,
	`sortorderid` Int( 0 ) NOT NULL DEFAULT 0,
	`presence` Int( 0 ) NOT NULL DEFAULT 1,
	PRIMARY KEY ( `leadstageid` ),
	CONSTRAINT `leadstage_stage_idx` UNIQUE( `stage` ) )
CHARACTER SET = utf8mb4
COLLATE = utf8mb4_0900_ai_ci
ENGINE = InnoDB;
-- -------------------------------------------------------------


-- CREATE TABLE "vtiger_leadstatus" ----------------------------
CREATE TABLE `vtiger_leadstatus`( 
	`leadstatusid` Int( 0 ) AUTO_INCREMENT NOT NULL,
	`leadstatus` VarChar( 200 ) CHARACTER SET utf8mb4 COLLATE utf8mb4_0900_ai_ci NOT NULL,
	`presence` Int( 0 ) NOT NULL DEFAULT 1,
	`picklist_valueid` Int( 0 ) NOT NULL DEFAULT 0,
	`sortorderid` Int( 0 ) NULL DEFAULT NULL,
	`color` VarChar( 10 ) CHARACTER SET utf8mb4 COLLATE utf8mb4_0900_ai_ci NULL DEFAULT NULL,
	PRIMARY KEY ( `leadstatusid` ) )
CHARACTER SET = utf8mb4
COLLATE = utf8mb4_0900_ai_ci
ENGINE = InnoDB
AUTO_INCREMENT = 13;
-- -------------------------------------------------------------


-- CREATE TABLE "vtiger_leadstatus_seq" ------------------------
CREATE TABLE `vtiger_leadstatus_seq`( 
	`id` Int( 0 ) NOT NULL )
CHARACTER SET = utf8mb4
COLLATE = utf8mb4_0900_ai_ci
ENGINE = InnoDB;
-- -------------------------------------------------------------


-- CREATE TABLE "vtiger_leadsubdetails" ------------------------
CREATE TABLE `vtiger_leadsubdetails`( 
	`leadsubscriptionid` Int( 0 ) NOT NULL DEFAULT 0,
	`website` VarChar( 255 ) CHARACTER SET utf8mb4 COLLATE utf8mb4_0900_ai_ci NULL DEFAULT NULL,
	`callornot` Int( 0 ) NULL DEFAULT 0,
	`readornot` Int( 0 ) NULL DEFAULT 0,
	`empct` Int( 0 ) NULL DEFAULT 0,
	PRIMARY KEY ( `leadsubscriptionid` ) )
CHARACTER SET = utf8mb4
COLLATE = utf8mb4_0900_ai_ci
ENGINE = InnoDB;
-- -------------------------------------------------------------


-- CREATE TABLE "vtiger_links" ---------------------------------
CREATE TABLE `vtiger_links`( 
	`linkid` Int( 0 ) NOT NULL,
	`tabid` Int( 0 ) NULL DEFAULT NULL,
	`linktype` VarChar( 50 ) CHARACTER SET utf8mb4 COLLATE utf8mb4_0900_ai_ci NULL DEFAULT NULL,
	`linklabel` VarChar( 50 ) CHARACTER SET utf8mb4 COLLATE utf8mb4_0900_ai_ci NULL DEFAULT NULL,
	`linkurl` VarChar( 255 ) CHARACTER SET utf8mb4 COLLATE utf8mb4_0900_ai_ci NULL DEFAULT NULL,
	`linkicon` VarChar( 100 ) CHARACTER SET utf8mb4 COLLATE utf8mb4_0900_ai_ci NULL DEFAULT NULL,
	`sequence` Int( 0 ) NULL DEFAULT NULL,
	`handler_path` VarChar( 128 ) CHARACTER SET utf8mb4 COLLATE utf8mb4_0900_ai_ci NULL DEFAULT NULL,
	`handler_class` VarChar( 50 ) CHARACTER SET utf8mb4 COLLATE utf8mb4_0900_ai_ci NULL DEFAULT NULL,
	`handler` VarChar( 50 ) CHARACTER SET utf8mb4 COLLATE utf8mb4_0900_ai_ci NULL DEFAULT NULL,
	`parent_link` Int( 0 ) NULL DEFAULT NULL,
	PRIMARY KEY ( `linkid` ) )
CHARACTER SET = utf8mb4
COLLATE = utf8mb4_0900_ai_ci
ENGINE = InnoDB;
-- -------------------------------------------------------------


-- CREATE TABLE "vtiger_links_seq" -----------------------------
CREATE TABLE `vtiger_links_seq`( 
	`id` Int( 0 ) NOT NULL )
CHARACTER SET = utf8mb4
COLLATE = utf8mb4_0900_ai_ci
ENGINE = InnoDB;
-- -------------------------------------------------------------


-- CREATE TABLE "vtiger_loginhistory" --------------------------
CREATE TABLE `vtiger_loginhistory`( 
	`login_id` Int( 0 ) AUTO_INCREMENT NOT NULL,
	`user_name` VarChar( 255 ) CHARACTER SET utf8mb4 COLLATE utf8mb4_0900_ai_ci NULL DEFAULT NULL,
	`user_ip` VarChar( 25 ) CHARACTER SET utf8mb4 COLLATE utf8mb4_0900_ai_ci NOT NULL,
	`logout_time` Timestamp NULL DEFAULT NULL,
	`login_time` DateTime NULL DEFAULT NULL,
	`status` VarChar( 25 ) CHARACTER SET utf8mb4 COLLATE utf8mb4_0900_ai_ci NULL DEFAULT NULL,
	PRIMARY KEY ( `login_id` ) )
CHARACTER SET = utf8mb4
COLLATE = utf8mb4_0900_ai_ci
ENGINE = InnoDB
AUTO_INCREMENT = 110;
-- -------------------------------------------------------------


-- CREATE TABLE "vtiger_mail_accounts" -------------------------
CREATE TABLE `vtiger_mail_accounts`( 
	`account_id` Int( 0 ) NOT NULL,
	`user_id` Int( 0 ) NOT NULL,
	`display_name` VarChar( 50 ) CHARACTER SET utf8mb4 COLLATE utf8mb4_0900_ai_ci NULL DEFAULT NULL,
	`mail_id` VarChar( 50 ) CHARACTER SET utf8mb4 COLLATE utf8mb4_0900_ai_ci NULL DEFAULT NULL,
	`account_name` VarChar( 50 ) CHARACTER SET utf8mb4 COLLATE utf8mb4_0900_ai_ci NULL DEFAULT NULL,
	`mail_protocol` VarChar( 20 ) CHARACTER SET utf8mb4 COLLATE utf8mb4_0900_ai_ci NULL DEFAULT NULL,
	`mail_username` VarChar( 50 ) CHARACTER SET utf8mb4 COLLATE utf8mb4_0900_ai_ci NOT NULL,
	`mail_password` Text CHARACTER SET utf8mb4 COLLATE utf8mb4_0900_ai_ci NULL DEFAULT NULL,
	`mail_servername` VarChar( 50 ) CHARACTER SET utf8mb4 COLLATE utf8mb4_0900_ai_ci NULL DEFAULT NULL,
	`box_refresh` Int( 0 ) NULL DEFAULT NULL,
	`mails_per_page` Int( 0 ) NULL DEFAULT NULL,
	`ssltype` VarChar( 50 ) CHARACTER SET utf8mb4 COLLATE utf8mb4_0900_ai_ci NULL DEFAULT NULL,
	`sslmeth` VarChar( 50 ) CHARACTER SET utf8mb4 COLLATE utf8mb4_0900_ai_ci NULL DEFAULT NULL,
	`int_mailer` Int( 0 ) NULL DEFAULT 0,
	`status` VarChar( 10 ) CHARACTER SET utf8mb4 COLLATE utf8mb4_0900_ai_ci NULL DEFAULT NULL,
	`set_default` Int( 0 ) NULL DEFAULT NULL,
	`sent_folder` VarChar( 50 ) CHARACTER SET utf8mb4 COLLATE utf8mb4_0900_ai_ci NULL DEFAULT NULL,
	PRIMARY KEY ( `account_id` ) )
CHARACTER SET = utf8mb4
COLLATE = utf8mb4_0900_ai_ci
ENGINE = InnoDB;
-- -------------------------------------------------------------


-- CREATE TABLE "vtiger_mailer_queue" --------------------------
CREATE TABLE `vtiger_mailer_queue`( 
	`id` Int( 0 ) NOT NULL,
	`fromname` VarChar( 100 ) CHARACTER SET utf8mb3 COLLATE utf8mb3_general_ci NULL DEFAULT NULL,
	`fromemail` VarChar( 100 ) CHARACTER SET utf8mb3 COLLATE utf8mb3_general_ci NULL DEFAULT NULL,
	`mailer` VarChar( 10 ) CHARACTER SET utf8mb3 COLLATE utf8mb3_general_ci NULL DEFAULT NULL,
	`content_type` VarChar( 15 ) CHARACTER SET utf8mb3 COLLATE utf8mb3_general_ci NULL DEFAULT NULL,
	`subject` VarChar( 999 ) CHARACTER SET utf8mb3 COLLATE utf8mb3_general_ci NULL DEFAULT NULL,
	`body` Text CHARACTER SET utf8mb3 COLLATE utf8mb3_general_ci NULL DEFAULT NULL,
	`relcrmid` Int( 0 ) NULL DEFAULT NULL,
	`failed` Int( 0 ) NOT NULL DEFAULT 0,
	`failreason` VarChar( 255 ) CHARACTER SET utf8mb3 COLLATE utf8mb3_general_ci NULL DEFAULT NULL,
	PRIMARY KEY ( `id` ) )
CHARACTER SET = utf8mb3
COLLATE = utf8mb3_general_ci
ENGINE = InnoDB;
-- -------------------------------------------------------------


-- CREATE TABLE "vtiger_mailer_queueattachments" ---------------
CREATE TABLE `vtiger_mailer_queueattachments`( 
	`id` Int( 0 ) NULL DEFAULT NULL,
	`path` Text CHARACTER SET utf8mb3 COLLATE utf8mb3_general_ci NULL DEFAULT NULL,
	`name` VarChar( 100 ) CHARACTER SET utf8mb3 COLLATE utf8mb3_general_ci NULL DEFAULT NULL,
	`encoding` VarChar( 50 ) CHARACTER SET utf8mb3 COLLATE utf8mb3_general_ci NULL DEFAULT NULL,
	`type` VarChar( 100 ) CHARACTER SET utf8mb3 COLLATE utf8mb3_general_ci NULL DEFAULT NULL )
CHARACTER SET = utf8mb3
COLLATE = utf8mb3_general_ci
ENGINE = InnoDB;
-- -------------------------------------------------------------


-- CREATE TABLE "vtiger_mailer_queueinfo" ----------------------
CREATE TABLE `vtiger_mailer_queueinfo`( 
	`id` Int( 0 ) NULL DEFAULT NULL,
	`name` VarChar( 100 ) CHARACTER SET utf8mb3 COLLATE utf8mb3_general_ci NULL DEFAULT NULL,
	`email` VarChar( 100 ) CHARACTER SET utf8mb3 COLLATE utf8mb3_general_ci NULL DEFAULT NULL,
	`type` VarChar( 7 ) CHARACTER SET utf8mb3 COLLATE utf8mb3_general_ci NULL DEFAULT NULL )
CHARACTER SET = utf8mb3
COLLATE = utf8mb3_general_ci
ENGINE = InnoDB;
-- -------------------------------------------------------------


-- CREATE TABLE "vtiger_mailmanager_mailattachments" -----------
CREATE TABLE `vtiger_mailmanager_mailattachments`( 
	`userid` Int( 0 ) NULL DEFAULT NULL,
	`muid` Int( 0 ) NULL DEFAULT NULL,
	`aname` VarChar( 100 ) CHARACTER SET utf8mb3 COLLATE utf8mb3_general_ci NULL DEFAULT NULL,
	`lastsavedtime` Int( 0 ) NULL DEFAULT NULL,
	`attachid` Int( 0 ) NOT NULL,
	`path` VarChar( 200 ) CHARACTER SET utf8mb3 COLLATE utf8mb3_general_ci NOT NULL,
	`cid` VarChar( 100 ) CHARACTER SET utf8mb3 COLLATE utf8mb3_general_ci NULL DEFAULT NULL )
CHARACTER SET = utf8mb3
COLLATE = utf8mb3_general_ci
ENGINE = InnoDB;
-- -------------------------------------------------------------


-- CREATE TABLE "vtiger_mailmanager_mailrecord" ----------------
CREATE TABLE `vtiger_mailmanager_mailrecord`( 
	`userid` Int( 0 ) NULL DEFAULT NULL,
	`mfrom` VarChar( 255 ) CHARACTER SET utf8mb3 COLLATE utf8mb3_general_ci NULL DEFAULT NULL,
	`mto` VarChar( 255 ) CHARACTER SET utf8mb3 COLLATE utf8mb3_general_ci NULL DEFAULT NULL,
	`mcc` VarChar( 500 ) CHARACTER SET utf8mb3 COLLATE utf8mb3_general_ci NULL DEFAULT NULL,
	`mbcc` VarChar( 500 ) CHARACTER SET utf8mb3 COLLATE utf8mb3_general_ci NULL DEFAULT NULL,
	`mdate` VarChar( 20 ) CHARACTER SET utf8mb3 COLLATE utf8mb3_general_ci NULL DEFAULT NULL,
	`msubject` VarChar( 500 ) CHARACTER SET utf8mb3 COLLATE utf8mb3_general_ci NULL DEFAULT NULL,
	`mbody` Text CHARACTER SET utf8mb3 COLLATE utf8mb3_general_ci NULL DEFAULT NULL,
	`mcharset` VarChar( 10 ) CHARACTER SET utf8mb3 COLLATE utf8mb3_general_ci NULL DEFAULT NULL,
	`misbodyhtml` Int( 0 ) NULL DEFAULT NULL,
	`mplainmessage` Int( 0 ) NULL DEFAULT NULL,
	`mhtmlmessage` Int( 0 ) NULL DEFAULT NULL,
	`muniqueid` VarChar( 500 ) CHARACTER SET utf8mb3 COLLATE utf8mb3_general_ci NULL DEFAULT NULL,
	`mbodyparsed` Int( 0 ) NULL DEFAULT NULL,
	`muid` Int( 0 ) NULL DEFAULT NULL,
	`lastsavedtime` Int( 0 ) NULL DEFAULT NULL,
	`folder` VarChar( 250 ) CHARACTER SET utf8mb3 COLLATE utf8mb3_general_ci NULL DEFAULT NULL,
	`mfolder` VarChar( 250 ) CHARACTER SET utf8mb3 COLLATE utf8mb3_general_ci NULL DEFAULT NULL )
CHARACTER SET = utf8mb3
COLLATE = utf8mb3_general_ci
ENGINE = InnoDB;
-- -------------------------------------------------------------


-- CREATE TABLE "vtiger_mailmanager_mailrel" -------------------
CREATE TABLE `vtiger_mailmanager_mailrel`( 
	`mailuid` VarChar( 999 ) CHARACTER SET utf8mb3 COLLATE utf8mb3_general_ci NULL DEFAULT NULL,
	`crmid` Int( 0 ) NULL DEFAULT NULL,
	`emailid` Int( 0 ) NULL DEFAULT NULL )
CHARACTER SET = utf8mb3
COLLATE = utf8mb3_general_ci
ENGINE = InnoDB;
-- -------------------------------------------------------------


-- CREATE TABLE "vtiger_mailscanner" ---------------------------
CREATE TABLE `vtiger_mailscanner`( 
	`scannerid` Int( 0 ) AUTO_INCREMENT NOT NULL,
	`scannername` VarChar( 30 ) CHARACTER SET utf8mb4 COLLATE utf8mb4_0900_ai_ci NULL DEFAULT NULL,
	`server` VarChar( 100 ) CHARACTER SET utf8mb4 COLLATE utf8mb4_0900_ai_ci NULL DEFAULT NULL,
	`protocol` VarChar( 10 ) CHARACTER SET utf8mb4 COLLATE utf8mb4_0900_ai_ci NULL DEFAULT NULL,
	`username` VarChar( 255 ) CHARACTER SET utf8mb4 COLLATE utf8mb4_0900_ai_ci NULL DEFAULT NULL,
	`password` VarChar( 255 ) CHARACTER SET utf8mb4 COLLATE utf8mb4_0900_ai_ci NULL DEFAULT NULL,
	`ssltype` VarChar( 10 ) CHARACTER SET utf8mb4 COLLATE utf8mb4_0900_ai_ci NULL DEFAULT NULL,
	`sslmethod` VarChar( 30 ) CHARACTER SET utf8mb4 COLLATE utf8mb4_0900_ai_ci NULL DEFAULT NULL,
	`connecturl` VarChar( 255 ) CHARACTER SET utf8mb4 COLLATE utf8mb4_0900_ai_ci NULL DEFAULT NULL,
	`searchfor` VarChar( 10 ) CHARACTER SET utf8mb4 COLLATE utf8mb4_0900_ai_ci NULL DEFAULT NULL,
	`markas` VarChar( 10 ) CHARACTER SET utf8mb4 COLLATE utf8mb4_0900_ai_ci NULL DEFAULT NULL,
	`isvalid` Int( 0 ) NULL DEFAULT NULL,
	`scanfrom` VarChar( 10 ) CHARACTER SET utf8mb4 COLLATE utf8mb4_0900_ai_ci NULL DEFAULT 'ALL',
	`time_zone` VarChar( 10 ) CHARACTER SET utf8mb4 COLLATE utf8mb4_0900_ai_ci NULL DEFAULT NULL,
	PRIMARY KEY ( `scannerid` ) )
CHARACTER SET = utf8mb4
COLLATE = utf8mb4_0900_ai_ci
ENGINE = InnoDB
AUTO_INCREMENT = 1;
-- -------------------------------------------------------------


-- CREATE TABLE "vtiger_mailscanner_actions" -------------------
CREATE TABLE `vtiger_mailscanner_actions`( 
	`actionid` Int( 0 ) AUTO_INCREMENT NOT NULL,
	`scannerid` Int( 0 ) NULL DEFAULT NULL,
	`actiontype` VarChar( 10 ) CHARACTER SET utf8mb4 COLLATE utf8mb4_0900_ai_ci NULL DEFAULT NULL,
	`module` VarChar( 30 ) CHARACTER SET utf8mb4 COLLATE utf8mb4_0900_ai_ci NULL DEFAULT NULL,
	`lookup` VarChar( 30 ) CHARACTER SET utf8mb4 COLLATE utf8mb4_0900_ai_ci NULL DEFAULT NULL,
	`sequence` Int( 0 ) NULL DEFAULT NULL,
	PRIMARY KEY ( `actionid` ) )
CHARACTER SET = utf8mb4
COLLATE = utf8mb4_0900_ai_ci
ENGINE = InnoDB;
-- -------------------------------------------------------------


-- CREATE TABLE "vtiger_mailscanner_folders" -------------------
CREATE TABLE `vtiger_mailscanner_folders`( 
	`folderid` Int( 0 ) NOT NULL,
	`scannerid` Int( 0 ) NULL DEFAULT NULL,
	`foldername` VarChar( 255 ) CHARACTER SET utf8mb4 COLLATE utf8mb4_0900_ai_ci NULL DEFAULT NULL,
	`lastscan` VarChar( 30 ) CHARACTER SET utf8mb4 COLLATE utf8mb4_0900_ai_ci NULL DEFAULT NULL,
	`rescan` Int( 0 ) NULL DEFAULT NULL,
	`enabled` Int( 0 ) NULL DEFAULT NULL,
	PRIMARY KEY ( `folderid` ) )
CHARACTER SET = utf8mb4
COLLATE = utf8mb4_0900_ai_ci
ENGINE = InnoDB;
-- -------------------------------------------------------------


-- CREATE TABLE "vtiger_mailscanner_ids" -----------------------
CREATE TABLE `vtiger_mailscanner_ids`( 
	`scannerid` Int( 0 ) NULL DEFAULT NULL,
	`messageid` VarChar( 512 ) CHARACTER SET utf8mb4 COLLATE utf8mb4_0900_ai_ci NULL DEFAULT NULL,
	`crmid` Int( 0 ) NULL DEFAULT NULL,
	`refids` Text CHARACTER SET utf8mb4 COLLATE utf8mb4_0900_ai_ci NULL DEFAULT NULL )
CHARACTER SET = utf8mb4
COLLATE = utf8mb4_0900_ai_ci
ENGINE = InnoDB;
-- -------------------------------------------------------------


-- CREATE TABLE "vtiger_mailscanner_ruleactions" ---------------
CREATE TABLE `vtiger_mailscanner_ruleactions`( 
	`ruleid` Int( 0 ) NULL DEFAULT NULL,
	`actionid` Int( 0 ) NULL DEFAULT NULL )
CHARACTER SET = utf8mb4
COLLATE = utf8mb4_0900_ai_ci
ENGINE = InnoDB;
-- -------------------------------------------------------------


-- CREATE TABLE "vtiger_mailscanner_rules" ---------------------
CREATE TABLE `vtiger_mailscanner_rules`( 
	`ruleid` Int( 0 ) AUTO_INCREMENT NOT NULL,
	`scannerid` Int( 0 ) NULL DEFAULT NULL,
	`fromaddress` VarChar( 255 ) CHARACTER SET utf8mb4 COLLATE utf8mb4_0900_ai_ci NULL DEFAULT NULL,
	`toaddress` VarChar( 255 ) CHARACTER SET utf8mb4 COLLATE utf8mb4_0900_ai_ci NULL DEFAULT NULL,
	`subjectop` VarChar( 20 ) CHARACTER SET utf8mb4 COLLATE utf8mb4_0900_ai_ci NULL DEFAULT NULL,
	`subject` VarChar( 255 ) CHARACTER SET utf8mb4 COLLATE utf8mb4_0900_ai_ci NULL DEFAULT NULL,
	`bodyop` VarChar( 20 ) CHARACTER SET utf8mb4 COLLATE utf8mb4_0900_ai_ci NULL DEFAULT NULL,
	`body` VarChar( 255 ) CHARACTER SET utf8mb4 COLLATE utf8mb4_0900_ai_ci NULL DEFAULT NULL,
	`matchusing` VarChar( 5 ) CHARACTER SET utf8mb4 COLLATE utf8mb4_0900_ai_ci NULL DEFAULT NULL,
	`sequence` Int( 0 ) NULL DEFAULT NULL,
	`assigned_to` Int( 0 ) NULL DEFAULT NULL,
	`cc` VarChar( 255 ) CHARACTER SET utf8mb4 COLLATE utf8mb4_0900_ai_ci NULL DEFAULT NULL,
	`bcc` VarChar( 255 ) CHARACTER SET utf8mb4 COLLATE utf8mb4_0900_ai_ci NULL DEFAULT NULL,
	PRIMARY KEY ( `ruleid` ) )
CHARACTER SET = utf8mb4
COLLATE = utf8mb4_0900_ai_ci
ENGINE = InnoDB;
-- -------------------------------------------------------------


-- CREATE TABLE "vtiger_manufacturer" --------------------------
CREATE TABLE `vtiger_manufacturer`( 
	`manufacturerid` Int( 0 ) AUTO_INCREMENT NOT NULL,
	`manufacturer` VarChar( 200 ) CHARACTER SET utf8mb4 COLLATE utf8mb4_0900_ai_ci NOT NULL,
	`presence` Int( 0 ) NOT NULL DEFAULT 1,
	`picklist_valueid` Int( 0 ) NOT NULL DEFAULT 0,
	`sortorderid` Int( 0 ) NULL DEFAULT NULL,
	`color` VarChar( 10 ) CHARACTER SET utf8mb4 COLLATE utf8mb4_0900_ai_ci NULL DEFAULT NULL,
	PRIMARY KEY ( `manufacturerid` ),
	CONSTRAINT `manufacturer_manufacturer_idx` UNIQUE( `manufacturer` ) )
CHARACTER SET = utf8mb4
COLLATE = utf8mb4_0900_ai_ci
ENGINE = InnoDB
AUTO_INCREMENT = 5;
-- -------------------------------------------------------------


-- CREATE TABLE "vtiger_manufacturer_seq" ----------------------
CREATE TABLE `vtiger_manufacturer_seq`( 
	`id` Int( 0 ) NOT NULL )
CHARACTER SET = utf8mb4
COLLATE = utf8mb4_0900_ai_ci
ENGINE = InnoDB;
-- -------------------------------------------------------------


-- CREATE TABLE "vtiger_mobile_alerts" -------------------------
CREATE TABLE `vtiger_mobile_alerts`( 
	`id` Int( 0 ) AUTO_INCREMENT NOT NULL,
	`handler_path` VarChar( 500 ) CHARACTER SET utf8mb3 COLLATE utf8mb3_general_ci NULL DEFAULT NULL,
	`handler_class` VarChar( 50 ) CHARACTER SET utf8mb3 COLLATE utf8mb3_general_ci NULL DEFAULT NULL,
	`sequence` Int( 0 ) NULL DEFAULT NULL,
	`deleted` Int( 0 ) NOT NULL DEFAULT 0,
	PRIMARY KEY ( `id` ) )
CHARACTER SET = utf8mb3
COLLATE = utf8mb3_general_ci
ENGINE = InnoDB
AUTO_INCREMENT = 7;
-- -------------------------------------------------------------


-- CREATE TABLE "vtiger_modcomments" ---------------------------
CREATE TABLE `vtiger_modcomments`( 
	`modcommentsid` Int( 0 ) NULL DEFAULT NULL,
	`commentcontent` Text CHARACTER SET utf8mb3 COLLATE utf8mb3_general_ci NULL DEFAULT NULL,
	`related_to` Int( 0 ) NULL DEFAULT NULL,
	`parent_comments` Int( 0 ) NULL DEFAULT NULL,
	`customer` Int( 0 ) NULL DEFAULT NULL,
	`userid` Int( 0 ) NULL DEFAULT NULL,
	`reasontoedit` VarChar( 100 ) CHARACTER SET utf8mb3 COLLATE utf8mb3_general_ci NULL DEFAULT NULL,
	`is_private` Int( 0 ) NULL DEFAULT 0,
	`filename` VarChar( 255 ) CHARACTER SET utf8mb3 COLLATE utf8mb3_general_ci NULL DEFAULT NULL,
	`related_email_id` Int( 0 ) NULL DEFAULT NULL )
CHARACTER SET = utf8mb3
COLLATE = utf8mb3_general_ci
ENGINE = InnoDB;
-- -------------------------------------------------------------


-- CREATE TABLE "vtiger_modcommentscf" -------------------------
CREATE TABLE `vtiger_modcommentscf`( 
	`modcommentsid` Int( 0 ) NOT NULL,
	PRIMARY KEY ( `modcommentsid` ) )
CHARACTER SET = utf8mb3
COLLATE = utf8mb3_general_ci
ENGINE = InnoDB;
-- -------------------------------------------------------------


-- CREATE TABLE "vtiger_modentity_num" -------------------------
CREATE TABLE `vtiger_modentity_num`( 
	`num_id` Int( 0 ) NOT NULL,
	`semodule` VarChar( 100 ) CHARACTER SET utf8mb4 COLLATE utf8mb4_0900_ai_ci NULL DEFAULT NULL,
	`prefix` VarChar( 50 ) CHARACTER SET utf8mb4 COLLATE utf8mb4_0900_ai_ci NOT NULL,
	`start_id` VarChar( 50 ) CHARACTER SET utf8mb4 COLLATE utf8mb4_0900_ai_ci NOT NULL,
	`cur_id` VarChar( 50 ) CHARACTER SET utf8mb4 COLLATE utf8mb4_0900_ai_ci NOT NULL,
	`active` VarChar( 2 ) CHARACTER SET utf8mb4 COLLATE utf8mb4_0900_ai_ci NOT NULL,
	PRIMARY KEY ( `num_id` ),
	CONSTRAINT `num_idx` UNIQUE( `num_id` ) )
CHARACTER SET = utf8mb4
COLLATE = utf8mb4_0900_ai_ci
ENGINE = InnoDB;
-- -------------------------------------------------------------


-- CREATE TABLE "vtiger_modentity_num_seq" ---------------------
CREATE TABLE `vtiger_modentity_num_seq`( 
	`id` Int( 0 ) NOT NULL )
CHARACTER SET = utf8mb4
COLLATE = utf8mb4_0900_ai_ci
ENGINE = InnoDB;
-- -------------------------------------------------------------


-- CREATE TABLE "vtiger_modtracker_basic" ----------------------
CREATE TABLE `vtiger_modtracker_basic`( 
	`id` Int( 0 ) NOT NULL,
	`crmid` Int( 0 ) NULL DEFAULT NULL,
	`module` VarChar( 50 ) CHARACTER SET utf8mb3 COLLATE utf8mb3_general_ci NULL DEFAULT NULL,
	`whodid` Int( 0 ) NULL DEFAULT NULL,
	`changedon` DateTime NULL DEFAULT NULL,
	`status` Int( 0 ) NULL DEFAULT 0,
	PRIMARY KEY ( `id` ) )
CHARACTER SET = utf8mb3
COLLATE = utf8mb3_general_ci
ENGINE = InnoDB;
-- -------------------------------------------------------------


-- CREATE TABLE "vtiger_modtracker_basic_seq" ------------------
CREATE TABLE `vtiger_modtracker_basic_seq`( 
	`id` Int( 0 ) NOT NULL )
CHARACTER SET = utf8mb4
COLLATE = utf8mb4_0900_ai_ci
ENGINE = InnoDB;
-- -------------------------------------------------------------


-- CREATE TABLE "vtiger_modtracker_detail" ---------------------
CREATE TABLE `vtiger_modtracker_detail`( 
	`id` Int( 0 ) NULL DEFAULT NULL,
	`fieldname` VarChar( 100 ) CHARACTER SET utf8mb3 COLLATE utf8mb3_general_ci NULL DEFAULT NULL,
	`prevalue` Text CHARACTER SET utf8mb3 COLLATE utf8mb3_general_ci NULL DEFAULT NULL,
	`postvalue` Text CHARACTER SET utf8mb3 COLLATE utf8mb3_general_ci NULL DEFAULT NULL )
CHARACTER SET = utf8mb3
COLLATE = utf8mb3_general_ci
ENGINE = InnoDB;
-- -------------------------------------------------------------


-- CREATE TABLE "vtiger_modtracker_relations" ------------------
CREATE TABLE `vtiger_modtracker_relations`( 
	`id` Int( 0 ) NOT NULL,
	`targetmodule` VarChar( 100 ) CHARACTER SET utf8mb3 COLLATE utf8mb3_general_ci NOT NULL,
	`targetid` Int( 0 ) NOT NULL,
	`changedon` DateTime NULL DEFAULT NULL,
	PRIMARY KEY ( `id` ) )
CHARACTER SET = utf8mb3
COLLATE = utf8mb3_general_ci
ENGINE = InnoDB;
-- -------------------------------------------------------------


-- CREATE TABLE "vtiger_modtracker_tabs" -----------------------
CREATE TABLE `vtiger_modtracker_tabs`( 
	`tabid` Int( 0 ) NOT NULL,
	`visible` Int( 0 ) NULL DEFAULT 0,
	PRIMARY KEY ( `tabid` ) )
CHARACTER SET = utf8mb3
COLLATE = utf8mb3_general_ci
ENGINE = InnoDB;
-- -------------------------------------------------------------


-- CREATE TABLE "vtiger_module_dashboard_widgets" --------------
CREATE TABLE `vtiger_module_dashboard_widgets`( 
	`id` Int( 0 ) AUTO_INCREMENT NOT NULL,
	`linkid` Int( 0 ) NULL DEFAULT NULL,
	`userid` Int( 0 ) NULL DEFAULT NULL,
	`filterid` Int( 0 ) NULL DEFAULT NULL,
	`title` VarChar( 100 ) CHARACTER SET utf8mb4 COLLATE utf8mb4_0900_ai_ci NULL DEFAULT NULL,
	`data` Text CHARACTER SET utf8mb4 COLLATE utf8mb4_0900_ai_ci NULL DEFAULT NULL,
	`position` VarChar( 50 ) CHARACTER SET utf8mb4 COLLATE utf8mb4_0900_ai_ci NULL DEFAULT NULL,
	`reportid` Int( 0 ) NULL DEFAULT NULL,
	`dashboardtabid` Int( 0 ) NULL DEFAULT NULL,
	`size` VarChar( 50 ) CHARACTER SET utf8mb4 COLLATE utf8mb4_0900_ai_ci NULL DEFAULT NULL,
	PRIMARY KEY ( `id` ) )
CHARACTER SET = utf8mb4
COLLATE = utf8mb4_0900_ai_ci
ENGINE = InnoDB
AUTO_INCREMENT = 11;
-- -------------------------------------------------------------


-- CREATE TABLE "vtiger_no_of_currency_decimals" ---------------
CREATE TABLE `vtiger_no_of_currency_decimals`( 
	`no_of_currency_decimalsid` Int( 0 ) AUTO_INCREMENT NOT NULL,
	`no_of_currency_decimals` VarChar( 200 ) CHARACTER SET utf8mb3 COLLATE utf8mb3_general_ci NOT NULL,
	`sortorderid` Int( 0 ) NULL DEFAULT NULL,
	`presence` Int( 0 ) NOT NULL DEFAULT 1,
	PRIMARY KEY ( `no_of_currency_decimalsid` ) )
CHARACTER SET = utf8mb3
COLLATE = utf8mb3_general_ci
ENGINE = InnoDB
AUTO_INCREMENT = 8;
-- -------------------------------------------------------------


-- CREATE TABLE "vtiger_no_of_currency_decimals_seq" -----------
CREATE TABLE `vtiger_no_of_currency_decimals_seq`( 
	`id` Int( 0 ) NOT NULL )
CHARACTER SET = utf8mb4
COLLATE = utf8mb4_0900_ai_ci
ENGINE = InnoDB;
-- -------------------------------------------------------------


-- CREATE TABLE "vtiger_notebook_contents" ---------------------
CREATE TABLE `vtiger_notebook_contents`( 
	`userid` Int( 0 ) NOT NULL,
	`notebookid` Int( 0 ) NOT NULL,
	`contents` Text CHARACTER SET utf8mb4 COLLATE utf8mb4_0900_ai_ci NULL DEFAULT NULL )
CHARACTER SET = utf8mb4
COLLATE = utf8mb4_0900_ai_ci
ENGINE = InnoDB;
-- -------------------------------------------------------------


-- CREATE TABLE "vtiger_notes" ---------------------------------
CREATE TABLE `vtiger_notes`( 
	`notesid` Int( 0 ) NOT NULL DEFAULT 0,
	`note_no` VarChar( 100 ) CHARACTER SET utf8mb4 COLLATE utf8mb4_0900_ai_ci NOT NULL,
	`title` VarChar( 50 ) CHARACTER SET utf8mb4 COLLATE utf8mb4_0900_ai_ci NOT NULL,
	`filename` VarChar( 200 ) CHARACTER SET utf8mb4 COLLATE utf8mb4_0900_ai_ci NULL DEFAULT NULL,
	`notecontent` Text CHARACTER SET utf8mb4 COLLATE utf8mb4_0900_ai_ci NULL DEFAULT NULL,
	`folderid` Int( 0 ) NOT NULL DEFAULT 1,
	`filetype` VarChar( 50 ) CHARACTER SET utf8mb4 COLLATE utf8mb4_0900_ai_ci NULL DEFAULT NULL,
	`filelocationtype` VarChar( 5 ) CHARACTER SET utf8mb4 COLLATE utf8mb4_0900_ai_ci NULL DEFAULT NULL,
	`filedownloadcount` Int( 0 ) NULL DEFAULT NULL,
	`filestatus` Int( 0 ) NULL DEFAULT NULL,
	`filesize` Int( 0 ) NOT NULL DEFAULT 0,
	`fileversion` VarChar( 50 ) CHARACTER SET utf8mb4 COLLATE utf8mb4_0900_ai_ci NULL DEFAULT NULL,
	`tags` VarChar( 1 ) CHARACTER SET utf8mb4 COLLATE utf8mb4_0900_ai_ci NULL DEFAULT NULL,
	PRIMARY KEY ( `notesid` ) )
CHARACTER SET = utf8mb4
COLLATE = utf8mb4_0900_ai_ci
ENGINE = InnoDB;
-- -------------------------------------------------------------


-- CREATE TABLE "vtiger_notescf" -------------------------------
CREATE TABLE `vtiger_notescf`( 
	`notesid` Int( 0 ) NOT NULL DEFAULT 0,
	PRIMARY KEY ( `notesid` ) )
CHARACTER SET = utf8mb4
COLLATE = utf8mb4_0900_ai_ci
ENGINE = InnoDB;
-- -------------------------------------------------------------


-- CREATE TABLE "vtiger_notificationscheduler" -----------------
CREATE TABLE `vtiger_notificationscheduler`( 
	`schedulednotificationid` Int( 0 ) AUTO_INCREMENT NOT NULL,
	`schedulednotificationname` VarChar( 200 ) CHARACTER SET utf8mb4 COLLATE utf8mb4_0900_ai_ci NULL DEFAULT NULL,
	`active` Int( 0 ) NULL DEFAULT NULL,
	`notificationsubject` VarChar( 200 ) CHARACTER SET utf8mb4 COLLATE utf8mb4_0900_ai_ci NULL DEFAULT NULL,
	`notificationbody` Text CHARACTER SET utf8mb4 COLLATE utf8mb4_0900_ai_ci NULL DEFAULT NULL,
	`label` VarChar( 50 ) CHARACTER SET utf8mb4 COLLATE utf8mb4_0900_ai_ci NULL DEFAULT NULL,
	`type` VarChar( 10 ) CHARACTER SET utf8mb4 COLLATE utf8mb4_0900_ai_ci NULL DEFAULT NULL,
	PRIMARY KEY ( `schedulednotificationid` ),
	CONSTRAINT `notificationscheduler_schedulednotificationname_idx` UNIQUE( `schedulednotificationname` ) )
CHARACTER SET = utf8mb4
COLLATE = utf8mb4_0900_ai_ci
ENGINE = InnoDB
AUTO_INCREMENT = 8;
-- -------------------------------------------------------------


-- CREATE TABLE "vtiger_notificationscheduler_seq" -------------
CREATE TABLE `vtiger_notificationscheduler_seq`( 
	`id` Int( 0 ) NOT NULL )
CHARACTER SET = utf8mb4
COLLATE = utf8mb4_0900_ai_ci
ENGINE = InnoDB;
-- -------------------------------------------------------------


-- CREATE TABLE "vtiger_opportunity_type" ----------------------
CREATE TABLE `vtiger_opportunity_type`( 
	`opptypeid` Int( 0 ) AUTO_INCREMENT NOT NULL,
	`opportunity_type` VarChar( 200 ) CHARACTER SET utf8mb4 COLLATE utf8mb4_0900_ai_ci NOT NULL,
	`presence` Int( 0 ) NOT NULL DEFAULT 1,
	`picklist_valueid` Int( 0 ) NOT NULL DEFAULT 0,
	`sortorderid` Int( 0 ) NULL DEFAULT NULL,
	`color` VarChar( 10 ) CHARACTER SET utf8mb4 COLLATE utf8mb4_0900_ai_ci NULL DEFAULT NULL,
	PRIMARY KEY ( `opptypeid` ),
	CONSTRAINT `opportunity_type_opportunity_type_idx` UNIQUE( `opportunity_type` ) )
CHARACTER SET = utf8mb4
COLLATE = utf8mb4_0900_ai_ci
ENGINE = InnoDB
AUTO_INCREMENT = 4;
-- -------------------------------------------------------------


-- CREATE TABLE "vtiger_opportunity_type_seq" ------------------
CREATE TABLE `vtiger_opportunity_type_seq`( 
	`id` Int( 0 ) NOT NULL )
CHARACTER SET = utf8mb4
COLLATE = utf8mb4_0900_ai_ci
ENGINE = InnoDB;
-- -------------------------------------------------------------


-- CREATE TABLE "vtiger_opportunitystage" ----------------------
CREATE TABLE `vtiger_opportunitystage`( 
	`potstageid` Int( 0 ) AUTO_INCREMENT NOT NULL,
	`stage` VarChar( 200 ) CHARACTER SET utf8mb4 COLLATE utf8mb4_0900_ai_ci NOT NULL,
	`sortorderid` Int( 0 ) NOT NULL DEFAULT 0,
	`presence` Int( 0 ) NOT NULL DEFAULT 1,
	`probability` Decimal( 3, 2 ) NULL DEFAULT 0.00,
	PRIMARY KEY ( `potstageid` ),
	CONSTRAINT `opportunitystage_stage_idx` UNIQUE( `stage` ) )
CHARACTER SET = utf8mb4
COLLATE = utf8mb4_0900_ai_ci
ENGINE = InnoDB
AUTO_INCREMENT = 1;
-- -------------------------------------------------------------


-- CREATE TABLE "vtiger_org_share_action2tab" ------------------
CREATE TABLE `vtiger_org_share_action2tab`( 
	`share_action_id` Int( 0 ) NOT NULL,
	`tabid` Int( 0 ) NOT NULL,
	PRIMARY KEY ( `share_action_id`, `tabid` ) )
CHARACTER SET = utf8mb4
COLLATE = utf8mb4_0900_ai_ci
ENGINE = InnoDB;
-- -------------------------------------------------------------


-- CREATE TABLE "vtiger_org_share_action_mapping" --------------
CREATE TABLE `vtiger_org_share_action_mapping`( 
	`share_action_id` Int( 0 ) NOT NULL,
	`share_action_name` VarChar( 200 ) CHARACTER SET utf8mb4 COLLATE utf8mb4_0900_ai_ci NULL DEFAULT NULL,
	PRIMARY KEY ( `share_action_id` ) )
CHARACTER SET = utf8mb4
COLLATE = utf8mb4_0900_ai_ci
ENGINE = InnoDB;
-- -------------------------------------------------------------


-- CREATE TABLE "vtiger_organizationdetails" -------------------
CREATE TABLE `vtiger_organizationdetails`( 
	`organization_id` Int( 0 ) NOT NULL,
	`organizationname` VarChar( 60 ) CHARACTER SET utf8mb4 COLLATE utf8mb4_0900_ai_ci NULL DEFAULT NULL,
	`address` VarChar( 150 ) CHARACTER SET utf8mb4 COLLATE utf8mb4_0900_ai_ci NULL DEFAULT NULL,
	`city` VarChar( 100 ) CHARACTER SET utf8mb4 COLLATE utf8mb4_0900_ai_ci NULL DEFAULT NULL,
	`state` VarChar( 100 ) CHARACTER SET utf8mb4 COLLATE utf8mb4_0900_ai_ci NULL DEFAULT NULL,
	`country` VarChar( 100 ) CHARACTER SET utf8mb4 COLLATE utf8mb4_0900_ai_ci NULL DEFAULT NULL,
	`code` VarChar( 30 ) CHARACTER SET utf8mb4 COLLATE utf8mb4_0900_ai_ci NULL DEFAULT NULL,
	`phone` VarChar( 30 ) CHARACTER SET utf8mb4 COLLATE utf8mb4_0900_ai_ci NULL DEFAULT NULL,
	`fax` VarChar( 30 ) CHARACTER SET utf8mb4 COLLATE utf8mb4_0900_ai_ci NULL DEFAULT NULL,
	`website` VarChar( 100 ) CHARACTER SET utf8mb4 COLLATE utf8mb4_0900_ai_ci NULL DEFAULT NULL,
	`logoname` VarChar( 50 ) CHARACTER SET utf8mb4 COLLATE utf8mb4_0900_ai_ci NULL DEFAULT NULL,
	`logo` Text CHARACTER SET utf8mb4 COLLATE utf8mb4_0900_ai_ci NULL DEFAULT NULL,
	`vatid` VarChar( 100 ) CHARACTER SET utf8mb4 COLLATE utf8mb4_0900_ai_ci NULL DEFAULT NULL,
	PRIMARY KEY ( `organization_id` ) )
CHARACTER SET = utf8mb4
COLLATE = utf8mb4_0900_ai_ci
ENGINE = InnoDB;
-- -------------------------------------------------------------


-- CREATE TABLE "vtiger_organizationdetails_seq" ---------------
CREATE TABLE `vtiger_organizationdetails_seq`( 
	`id` Int( 0 ) NOT NULL )
CHARACTER SET = utf8mb4
COLLATE = utf8mb4_0900_ai_ci
ENGINE = InnoDB;
-- -------------------------------------------------------------


-- CREATE TABLE "vtiger_othereventduration" --------------------
CREATE TABLE `vtiger_othereventduration`( 
	`othereventdurationid` Int( 0 ) AUTO_INCREMENT NOT NULL,
	`othereventduration` VarChar( 200 ) CHARACTER SET utf8mb3 COLLATE utf8mb3_general_ci NOT NULL,
	`sortorderid` Int( 0 ) NULL DEFAULT NULL,
	`presence` Int( 0 ) NOT NULL DEFAULT 1,
	PRIMARY KEY ( `othereventdurationid` ) )
CHARACTER SET = utf8mb3
COLLATE = utf8mb3_general_ci
ENGINE = InnoDB
AUTO_INCREMENT = 6;
-- -------------------------------------------------------------


-- CREATE TABLE "vtiger_othereventduration_seq" ----------------
CREATE TABLE `vtiger_othereventduration_seq`( 
	`id` Int( 0 ) NOT NULL )
CHARACTER SET = utf8mb4
COLLATE = utf8mb4_0900_ai_ci
ENGINE = InnoDB;
-- -------------------------------------------------------------


-- CREATE TABLE "vtiger_parenttab" -----------------------------
CREATE TABLE `vtiger_parenttab`( 
	`parenttabid` Int( 0 ) NOT NULL,
	`parenttab_label` VarChar( 100 ) CHARACTER SET utf8mb3 COLLATE utf8mb3_general_ci NOT NULL,
	`sequence` Int( 0 ) NOT NULL,
	`visible` Int( 0 ) NOT NULL DEFAULT 0,
	PRIMARY KEY ( `parenttabid` ) )
CHARACTER SET = utf8mb4
COLLATE = utf8mb4_0900_ai_ci
ENGINE = InnoDB;
-- -------------------------------------------------------------


-- CREATE TABLE "vtiger_parenttabrel" --------------------------
CREATE TABLE `vtiger_parenttabrel`( 
	`parenttabid` Int( 0 ) NOT NULL,
	`tabid` Int( 0 ) NOT NULL,
	`sequence` Int( 0 ) NOT NULL )
CHARACTER SET = utf8mb4
COLLATE = utf8mb4_0900_ai_ci
ENGINE = InnoDB;
-- -------------------------------------------------------------


-- CREATE TABLE "vtiger_payment_duration" ----------------------
CREATE TABLE `vtiger_payment_duration`( 
	`payment_duration_id` Int( 0 ) NULL DEFAULT NULL,
	`payment_duration` VarChar( 200 ) CHARACTER SET utf8mb4 COLLATE utf8mb4_0900_ai_ci NULL DEFAULT NULL,
	`sortorderid` Int( 0 ) NULL DEFAULT NULL,
	`presence` Int( 0 ) NULL DEFAULT NULL,
	`color` VarChar( 10 ) CHARACTER SET utf8mb4 COLLATE utf8mb4_0900_ai_ci NULL DEFAULT NULL )
CHARACTER SET = utf8mb4
COLLATE = utf8mb4_0900_ai_ci
ENGINE = InnoDB;
-- -------------------------------------------------------------


-- CREATE TABLE "vtiger_payment_duration_seq" ------------------
CREATE TABLE `vtiger_payment_duration_seq`( 
	`id` Int( 0 ) NOT NULL )
CHARACTER SET = utf8mb4
COLLATE = utf8mb4_0900_ai_ci
ENGINE = InnoDB;
-- -------------------------------------------------------------


-- CREATE TABLE "vtiger_payment_status" ------------------------
CREATE TABLE `vtiger_payment_status`( 
	`payment_statusid` Int( 0 ) AUTO_INCREMENT NOT NULL,
	`payment_status` VarChar( 200 ) CHARACTER SET utf8mb3 COLLATE utf8mb3_general_ci NOT NULL,
	`presence` Int( 0 ) NOT NULL DEFAULT 1,
	`picklist_valueid` Int( 0 ) NOT NULL DEFAULT 0,
	`sortorderid` Int( 0 ) NULL DEFAULT 0,
	`color` VarChar( 10 ) CHARACTER SET utf8mb3 COLLATE utf8mb3_general_ci NULL DEFAULT NULL,
	PRIMARY KEY ( `payment_statusid` ) )
CHARACTER SET = utf8mb3
COLLATE = utf8mb3_general_ci
ENGINE = InnoDB
AUTO_INCREMENT = 26;
-- -------------------------------------------------------------


-- CREATE TABLE "vtiger_payment_status_seq" --------------------
CREATE TABLE `vtiger_payment_status_seq`( 
	`id` Int( 0 ) NOT NULL )
CHARACTER SET = utf8mb4
COLLATE = utf8mb4_0900_ai_ci
ENGINE = InnoDB;
-- -------------------------------------------------------------


-- CREATE TABLE "vtiger_payment_type" --------------------------
CREATE TABLE `vtiger_payment_type`( 
	`payment_typeid` Int( 0 ) AUTO_INCREMENT NOT NULL,
	`payment_type` VarChar( 200 ) CHARACTER SET utf8mb3 COLLATE utf8mb3_general_ci NOT NULL,
	`presence` Int( 0 ) NOT NULL DEFAULT 1,
	`picklist_valueid` Int( 0 ) NOT NULL DEFAULT 0,
	`sortorderid` Int( 0 ) NULL DEFAULT 0,
	`color` VarChar( 10 ) CHARACTER SET utf8mb3 COLLATE utf8mb3_general_ci NULL DEFAULT NULL,
	PRIMARY KEY ( `payment_typeid` ) )
CHARACTER SET = utf8mb3
COLLATE = utf8mb3_general_ci
ENGINE = InnoDB
AUTO_INCREMENT = 13;
-- -------------------------------------------------------------


-- CREATE TABLE "vtiger_payment_type_seq" ----------------------
CREATE TABLE `vtiger_payment_type_seq`( 
	`id` Int( 0 ) NOT NULL )
CHARACTER SET = utf8mb4
COLLATE = utf8mb4_0900_ai_ci
ENGINE = InnoDB;
-- -------------------------------------------------------------


-- CREATE TABLE "vtiger_payments" ------------------------------
CREATE TABLE `vtiger_payments`( 
	`paymentid` Int( 0 ) NOT NULL,
	`paymentno` VarChar( 100 ) CHARACTER SET utf8mb3 COLLATE utf8mb3_general_ci NULL DEFAULT NULL,
	`reference` VarChar( 255 ) CHARACTER SET utf8mb3 COLLATE utf8mb3_general_ci NULL DEFAULT NULL,
	`invoice` Int( 0 ) NULL DEFAULT NULL,
	`organization` Int( 0 ) NULL DEFAULT NULL,
	`contact` Int( 0 ) NULL DEFAULT NULL,
	`amount_paid` Decimal( 20, 5 ) NULL DEFAULT NULL,
	`payment_type` VarChar( 100 ) CHARACTER SET utf8mb3 COLLATE utf8mb3_general_ci NULL DEFAULT NULL,
	`payment_status` VarChar( 100 ) CHARACTER SET utf8mb3 COLLATE utf8mb3_general_ci NULL DEFAULT NULL,
	`date` Date NULL DEFAULT NULL,
	`tags` VarChar( 1 ) CHARACTER SET utf8mb3 COLLATE utf8mb3_general_ci NULL DEFAULT NULL,
	`auth_net_invoice_no` VarChar( 255 ) CHARACTER SET utf8mb3 COLLATE utf8mb3_general_ci NULL DEFAULT NULL,
	`potential` VarChar( 100 ) CHARACTER SET utf8mb3 COLLATE utf8mb3_general_ci NULL DEFAULT NULL,
	PRIMARY KEY ( `paymentid` ) )
CHARACTER SET = utf8mb3
COLLATE = utf8mb3_general_ci
ENGINE = InnoDB;
-- -------------------------------------------------------------


-- CREATE TABLE "vtiger_paymentscf" ----------------------------
CREATE TABLE `vtiger_paymentscf`( 
	`paymentid` Int( 0 ) NOT NULL,
	PRIMARY KEY ( `paymentid` ) )
CHARACTER SET = utf8mb3
COLLATE = utf8mb3_general_ci
ENGINE = InnoDB;
-- -------------------------------------------------------------


-- CREATE TABLE "vtiger_pbxmanager" ----------------------------
CREATE TABLE `vtiger_pbxmanager`( 
	`pbxmanagerid` Int( 0 ) NOT NULL,
	`direction` VarChar( 10 ) CHARACTER SET utf8mb3 COLLATE utf8mb3_general_ci NULL DEFAULT NULL,
	`callstatus` VarChar( 20 ) CHARACTER SET utf8mb3 COLLATE utf8mb3_general_ci NULL DEFAULT NULL,
	`starttime` DateTime NULL DEFAULT NULL,
	`endtime` DateTime NULL DEFAULT NULL,
	`totalduration` Int( 0 ) NULL DEFAULT NULL,
	`billduration` Int( 0 ) NULL DEFAULT NULL,
	`recordingurl` VarChar( 200 ) CHARACTER SET utf8mb3 COLLATE utf8mb3_general_ci NULL DEFAULT NULL,
	`sourceuuid` VarChar( 100 ) CHARACTER SET utf8mb3 COLLATE utf8mb3_general_ci NULL DEFAULT NULL,
	`gateway` VarChar( 20 ) CHARACTER SET utf8mb3 COLLATE utf8mb3_general_ci NULL DEFAULT NULL,
	`customer` VarChar( 100 ) CHARACTER SET utf8mb3 COLLATE utf8mb3_general_ci NULL DEFAULT NULL,
	`user` VarChar( 100 ) CHARACTER SET utf8mb3 COLLATE utf8mb3_general_ci NULL DEFAULT NULL,
	`customernumber` VarChar( 100 ) CHARACTER SET utf8mb3 COLLATE utf8mb3_general_ci NULL DEFAULT NULL,
	`customertype` VarChar( 100 ) CHARACTER SET utf8mb3 COLLATE utf8mb3_general_ci NULL DEFAULT NULL,
	PRIMARY KEY ( `pbxmanagerid` ) )
CHARACTER SET = utf8mb3
COLLATE = utf8mb3_general_ci
ENGINE = InnoDB
AUTO_INCREMENT = 22;
-- -------------------------------------------------------------


-- CREATE TABLE "vtiger_pbxmanager_gateway" --------------------
CREATE TABLE `vtiger_pbxmanager_gateway`( 
	`id` Int( 0 ) AUTO_INCREMENT NOT NULL,
	`gateway` VarChar( 20 ) CHARACTER SET utf8mb3 COLLATE utf8mb3_general_ci NULL DEFAULT NULL,
	`parameters` Text CHARACTER SET utf8mb3 COLLATE utf8mb3_general_ci NULL DEFAULT NULL,
	PRIMARY KEY ( `id` ) )
CHARACTER SET = utf8mb3
COLLATE = utf8mb3_general_ci
ENGINE = InnoDB;
-- -------------------------------------------------------------


-- CREATE TABLE "vtiger_pbxmanager_phonelookup" ----------------
CREATE TABLE `vtiger_pbxmanager_phonelookup`( 
	`crmid` Int( 0 ) NULL DEFAULT NULL,
	`setype` VarChar( 30 ) CHARACTER SET utf8mb3 COLLATE utf8mb3_general_ci NULL DEFAULT NULL,
	`fnumber` VarChar( 100 ) CHARACTER SET utf8mb3 COLLATE utf8mb3_general_ci NULL DEFAULT NULL,
	`rnumber` VarChar( 100 ) CHARACTER SET utf8mb3 COLLATE utf8mb3_general_ci NULL DEFAULT NULL,
	`fieldname` VarChar( 50 ) CHARACTER SET utf8mb3 COLLATE utf8mb3_general_ci NULL DEFAULT NULL,
	CONSTRAINT `unique_key` UNIQUE( `crmid`, `setype`, `fieldname` ) )
CHARACTER SET = utf8mb3
COLLATE = utf8mb3_general_ci
ENGINE = InnoDB;
-- -------------------------------------------------------------


-- CREATE TABLE "vtiger_pbxmanagercf" --------------------------
CREATE TABLE `vtiger_pbxmanagercf`( 
	`pbxmanagerid` Int( 0 ) NOT NULL,
	PRIMARY KEY ( `pbxmanagerid` ) )
CHARACTER SET = utf8mb3
COLLATE = utf8mb3_general_ci
ENGINE = InnoDB;
-- -------------------------------------------------------------


-- CREATE TABLE "vtiger_pdfmaker" ------------------------------
CREATE TABLE `vtiger_pdfmaker`( 
	`templateid` Int( 0 ) NOT NULL,
	`filename` VarChar( 100 ) CHARACTER SET utf8mb4 COLLATE utf8mb4_0900_ai_ci NOT NULL,
	`module` VarChar( 255 ) CHARACTER SET utf8mb4 COLLATE utf8mb4_0900_ai_ci NULL DEFAULT NULL,
	`body` LongBlob NOT NULL,
	`description` Text CHARACTER SET utf8mb4 COLLATE utf8mb4_0900_ai_ci NOT NULL,
	`deleted` Int( 0 ) NOT NULL DEFAULT 0,
	`type` VarChar( 255 ) CHARACTER SET utf8mb4 COLLATE utf8mb4_0900_ai_ci NULL DEFAULT NULL,
	PRIMARY KEY ( `templateid` ) )
CHARACTER SET = utf8mb4
COLLATE = utf8mb4_0900_ai_ci
ENGINE = InnoDB;
-- -------------------------------------------------------------


-- CREATE TABLE "vtiger_pdfmaker_breakline" --------------------
CREATE TABLE `vtiger_pdfmaker_breakline`( 
	`crmid` Int( 0 ) NOT NULL,
	`productid` Int( 0 ) NOT NULL,
	`sequence` Int( 0 ) NOT NULL,
	`show_header` TinyInt( 1 ) NOT NULL DEFAULT 0,
	`show_subtotal` TinyInt( 1 ) NOT NULL DEFAULT 0,
	PRIMARY KEY ( `crmid`, `productid`, `sequence` ) )
CHARACTER SET = utf8mb4
COLLATE = utf8mb4_0900_ai_ci
ENGINE = InnoDB;
-- -------------------------------------------------------------


-- CREATE TABLE "vtiger_pdfmaker_displayed" --------------------
CREATE TABLE `vtiger_pdfmaker_displayed`( 
	`templateid` Int( 0 ) NOT NULL,
	`displayed` Int( 0 ) NOT NULL,
	`conditions` LongText CHARACTER SET utf8mb4 COLLATE utf8mb4_0900_ai_ci NOT NULL,
	PRIMARY KEY ( `templateid` ) )
CHARACTER SET = utf8mb4
COLLATE = utf8mb4_0900_ai_ci
ENGINE = InnoDB;
-- -------------------------------------------------------------


-- CREATE TABLE "vtiger_pdfmaker_extensions" -------------------
CREATE TABLE `vtiger_pdfmaker_extensions`( 
	`export_to_rtf` Int( 0 ) NOT NULL DEFAULT 0 )
CHARACTER SET = utf8mb4
COLLATE = utf8mb4_0900_ai_ci
ENGINE = InnoDB;
-- -------------------------------------------------------------


-- CREATE TABLE "vtiger_pdfmaker_ignorepicklistvalues" ---------
CREATE TABLE `vtiger_pdfmaker_ignorepicklistvalues`( 
	`value` VarChar( 100 ) CHARACTER SET utf8mb4 COLLATE utf8mb4_0900_ai_ci NOT NULL,
	PRIMARY KEY ( `value` ) )
CHARACTER SET = utf8mb4
COLLATE = utf8mb4_0900_ai_ci
ENGINE = InnoDB;
-- -------------------------------------------------------------


-- CREATE TABLE "vtiger_pdfmaker_images" -----------------------
CREATE TABLE `vtiger_pdfmaker_images`( 
	`crmid` Int( 0 ) NOT NULL,
	`productid` Int( 0 ) NOT NULL,
	`sequence` Int( 0 ) NOT NULL,
	`attachmentid` Int( 0 ) NOT NULL,
	`width` Int( 0 ) NULL DEFAULT NULL,
	`height` Int( 0 ) NULL DEFAULT NULL,
	PRIMARY KEY ( `crmid`, `productid`, `sequence` ) )
CHARACTER SET = utf8mb4
COLLATE = utf8mb4_0900_ai_ci
ENGINE = InnoDB;
-- -------------------------------------------------------------


-- CREATE TABLE "vtiger_pdfmaker_label_keys" -------------------
CREATE TABLE `vtiger_pdfmaker_label_keys`( 
	`label_id` Int( 0 ) AUTO_INCREMENT NOT NULL,
	`label_key` VarChar( 128 ) CHARACTER SET utf8mb4 COLLATE utf8mb4_0900_ai_ci NOT NULL,
	PRIMARY KEY ( `label_id` ),
	CONSTRAINT `label_key` UNIQUE( `label_key` ) )
CHARACTER SET = utf8mb4
COLLATE = utf8mb4_0900_ai_ci
ENGINE = InnoDB
AUTO_INCREMENT = 1;
-- -------------------------------------------------------------


-- CREATE TABLE "vtiger_pdfmaker_label_vals" -------------------
CREATE TABLE `vtiger_pdfmaker_label_vals`( 
	`label_id` Int( 0 ) NOT NULL,
	`lang_id` Int( 0 ) NOT NULL,
	`label_value` VarChar( 1024 ) CHARACTER SET utf8mb4 COLLATE utf8mb4_0900_ai_ci NOT NULL,
	PRIMARY KEY ( `label_id`, `lang_id` ) )
CHARACTER SET = utf8mb4
COLLATE = utf8mb4_0900_ai_ci
ENGINE = InnoDB;
-- -------------------------------------------------------------


-- CREATE TABLE "vtiger_pdfmaker_productbloc_tpl" --------------
CREATE TABLE `vtiger_pdfmaker_productbloc_tpl`( 
	`id` Int( 0 ) AUTO_INCREMENT NOT NULL,
	`name` VarChar( 255 ) CHARACTER SET utf8mb4 COLLATE utf8mb4_0900_ai_ci NOT NULL,
	`body` LongText CHARACTER SET utf8mb4 COLLATE utf8mb4_0900_ai_ci NOT NULL,
	PRIMARY KEY ( `id` ) )
CHARACTER SET = utf8mb4
COLLATE = utf8mb4_0900_ai_ci
ENGINE = InnoDB
AUTO_INCREMENT = 3;
-- -------------------------------------------------------------


-- CREATE TABLE "vtiger_pdfmaker_profilespermissions" ----------
CREATE TABLE `vtiger_pdfmaker_profilespermissions`( 
	`profileid` Int( 0 ) NOT NULL,
	`operation` Int( 0 ) NOT NULL,
	`permissions` Int( 0 ) NOT NULL,
	PRIMARY KEY ( `profileid`, `operation` ) )
CHARACTER SET = utf8mb4
COLLATE = utf8mb4_0900_ai_ci
ENGINE = InnoDB;
-- -------------------------------------------------------------


-- CREATE TABLE "vtiger_pdfmaker_relblockcol" ------------------
CREATE TABLE `vtiger_pdfmaker_relblockcol`( 
	`colid` Int( 0 ) NOT NULL,
	`relblockid` Int( 0 ) NOT NULL,
	`columnname` VarChar( 250 ) CHARACTER SET utf8mb4 COLLATE utf8mb4_0900_ai_ci NOT NULL,
	`sortorder` VarChar( 250 ) CHARACTER SET utf8mb4 COLLATE utf8mb4_0900_ai_ci NULL DEFAULT NULL,
	`sortsequence` TinyInt( 0 ) NOT NULL DEFAULT 0,
	PRIMARY KEY ( `relblockid`, `colid` ) )
CHARACTER SET = utf8mb4
COLLATE = utf8mb4_0900_ai_ci
ENGINE = InnoDB;
-- -------------------------------------------------------------


-- CREATE TABLE "vtiger_pdfmaker_relblockcriteria" -------------
CREATE TABLE `vtiger_pdfmaker_relblockcriteria`( 
	`relblockid` Int( 0 ) NOT NULL,
	`colid` Int( 0 ) NOT NULL,
	`columnname` VarChar( 250 ) CHARACTER SET utf8mb4 COLLATE utf8mb4_0900_ai_ci NOT NULL,
	`comparator` VarChar( 250 ) CHARACTER SET utf8mb4 COLLATE utf8mb4_0900_ai_ci NOT NULL,
	`value` VarChar( 250 ) CHARACTER SET utf8mb4 COLLATE utf8mb4_0900_ai_ci NOT NULL,
	`groupid` Int( 0 ) NOT NULL,
	`column_condition` VarChar( 250 ) CHARACTER SET utf8mb4 COLLATE utf8mb4_0900_ai_ci NOT NULL,
	PRIMARY KEY ( `relblockid`, `colid` ) )
CHARACTER SET = utf8mb4
COLLATE = utf8mb4_0900_ai_ci
ENGINE = InnoDB;
-- -------------------------------------------------------------


-- CREATE TABLE "vtiger_pdfmaker_relblockcriteria_g" -----------
CREATE TABLE `vtiger_pdfmaker_relblockcriteria_g`( 
	`groupid` Int( 0 ) NOT NULL,
	`relblockid` Int( 0 ) NOT NULL,
	`group_condition` VarChar( 250 ) CHARACTER SET utf8mb4 COLLATE utf8mb4_0900_ai_ci NULL DEFAULT NULL,
	`condition_expression` VarChar( 250 ) CHARACTER SET utf8mb4 COLLATE utf8mb4_0900_ai_ci NULL DEFAULT NULL,
	PRIMARY KEY ( `groupid`, `relblockid` ) )
CHARACTER SET = utf8mb4
COLLATE = utf8mb4_0900_ai_ci
ENGINE = InnoDB;
-- -------------------------------------------------------------


-- CREATE TABLE "vtiger_pdfmaker_relblockdatefilter" -----------
CREATE TABLE `vtiger_pdfmaker_relblockdatefilter`( 
	`datefilterid` Int( 0 ) NOT NULL,
	`datecolumnname` VarChar( 250 ) CHARACTER SET utf8mb4 COLLATE utf8mb4_0900_ai_ci NOT NULL,
	`datefilter` VarChar( 250 ) CHARACTER SET utf8mb4 COLLATE utf8mb4_0900_ai_ci NOT NULL,
	`startdate` Date NOT NULL,
	`enddate` Date NOT NULL,
	PRIMARY KEY ( `datefilterid` ) )
CHARACTER SET = utf8mb4
COLLATE = utf8mb4_0900_ai_ci
ENGINE = InnoDB;
-- -------------------------------------------------------------


-- CREATE TABLE "vtiger_pdfmaker_relblocks" --------------------
CREATE TABLE `vtiger_pdfmaker_relblocks`( 
	`relblockid` Int( 0 ) NOT NULL,
	`name` VarChar( 255 ) CHARACTER SET utf8mb4 COLLATE utf8mb4_0900_ai_ci NOT NULL,
	`module` VarChar( 255 ) CHARACTER SET utf8mb4 COLLATE utf8mb4_0900_ai_ci NOT NULL,
	`secmodule` VarChar( 255 ) CHARACTER SET utf8mb4 COLLATE utf8mb4_0900_ai_ci NOT NULL,
	`block` LongText CHARACTER SET utf8mb4 COLLATE utf8mb4_0900_ai_ci NOT NULL,
	`deleted` TinyInt( 0 ) NOT NULL DEFAULT 0,
	PRIMARY KEY ( `relblockid` ) )
CHARACTER SET = utf8mb4
COLLATE = utf8mb4_0900_ai_ci
ENGINE = InnoDB;
-- -------------------------------------------------------------


-- CREATE TABLE "vtiger_pdfmaker_relblocksortcol" --------------
CREATE TABLE `vtiger_pdfmaker_relblocksortcol`( 
	`sortcolid` Int( 0 ) NOT NULL,
	`relblockid` Int( 0 ) NOT NULL,
	`columnname` VarChar( 250 ) CHARACTER SET utf8mb4 COLLATE utf8mb4_0900_ai_ci NULL,
	`sortorder` VarChar( 250 ) CHARACTER SET utf8mb4 COLLATE utf8mb4_0900_ai_ci NULL DEFAULT 'Asc',
	PRIMARY KEY ( `sortcolid`, `relblockid` ) )
CHARACTER SET = utf8mb4
COLLATE = utf8mb4_0900_ai_ci
ENGINE = InnoDB;
-- -------------------------------------------------------------


-- CREATE TABLE "vtiger_pdfmaker_releases" ---------------------
CREATE TABLE `vtiger_pdfmaker_releases`( 
	`id` Int( 0 ) AUTO_INCREMENT NOT NULL,
	`version` VarChar( 10 ) CHARACTER SET utf8mb4 COLLATE utf8mb4_0900_ai_ci NOT NULL,
	`date` DateTime NOT NULL,
	`updated` TinyInt( 1 ) NOT NULL,
	PRIMARY KEY ( `id` ) )
CHARACTER SET = utf8mb4
COLLATE = utf8mb4_0900_ai_ci
ENGINE = InnoDB
AUTO_INCREMENT = 1;
-- -------------------------------------------------------------


-- CREATE TABLE "vtiger_pdfmaker_seq" --------------------------
CREATE TABLE `vtiger_pdfmaker_seq`( 
	`id` Int( 0 ) NOT NULL DEFAULT 1 )
CHARACTER SET = utf8mb4
COLLATE = utf8mb4_0900_ai_ci
ENGINE = InnoDB;
-- -------------------------------------------------------------


-- CREATE TABLE "vtiger_pdfmaker_settings" ---------------------
CREATE TABLE `vtiger_pdfmaker_settings`( 
	`templateid` Int( 0 ) NOT NULL,
	`margin_top` Decimal( 12, 1 ) NULL DEFAULT NULL,
	`margin_bottom` Decimal( 12, 1 ) NULL DEFAULT NULL,
	`margin_left` Decimal( 12, 1 ) NULL DEFAULT NULL,
	`margin_right` Decimal( 12, 1 ) NULL DEFAULT NULL,
	`format` VarChar( 255 ) CHARACTER SET utf8mb4 COLLATE utf8mb4_0900_ai_ci NOT NULL DEFAULT 'A4',
	`orientation` VarChar( 255 ) CHARACTER SET utf8mb4 COLLATE utf8mb4_0900_ai_ci NOT NULL DEFAULT 'portrait',
	`decimals` TinyInt( 0 ) NOT NULL,
	`decimal_point` Char( 2 ) CHARACTER SET utf8mb4 COLLATE utf8mb4_0900_ai_ci NOT NULL,
	`thousands_separator` Char( 2 ) CHARACTER SET utf8mb4 COLLATE utf8mb4_0900_ai_ci NOT NULL,
	`header` Text CHARACTER SET utf8mb4 COLLATE utf8mb4_0900_ai_ci NOT NULL,
	`footer` Text CHARACTER SET utf8mb4 COLLATE utf8mb4_0900_ai_ci NOT NULL,
	`encoding` VarChar( 20 ) CHARACTER SET utf8mb4 COLLATE utf8mb4_0900_ai_ci NOT NULL DEFAULT 'auto',
	`file_name` VarChar( 255 ) CHARACTER SET utf8mb4 COLLATE utf8mb4_0900_ai_ci NULL DEFAULT NULL,
	`is_portal` TinyInt( 1 ) NOT NULL DEFAULT 0,
	`is_listview` TinyInt( 1 ) NOT NULL DEFAULT 0,
	`owner` Int( 0 ) NOT NULL DEFAULT 1,
	`sharingtype` Char( 7 ) CHARACTER SET utf8mb4 COLLATE utf8mb4_0900_ai_ci NOT NULL DEFAULT 'public',
	`disp_header` TinyInt( 1 ) NOT NULL DEFAULT 3,
	`disp_footer` TinyInt( 1 ) NOT NULL DEFAULT 7,
	`headerid` Int( 0 ) NULL DEFAULT NULL,
	`footerid` Int( 0 ) NULL DEFAULT NULL,
	`pdf_password` VarChar( 255 ) CHARACTER SET utf8mb4 COLLATE utf8mb4_0900_ai_ci NULL DEFAULT NULL,
	`watermark_type` VarChar( 255 ) CHARACTER SET utf8mb4 COLLATE utf8mb4_0900_ai_ci NULL DEFAULT NULL,
	`watermark_img_id` Int( 0 ) NULL DEFAULT NULL,
	`watermark_text` VarChar( 255 ) CHARACTER SET utf8mb4 COLLATE utf8mb4_0900_ai_ci NULL DEFAULT NULL,
	`watermark_alpha` Decimal( 2, 1 ) NULL DEFAULT NULL,
	`is_signature` TinyInt( 1 ) NULL DEFAULT 0,
	`signature_height` Int( 0 ) NULL DEFAULT 60,
	`signature_width` Int( 0 ) NULL DEFAULT 150,
	`signature_accept_user` Int( 0 ) NULL DEFAULT 0,
	`truncate_zero` VarChar( 3 ) CHARACTER SET utf8mb4 COLLATE utf8mb4_0900_ai_ci NULL DEFAULT '0',
	`disable_export_edit` TinyInt( 1 ) NULL DEFAULT 0,
	`currency` TinyInt( 0 ) NULL DEFAULT NULL,
	`currency_point` VarChar( 2 ) CHARACTER SET utf8mb4 COLLATE utf8mb4_0900_ai_ci NULL DEFAULT NULL,
	`currency_thousands` VarChar( 2 ) CHARACTER SET utf8mb4 COLLATE utf8mb4_0900_ai_ci NULL DEFAULT NULL,
	`is_currency` TinyInt( 1 ) NULL DEFAULT 0,
	`product_image_height` Int( 0 ) NULL DEFAULT 0,
	`product_image_width` Int( 0 ) NULL DEFAULT 100,
	PRIMARY KEY ( `templateid` ) )
CHARACTER SET = utf8mb4
COLLATE = utf8mb4_0900_ai_ci
ENGINE = InnoDB;
-- -------------------------------------------------------------


-- CREATE TABLE "vtiger_pdfmaker_sharing" ----------------------
CREATE TABLE `vtiger_pdfmaker_sharing`( 
	`templateid` Int( 0 ) NOT NULL,
	`shareid` VarChar( 10 ) CHARACTER SET utf8mb4 COLLATE utf8mb4_0900_ai_ci NOT NULL,
	`setype` VarChar( 200 ) CHARACTER SET utf8mb4 COLLATE utf8mb4_0900_ai_ci NOT NULL,
	PRIMARY KEY ( `templateid`, `shareid`, `setype` ) )
CHARACTER SET = utf8mb4
COLLATE = utf8mb4_0900_ai_ci
ENGINE = InnoDB;
-- -------------------------------------------------------------


-- CREATE TABLE "vtiger_pdfmaker_usersettings" -----------------
CREATE TABLE `vtiger_pdfmaker_usersettings`( 
	`userid` Int( 0 ) NOT NULL,
	`is_notified` TinyInt( 1 ) NOT NULL DEFAULT 0,
	PRIMARY KEY ( `userid` ) )
CHARACTER SET = utf8mb4
COLLATE = utf8mb4_0900_ai_ci
ENGINE = InnoDB;
-- -------------------------------------------------------------


-- CREATE TABLE "vtiger_pdfmaker_userstatus" -------------------
CREATE TABLE `vtiger_pdfmaker_userstatus`( 
	`templateid` Int( 0 ) NOT NULL,
	`userid` Int( 0 ) NOT NULL,
	`is_active` TinyInt( 1 ) NOT NULL,
	`is_default` TinyInt( 1 ) NOT NULL,
	`sequence` Int( 0 ) NOT NULL DEFAULT 1,
	PRIMARY KEY ( `templateid`, `userid` ) )
CHARACTER SET = utf8mb4
COLLATE = utf8mb4_0900_ai_ci
ENGINE = InnoDB;
-- -------------------------------------------------------------


-- CREATE TABLE "vtiger_picklist" ------------------------------
CREATE TABLE `vtiger_picklist`( 
	`picklistid` Int( 0 ) AUTO_INCREMENT NOT NULL,
	`name` VarChar( 200 ) CHARACTER SET utf8mb4 COLLATE utf8mb4_0900_ai_ci NOT NULL,
	PRIMARY KEY ( `picklistid` ),
	CONSTRAINT `picklist_name_idx` UNIQUE( `name` ) )
CHARACTER SET = utf8mb4
COLLATE = utf8mb4_0900_ai_ci
ENGINE = InnoDB
AUTO_INCREMENT = 52;
-- -------------------------------------------------------------


-- CREATE TABLE "vtiger_picklist_dependency" -------------------
CREATE TABLE `vtiger_picklist_dependency`( 
	`id` Int( 0 ) NOT NULL,
	`tabid` Int( 0 ) NOT NULL,
	`sourcefield` VarChar( 255 ) CHARACTER SET utf8mb4 COLLATE utf8mb4_0900_ai_ci NULL DEFAULT NULL,
	`targetfield` VarChar( 255 ) CHARACTER SET utf8mb4 COLLATE utf8mb4_0900_ai_ci NULL DEFAULT NULL,
	`sourcevalue` VarChar( 100 ) CHARACTER SET utf8mb4 COLLATE utf8mb4_0900_ai_ci NULL DEFAULT NULL,
	`targetvalues` Text CHARACTER SET utf8mb4 COLLATE utf8mb4_0900_ai_ci NULL DEFAULT NULL,
	`criteria` Text CHARACTER SET utf8mb4 COLLATE utf8mb4_0900_ai_ci NULL DEFAULT NULL,
	PRIMARY KEY ( `id` ) )
CHARACTER SET = utf8mb4
COLLATE = utf8mb4_0900_ai_ci
ENGINE = InnoDB;
-- -------------------------------------------------------------


-- CREATE TABLE "vtiger_picklist_dependency_seq" ---------------
CREATE TABLE `vtiger_picklist_dependency_seq`( 
	`id` Int( 0 ) NOT NULL )
CHARACTER SET = utf8mb4
COLLATE = utf8mb4_0900_ai_ci
ENGINE = InnoDB;
-- -------------------------------------------------------------


-- CREATE TABLE "vtiger_picklist_seq" --------------------------
CREATE TABLE `vtiger_picklist_seq`( 
	`id` Int( 0 ) NOT NULL )
CHARACTER SET = utf8mb4
COLLATE = utf8mb4_0900_ai_ci
ENGINE = InnoDB;
-- -------------------------------------------------------------


-- CREATE TABLE "vtiger_picklist_transitions" ------------------
CREATE TABLE `vtiger_picklist_transitions`( 
	`fieldname` VarChar( 255 ) CHARACTER SET utf8mb3 COLLATE utf8mb3_general_ci NOT NULL,
	`module` VarChar( 100 ) CHARACTER SET utf8mb3 COLLATE utf8mb3_general_ci NOT NULL,
	`transition_data` VarChar( 1000 ) CHARACTER SET utf8mb3 COLLATE utf8mb3_general_ci NOT NULL,
	PRIMARY KEY ( `fieldname` ) )
CHARACTER SET = utf8mb3
COLLATE = utf8mb3_general_ci
ENGINE = InnoDB;
-- -------------------------------------------------------------


-- CREATE TABLE "vtiger_picklistvalues_seq" --------------------
CREATE TABLE `vtiger_picklistvalues_seq`( 
	`id` Int( 0 ) NOT NULL )
CHARACTER SET = utf8mb4
COLLATE = utf8mb4_0900_ai_ci
ENGINE = InnoDB;
-- -------------------------------------------------------------


-- CREATE TABLE "vtiger_pobillads" -----------------------------
CREATE TABLE `vtiger_pobillads`( 
	`pobilladdressid` Int( 0 ) NOT NULL DEFAULT 0,
	`bill_city` VarChar( 30 ) CHARACTER SET utf8mb4 COLLATE utf8mb4_0900_ai_ci NULL DEFAULT NULL,
	`bill_code` VarChar( 30 ) CHARACTER SET utf8mb4 COLLATE utf8mb4_0900_ai_ci NULL DEFAULT NULL,
	`bill_country` VarChar( 30 ) CHARACTER SET utf8mb4 COLLATE utf8mb4_0900_ai_ci NULL DEFAULT NULL,
	`bill_state` VarChar( 30 ) CHARACTER SET utf8mb4 COLLATE utf8mb4_0900_ai_ci NULL DEFAULT NULL,
	`bill_street` VarChar( 250 ) CHARACTER SET utf8mb4 COLLATE utf8mb4_0900_ai_ci NULL DEFAULT NULL,
	`bill_pobox` VarChar( 30 ) CHARACTER SET utf8mb4 COLLATE utf8mb4_0900_ai_ci NULL DEFAULT NULL,
	PRIMARY KEY ( `pobilladdressid` ) )
CHARACTER SET = utf8mb4
COLLATE = utf8mb4_0900_ai_ci
ENGINE = InnoDB;
-- -------------------------------------------------------------


-- CREATE TABLE "vtiger_portal" --------------------------------
CREATE TABLE `vtiger_portal`( 
	`portalid` Int( 0 ) NOT NULL,
	`portalname` VarChar( 200 ) CHARACTER SET utf8mb4 COLLATE utf8mb4_0900_ai_ci NOT NULL,
	`portalurl` VarChar( 255 ) CHARACTER SET utf8mb4 COLLATE utf8mb4_0900_ai_ci NOT NULL,
	`sequence` Int( 0 ) NOT NULL,
	`setdefault` Int( 0 ) NOT NULL DEFAULT 0,
	`createdtime` DateTime NULL DEFAULT NULL,
	PRIMARY KEY ( `portalid` ) )
CHARACTER SET = utf8mb4
COLLATE = utf8mb4_0900_ai_ci
ENGINE = InnoDB;
-- -------------------------------------------------------------


-- CREATE TABLE "vtiger_portalinfo" ----------------------------
CREATE TABLE `vtiger_portalinfo`( 
	`id` Int( 0 ) NOT NULL,
	`user_name` VarChar( 50 ) CHARACTER SET utf8mb4 COLLATE utf8mb4_0900_ai_ci NULL DEFAULT NULL,
	`user_password` VarChar( 255 ) CHARACTER SET utf8mb4 COLLATE utf8mb4_0900_ai_ci NULL DEFAULT NULL,
	`type` VarChar( 5 ) CHARACTER SET utf8mb4 COLLATE utf8mb4_0900_ai_ci NULL DEFAULT NULL,
	`cryptmode` VarChar( 20 ) CHARACTER SET utf8mb4 COLLATE utf8mb4_0900_ai_ci NULL DEFAULT NULL,
	`last_login_time` DateTime NULL DEFAULT NULL,
	`login_time` DateTime NULL DEFAULT NULL,
	`logout_time` DateTime NULL DEFAULT NULL,
	`isactive` Int( 0 ) NULL DEFAULT NULL,
	PRIMARY KEY ( `id` ) )
CHARACTER SET = utf8mb4
COLLATE = utf8mb4_0900_ai_ci
ENGINE = InnoDB;
-- -------------------------------------------------------------


-- CREATE TABLE "vtiger_poshipads" -----------------------------
CREATE TABLE `vtiger_poshipads`( 
	`poshipaddressid` Int( 0 ) NOT NULL DEFAULT 0,
	`ship_city` VarChar( 30 ) CHARACTER SET utf8mb4 COLLATE utf8mb4_0900_ai_ci NULL DEFAULT NULL,
	`ship_code` VarChar( 30 ) CHARACTER SET utf8mb4 COLLATE utf8mb4_0900_ai_ci NULL DEFAULT NULL,
	`ship_country` VarChar( 30 ) CHARACTER SET utf8mb4 COLLATE utf8mb4_0900_ai_ci NULL DEFAULT NULL,
	`ship_state` VarChar( 30 ) CHARACTER SET utf8mb4 COLLATE utf8mb4_0900_ai_ci NULL DEFAULT NULL,
	`ship_street` VarChar( 250 ) CHARACTER SET utf8mb4 COLLATE utf8mb4_0900_ai_ci NULL DEFAULT NULL,
	`ship_pobox` VarChar( 30 ) CHARACTER SET utf8mb4 COLLATE utf8mb4_0900_ai_ci NULL DEFAULT NULL,
	PRIMARY KEY ( `poshipaddressid` ) )
CHARACTER SET = utf8mb4
COLLATE = utf8mb4_0900_ai_ci
ENGINE = InnoDB;
-- -------------------------------------------------------------


-- CREATE TABLE "vtiger_postatus" ------------------------------
CREATE TABLE `vtiger_postatus`( 
	`postatusid` Int( 0 ) AUTO_INCREMENT NOT NULL,
	`postatus` VarChar( 200 ) CHARACTER SET utf8mb4 COLLATE utf8mb4_0900_ai_ci NOT NULL,
	`presence` Int( 0 ) NOT NULL DEFAULT 1,
	`picklist_valueid` Int( 0 ) NOT NULL DEFAULT 0,
	`sortorderid` Int( 0 ) NULL DEFAULT NULL,
	`color` VarChar( 10 ) CHARACTER SET utf8mb4 COLLATE utf8mb4_0900_ai_ci NULL DEFAULT NULL,
	PRIMARY KEY ( `postatusid` ),
	CONSTRAINT `postatus_postatus_idx` UNIQUE( `postatus` ) )
CHARACTER SET = utf8mb4
COLLATE = utf8mb4_0900_ai_ci
ENGINE = InnoDB
AUTO_INCREMENT = 5;
-- -------------------------------------------------------------


-- CREATE TABLE "vtiger_postatus_seq" --------------------------
CREATE TABLE `vtiger_postatus_seq`( 
	`id` Int( 0 ) NOT NULL )
CHARACTER SET = utf8mb4
COLLATE = utf8mb4_0900_ai_ci
ENGINE = InnoDB;
-- -------------------------------------------------------------


-- CREATE TABLE "vtiger_postatushistory" -----------------------
CREATE TABLE `vtiger_postatushistory`( 
	`historyid` Int( 0 ) AUTO_INCREMENT NOT NULL,
	`purchaseorderid` Int( 0 ) NOT NULL,
	`vendorname` VarChar( 100 ) CHARACTER SET utf8mb4 COLLATE utf8mb4_0900_ai_ci NULL DEFAULT NULL,
	`total` Decimal( 10, 0 ) NULL DEFAULT NULL,
	`postatus` VarChar( 200 ) CHARACTER SET utf8mb4 COLLATE utf8mb4_0900_ai_ci NULL DEFAULT NULL,
	`lastmodified` DateTime NULL DEFAULT NULL,
	PRIMARY KEY ( `historyid` ) )
CHARACTER SET = utf8mb4
COLLATE = utf8mb4_0900_ai_ci
ENGINE = InnoDB
AUTO_INCREMENT = 1;
-- -------------------------------------------------------------


-- CREATE TABLE "vtiger_potential" -----------------------------
CREATE TABLE `vtiger_potential`( 
	`potentialid` Int( 0 ) NOT NULL DEFAULT 0,
	`potential_no` VarChar( 100 ) CHARACTER SET utf8mb4 COLLATE utf8mb4_0900_ai_ci NOT NULL,
	`related_to` Int( 0 ) NULL DEFAULT NULL,
	`potentialname` VarChar( 120 ) CHARACTER SET utf8mb4 COLLATE utf8mb4_0900_ai_ci NOT NULL,
	`amount` Decimal( 25, 8 ) NULL DEFAULT 0.00000000,
	`currency` VarChar( 20 ) CHARACTER SET utf8mb4 COLLATE utf8mb4_0900_ai_ci NULL DEFAULT NULL,
	`closingdate` Date NULL DEFAULT NULL,
	`typeofrevenue` VarChar( 50 ) CHARACTER SET utf8mb4 COLLATE utf8mb4_0900_ai_ci NULL DEFAULT NULL,
	`nextstep` VarChar( 100 ) CHARACTER SET utf8mb4 COLLATE utf8mb4_0900_ai_ci NULL DEFAULT NULL,
	`private` Int( 0 ) NULL DEFAULT 0,
	`probability` Decimal( 7, 3 ) NULL DEFAULT 0.000,
	`campaignid` Int( 0 ) NULL DEFAULT NULL,
	`sales_stage` VarChar( 200 ) CHARACTER SET utf8mb4 COLLATE utf8mb4_0900_ai_ci NULL DEFAULT NULL,
	`potentialtype` VarChar( 200 ) CHARACTER SET utf8mb4 COLLATE utf8mb4_0900_ai_ci NULL DEFAULT NULL,
	`leadsource` VarChar( 200 ) CHARACTER SET utf8mb4 COLLATE utf8mb4_0900_ai_ci NULL DEFAULT NULL,
	`productid` Int( 0 ) NULL DEFAULT NULL,
	`productversion` VarChar( 50 ) CHARACTER SET utf8mb4 COLLATE utf8mb4_0900_ai_ci NULL DEFAULT NULL,
	`quotationref` VarChar( 50 ) CHARACTER SET utf8mb4 COLLATE utf8mb4_0900_ai_ci NULL DEFAULT NULL,
	`partnercontact` VarChar( 50 ) CHARACTER SET utf8mb4 COLLATE utf8mb4_0900_ai_ci NULL DEFAULT NULL,
	`remarks` VarChar( 50 ) CHARACTER SET utf8mb4 COLLATE utf8mb4_0900_ai_ci NULL DEFAULT NULL,
	`runtimefee` Int( 0 ) NULL DEFAULT 0,
	`followupdate` Date NULL DEFAULT NULL,
	`evaluationstatus` VarChar( 50 ) CHARACTER SET utf8mb4 COLLATE utf8mb4_0900_ai_ci NULL DEFAULT NULL,
	`description` Text CHARACTER SET utf8mb4 COLLATE utf8mb4_0900_ai_ci NULL DEFAULT NULL,
	`forecastcategory` Int( 0 ) NULL DEFAULT 0,
	`outcomeanalysis` Int( 0 ) NULL DEFAULT 0,
	`forecast_amount` Decimal( 25, 8 ) NULL DEFAULT NULL,
	`isconvertedfromlead` VarChar( 3 ) CHARACTER SET utf8mb4 COLLATE utf8mb4_0900_ai_ci NULL DEFAULT '0',
	`contact_id` Int( 0 ) NULL DEFAULT NULL,
	`tags` VarChar( 1 ) CHARACTER SET utf8mb4 COLLATE utf8mb4_0900_ai_ci NULL DEFAULT NULL,
	`converted` Int( 0 ) NOT NULL DEFAULT 0,
	PRIMARY KEY ( `potentialid` ) )
CHARACTER SET = utf8mb4
COLLATE = utf8mb4_0900_ai_ci
ENGINE = InnoDB;
-- -------------------------------------------------------------


-- CREATE TABLE "vtiger_potentialscf" --------------------------
CREATE TABLE `vtiger_potentialscf`( 
	`potentialid` Int( 0 ) NOT NULL DEFAULT 0,
	PRIMARY KEY ( `potentialid` ) )
CHARACTER SET = utf8mb4
COLLATE = utf8mb4_0900_ai_ci
ENGINE = InnoDB;
-- -------------------------------------------------------------


-- CREATE TABLE "vtiger_potstagehistory" -----------------------
CREATE TABLE `vtiger_potstagehistory`( 
	`historyid` Int( 0 ) AUTO_INCREMENT NOT NULL,
	`potentialid` Int( 0 ) NOT NULL,
	`amount` Decimal( 10, 0 ) NULL DEFAULT NULL,
	`stage` VarChar( 100 ) CHARACTER SET utf8mb4 COLLATE utf8mb4_0900_ai_ci NULL DEFAULT NULL,
	`probability` Decimal( 7, 3 ) NULL DEFAULT NULL,
	`expectedrevenue` Decimal( 10, 0 ) NULL DEFAULT NULL,
	`closedate` Date NULL DEFAULT NULL,
	`lastmodified` DateTime NULL DEFAULT NULL,
	PRIMARY KEY ( `historyid` ) )
CHARACTER SET = utf8mb4
COLLATE = utf8mb4_0900_ai_ci
ENGINE = InnoDB
AUTO_INCREMENT = 1;
-- -------------------------------------------------------------


-- CREATE TABLE "vtiger_pricebook" -----------------------------
CREATE TABLE `vtiger_pricebook`( 
	`pricebookid` Int( 0 ) NOT NULL DEFAULT 0,
	`pricebook_no` VarChar( 100 ) CHARACTER SET utf8mb4 COLLATE utf8mb4_0900_ai_ci NOT NULL,
	`bookname` VarChar( 100 ) CHARACTER SET utf8mb4 COLLATE utf8mb4_0900_ai_ci NULL DEFAULT NULL,
	`active` Int( 0 ) NULL DEFAULT NULL,
	`currency_id` Int( 0 ) NOT NULL DEFAULT 1,
	`tags` VarChar( 1 ) CHARACTER SET utf8mb4 COLLATE utf8mb4_0900_ai_ci NULL DEFAULT NULL,
	PRIMARY KEY ( `pricebookid` ) )
CHARACTER SET = utf8mb4
COLLATE = utf8mb4_0900_ai_ci
ENGINE = InnoDB;
-- -------------------------------------------------------------


-- CREATE TABLE "vtiger_pricebookcf" ---------------------------
CREATE TABLE `vtiger_pricebookcf`( 
	`pricebookid` Int( 0 ) NOT NULL DEFAULT 0,
	PRIMARY KEY ( `pricebookid` ) )
CHARACTER SET = utf8mb4
COLLATE = utf8mb4_0900_ai_ci
ENGINE = InnoDB;
-- -------------------------------------------------------------


-- CREATE TABLE "vtiger_pricebookproductrel" -------------------
CREATE TABLE `vtiger_pricebookproductrel`( 
	`pricebookid` Int( 0 ) NOT NULL,
	`productid` Int( 0 ) NOT NULL,
	`listprice` Decimal( 27, 8 ) NULL DEFAULT NULL,
	`usedcurrency` Int( 0 ) NOT NULL DEFAULT 1,
	PRIMARY KEY ( `pricebookid`, `productid` ) )
CHARACTER SET = utf8mb4
COLLATE = utf8mb4_0900_ai_ci
ENGINE = InnoDB;
-- -------------------------------------------------------------


-- CREATE TABLE "vtiger_priority" ------------------------------
CREATE TABLE `vtiger_priority`( 
	`priorityid` Int( 0 ) AUTO_INCREMENT NOT NULL,
	`priority` VarChar( 200 ) CHARACTER SET utf8mb4 COLLATE utf8mb4_0900_ai_ci NOT NULL,
	`sortorderid` Int( 0 ) NOT NULL DEFAULT 0,
	`presence` Int( 0 ) NOT NULL DEFAULT 1,
	PRIMARY KEY ( `priorityid` ),
	CONSTRAINT `priority_priority_idx` UNIQUE( `priority` ) )
CHARACTER SET = utf8mb4
COLLATE = utf8mb4_0900_ai_ci
ENGINE = InnoDB;
-- -------------------------------------------------------------


-- CREATE TABLE "vtiger_productcategory" -----------------------
CREATE TABLE `vtiger_productcategory`( 
	`productcategoryid` Int( 0 ) AUTO_INCREMENT NOT NULL,
	`productcategory` VarChar( 200 ) CHARACTER SET utf8mb4 COLLATE utf8mb4_0900_ai_ci NOT NULL,
	`presence` Int( 0 ) NOT NULL DEFAULT 1,
	`picklist_valueid` Int( 0 ) NOT NULL DEFAULT 0,
	`sortorderid` Int( 0 ) NULL DEFAULT NULL,
	`color` VarChar( 10 ) CHARACTER SET utf8mb4 COLLATE utf8mb4_0900_ai_ci NULL DEFAULT NULL,
	PRIMARY KEY ( `productcategoryid` ),
	CONSTRAINT `productcategory_productcategory_idx` UNIQUE( `productcategory` ) )
CHARACTER SET = utf8mb4
COLLATE = utf8mb4_0900_ai_ci
ENGINE = InnoDB
AUTO_INCREMENT = 5;
-- -------------------------------------------------------------


-- CREATE TABLE "vtiger_productcategory_seq" -------------------
CREATE TABLE `vtiger_productcategory_seq`( 
	`id` Int( 0 ) NOT NULL )
CHARACTER SET = utf8mb4
COLLATE = utf8mb4_0900_ai_ci
ENGINE = InnoDB;
-- -------------------------------------------------------------


-- CREATE TABLE "vtiger_productcf" -----------------------------
CREATE TABLE `vtiger_productcf`( 
	`productid` Int( 0 ) NOT NULL DEFAULT 0,
	PRIMARY KEY ( `productid` ) )
CHARACTER SET = utf8mb4
COLLATE = utf8mb4_0900_ai_ci
ENGINE = InnoDB;
-- -------------------------------------------------------------


-- CREATE TABLE "vtiger_productcurrencyrel" --------------------
CREATE TABLE `vtiger_productcurrencyrel`( 
	`productid` Int( 0 ) NOT NULL,
	`currencyid` Int( 0 ) NOT NULL,
	`converted_price` Decimal( 28, 8 ) NULL DEFAULT NULL,
	`actual_price` Decimal( 28, 8 ) NULL DEFAULT NULL )
CHARACTER SET = utf8mb4
COLLATE = utf8mb4_0900_ai_ci
ENGINE = InnoDB;
-- -------------------------------------------------------------


-- CREATE TABLE "vtiger_products" ------------------------------
CREATE TABLE `vtiger_products`( 
	`productid` Int( 0 ) NOT NULL,
	`product_no` VarChar( 100 ) CHARACTER SET utf8mb4 COLLATE utf8mb4_0900_ai_ci NOT NULL,
	`productname` VarChar( 100 ) CHARACTER SET utf8mb4 COLLATE utf8mb4_0900_ai_ci NULL DEFAULT NULL,
	`productcode` VarChar( 40 ) CHARACTER SET utf8mb4 COLLATE utf8mb4_0900_ai_ci NULL DEFAULT NULL,
	`productcategory` VarChar( 200 ) CHARACTER SET utf8mb4 COLLATE utf8mb4_0900_ai_ci NULL DEFAULT NULL,
	`manufacturer` VarChar( 200 ) CHARACTER SET utf8mb4 COLLATE utf8mb4_0900_ai_ci NULL DEFAULT NULL,
	`qty_per_unit` Decimal( 11, 2 ) NULL DEFAULT 0.00,
	`unit_price` Decimal( 25, 8 ) NULL DEFAULT NULL,
	`weight` Decimal( 11, 3 ) NULL DEFAULT NULL,
	`pack_size` Int( 0 ) NULL DEFAULT NULL,
	`sales_start_date` Date NULL DEFAULT NULL,
	`sales_end_date` Date NULL DEFAULT NULL,
	`start_date` Date NULL DEFAULT NULL,
	`expiry_date` Date NULL DEFAULT NULL,
	`cost_factor` Int( 0 ) NULL DEFAULT NULL,
	`commissionrate` Decimal( 7, 3 ) NULL DEFAULT NULL,
	`commissionmethod` VarChar( 50 ) CHARACTER SET utf8mb4 COLLATE utf8mb4_0900_ai_ci NULL DEFAULT NULL,
	`discontinued` Int( 0 ) NOT NULL DEFAULT 0,
	`usageunit` VarChar( 200 ) CHARACTER SET utf8mb4 COLLATE utf8mb4_0900_ai_ci NULL DEFAULT NULL,
	`reorderlevel` Int( 0 ) NULL DEFAULT NULL,
	`website` VarChar( 100 ) CHARACTER SET utf8mb4 COLLATE utf8mb4_0900_ai_ci NULL DEFAULT NULL,
	`taxclass` VarChar( 200 ) CHARACTER SET utf8mb4 COLLATE utf8mb4_0900_ai_ci NULL DEFAULT NULL,
	`mfr_part_no` VarChar( 200 ) CHARACTER SET utf8mb4 COLLATE utf8mb4_0900_ai_ci NULL DEFAULT NULL,
	`vendor_part_no` VarChar( 200 ) CHARACTER SET utf8mb4 COLLATE utf8mb4_0900_ai_ci NULL DEFAULT NULL,
	`serialno` VarChar( 200 ) CHARACTER SET utf8mb4 COLLATE utf8mb4_0900_ai_ci NULL DEFAULT NULL,
	`qtyinstock` Decimal( 25, 3 ) NULL DEFAULT NULL,
	`productsheet` VarChar( 200 ) CHARACTER SET utf8mb4 COLLATE utf8mb4_0900_ai_ci NULL DEFAULT NULL,
	`qtyindemand` Int( 0 ) NULL DEFAULT NULL,
	`glacct` VarChar( 200 ) CHARACTER SET utf8mb4 COLLATE utf8mb4_0900_ai_ci NULL DEFAULT NULL,
	`vendor_id` Int( 0 ) NULL DEFAULT NULL,
	`imagename` Text CHARACTER SET utf8mb4 COLLATE utf8mb4_0900_ai_ci NULL DEFAULT NULL,
	`currency_id` Int( 0 ) NOT NULL DEFAULT 1,
	`is_subproducts_viewable` Int( 0 ) NULL DEFAULT 1,
	`purchase_cost` Decimal( 27, 8 ) NULL DEFAULT NULL,
	`tags` VarChar( 1 ) CHARACTER SET utf8mb4 COLLATE utf8mb4_0900_ai_ci NULL DEFAULT NULL,
	PRIMARY KEY ( `productid` ) )
CHARACTER SET = utf8mb4
COLLATE = utf8mb4_0900_ai_ci
ENGINE = InnoDB;
-- -------------------------------------------------------------


-- CREATE TABLE "vtiger_producttaxrel" -------------------------
CREATE TABLE `vtiger_producttaxrel`( 
	`productid` Int( 0 ) NOT NULL,
	`taxid` Int( 0 ) NOT NULL,
	`taxpercentage` Decimal( 7, 3 ) NULL DEFAULT NULL,
	`regions` Text CHARACTER SET utf8mb4 COLLATE utf8mb4_0900_ai_ci NULL DEFAULT NULL )
CHARACTER SET = utf8mb4
COLLATE = utf8mb4_0900_ai_ci
ENGINE = InnoDB;
-- -------------------------------------------------------------


-- CREATE TABLE "vtiger_profile" -------------------------------
CREATE TABLE `vtiger_profile`( 
	`profileid` Int( 0 ) AUTO_INCREMENT NOT NULL,
	`profilename` VarChar( 50 ) CHARACTER SET utf8mb4 COLLATE utf8mb4_0900_ai_ci NOT NULL,
	`description` Text CHARACTER SET utf8mb4 COLLATE utf8mb4_0900_ai_ci NULL DEFAULT NULL,
	`directly_related_to_role` Int( 0 ) NULL DEFAULT 0,
	PRIMARY KEY ( `profileid` ) )
CHARACTER SET = utf8mb4
COLLATE = utf8mb4_0900_ai_ci
ENGINE = InnoDB
AUTO_INCREMENT = 5;
-- -------------------------------------------------------------


-- CREATE TABLE "vtiger_profile2field" -------------------------
CREATE TABLE `vtiger_profile2field`( 
	`profileid` Int( 0 ) NOT NULL,
	`tabid` Int( 0 ) NULL DEFAULT NULL,
	`fieldid` Int( 0 ) NOT NULL,
	`visible` Int( 0 ) NULL DEFAULT NULL,
	`readonly` Int( 0 ) NULL DEFAULT NULL,
	PRIMARY KEY ( `profileid`, `fieldid` ) )
CHARACTER SET = utf8mb4
COLLATE = utf8mb4_0900_ai_ci
ENGINE = InnoDB;
-- -------------------------------------------------------------


-- CREATE TABLE "vtiger_profile2globalpermissions" -------------
CREATE TABLE `vtiger_profile2globalpermissions`( 
	`profileid` Int( 0 ) NOT NULL,
	`globalactionid` Int( 0 ) NOT NULL,
	`globalactionpermission` Int( 0 ) NULL DEFAULT NULL,
	PRIMARY KEY ( `profileid`, `globalactionid` ) )
CHARACTER SET = utf8mb4
COLLATE = utf8mb4_0900_ai_ci
ENGINE = InnoDB;
-- -------------------------------------------------------------


-- CREATE TABLE "vtiger_profile2standardpermissions" -----------
CREATE TABLE `vtiger_profile2standardpermissions`( 
	`profileid` Int( 0 ) NOT NULL,
	`tabid` Int( 0 ) NOT NULL,
	`operation` Int( 0 ) NOT NULL,
	`permissions` Int( 0 ) NULL DEFAULT NULL,
	PRIMARY KEY ( `profileid`, `tabid`, `operation` ) )
CHARACTER SET = utf8mb4
COLLATE = utf8mb4_0900_ai_ci
ENGINE = InnoDB;
-- -------------------------------------------------------------


-- CREATE TABLE "vtiger_profile2tab" ---------------------------
CREATE TABLE `vtiger_profile2tab`( 
	`profileid` Int( 0 ) NULL DEFAULT NULL,
	`tabid` Int( 0 ) NULL DEFAULT NULL,
	`permissions` Int( 0 ) NOT NULL DEFAULT 0 )
CHARACTER SET = utf8mb4
COLLATE = utf8mb4_0900_ai_ci
ENGINE = InnoDB;
-- -------------------------------------------------------------


-- CREATE TABLE "vtiger_profile2utility" -----------------------
CREATE TABLE `vtiger_profile2utility`( 
	`profileid` Int( 0 ) NOT NULL,
	`tabid` Int( 0 ) NOT NULL,
	`activityid` Int( 0 ) NOT NULL,
	`permission` Int( 0 ) NULL DEFAULT NULL,
	PRIMARY KEY ( `profileid`, `tabid`, `activityid` ) )
CHARACTER SET = utf8mb4
COLLATE = utf8mb4_0900_ai_ci
ENGINE = InnoDB;
-- -------------------------------------------------------------


-- CREATE TABLE "vtiger_profile_seq" ---------------------------
CREATE TABLE `vtiger_profile_seq`( 
	`id` Int( 0 ) NOT NULL )
CHARACTER SET = utf8mb4
COLLATE = utf8mb4_0900_ai_ci
ENGINE = InnoDB;
-- -------------------------------------------------------------


-- CREATE TABLE "vtiger_progress" ------------------------------
CREATE TABLE `vtiger_progress`( 
	`progressid` Int( 0 ) AUTO_INCREMENT NOT NULL,
	`progress` VarChar( 200 ) CHARACTER SET utf8mb3 COLLATE utf8mb3_general_ci NOT NULL,
	`presence` Int( 0 ) NOT NULL DEFAULT 1,
	`picklist_valueid` Int( 0 ) NOT NULL DEFAULT 0,
	`sortorderid` Int( 0 ) NULL DEFAULT 0,
	`color` VarChar( 10 ) CHARACTER SET utf8mb3 COLLATE utf8mb3_general_ci NULL DEFAULT NULL,
	PRIMARY KEY ( `progressid` ) )
CHARACTER SET = utf8mb3
COLLATE = utf8mb3_general_ci
ENGINE = InnoDB
AUTO_INCREMENT = 11;
-- -------------------------------------------------------------


-- CREATE TABLE "vtiger_progress_seq" --------------------------
CREATE TABLE `vtiger_progress_seq`( 
	`id` Int( 0 ) NOT NULL )
CHARACTER SET = utf8mb4
COLLATE = utf8mb4_0900_ai_ci
ENGINE = InnoDB;
-- -------------------------------------------------------------


-- CREATE TABLE "vtiger_project" -------------------------------
CREATE TABLE `vtiger_project`( 
	`projectid` Int( 0 ) NOT NULL,
	`projectname` VarChar( 255 ) CHARACTER SET utf8mb3 COLLATE utf8mb3_general_ci NULL DEFAULT NULL,
	`project_no` VarChar( 100 ) CHARACTER SET utf8mb3 COLLATE utf8mb3_general_ci NULL DEFAULT NULL,
	`startdate` Date NULL DEFAULT NULL,
	`targetenddate` Date NULL DEFAULT NULL,
	`actualenddate` Date NULL DEFAULT NULL,
	`targetbudget` VarChar( 255 ) CHARACTER SET utf8mb3 COLLATE utf8mb3_general_ci NULL DEFAULT NULL,
	`projecturl` VarChar( 255 ) CHARACTER SET utf8mb3 COLLATE utf8mb3_general_ci NULL DEFAULT NULL,
	`projectstatus` VarChar( 100 ) CHARACTER SET utf8mb3 COLLATE utf8mb3_general_ci NULL DEFAULT NULL,
	`projectpriority` VarChar( 100 ) CHARACTER SET utf8mb3 COLLATE utf8mb3_general_ci NULL DEFAULT NULL,
	`projecttype` VarChar( 100 ) CHARACTER SET utf8mb3 COLLATE utf8mb3_general_ci NULL DEFAULT NULL,
	`progress` VarChar( 100 ) CHARACTER SET utf8mb3 COLLATE utf8mb3_general_ci NULL DEFAULT NULL,
	`linktoaccountscontacts` VarChar( 100 ) CHARACTER SET utf8mb3 COLLATE utf8mb3_general_ci NULL DEFAULT NULL,
	`tags` VarChar( 1 ) CHARACTER SET utf8mb3 COLLATE utf8mb3_general_ci NULL DEFAULT NULL,
	`isconvertedfrompotential` Int( 0 ) NOT NULL DEFAULT 0,
	`potentialid` VarChar( 100 ) CHARACTER SET utf8mb3 COLLATE utf8mb3_general_ci NULL DEFAULT NULL,
	PRIMARY KEY ( `projectid` ) )
CHARACTER SET = utf8mb3
COLLATE = utf8mb3_general_ci
ENGINE = InnoDB;
-- -------------------------------------------------------------


-- CREATE TABLE "vtiger_projectcf" -----------------------------
CREATE TABLE `vtiger_projectcf`( 
	`projectid` Int( 0 ) NOT NULL,
	PRIMARY KEY ( `projectid` ) )
CHARACTER SET = utf8mb3
COLLATE = utf8mb3_general_ci
ENGINE = InnoDB;
-- -------------------------------------------------------------


-- CREATE TABLE "vtiger_projectmilestone" ----------------------
CREATE TABLE `vtiger_projectmilestone`( 
	`projectmilestoneid` Int( 0 ) NOT NULL,
	`projectmilestonename` VarChar( 255 ) CHARACTER SET utf8mb3 COLLATE utf8mb3_general_ci NULL DEFAULT NULL,
	`projectmilestone_no` VarChar( 100 ) CHARACTER SET utf8mb3 COLLATE utf8mb3_general_ci NULL DEFAULT NULL,
	`projectmilestonedate` VarChar( 255 ) CHARACTER SET utf8mb3 COLLATE utf8mb3_general_ci NULL DEFAULT NULL,
	`projectid` VarChar( 100 ) CHARACTER SET utf8mb3 COLLATE utf8mb3_general_ci NULL DEFAULT NULL,
	`projectmilestonetype` VarChar( 100 ) CHARACTER SET utf8mb3 COLLATE utf8mb3_general_ci NULL DEFAULT NULL,
	`tags` VarChar( 1 ) CHARACTER SET utf8mb3 COLLATE utf8mb3_general_ci NULL DEFAULT NULL,
	PRIMARY KEY ( `projectmilestoneid` ) )
CHARACTER SET = utf8mb3
COLLATE = utf8mb3_general_ci
ENGINE = InnoDB;
-- -------------------------------------------------------------


-- CREATE TABLE "vtiger_projectmilestonecf" --------------------
CREATE TABLE `vtiger_projectmilestonecf`( 
	`projectmilestoneid` Int( 0 ) NOT NULL DEFAULT 0,
	PRIMARY KEY ( `projectmilestoneid` ) )
CHARACTER SET = utf8mb3
COLLATE = utf8mb3_general_ci
ENGINE = InnoDB;
-- -------------------------------------------------------------


-- CREATE TABLE "vtiger_projectmilestonetype" ------------------
CREATE TABLE `vtiger_projectmilestonetype`( 
	`projectmilestonetypeid` Int( 0 ) AUTO_INCREMENT NOT NULL,
	`projectmilestonetype` VarChar( 200 ) CHARACTER SET utf8mb3 COLLATE utf8mb3_general_ci NOT NULL,
	`presence` Int( 0 ) NOT NULL DEFAULT 1,
	`picklist_valueid` Int( 0 ) NOT NULL DEFAULT 0,
	`sortorderid` Int( 0 ) NULL DEFAULT 0,
	`color` VarChar( 10 ) CHARACTER SET utf8mb3 COLLATE utf8mb3_general_ci NULL DEFAULT NULL,
	PRIMARY KEY ( `projectmilestonetypeid` ) )
CHARACTER SET = utf8mb3
COLLATE = utf8mb3_general_ci
ENGINE = InnoDB
AUTO_INCREMENT = 4;
-- -------------------------------------------------------------


-- CREATE TABLE "vtiger_projectmilestonetype_seq" --------------
CREATE TABLE `vtiger_projectmilestonetype_seq`( 
	`id` Int( 0 ) NOT NULL )
CHARACTER SET = utf8mb4
COLLATE = utf8mb4_0900_ai_ci
ENGINE = InnoDB;
-- -------------------------------------------------------------


-- CREATE TABLE "vtiger_projectpriority" -----------------------
CREATE TABLE `vtiger_projectpriority`( 
	`projectpriorityid` Int( 0 ) AUTO_INCREMENT NOT NULL,
	`projectpriority` VarChar( 200 ) CHARACTER SET utf8mb3 COLLATE utf8mb3_general_ci NOT NULL,
	`presence` Int( 0 ) NOT NULL DEFAULT 1,
	`picklist_valueid` Int( 0 ) NOT NULL DEFAULT 0,
	`sortorderid` Int( 0 ) NULL DEFAULT 0,
	`color` VarChar( 10 ) CHARACTER SET utf8mb3 COLLATE utf8mb3_general_ci NULL DEFAULT NULL,
	PRIMARY KEY ( `projectpriorityid` ) )
CHARACTER SET = utf8mb3
COLLATE = utf8mb3_general_ci
ENGINE = InnoDB
AUTO_INCREMENT = 4;
-- -------------------------------------------------------------


-- CREATE TABLE "vtiger_projectpriority_seq" -------------------
CREATE TABLE `vtiger_projectpriority_seq`( 
	`id` Int( 0 ) NOT NULL )
CHARACTER SET = utf8mb4
COLLATE = utf8mb4_0900_ai_ci
ENGINE = InnoDB;
-- -------------------------------------------------------------


-- CREATE TABLE "vtiger_projectstatus" -------------------------
CREATE TABLE `vtiger_projectstatus`( 
	`projectstatusid` Int( 0 ) AUTO_INCREMENT NOT NULL,
	`projectstatus` VarChar( 200 ) CHARACTER SET utf8mb3 COLLATE utf8mb3_general_ci NOT NULL,
	`presence` Int( 0 ) NOT NULL DEFAULT 1,
	`picklist_valueid` Int( 0 ) NOT NULL DEFAULT 0,
	`sortorderid` Int( 0 ) NULL DEFAULT 0,
	`color` VarChar( 10 ) CHARACTER SET utf8mb3 COLLATE utf8mb3_general_ci NULL DEFAULT NULL,
	PRIMARY KEY ( `projectstatusid` ) )
CHARACTER SET = utf8mb3
COLLATE = utf8mb3_general_ci
ENGINE = InnoDB
AUTO_INCREMENT = 9;
-- -------------------------------------------------------------


-- CREATE TABLE "vtiger_projectstatus_seq" ---------------------
CREATE TABLE `vtiger_projectstatus_seq`( 
	`id` Int( 0 ) NOT NULL )
CHARACTER SET = utf8mb4
COLLATE = utf8mb4_0900_ai_ci
ENGINE = InnoDB;
-- -------------------------------------------------------------


-- CREATE TABLE "vtiger_projecttask" ---------------------------
CREATE TABLE `vtiger_projecttask`( 
	`projecttaskid` Int( 0 ) NOT NULL,
	`projecttaskname` VarChar( 255 ) CHARACTER SET utf8mb3 COLLATE utf8mb3_general_ci NULL DEFAULT NULL,
	`projecttask_no` VarChar( 100 ) CHARACTER SET utf8mb3 COLLATE utf8mb3_general_ci NULL DEFAULT NULL,
	`projecttasktype` VarChar( 100 ) CHARACTER SET utf8mb3 COLLATE utf8mb3_general_ci NULL DEFAULT NULL,
	`projecttaskpriority` VarChar( 100 ) CHARACTER SET utf8mb3 COLLATE utf8mb3_general_ci NULL DEFAULT NULL,
	`projecttaskprogress` VarChar( 100 ) CHARACTER SET utf8mb3 COLLATE utf8mb3_general_ci NULL DEFAULT NULL,
	`projecttaskhours` VarChar( 255 ) CHARACTER SET utf8mb3 COLLATE utf8mb3_general_ci NULL DEFAULT NULL,
	`startdate` Date NULL DEFAULT NULL,
	`enddate` Date NULL DEFAULT NULL,
	`projectid` VarChar( 100 ) CHARACTER SET utf8mb3 COLLATE utf8mb3_general_ci NULL DEFAULT NULL,
	`projecttasknumber` Int( 0 ) NULL DEFAULT NULL,
	`tags` VarChar( 1 ) CHARACTER SET utf8mb3 COLLATE utf8mb3_general_ci NULL DEFAULT NULL,
	`projecttaskstatus` VarChar( 100 ) CHARACTER SET utf8mb3 COLLATE utf8mb3_general_ci NULL DEFAULT NULL,
	PRIMARY KEY ( `projecttaskid` ) )
CHARACTER SET = utf8mb3
COLLATE = utf8mb3_general_ci
ENGINE = InnoDB;
-- -------------------------------------------------------------


-- CREATE TABLE "vtiger_projecttask_status_color" --------------
CREATE TABLE `vtiger_projecttask_status_color`( 
	`status` VarChar( 255 ) CHARACTER SET utf8mb3 COLLATE utf8mb3_general_ci NULL DEFAULT NULL,
	`defaultcolor` VarChar( 50 ) CHARACTER SET utf8mb3 COLLATE utf8mb3_general_ci NULL DEFAULT NULL,
	`color` VarChar( 50 ) CHARACTER SET utf8mb3 COLLATE utf8mb3_general_ci NULL DEFAULT NULL,
	CONSTRAINT `status` UNIQUE( `status` ) )
CHARACTER SET = utf8mb3
COLLATE = utf8mb3_general_ci
ENGINE = InnoDB;
-- -------------------------------------------------------------


-- CREATE TABLE "vtiger_projecttaskcf" -------------------------
CREATE TABLE `vtiger_projecttaskcf`( 
	`projecttaskid` Int( 0 ) NOT NULL DEFAULT 0,
	PRIMARY KEY ( `projecttaskid` ) )
CHARACTER SET = utf8mb3
COLLATE = utf8mb3_general_ci
ENGINE = InnoDB;
-- -------------------------------------------------------------


-- CREATE TABLE "vtiger_projecttaskpriority" -------------------
CREATE TABLE `vtiger_projecttaskpriority`( 
	`projecttaskpriorityid` Int( 0 ) AUTO_INCREMENT NOT NULL,
	`projecttaskpriority` VarChar( 200 ) CHARACTER SET utf8mb3 COLLATE utf8mb3_general_ci NOT NULL,
	`presence` Int( 0 ) NOT NULL DEFAULT 1,
	`picklist_valueid` Int( 0 ) NOT NULL DEFAULT 0,
	`sortorderid` Int( 0 ) NULL DEFAULT 0,
	`color` VarChar( 10 ) CHARACTER SET utf8mb3 COLLATE utf8mb3_general_ci NULL DEFAULT NULL,
	PRIMARY KEY ( `projecttaskpriorityid` ) )
CHARACTER SET = utf8mb3
COLLATE = utf8mb3_general_ci
ENGINE = InnoDB
AUTO_INCREMENT = 4;
-- -------------------------------------------------------------


-- CREATE TABLE "vtiger_projecttaskpriority_seq" ---------------
CREATE TABLE `vtiger_projecttaskpriority_seq`( 
	`id` Int( 0 ) NOT NULL )
CHARACTER SET = utf8mb4
COLLATE = utf8mb4_0900_ai_ci
ENGINE = InnoDB;
-- -------------------------------------------------------------


-- CREATE TABLE "vtiger_projecttaskprogress" -------------------
CREATE TABLE `vtiger_projecttaskprogress`( 
	`projecttaskprogressid` Int( 0 ) AUTO_INCREMENT NOT NULL,
	`projecttaskprogress` VarChar( 200 ) CHARACTER SET utf8mb3 COLLATE utf8mb3_general_ci NOT NULL,
	`presence` Int( 0 ) NOT NULL DEFAULT 1,
	`picklist_valueid` Int( 0 ) NOT NULL DEFAULT 0,
	`sortorderid` Int( 0 ) NULL DEFAULT 0,
	`color` VarChar( 10 ) CHARACTER SET utf8mb3 COLLATE utf8mb3_general_ci NULL DEFAULT NULL,
	PRIMARY KEY ( `projecttaskprogressid` ) )
CHARACTER SET = utf8mb3
COLLATE = utf8mb3_general_ci
ENGINE = InnoDB
AUTO_INCREMENT = 11;
-- -------------------------------------------------------------


-- CREATE TABLE "vtiger_projecttaskprogress_seq" ---------------
CREATE TABLE `vtiger_projecttaskprogress_seq`( 
	`id` Int( 0 ) NOT NULL )
CHARACTER SET = utf8mb4
COLLATE = utf8mb4_0900_ai_ci
ENGINE = InnoDB;
-- -------------------------------------------------------------


-- CREATE TABLE "vtiger_projecttaskstatus" ---------------------
CREATE TABLE `vtiger_projecttaskstatus`( 
	`projecttaskstatusid` Int( 0 ) AUTO_INCREMENT NOT NULL,
	`projecttaskstatus` VarChar( 200 ) CHARACTER SET utf8mb3 COLLATE utf8mb3_general_ci NOT NULL,
	`presence` Int( 0 ) NOT NULL DEFAULT 1,
	`picklist_valueid` Int( 0 ) NOT NULL DEFAULT 0,
	`sortorderid` Int( 0 ) NULL DEFAULT 0,
	`color` VarChar( 10 ) CHARACTER SET utf8mb3 COLLATE utf8mb3_general_ci NULL DEFAULT NULL,
	PRIMARY KEY ( `projecttaskstatusid` ) )
CHARACTER SET = utf8mb3
COLLATE = utf8mb3_general_ci
ENGINE = InnoDB
AUTO_INCREMENT = 6;
-- -------------------------------------------------------------


-- CREATE TABLE "vtiger_projecttaskstatus_seq" -----------------
CREATE TABLE `vtiger_projecttaskstatus_seq`( 
	`id` Int( 0 ) NOT NULL )
CHARACTER SET = utf8mb4
COLLATE = utf8mb4_0900_ai_ci
ENGINE = InnoDB;
-- -------------------------------------------------------------


-- CREATE TABLE "vtiger_projecttasktype" -----------------------
CREATE TABLE `vtiger_projecttasktype`( 
	`projecttasktypeid` Int( 0 ) AUTO_INCREMENT NOT NULL,
	`projecttasktype` VarChar( 200 ) CHARACTER SET utf8mb3 COLLATE utf8mb3_general_ci NOT NULL,
	`presence` Int( 0 ) NOT NULL DEFAULT 1,
	`picklist_valueid` Int( 0 ) NOT NULL DEFAULT 0,
	`sortorderid` Int( 0 ) NULL DEFAULT 0,
	`color` VarChar( 10 ) CHARACTER SET utf8mb3 COLLATE utf8mb3_general_ci NULL DEFAULT NULL,
	PRIMARY KEY ( `projecttasktypeid` ) )
CHARACTER SET = utf8mb3
COLLATE = utf8mb3_general_ci
ENGINE = InnoDB
AUTO_INCREMENT = 4;
-- -------------------------------------------------------------


-- CREATE TABLE "vtiger_projecttasktype_seq" -------------------
CREATE TABLE `vtiger_projecttasktype_seq`( 
	`id` Int( 0 ) NOT NULL )
CHARACTER SET = utf8mb4
COLLATE = utf8mb4_0900_ai_ci
ENGINE = InnoDB;
-- -------------------------------------------------------------


-- CREATE TABLE "vtiger_projecttype" ---------------------------
CREATE TABLE `vtiger_projecttype`( 
	`projecttypeid` Int( 0 ) AUTO_INCREMENT NOT NULL,
	`projecttype` VarChar( 200 ) CHARACTER SET utf8mb3 COLLATE utf8mb3_general_ci NOT NULL,
	`presence` Int( 0 ) NOT NULL DEFAULT 1,
	`picklist_valueid` Int( 0 ) NOT NULL DEFAULT 0,
	`sortorderid` Int( 0 ) NULL DEFAULT 0,
	`color` VarChar( 10 ) CHARACTER SET utf8mb3 COLLATE utf8mb3_general_ci NULL DEFAULT NULL,
	PRIMARY KEY ( `projecttypeid` ) )
CHARACTER SET = utf8mb3
COLLATE = utf8mb3_general_ci
ENGINE = InnoDB
AUTO_INCREMENT = 4;
-- -------------------------------------------------------------


-- CREATE TABLE "vtiger_projecttype_seq" -----------------------
CREATE TABLE `vtiger_projecttype_seq`( 
	`id` Int( 0 ) NOT NULL )
CHARACTER SET = utf8mb4
COLLATE = utf8mb4_0900_ai_ci
ENGINE = InnoDB;
-- -------------------------------------------------------------


-- CREATE TABLE "vtiger_purchaseorder" -------------------------
CREATE TABLE `vtiger_purchaseorder`( 
	`purchaseorderid` Int( 0 ) NOT NULL DEFAULT 0,
	`subject` VarChar( 100 ) CHARACTER SET utf8mb4 COLLATE utf8mb4_0900_ai_ci NULL DEFAULT NULL,
	`quoteid` Int( 0 ) NULL DEFAULT NULL,
	`vendorid` Int( 0 ) NULL DEFAULT NULL,
	`requisition_no` VarChar( 100 ) CHARACTER SET utf8mb4 COLLATE utf8mb4_0900_ai_ci NULL DEFAULT NULL,
	`purchaseorder_no` VarChar( 100 ) CHARACTER SET utf8mb4 COLLATE utf8mb4_0900_ai_ci NULL DEFAULT NULL,
	`tracking_no` VarChar( 100 ) CHARACTER SET utf8mb4 COLLATE utf8mb4_0900_ai_ci NULL DEFAULT NULL,
	`contactid` Int( 0 ) NULL DEFAULT NULL,
	`duedate` Date NULL DEFAULT NULL,
	`carrier` VarChar( 200 ) CHARACTER SET utf8mb4 COLLATE utf8mb4_0900_ai_ci NULL DEFAULT NULL,
	`type` VarChar( 100 ) CHARACTER SET utf8mb4 COLLATE utf8mb4_0900_ai_ci NULL DEFAULT NULL,
	`adjustment` Decimal( 25, 8 ) NULL DEFAULT NULL,
	`salescommission` Decimal( 25, 3 ) NULL DEFAULT NULL,
	`exciseduty` Decimal( 25, 3 ) NULL DEFAULT NULL,
	`total` Decimal( 25, 8 ) NULL DEFAULT NULL,
	`subtotal` Decimal( 25, 8 ) NULL DEFAULT NULL,
	`taxtype` VarChar( 25 ) CHARACTER SET utf8mb4 COLLATE utf8mb4_0900_ai_ci NULL DEFAULT NULL,
	`discount_percent` Decimal( 25, 3 ) NULL DEFAULT NULL,
	`discount_amount` Decimal( 25, 8 ) NULL DEFAULT NULL,
	`s_h_amount` Decimal( 25, 8 ) NULL DEFAULT NULL,
	`terms_conditions` Text CHARACTER SET utf8mb4 COLLATE utf8mb4_0900_ai_ci NULL DEFAULT NULL,
	`postatus` VarChar( 200 ) CHARACTER SET utf8mb4 COLLATE utf8mb4_0900_ai_ci NULL DEFAULT NULL,
	`currency_id` Int( 0 ) NOT NULL DEFAULT 1,
	`conversion_rate` Decimal( 10, 3 ) NOT NULL DEFAULT 1.000,
	`compound_taxes_info` Text CHARACTER SET utf8mb4 COLLATE utf8mb4_0900_ai_ci NULL DEFAULT NULL,
	`pre_tax_total` Decimal( 25, 8 ) NULL DEFAULT NULL,
	`paid` Decimal( 25, 8 ) NULL DEFAULT NULL,
	`balance` Decimal( 25, 8 ) NULL DEFAULT NULL,
	`s_h_percent` Decimal( 25, 3 ) NULL DEFAULT NULL,
	`tags` VarChar( 1 ) CHARACTER SET utf8mb4 COLLATE utf8mb4_0900_ai_ci NULL DEFAULT NULL,
	`region_id` Int( 0 ) NULL DEFAULT NULL,
	PRIMARY KEY ( `purchaseorderid` ) )
CHARACTER SET = utf8mb4
COLLATE = utf8mb4_0900_ai_ci
ENGINE = InnoDB;
-- -------------------------------------------------------------


-- CREATE TABLE "vtiger_purchaseordercf" -----------------------
CREATE TABLE `vtiger_purchaseordercf`( 
	`purchaseorderid` Int( 0 ) NOT NULL DEFAULT 0,
	PRIMARY KEY ( `purchaseorderid` ) )
CHARACTER SET = utf8mb4
COLLATE = utf8mb4_0900_ai_ci
ENGINE = InnoDB;
-- -------------------------------------------------------------


-- CREATE TABLE "vtiger_quotes" --------------------------------
CREATE TABLE `vtiger_quotes`( 
	`quoteid` Int( 0 ) NOT NULL DEFAULT 0,
	`subject` VarChar( 100 ) CHARACTER SET utf8mb4 COLLATE utf8mb4_0900_ai_ci NULL DEFAULT NULL,
	`potentialid` Int( 0 ) NULL DEFAULT NULL,
	`quotestage` VarChar( 200 ) CHARACTER SET utf8mb4 COLLATE utf8mb4_0900_ai_ci NULL DEFAULT NULL,
	`validtill` Date NULL DEFAULT NULL,
	`contactid` Int( 0 ) NULL DEFAULT NULL,
	`quote_no` VarChar( 100 ) CHARACTER SET utf8mb4 COLLATE utf8mb4_0900_ai_ci NULL DEFAULT NULL,
	`subtotal` Decimal( 25, 8 ) NULL DEFAULT NULL,
	`carrier` VarChar( 200 ) CHARACTER SET utf8mb4 COLLATE utf8mb4_0900_ai_ci NULL DEFAULT NULL,
	`shipping` VarChar( 100 ) CHARACTER SET utf8mb4 COLLATE utf8mb4_0900_ai_ci NULL DEFAULT NULL,
	`inventorymanager` Int( 0 ) NULL DEFAULT NULL,
	`type` VarChar( 100 ) CHARACTER SET utf8mb4 COLLATE utf8mb4_0900_ai_ci NULL DEFAULT NULL,
	`adjustment` Decimal( 25, 8 ) NULL DEFAULT NULL,
	`total` Decimal( 25, 8 ) NULL DEFAULT NULL,
	`taxtype` VarChar( 25 ) CHARACTER SET utf8mb4 COLLATE utf8mb4_0900_ai_ci NULL DEFAULT NULL,
	`discount_percent` Decimal( 25, 3 ) NULL DEFAULT NULL,
	`discount_amount` Decimal( 25, 8 ) NULL DEFAULT NULL,
	`s_h_amount` Decimal( 25, 8 ) NULL DEFAULT NULL,
	`accountid` Int( 0 ) NULL DEFAULT NULL,
	`terms_conditions` Text CHARACTER SET utf8mb4 COLLATE utf8mb4_0900_ai_ci NULL DEFAULT NULL,
	`currency_id` Int( 0 ) NOT NULL DEFAULT 1,
	`conversion_rate` Decimal( 10, 3 ) NOT NULL DEFAULT 1.000,
	`compound_taxes_info` Text CHARACTER SET utf8mb4 COLLATE utf8mb4_0900_ai_ci NULL DEFAULT NULL,
	`pre_tax_total` Decimal( 25, 8 ) NULL DEFAULT NULL,
	`s_h_percent` Decimal( 25, 3 ) NULL DEFAULT NULL,
	`tags` VarChar( 1 ) CHARACTER SET utf8mb4 COLLATE utf8mb4_0900_ai_ci NULL DEFAULT NULL,
	`region_id` Int( 0 ) NULL DEFAULT NULL,
	PRIMARY KEY ( `quoteid` ) )
CHARACTER SET = utf8mb4
COLLATE = utf8mb4_0900_ai_ci
ENGINE = InnoDB;
-- -------------------------------------------------------------


-- CREATE TABLE "vtiger_quotesbillads" -------------------------
CREATE TABLE `vtiger_quotesbillads`( 
	`quotebilladdressid` Int( 0 ) NOT NULL DEFAULT 0,
	`bill_city` VarChar( 30 ) CHARACTER SET utf8mb4 COLLATE utf8mb4_0900_ai_ci NULL DEFAULT NULL,
	`bill_code` VarChar( 30 ) CHARACTER SET utf8mb4 COLLATE utf8mb4_0900_ai_ci NULL DEFAULT NULL,
	`bill_country` VarChar( 30 ) CHARACTER SET utf8mb4 COLLATE utf8mb4_0900_ai_ci NULL DEFAULT NULL,
	`bill_state` VarChar( 30 ) CHARACTER SET utf8mb4 COLLATE utf8mb4_0900_ai_ci NULL DEFAULT NULL,
	`bill_street` VarChar( 250 ) CHARACTER SET utf8mb4 COLLATE utf8mb4_0900_ai_ci NULL DEFAULT NULL,
	`bill_pobox` VarChar( 30 ) CHARACTER SET utf8mb4 COLLATE utf8mb4_0900_ai_ci NULL DEFAULT NULL,
	PRIMARY KEY ( `quotebilladdressid` ) )
CHARACTER SET = utf8mb4
COLLATE = utf8mb4_0900_ai_ci
ENGINE = InnoDB;
-- -------------------------------------------------------------


-- CREATE TABLE "vtiger_quotescf" ------------------------------
CREATE TABLE `vtiger_quotescf`( 
	`quoteid` Int( 0 ) NOT NULL DEFAULT 0,
	PRIMARY KEY ( `quoteid` ) )
CHARACTER SET = utf8mb4
COLLATE = utf8mb4_0900_ai_ci
ENGINE = InnoDB;
-- -------------------------------------------------------------


-- CREATE TABLE "vtiger_quotesshipads" -------------------------
CREATE TABLE `vtiger_quotesshipads`( 
	`quoteshipaddressid` Int( 0 ) NOT NULL DEFAULT 0,
	`ship_city` VarChar( 30 ) CHARACTER SET utf8mb4 COLLATE utf8mb4_0900_ai_ci NULL DEFAULT NULL,
	`ship_code` VarChar( 30 ) CHARACTER SET utf8mb4 COLLATE utf8mb4_0900_ai_ci NULL DEFAULT NULL,
	`ship_country` VarChar( 30 ) CHARACTER SET utf8mb4 COLLATE utf8mb4_0900_ai_ci NULL DEFAULT NULL,
	`ship_state` VarChar( 30 ) CHARACTER SET utf8mb4 COLLATE utf8mb4_0900_ai_ci NULL DEFAULT NULL,
	`ship_street` VarChar( 250 ) CHARACTER SET utf8mb4 COLLATE utf8mb4_0900_ai_ci NULL DEFAULT NULL,
	`ship_pobox` VarChar( 30 ) CHARACTER SET utf8mb4 COLLATE utf8mb4_0900_ai_ci NULL DEFAULT NULL,
	PRIMARY KEY ( `quoteshipaddressid` ) )
CHARACTER SET = utf8mb4
COLLATE = utf8mb4_0900_ai_ci
ENGINE = InnoDB;
-- -------------------------------------------------------------


-- CREATE TABLE "vtiger_quotestage" ----------------------------
CREATE TABLE `vtiger_quotestage`( 
	`quotestageid` Int( 0 ) AUTO_INCREMENT NOT NULL,
	`quotestage` VarChar( 200 ) CHARACTER SET utf8mb4 COLLATE utf8mb4_0900_ai_ci NOT NULL,
	`presence` Int( 0 ) NOT NULL DEFAULT 1,
	`picklist_valueid` Int( 0 ) NOT NULL DEFAULT 0,
	`sortorderid` Int( 0 ) NULL DEFAULT NULL,
	`color` VarChar( 10 ) CHARACTER SET utf8mb4 COLLATE utf8mb4_0900_ai_ci NULL DEFAULT NULL,
	PRIMARY KEY ( `quotestageid` ),
	CONSTRAINT `quotestage_quotestage_idx` UNIQUE( `quotestage` ) )
CHARACTER SET = utf8mb4
COLLATE = utf8mb4_0900_ai_ci
ENGINE = InnoDB
AUTO_INCREMENT = 5;
-- -------------------------------------------------------------


-- CREATE TABLE "vtiger_quotestage_seq" ------------------------
CREATE TABLE `vtiger_quotestage_seq`( 
	`id` Int( 0 ) NOT NULL )
CHARACTER SET = utf8mb4
COLLATE = utf8mb4_0900_ai_ci
ENGINE = InnoDB;
-- -------------------------------------------------------------


-- CREATE TABLE "vtiger_quotestagehistory" ---------------------
CREATE TABLE `vtiger_quotestagehistory`( 
	`historyid` Int( 0 ) AUTO_INCREMENT NOT NULL,
	`quoteid` Int( 0 ) NOT NULL,
	`accountname` VarChar( 100 ) CHARACTER SET utf8mb4 COLLATE utf8mb4_0900_ai_ci NULL DEFAULT NULL,
	`total` Decimal( 10, 0 ) NULL DEFAULT NULL,
	`quotestage` VarChar( 200 ) CHARACTER SET utf8mb4 COLLATE utf8mb4_0900_ai_ci NULL DEFAULT NULL,
	`lastmodified` DateTime NULL DEFAULT NULL,
	PRIMARY KEY ( `historyid` ) )
CHARACTER SET = utf8mb4
COLLATE = utf8mb4_0900_ai_ci
ENGINE = InnoDB
AUTO_INCREMENT = 1;
-- -------------------------------------------------------------


-- CREATE TABLE "vtiger_rating" --------------------------------
CREATE TABLE `vtiger_rating`( 
	`rating_id` Int( 0 ) AUTO_INCREMENT NOT NULL,
	`rating` VarChar( 200 ) CHARACTER SET utf8mb4 COLLATE utf8mb4_0900_ai_ci NULL DEFAULT NULL,
	`presence` Int( 0 ) NOT NULL DEFAULT 1,
	`picklist_valueid` Int( 0 ) NOT NULL DEFAULT 0,
	`sortorderid` Int( 0 ) NULL DEFAULT NULL,
	`color` VarChar( 10 ) CHARACTER SET utf8mb4 COLLATE utf8mb4_0900_ai_ci NULL DEFAULT NULL,
	PRIMARY KEY ( `rating_id` ) )
CHARACTER SET = utf8mb4
COLLATE = utf8mb4_0900_ai_ci
ENGINE = InnoDB
AUTO_INCREMENT = 7;
-- -------------------------------------------------------------


-- CREATE TABLE "vtiger_rating_seq" ----------------------------
CREATE TABLE `vtiger_rating_seq`( 
	`id` Int( 0 ) NOT NULL )
CHARACTER SET = utf8mb4
COLLATE = utf8mb4_0900_ai_ci
ENGINE = InnoDB;
-- -------------------------------------------------------------


-- CREATE TABLE "vtiger_recurring_frequency" -------------------
CREATE TABLE `vtiger_recurring_frequency`( 
	`recurring_frequency_id` Int( 0 ) NULL DEFAULT NULL,
	`recurring_frequency` VarChar( 200 ) CHARACTER SET utf8mb4 COLLATE utf8mb4_0900_ai_ci NULL DEFAULT NULL,
	`sortorderid` Int( 0 ) NULL DEFAULT NULL,
	`presence` Int( 0 ) NULL DEFAULT NULL,
	`color` VarChar( 10 ) CHARACTER SET utf8mb4 COLLATE utf8mb4_0900_ai_ci NULL DEFAULT NULL )
CHARACTER SET = utf8mb4
COLLATE = utf8mb4_0900_ai_ci
ENGINE = InnoDB;
-- -------------------------------------------------------------


-- CREATE TABLE "vtiger_recurring_frequency_seq" ---------------
CREATE TABLE `vtiger_recurring_frequency_seq`( 
	`id` Int( 0 ) NOT NULL )
CHARACTER SET = utf8mb4
COLLATE = utf8mb4_0900_ai_ci
ENGINE = InnoDB;
-- -------------------------------------------------------------


-- CREATE TABLE "vtiger_recurringevents" -----------------------
CREATE TABLE `vtiger_recurringevents`( 
	`recurringid` Int( 0 ) AUTO_INCREMENT NOT NULL,
	`activityid` Int( 0 ) NOT NULL,
	`recurringdate` Date NULL DEFAULT NULL,
	`recurringtype` VarChar( 30 ) CHARACTER SET utf8mb4 COLLATE utf8mb4_0900_ai_ci NULL DEFAULT NULL,
	`recurringfreq` Int( 0 ) NULL DEFAULT NULL,
	`recurringinfo` VarChar( 50 ) CHARACTER SET utf8mb4 COLLATE utf8mb4_0900_ai_ci NULL DEFAULT NULL,
	`recurringenddate` Date NULL DEFAULT NULL,
	PRIMARY KEY ( `recurringid` ) )
CHARACTER SET = utf8mb4
COLLATE = utf8mb4_0900_ai_ci
ENGINE = InnoDB
AUTO_INCREMENT = 1;
-- -------------------------------------------------------------


-- CREATE TABLE "vtiger_recurringtype" -------------------------
CREATE TABLE `vtiger_recurringtype`( 
	`recurringeventid` Int( 0 ) AUTO_INCREMENT NOT NULL,
	`recurringtype` VarChar( 200 ) CHARACTER SET utf8mb4 COLLATE utf8mb4_0900_ai_ci NOT NULL,
	`sortorderid` Int( 0 ) NOT NULL DEFAULT 0,
	`presence` Int( 0 ) NOT NULL DEFAULT 1,
	`color` VarChar( 10 ) CHARACTER SET utf8mb4 COLLATE utf8mb4_0900_ai_ci NULL DEFAULT NULL,
	PRIMARY KEY ( `recurringeventid` ),
	CONSTRAINT `recurringtype_status_idx` UNIQUE( `recurringtype` ) )
CHARACTER SET = utf8mb4
COLLATE = utf8mb4_0900_ai_ci
ENGINE = InnoDB
AUTO_INCREMENT = 5;
-- -------------------------------------------------------------


-- CREATE TABLE "vtiger_recurringtype_seq" ---------------------
CREATE TABLE `vtiger_recurringtype_seq`( 
	`id` Int( 0 ) NOT NULL )
CHARACTER SET = utf8mb4
COLLATE = utf8mb4_0900_ai_ci
ENGINE = InnoDB;
-- -------------------------------------------------------------


-- CREATE TABLE "vtiger_relatedlists" --------------------------
CREATE TABLE `vtiger_relatedlists`( 
	`relation_id` Int( 0 ) NOT NULL,
	`tabid` Int( 0 ) NULL DEFAULT NULL,
	`related_tabid` Int( 0 ) NULL DEFAULT NULL,
	`name` VarChar( 100 ) CHARACTER SET utf8mb4 COLLATE utf8mb4_0900_ai_ci NULL DEFAULT NULL,
	`sequence` Int( 0 ) NULL DEFAULT NULL,
	`label` VarChar( 100 ) CHARACTER SET utf8mb4 COLLATE utf8mb4_0900_ai_ci NULL DEFAULT NULL,
	`presence` Int( 0 ) NOT NULL DEFAULT 0,
	`actions` VarChar( 50 ) CHARACTER SET utf8mb4 COLLATE utf8mb4_0900_ai_ci NOT NULL,
	`relationfieldid` Int( 0 ) NULL DEFAULT NULL,
	`source` VarChar( 25 ) CHARACTER SET utf8mb4 COLLATE utf8mb4_0900_ai_ci NULL DEFAULT NULL,
	`relationtype` VarChar( 10 ) CHARACTER SET utf8mb4 COLLATE utf8mb4_0900_ai_ci NULL DEFAULT NULL,
	PRIMARY KEY ( `relation_id` ) )
CHARACTER SET = utf8mb4
COLLATE = utf8mb4_0900_ai_ci
ENGINE = InnoDB;
-- -------------------------------------------------------------


-- CREATE TABLE "vtiger_relatedlists_rb" -----------------------
CREATE TABLE `vtiger_relatedlists_rb`( 
	`entityid` Int( 0 ) NULL DEFAULT NULL,
	`action` VarChar( 50 ) CHARACTER SET utf8mb4 COLLATE utf8mb4_0900_ai_ci NULL DEFAULT NULL,
	`rel_table` VarChar( 200 ) CHARACTER SET utf8mb4 COLLATE utf8mb4_0900_ai_ci NULL DEFAULT NULL,
	`rel_column` VarChar( 200 ) CHARACTER SET utf8mb4 COLLATE utf8mb4_0900_ai_ci NULL DEFAULT NULL,
	`ref_column` VarChar( 200 ) CHARACTER SET utf8mb4 COLLATE utf8mb4_0900_ai_ci NULL DEFAULT NULL,
	`related_crm_ids` Text CHARACTER SET utf8mb4 COLLATE utf8mb4_0900_ai_ci NULL DEFAULT NULL )
CHARACTER SET = utf8mb4
COLLATE = utf8mb4_0900_ai_ci
ENGINE = InnoDB;
-- -------------------------------------------------------------


-- CREATE TABLE "vtiger_relatedlists_seq" ----------------------
CREATE TABLE `vtiger_relatedlists_seq`( 
	`id` Int( 0 ) NOT NULL )
CHARACTER SET = utf8mb4
COLLATE = utf8mb4_0900_ai_ci
ENGINE = InnoDB;
-- -------------------------------------------------------------


-- CREATE TABLE "vtiger_relcriteria" ---------------------------
CREATE TABLE `vtiger_relcriteria`( 
	`queryid` Int( 0 ) NOT NULL,
	`columnindex` Int( 0 ) NOT NULL,
	`columnname` VarChar( 250 ) CHARACTER SET utf8mb4 COLLATE utf8mb4_0900_ai_ci NULL,
	`comparator` VarChar( 20 ) CHARACTER SET utf8mb4 COLLATE utf8mb4_0900_ai_ci NULL DEFAULT NULL,
	`value` VarChar( 512 ) CHARACTER SET utf8mb4 COLLATE utf8mb4_0900_ai_ci NULL DEFAULT NULL,
	`groupid` Int( 0 ) NULL DEFAULT 1,
	`column_condition` VarChar( 256 ) CHARACTER SET utf8mb4 COLLATE utf8mb4_0900_ai_ci NULL DEFAULT 'and',
	PRIMARY KEY ( `queryid`, `columnindex` ) )
CHARACTER SET = utf8mb4
COLLATE = utf8mb4_0900_ai_ci
ENGINE = InnoDB;
-- -------------------------------------------------------------


-- CREATE TABLE "vtiger_relcriteria_grouping" ------------------
CREATE TABLE `vtiger_relcriteria_grouping`( 
	`groupid` Int( 0 ) NOT NULL,
	`queryid` Int( 0 ) NOT NULL,
	`group_condition` VarChar( 256 ) CHARACTER SET utf8mb4 COLLATE utf8mb4_0900_ai_ci NULL DEFAULT NULL,
	`condition_expression` Text CHARACTER SET utf8mb4 COLLATE utf8mb4_0900_ai_ci NULL DEFAULT NULL,
	PRIMARY KEY ( `groupid`, `queryid` ) )
CHARACTER SET = utf8mb4
COLLATE = utf8mb4_0900_ai_ci
ENGINE = InnoDB;
-- -------------------------------------------------------------


-- CREATE TABLE "vtiger_reminder_interval" ---------------------
CREATE TABLE `vtiger_reminder_interval`( 
	`reminder_intervalid` Int( 0 ) AUTO_INCREMENT NOT NULL,
	`reminder_interval` VarChar( 200 ) CHARACTER SET utf8mb4 COLLATE utf8mb4_0900_ai_ci NOT NULL,
	`sortorderid` Int( 0 ) NOT NULL,
	`presence` Int( 0 ) NOT NULL,
	PRIMARY KEY ( `reminder_intervalid` ) )
CHARACTER SET = utf8mb4
COLLATE = utf8mb4_0900_ai_ci
ENGINE = InnoDB
AUTO_INCREMENT = 9;
-- -------------------------------------------------------------


-- CREATE TABLE "vtiger_reminder_interval_seq" -----------------
CREATE TABLE `vtiger_reminder_interval_seq`( 
	`id` Int( 0 ) NOT NULL )
CHARACTER SET = utf8mb4
COLLATE = utf8mb4_0900_ai_ci
ENGINE = InnoDB;
-- -------------------------------------------------------------


-- CREATE TABLE "vtiger_report" --------------------------------
CREATE TABLE `vtiger_report`( 
	`reportid` Int( 0 ) NOT NULL,
	`folderid` Int( 0 ) NOT NULL,
	`reportname` VarChar( 100 ) CHARACTER SET utf8mb4 COLLATE utf8mb4_0900_ai_ci NULL,
	`description` VarChar( 250 ) CHARACTER SET utf8mb4 COLLATE utf8mb4_0900_ai_ci NULL,
	`reporttype` VarChar( 50 ) CHARACTER SET utf8mb4 COLLATE utf8mb4_0900_ai_ci NULL,
	`queryid` Int( 0 ) NOT NULL DEFAULT 0,
	`state` VarChar( 50 ) CHARACTER SET utf8mb4 COLLATE utf8mb4_0900_ai_ci NULL DEFAULT 'SAVED',
	`customizable` Int( 0 ) NULL DEFAULT 1,
	`category` Int( 0 ) NULL DEFAULT 1,
	`owner` Int( 0 ) NULL DEFAULT 1,
	`sharingtype` VarChar( 200 ) CHARACTER SET utf8mb4 COLLATE utf8mb4_0900_ai_ci NULL DEFAULT 'Private',
	PRIMARY KEY ( `reportid` ) )
CHARACTER SET = utf8mb4
COLLATE = utf8mb4_0900_ai_ci
ENGINE = InnoDB;
-- -------------------------------------------------------------


-- CREATE TABLE "vtiger_report_sharegroups" --------------------
CREATE TABLE `vtiger_report_sharegroups`( 
	`reportid` Int( 0 ) NOT NULL,
	`groupid` Int( 0 ) NOT NULL )
CHARACTER SET = utf8mb3
COLLATE = utf8mb3_general_ci
ENGINE = InnoDB;
-- -------------------------------------------------------------


-- CREATE TABLE "vtiger_report_shareusers" ---------------------
CREATE TABLE `vtiger_report_shareusers`( 
	`reportid` Int( 0 ) NOT NULL,
	`userid` Int( 0 ) NOT NULL )
CHARACTER SET = utf8mb3
COLLATE = utf8mb3_general_ci
ENGINE = InnoDB;
-- -------------------------------------------------------------


-- CREATE TABLE "vtiger_reportdatefilter" ----------------------
CREATE TABLE `vtiger_reportdatefilter`( 
	`datefilterid` Int( 0 ) NOT NULL,
	`datecolumnname` VarChar( 250 ) CHARACTER SET utf8mb4 COLLATE utf8mb4_0900_ai_ci NULL,
	`datefilter` VarChar( 250 ) CHARACTER SET utf8mb4 COLLATE utf8mb4_0900_ai_ci NULL,
	`startdate` Date NULL DEFAULT NULL,
	`enddate` Date NULL DEFAULT NULL,
	PRIMARY KEY ( `datefilterid` ) )
CHARACTER SET = utf8mb4
COLLATE = utf8mb4_0900_ai_ci
ENGINE = InnoDB;
-- -------------------------------------------------------------


-- CREATE TABLE "vtiger_reportfilters" -------------------------
CREATE TABLE `vtiger_reportfilters`( 
	`filterid` Int( 0 ) NOT NULL,
	`name` VarChar( 200 ) CHARACTER SET utf8mb4 COLLATE utf8mb4_0900_ai_ci NOT NULL )
CHARACTER SET = utf8mb4
COLLATE = utf8mb4_0900_ai_ci
ENGINE = InnoDB;
-- -------------------------------------------------------------


-- CREATE TABLE "vtiger_reportfolder" --------------------------
CREATE TABLE `vtiger_reportfolder`( 
	`folderid` Int( 0 ) AUTO_INCREMENT NOT NULL,
	`foldername` VarChar( 100 ) CHARACTER SET utf8mb4 COLLATE utf8mb4_0900_ai_ci NOT NULL,
	`description` VarChar( 250 ) CHARACTER SET utf8mb4 COLLATE utf8mb4_0900_ai_ci NULL,
	`state` VarChar( 50 ) CHARACTER SET utf8mb4 COLLATE utf8mb4_0900_ai_ci NULL DEFAULT 'SAVED',
	PRIMARY KEY ( `folderid` ) )
CHARACTER SET = utf8mb4
COLLATE = utf8mb4_0900_ai_ci
ENGINE = InnoDB
AUTO_INCREMENT = 12;
-- -------------------------------------------------------------


-- CREATE TABLE "vtiger_reportgroupbycolumn" -------------------
CREATE TABLE `vtiger_reportgroupbycolumn`( 
	`reportid` Int( 0 ) NULL DEFAULT NULL,
	`sortid` Int( 0 ) NULL DEFAULT NULL,
	`sortcolname` VarChar( 250 ) CHARACTER SET utf8mb4 COLLATE utf8mb4_0900_ai_ci NULL DEFAULT NULL,
	`dategroupbycriteria` VarChar( 250 ) CHARACTER SET utf8mb4 COLLATE utf8mb4_0900_ai_ci NULL DEFAULT NULL )
CHARACTER SET = utf8mb4
COLLATE = utf8mb4_0900_ai_ci
ENGINE = InnoDB;
-- -------------------------------------------------------------


-- CREATE TABLE "vtiger_reportmodules" -------------------------
CREATE TABLE `vtiger_reportmodules`( 
	`reportmodulesid` Int( 0 ) NOT NULL,
	`primarymodule` VarChar( 100 ) CHARACTER SET utf8mb4 COLLATE utf8mb4_0900_ai_ci NULL DEFAULT NULL,
	`secondarymodules` VarChar( 250 ) CHARACTER SET utf8mb4 COLLATE utf8mb4_0900_ai_ci NULL,
	PRIMARY KEY ( `reportmodulesid` ) )
CHARACTER SET = utf8mb4
COLLATE = utf8mb4_0900_ai_ci
ENGINE = InnoDB;
-- -------------------------------------------------------------


-- CREATE TABLE "vtiger_reportsharing" -------------------------
CREATE TABLE `vtiger_reportsharing`( 
	`reportid` Int( 0 ) NOT NULL,
	`shareid` Int( 0 ) NOT NULL,
	`setype` VarChar( 200 ) CHARACTER SET utf8mb4 COLLATE utf8mb4_0900_ai_ci NOT NULL )
CHARACTER SET = utf8mb4
COLLATE = utf8mb4_0900_ai_ci
ENGINE = InnoDB;
-- -------------------------------------------------------------


-- CREATE TABLE "vtiger_reportsortcol" -------------------------
CREATE TABLE `vtiger_reportsortcol`( 
	`sortcolid` Int( 0 ) NOT NULL,
	`reportid` Int( 0 ) NOT NULL,
	`columnname` VarChar( 250 ) CHARACTER SET utf8mb4 COLLATE utf8mb4_0900_ai_ci NULL,
	`sortorder` VarChar( 250 ) CHARACTER SET utf8mb4 COLLATE utf8mb4_0900_ai_ci NULL DEFAULT 'Asc',
	PRIMARY KEY ( `sortcolid`, `reportid` ) )
CHARACTER SET = utf8mb4
COLLATE = utf8mb4_0900_ai_ci
ENGINE = InnoDB;
-- -------------------------------------------------------------


-- CREATE TABLE "vtiger_reportsummary" -------------------------
CREATE TABLE `vtiger_reportsummary`( 
	`reportsummaryid` Int( 0 ) NOT NULL,
	`summarytype` Int( 0 ) NOT NULL,
	`columnname` VarChar( 250 ) CHARACTER SET utf8mb4 COLLATE utf8mb4_0900_ai_ci NOT NULL,
	PRIMARY KEY ( `reportsummaryid`, `summarytype`, `columnname` ) )
CHARACTER SET = utf8mb4
COLLATE = utf8mb4_0900_ai_ci
ENGINE = InnoDB;
-- -------------------------------------------------------------


-- CREATE TABLE "vtiger_reporttype" ----------------------------
CREATE TABLE `vtiger_reporttype`( 
	`reportid` Int( 0 ) NOT NULL,
	`data` Text CHARACTER SET utf8mb4 COLLATE utf8mb4_0900_ai_ci NULL DEFAULT NULL,
	PRIMARY KEY ( `reportid` ) )
CHARACTER SET = utf8mb4
COLLATE = utf8mb4_0900_ai_ci
ENGINE = InnoDB;
-- -------------------------------------------------------------


-- CREATE TABLE "vtiger_role" ----------------------------------
CREATE TABLE `vtiger_role`( 
	`roleid` VarChar( 255 ) CHARACTER SET utf8mb4 COLLATE utf8mb4_0900_ai_ci NOT NULL,
	`rolename` VarChar( 200 ) CHARACTER SET utf8mb4 COLLATE utf8mb4_0900_ai_ci NULL DEFAULT NULL,
	`parentrole` VarChar( 255 ) CHARACTER SET utf8mb4 COLLATE utf8mb4_0900_ai_ci NULL DEFAULT NULL,
	`depth` Int( 0 ) NULL DEFAULT NULL,
	`allowassignedrecordsto` Int( 0 ) NOT NULL DEFAULT 1,
	PRIMARY KEY ( `roleid` ) )
CHARACTER SET = utf8mb4
COLLATE = utf8mb4_0900_ai_ci
ENGINE = InnoDB;
-- -------------------------------------------------------------


-- CREATE TABLE "vtiger_role2picklist" -------------------------
CREATE TABLE `vtiger_role2picklist`( 
	`roleid` VarChar( 255 ) CHARACTER SET utf8mb4 COLLATE utf8mb4_0900_ai_ci NOT NULL,
	`picklistvalueid` Int( 0 ) NOT NULL,
	`picklistid` Int( 0 ) NOT NULL,
	`sortid` Int( 0 ) NULL DEFAULT NULL,
	PRIMARY KEY ( `roleid`, `picklistvalueid`, `picklistid` ) )
CHARACTER SET = utf8mb4
COLLATE = utf8mb4_0900_ai_ci
ENGINE = InnoDB;
-- -------------------------------------------------------------


-- CREATE TABLE "vtiger_role2profile" --------------------------
CREATE TABLE `vtiger_role2profile`( 
	`roleid` VarChar( 255 ) CHARACTER SET utf8mb4 COLLATE utf8mb4_0900_ai_ci NOT NULL,
	`profileid` Int( 0 ) NOT NULL,
	PRIMARY KEY ( `roleid`, `profileid` ) )
CHARACTER SET = utf8mb4
COLLATE = utf8mb4_0900_ai_ci
ENGINE = InnoDB;
-- -------------------------------------------------------------


-- CREATE TABLE "vtiger_role_seq" ------------------------------
CREATE TABLE `vtiger_role_seq`( 
	`id` Int( 0 ) NOT NULL )
CHARACTER SET = utf8mb4
COLLATE = utf8mb4_0900_ai_ci
ENGINE = InnoDB;
-- -------------------------------------------------------------


-- CREATE TABLE "vtiger_rollupcomments_settings" ---------------
CREATE TABLE `vtiger_rollupcomments_settings`( 
	`rollupid` Int( 0 ) AUTO_INCREMENT NOT NULL,
	`userid` Int( 0 ) NOT NULL,
	`tabid` Int( 0 ) NOT NULL,
	`rollup_status` Int( 0 ) NOT NULL DEFAULT 0,
	PRIMARY KEY ( `rollupid` ) )
CHARACTER SET = utf8mb3
COLLATE = utf8mb3_general_ci
ENGINE = InnoDB
AUTO_INCREMENT = 2;
-- -------------------------------------------------------------


-- CREATE TABLE "vtiger_rowheight" -----------------------------
CREATE TABLE `vtiger_rowheight`( 
	`rowheightid` Int( 0 ) AUTO_INCREMENT NOT NULL,
	`rowheight` VarChar( 200 ) CHARACTER SET utf8mb3 COLLATE utf8mb3_general_ci NOT NULL,
	`sortorderid` Int( 0 ) NULL DEFAULT NULL,
	`presence` Int( 0 ) NOT NULL DEFAULT 1,
	PRIMARY KEY ( `rowheightid` ) )
CHARACTER SET = utf8mb3
COLLATE = utf8mb3_general_ci
ENGINE = InnoDB
AUTO_INCREMENT = 4;
-- -------------------------------------------------------------


-- CREATE TABLE "vtiger_rowheight_seq" -------------------------
CREATE TABLE `vtiger_rowheight_seq`( 
	`id` Int( 0 ) NOT NULL )
CHARACTER SET = utf8mb4
COLLATE = utf8mb4_0900_ai_ci
ENGINE = InnoDB;
-- -------------------------------------------------------------


-- CREATE TABLE "vtiger_rss" -----------------------------------
CREATE TABLE `vtiger_rss`( 
	`rssid` Int( 0 ) NOT NULL,
	`rssurl` VarChar( 200 ) CHARACTER SET utf8mb4 COLLATE utf8mb4_0900_ai_ci NOT NULL,
	`rsstitle` VarChar( 200 ) CHARACTER SET utf8mb4 COLLATE utf8mb4_0900_ai_ci NULL DEFAULT NULL,
	`rsstype` Int( 0 ) NULL DEFAULT 0,
	`starred` Int( 0 ) NULL DEFAULT 0,
	PRIMARY KEY ( `rssid` ) )
CHARACTER SET = utf8mb4
COLLATE = utf8mb4_0900_ai_ci
ENGINE = InnoDB;
-- -------------------------------------------------------------


-- CREATE TABLE "vtiger_sales_stage" ---------------------------
CREATE TABLE `vtiger_sales_stage`( 
	`sales_stage_id` Int( 0 ) AUTO_INCREMENT NOT NULL,
	`sales_stage` VarChar( 200 ) CHARACTER SET utf8mb4 COLLATE utf8mb4_0900_ai_ci NULL DEFAULT NULL,
	`presence` Int( 0 ) NOT NULL DEFAULT 1,
	`picklist_valueid` Int( 0 ) NOT NULL DEFAULT 0,
	`sortorderid` Int( 0 ) NULL DEFAULT NULL,
	`color` VarChar( 10 ) CHARACTER SET utf8mb4 COLLATE utf8mb4_0900_ai_ci NULL DEFAULT NULL,
	PRIMARY KEY ( `sales_stage_id` ) )
CHARACTER SET = utf8mb4
COLLATE = utf8mb4_0900_ai_ci
ENGINE = InnoDB
AUTO_INCREMENT = 11;
-- -------------------------------------------------------------


-- CREATE TABLE "vtiger_sales_stage_seq" -----------------------
CREATE TABLE `vtiger_sales_stage_seq`( 
	`id` Int( 0 ) NOT NULL )
CHARACTER SET = utf8mb4
COLLATE = utf8mb4_0900_ai_ci
ENGINE = InnoDB;
-- -------------------------------------------------------------


-- CREATE TABLE "vtiger_salesmanactivityrel" -------------------
CREATE TABLE `vtiger_salesmanactivityrel`( 
	`smid` Int( 0 ) NOT NULL DEFAULT 0,
	`activityid` Int( 0 ) NOT NULL DEFAULT 0,
	PRIMARY KEY ( `smid`, `activityid` ) )
CHARACTER SET = utf8mb4
COLLATE = utf8mb4_0900_ai_ci
ENGINE = InnoDB;
-- -------------------------------------------------------------


-- CREATE TABLE "vtiger_salesmanattachmentsrel" ----------------
CREATE TABLE `vtiger_salesmanattachmentsrel`( 
	`smid` Int( 0 ) NOT NULL DEFAULT 0,
	`attachmentsid` Int( 0 ) NOT NULL DEFAULT 0,
	PRIMARY KEY ( `smid`, `attachmentsid` ) )
CHARACTER SET = utf8mb4
COLLATE = utf8mb4_0900_ai_ci
ENGINE = InnoDB;
-- -------------------------------------------------------------


-- CREATE TABLE "vtiger_salesmanticketrel" ---------------------
CREATE TABLE `vtiger_salesmanticketrel`( 
	`smid` Int( 0 ) NOT NULL DEFAULT 0,
	`id` Int( 0 ) NOT NULL DEFAULT 0,
	PRIMARY KEY ( `smid`, `id` ) )
CHARACTER SET = utf8mb4
COLLATE = utf8mb4_0900_ai_ci
ENGINE = InnoDB;
-- -------------------------------------------------------------


-- CREATE TABLE "vtiger_salesorder" ----------------------------
CREATE TABLE `vtiger_salesorder`( 
	`salesorderid` Int( 0 ) NOT NULL DEFAULT 0,
	`subject` VarChar( 100 ) CHARACTER SET utf8mb4 COLLATE utf8mb4_0900_ai_ci NULL DEFAULT NULL,
	`potentialid` Int( 0 ) NULL DEFAULT NULL,
	`customerno` VarChar( 100 ) CHARACTER SET utf8mb4 COLLATE utf8mb4_0900_ai_ci NULL DEFAULT NULL,
	`salesorder_no` VarChar( 100 ) CHARACTER SET utf8mb4 COLLATE utf8mb4_0900_ai_ci NULL DEFAULT NULL,
	`quoteid` Int( 0 ) NULL DEFAULT NULL,
	`vendorterms` VarChar( 100 ) CHARACTER SET utf8mb4 COLLATE utf8mb4_0900_ai_ci NULL DEFAULT NULL,
	`contactid` Int( 0 ) NULL DEFAULT NULL,
	`vendorid` Int( 0 ) NULL DEFAULT NULL,
	`duedate` Date NULL DEFAULT NULL,
	`carrier` VarChar( 200 ) CHARACTER SET utf8mb4 COLLATE utf8mb4_0900_ai_ci NULL DEFAULT NULL,
	`pending` VarChar( 200 ) CHARACTER SET utf8mb4 COLLATE utf8mb4_0900_ai_ci NULL DEFAULT NULL,
	`type` VarChar( 100 ) CHARACTER SET utf8mb4 COLLATE utf8mb4_0900_ai_ci NULL DEFAULT NULL,
	`adjustment` Decimal( 25, 8 ) NULL DEFAULT NULL,
	`salescommission` Decimal( 25, 3 ) NULL DEFAULT NULL,
	`exciseduty` Decimal( 25, 3 ) NULL DEFAULT NULL,
	`total` Decimal( 25, 8 ) NULL DEFAULT NULL,
	`subtotal` Decimal( 25, 8 ) NULL DEFAULT NULL,
	`taxtype` VarChar( 25 ) CHARACTER SET utf8mb4 COLLATE utf8mb4_0900_ai_ci NULL DEFAULT NULL,
	`discount_percent` Decimal( 25, 3 ) NULL DEFAULT NULL,
	`discount_amount` Decimal( 25, 8 ) NULL DEFAULT NULL,
	`s_h_amount` Decimal( 25, 8 ) NULL DEFAULT NULL,
	`accountid` Int( 0 ) NULL DEFAULT NULL,
	`terms_conditions` Text CHARACTER SET utf8mb4 COLLATE utf8mb4_0900_ai_ci NULL DEFAULT NULL,
	`purchaseorder` VarChar( 200 ) CHARACTER SET utf8mb4 COLLATE utf8mb4_0900_ai_ci NULL DEFAULT NULL,
	`sostatus` VarChar( 200 ) CHARACTER SET utf8mb4 COLLATE utf8mb4_0900_ai_ci NULL DEFAULT NULL,
	`currency_id` Int( 0 ) NOT NULL DEFAULT 1,
	`conversion_rate` Decimal( 10, 3 ) NOT NULL DEFAULT 1.000,
	`enable_recurring` Int( 0 ) NULL DEFAULT 0,
	`compound_taxes_info` Text CHARACTER SET utf8mb4 COLLATE utf8mb4_0900_ai_ci NULL DEFAULT NULL,
	`pre_tax_total` Decimal( 25, 8 ) NULL DEFAULT NULL,
	`s_h_percent` Decimal( 25, 3 ) NULL DEFAULT NULL,
	`tags` VarChar( 1 ) CHARACTER SET utf8mb4 COLLATE utf8mb4_0900_ai_ci NULL DEFAULT NULL,
	`region_id` Int( 0 ) NULL DEFAULT NULL,
	PRIMARY KEY ( `salesorderid` ) )
CHARACTER SET = utf8mb4
COLLATE = utf8mb4_0900_ai_ci
ENGINE = InnoDB;
-- -------------------------------------------------------------


-- CREATE TABLE "vtiger_salesordercf" --------------------------
CREATE TABLE `vtiger_salesordercf`( 
	`salesorderid` Int( 0 ) NOT NULL DEFAULT 0,
	PRIMARY KEY ( `salesorderid` ) )
CHARACTER SET = utf8mb4
COLLATE = utf8mb4_0900_ai_ci
ENGINE = InnoDB;
-- -------------------------------------------------------------


-- CREATE TABLE "vtiger_salutationtype" ------------------------
CREATE TABLE `vtiger_salutationtype`( 
	`salutationid` Int( 0 ) AUTO_INCREMENT NOT NULL,
	`salutationtype` VarChar( 200 ) CHARACTER SET utf8mb4 COLLATE utf8mb4_0900_ai_ci NOT NULL,
	`presence` Int( 0 ) NOT NULL DEFAULT 1,
	`picklist_valueid` Int( 0 ) NOT NULL DEFAULT 0,
	`sortorderid` Int( 0 ) NULL DEFAULT NULL,
	`color` VarChar( 10 ) CHARACTER SET utf8mb4 COLLATE utf8mb4_0900_ai_ci NULL DEFAULT NULL,
	PRIMARY KEY ( `salutationid` ) )
CHARACTER SET = utf8mb4
COLLATE = utf8mb4_0900_ai_ci
ENGINE = InnoDB
AUTO_INCREMENT = 7;
-- -------------------------------------------------------------


-- CREATE TABLE "vtiger_salutationtype_seq" --------------------
CREATE TABLE `vtiger_salutationtype_seq`( 
	`id` Int( 0 ) NOT NULL )
CHARACTER SET = utf8mb4
COLLATE = utf8mb4_0900_ai_ci
ENGINE = InnoDB;
-- -------------------------------------------------------------


-- CREATE TABLE "vtiger_scheduled_reports" ---------------------
CREATE TABLE `vtiger_scheduled_reports`( 
	`reportid` Int( 0 ) NOT NULL,
	`recipients` Text CHARACTER SET utf8mb4 COLLATE utf8mb4_0900_ai_ci NULL DEFAULT NULL,
	`schedule` Text CHARACTER SET utf8mb4 COLLATE utf8mb4_0900_ai_ci NULL DEFAULT NULL,
	`format` VarChar( 10 ) CHARACTER SET utf8mb4 COLLATE utf8mb4_0900_ai_ci NULL DEFAULT NULL,
	`next_trigger_time` Timestamp NULL DEFAULT NULL,
	PRIMARY KEY ( `reportid` ) )
CHARACTER SET = utf8mb4
COLLATE = utf8mb4_0900_ai_ci
ENGINE = InnoDB;
-- -------------------------------------------------------------


-- CREATE TABLE "vtiger_schedulereports" -----------------------
CREATE TABLE `vtiger_schedulereports`( 
	`reportid` Int( 0 ) NULL DEFAULT NULL,
	`scheduleid` Int( 0 ) NULL DEFAULT NULL,
	`recipients` Text CHARACTER SET utf8mb3 COLLATE utf8mb3_general_ci NULL DEFAULT NULL,
	`schdate` VarChar( 20 ) CHARACTER SET utf8mb3 COLLATE utf8mb3_general_ci NULL DEFAULT NULL,
	`schtime` Time NULL DEFAULT NULL,
	`schdayoftheweek` VarChar( 100 ) CHARACTER SET utf8mb3 COLLATE utf8mb3_general_ci NULL DEFAULT NULL,
	`schdayofthemonth` VarChar( 100 ) CHARACTER SET utf8mb3 COLLATE utf8mb3_general_ci NULL DEFAULT NULL,
	`schannualdates` VarChar( 500 ) CHARACTER SET utf8mb3 COLLATE utf8mb3_general_ci NULL DEFAULT NULL,
	`specificemails` VarChar( 500 ) CHARACTER SET utf8mb3 COLLATE utf8mb3_general_ci NULL DEFAULT NULL,
	`next_trigger_time` Timestamp NULL DEFAULT CURRENT_TIMESTAMP,
	`fileformat` VarChar( 10 ) CHARACTER SET utf8mb3 COLLATE utf8mb3_general_ci NULL DEFAULT 'CSV' )
CHARACTER SET = utf8mb3
COLLATE = utf8mb3_general_ci
ENGINE = InnoDB;
-- -------------------------------------------------------------


-- CREATE TABLE "vtiger_seactivityrel" -------------------------
CREATE TABLE `vtiger_seactivityrel`( 
	`crmid` Int( 0 ) NOT NULL,
	`activityid` Int( 0 ) NOT NULL,
	PRIMARY KEY ( `crmid`, `activityid` ) )
CHARACTER SET = utf8mb4
COLLATE = utf8mb4_0900_ai_ci
ENGINE = InnoDB;
-- -------------------------------------------------------------


-- CREATE TABLE "vtiger_seactivityrel_seq" ---------------------
CREATE TABLE `vtiger_seactivityrel_seq`( 
	`id` Int( 0 ) NOT NULL )
CHARACTER SET = utf8mb4
COLLATE = utf8mb4_0900_ai_ci
ENGINE = InnoDB;
-- -------------------------------------------------------------


-- CREATE TABLE "vtiger_seattachmentsrel" ----------------------
CREATE TABLE `vtiger_seattachmentsrel`( 
	`crmid` Int( 0 ) NOT NULL DEFAULT 0,
	`attachmentsid` Int( 0 ) NOT NULL DEFAULT 0,
	PRIMARY KEY ( `crmid`, `attachmentsid` ) )
CHARACTER SET = utf8mb4
COLLATE = utf8mb4_0900_ai_ci
ENGINE = InnoDB;
-- -------------------------------------------------------------


-- CREATE TABLE "vtiger_selectcolumn" --------------------------
CREATE TABLE `vtiger_selectcolumn`( 
	`queryid` Int( 0 ) NOT NULL,
	`columnindex` Int( 0 ) NOT NULL DEFAULT 0,
	`columnname` VarChar( 250 ) CHARACTER SET utf8mb4 COLLATE utf8mb4_0900_ai_ci NULL,
	PRIMARY KEY ( `queryid`, `columnindex` ) )
CHARACTER SET = utf8mb4
COLLATE = utf8mb4_0900_ai_ci
ENGINE = InnoDB;
-- -------------------------------------------------------------


-- CREATE TABLE "vtiger_selectquery" ---------------------------
CREATE TABLE `vtiger_selectquery`( 
	`queryid` Int( 0 ) NOT NULL,
	`startindex` Int( 0 ) NULL DEFAULT 0,
	`numofobjects` Int( 0 ) NULL DEFAULT 0,
	PRIMARY KEY ( `queryid` ) )
CHARACTER SET = utf8mb4
COLLATE = utf8mb4_0900_ai_ci
ENGINE = InnoDB;
-- -------------------------------------------------------------


-- CREATE TABLE "vtiger_selectquery_seq" -----------------------
CREATE TABLE `vtiger_selectquery_seq`( 
	`id` Int( 0 ) NOT NULL )
CHARACTER SET = utf8mb4
COLLATE = utf8mb4_0900_ai_ci
ENGINE = InnoDB;
-- -------------------------------------------------------------


-- CREATE TABLE "vtiger_senotesrel" ----------------------------
CREATE TABLE `vtiger_senotesrel`( 
	`crmid` Int( 0 ) NOT NULL DEFAULT 0,
	`notesid` Int( 0 ) NOT NULL DEFAULT 0,
	PRIMARY KEY ( `crmid`, `notesid` ) )
CHARACTER SET = utf8mb4
COLLATE = utf8mb4_0900_ai_ci
ENGINE = InnoDB;
-- -------------------------------------------------------------


-- CREATE TABLE "vtiger_seproductsrel" -------------------------
CREATE TABLE `vtiger_seproductsrel`( 
	`crmid` Int( 0 ) NOT NULL DEFAULT 0,
	`productid` Int( 0 ) NOT NULL DEFAULT 0,
	`setype` VarChar( 30 ) CHARACTER SET utf8mb4 COLLATE utf8mb4_0900_ai_ci NOT NULL,
	`quantity` Int( 0 ) NULL DEFAULT 1,
	PRIMARY KEY ( `crmid`, `productid` ) )
CHARACTER SET = utf8mb4
COLLATE = utf8mb4_0900_ai_ci
ENGINE = InnoDB;
-- -------------------------------------------------------------


-- CREATE TABLE "vtiger_service" -------------------------------
CREATE TABLE `vtiger_service`( 
	`serviceid` Int( 0 ) NOT NULL,
	`service_no` VarChar( 100 ) CHARACTER SET utf8mb3 COLLATE utf8mb3_general_ci NOT NULL,
	`servicename` VarChar( 255 ) CHARACTER SET utf8mb3 COLLATE utf8mb3_general_ci NOT NULL,
	`servicecategory` VarChar( 200 ) CHARACTER SET utf8mb3 COLLATE utf8mb3_general_ci NULL DEFAULT NULL,
	`qty_per_unit` Decimal( 11, 2 ) NULL DEFAULT 0.00,
	`unit_price` Decimal( 25, 8 ) NULL DEFAULT NULL,
	`sales_start_date` Date NULL DEFAULT NULL,
	`sales_end_date` Date NULL DEFAULT NULL,
	`start_date` Date NULL DEFAULT NULL,
	`expiry_date` Date NULL DEFAULT NULL,
	`discontinued` Int( 0 ) NOT NULL DEFAULT 0,
	`service_usageunit` VarChar( 200 ) CHARACTER SET utf8mb3 COLLATE utf8mb3_general_ci NULL DEFAULT NULL,
	`website` VarChar( 100 ) CHARACTER SET utf8mb3 COLLATE utf8mb3_general_ci NULL DEFAULT NULL,
	`taxclass` VarChar( 200 ) CHARACTER SET utf8mb3 COLLATE utf8mb3_general_ci NULL DEFAULT NULL,
	`currency_id` Int( 0 ) NOT NULL DEFAULT 1,
	`commissionrate` Decimal( 7, 3 ) NULL DEFAULT NULL,
	`tags` VarChar( 1 ) CHARACTER SET utf8mb3 COLLATE utf8mb3_general_ci NULL DEFAULT NULL,
	`purchase_cost` Decimal( 27, 8 ) NULL DEFAULT NULL,
	PRIMARY KEY ( `serviceid` ) )
CHARACTER SET = utf8mb3
COLLATE = utf8mb3_general_ci
ENGINE = InnoDB;
-- -------------------------------------------------------------


-- CREATE TABLE "vtiger_service_usageunit" ---------------------
CREATE TABLE `vtiger_service_usageunit`( 
	`service_usageunitid` Int( 0 ) AUTO_INCREMENT NOT NULL,
	`service_usageunit` VarChar( 200 ) CHARACTER SET utf8mb3 COLLATE utf8mb3_general_ci NOT NULL,
	`presence` Int( 0 ) NOT NULL DEFAULT 1,
	`picklist_valueid` Int( 0 ) NOT NULL DEFAULT 0,
	`sortorderid` Int( 0 ) NULL DEFAULT 0,
	`color` VarChar( 10 ) CHARACTER SET utf8mb3 COLLATE utf8mb3_general_ci NULL DEFAULT NULL,
	PRIMARY KEY ( `service_usageunitid` ) )
CHARACTER SET = utf8mb3
COLLATE = utf8mb3_general_ci
ENGINE = InnoDB
AUTO_INCREMENT = 3;
-- -------------------------------------------------------------


-- CREATE TABLE "vtiger_service_usageunit_seq" -----------------
CREATE TABLE `vtiger_service_usageunit_seq`( 
	`id` Int( 0 ) NOT NULL )
CHARACTER SET = utf8mb4
COLLATE = utf8mb4_0900_ai_ci
ENGINE = InnoDB;
-- -------------------------------------------------------------


-- CREATE TABLE "vtiger_servicecategory" -----------------------
CREATE TABLE `vtiger_servicecategory`( 
	`servicecategoryid` Int( 0 ) AUTO_INCREMENT NOT NULL,
	`servicecategory` VarChar( 200 ) CHARACTER SET utf8mb3 COLLATE utf8mb3_general_ci NOT NULL,
	`presence` Int( 0 ) NOT NULL DEFAULT 1,
	`picklist_valueid` Int( 0 ) NOT NULL DEFAULT 0,
	`sortorderid` Int( 0 ) NULL DEFAULT 0,
	`color` VarChar( 10 ) CHARACTER SET utf8mb3 COLLATE utf8mb3_general_ci NULL DEFAULT NULL,
	PRIMARY KEY ( `servicecategoryid` ) )
CHARACTER SET = utf8mb3
COLLATE = utf8mb3_general_ci
ENGINE = InnoDB
AUTO_INCREMENT = 6;
-- -------------------------------------------------------------


-- CREATE TABLE "vtiger_servicecategory_seq" -------------------
CREATE TABLE `vtiger_servicecategory_seq`( 
	`id` Int( 0 ) NOT NULL )
CHARACTER SET = utf8mb4
COLLATE = utf8mb4_0900_ai_ci
ENGINE = InnoDB;
-- -------------------------------------------------------------


-- CREATE TABLE "vtiger_servicecf" -----------------------------
CREATE TABLE `vtiger_servicecf`( 
	`serviceid` Int( 0 ) NOT NULL DEFAULT 0,
	PRIMARY KEY ( `serviceid` ) )
CHARACTER SET = utf8mb3
COLLATE = utf8mb3_general_ci
ENGINE = InnoDB;
-- -------------------------------------------------------------


-- CREATE TABLE "vtiger_servicecontracts" ----------------------
CREATE TABLE `vtiger_servicecontracts`( 
	`servicecontractsid` Int( 0 ) NULL DEFAULT NULL,
	`start_date` Date NULL DEFAULT NULL,
	`end_date` Date NULL DEFAULT NULL,
	`sc_related_to` Int( 0 ) NULL DEFAULT NULL,
	`tracking_unit` VarChar( 100 ) CHARACTER SET utf8mb3 COLLATE utf8mb3_general_ci NULL DEFAULT NULL,
	`total_units` Decimal( 5, 2 ) NULL DEFAULT NULL,
	`used_units` Decimal( 5, 2 ) NULL DEFAULT NULL,
	`subject` VarChar( 100 ) CHARACTER SET utf8mb3 COLLATE utf8mb3_general_ci NULL DEFAULT NULL,
	`due_date` Date NULL DEFAULT NULL,
	`planned_duration` VarChar( 256 ) CHARACTER SET utf8mb3 COLLATE utf8mb3_general_ci NULL DEFAULT NULL,
	`actual_duration` VarChar( 256 ) CHARACTER SET utf8mb3 COLLATE utf8mb3_general_ci NULL DEFAULT NULL,
	`contract_status` VarChar( 200 ) CHARACTER SET utf8mb3 COLLATE utf8mb3_general_ci NULL DEFAULT NULL,
	`priority` VarChar( 200 ) CHARACTER SET utf8mb3 COLLATE utf8mb3_general_ci NULL DEFAULT NULL,
	`contract_type` VarChar( 200 ) CHARACTER SET utf8mb3 COLLATE utf8mb3_general_ci NULL DEFAULT NULL,
	`progress` Decimal( 5, 2 ) NULL DEFAULT NULL,
	`contract_no` VarChar( 100 ) CHARACTER SET utf8mb3 COLLATE utf8mb3_general_ci NULL DEFAULT NULL,
	`tags` VarChar( 1 ) CHARACTER SET utf8mb3 COLLATE utf8mb3_general_ci NULL DEFAULT NULL,
	`cf_potentials_id` Int( 0 ) NULL DEFAULT NULL )
CHARACTER SET = utf8mb3
COLLATE = utf8mb3_general_ci
ENGINE = InnoDB;
-- -------------------------------------------------------------


-- CREATE TABLE "vtiger_servicecontractscf" --------------------
CREATE TABLE `vtiger_servicecontractscf`( 
	`servicecontractsid` Int( 0 ) NOT NULL,
	PRIMARY KEY ( `servicecontractsid` ) )
CHARACTER SET = utf8mb3
COLLATE = utf8mb3_general_ci
ENGINE = InnoDB;
-- -------------------------------------------------------------


-- CREATE TABLE "vtiger_seticketsrel" --------------------------
CREATE TABLE `vtiger_seticketsrel`( 
	`crmid` Int( 0 ) NOT NULL DEFAULT 0,
	`ticketid` Int( 0 ) NOT NULL DEFAULT 0,
	PRIMARY KEY ( `crmid`, `ticketid` ) )
CHARACTER SET = utf8mb4
COLLATE = utf8mb4_0900_ai_ci
ENGINE = InnoDB;
-- -------------------------------------------------------------


-- CREATE TABLE "vtiger_settings_blocks" -----------------------
CREATE TABLE `vtiger_settings_blocks`( 
	`blockid` Int( 0 ) NOT NULL,
	`label` VarChar( 250 ) CHARACTER SET utf8mb4 COLLATE utf8mb4_0900_ai_ci NULL DEFAULT NULL,
	`sequence` Int( 0 ) NULL DEFAULT NULL,
	PRIMARY KEY ( `blockid` ) )
CHARACTER SET = utf8mb4
COLLATE = utf8mb4_0900_ai_ci
ENGINE = InnoDB;
-- -------------------------------------------------------------


-- CREATE TABLE "vtiger_settings_blocks_seq" -------------------
CREATE TABLE `vtiger_settings_blocks_seq`( 
	`id` Int( 0 ) NOT NULL )
CHARACTER SET = utf8mb4
COLLATE = utf8mb4_0900_ai_ci
ENGINE = InnoDB;
-- -------------------------------------------------------------


-- CREATE TABLE "vtiger_settings_field" ------------------------
CREATE TABLE `vtiger_settings_field`( 
	`fieldid` Int( 0 ) NOT NULL,
	`blockid` Int( 0 ) NULL DEFAULT NULL,
	`name` VarChar( 250 ) CHARACTER SET utf8mb4 COLLATE utf8mb4_0900_ai_ci NULL DEFAULT NULL,
	`iconpath` VarChar( 300 ) CHARACTER SET utf8mb4 COLLATE utf8mb4_0900_ai_ci NULL DEFAULT NULL,
	`description` Text CHARACTER SET utf8mb4 COLLATE utf8mb4_0900_ai_ci NULL DEFAULT NULL,
	`linkto` Text CHARACTER SET utf8mb4 COLLATE utf8mb4_0900_ai_ci NULL DEFAULT NULL,
	`sequence` Int( 0 ) NULL DEFAULT NULL,
	`active` Int( 0 ) NULL DEFAULT 0,
	`pinned` Int( 0 ) NULL DEFAULT 0,
	PRIMARY KEY ( `fieldid` ) )
CHARACTER SET = utf8mb4
COLLATE = utf8mb4_0900_ai_ci
ENGINE = InnoDB;
-- -------------------------------------------------------------


-- CREATE TABLE "vtiger_settings_field_seq" --------------------
CREATE TABLE `vtiger_settings_field_seq`( 
	`id` Int( 0 ) NOT NULL )
CHARACTER SET = utf8mb4
COLLATE = utf8mb4_0900_ai_ci
ENGINE = InnoDB;
-- -------------------------------------------------------------


-- CREATE TABLE "vtiger_sharedcalendar" ------------------------
CREATE TABLE `vtiger_sharedcalendar`( 
	`userid` Int( 0 ) NOT NULL,
	`sharedid` Int( 0 ) NOT NULL,
	PRIMARY KEY ( `userid`, `sharedid` ) )
CHARACTER SET = utf8mb4
COLLATE = utf8mb4_0900_ai_ci
ENGINE = InnoDB;
-- -------------------------------------------------------------


-- CREATE TABLE "vtiger_shareduserinfo" ------------------------
CREATE TABLE `vtiger_shareduserinfo`( 
	`userid` Int( 0 ) NOT NULL DEFAULT 0,
	`shareduserid` Int( 0 ) NOT NULL DEFAULT 0,
	`color` VarChar( 50 ) CHARACTER SET utf8mb4 COLLATE utf8mb4_0900_ai_ci NULL DEFAULT NULL,
	`visible` Int( 0 ) NULL DEFAULT 1 )
CHARACTER SET = utf8mb4
COLLATE = utf8mb4_0900_ai_ci
ENGINE = InnoDB;
-- -------------------------------------------------------------


-- CREATE TABLE "vtiger_shippingtaxinfo" -----------------------
CREATE TABLE `vtiger_shippingtaxinfo`( 
	`taxid` Int( 0 ) NOT NULL,
	`taxname` VarChar( 50 ) CHARACTER SET utf8mb4 COLLATE utf8mb4_0900_ai_ci NULL DEFAULT NULL,
	`taxlabel` VarChar( 50 ) CHARACTER SET utf8mb4 COLLATE utf8mb4_0900_ai_ci NULL DEFAULT NULL,
	`percentage` Decimal( 7, 3 ) NULL DEFAULT NULL,
	`deleted` Int( 0 ) NULL DEFAULT NULL,
	`method` VarChar( 10 ) CHARACTER SET utf8mb4 COLLATE utf8mb4_0900_ai_ci NULL DEFAULT NULL,
	`type` VarChar( 10 ) CHARACTER SET utf8mb4 COLLATE utf8mb4_0900_ai_ci NULL DEFAULT NULL,
	`compoundon` VarChar( 400 ) CHARACTER SET utf8mb4 COLLATE utf8mb4_0900_ai_ci NULL DEFAULT NULL,
	`regions` Text CHARACTER SET utf8mb4 COLLATE utf8mb4_0900_ai_ci NULL DEFAULT NULL,
	PRIMARY KEY ( `taxid` ) )
CHARACTER SET = utf8mb4
COLLATE = utf8mb4_0900_ai_ci
ENGINE = InnoDB;
-- -------------------------------------------------------------


-- CREATE TABLE "vtiger_shippingtaxinfo_seq" -------------------
CREATE TABLE `vtiger_shippingtaxinfo_seq`( 
	`id` Int( 0 ) NOT NULL )
CHARACTER SET = utf8mb4
COLLATE = utf8mb4_0900_ai_ci
ENGINE = InnoDB;
-- -------------------------------------------------------------


-- CREATE TABLE "vtiger_shorturls" -----------------------------
CREATE TABLE `vtiger_shorturls`( 
	`id` Int( 0 ) AUTO_INCREMENT NOT NULL,
	`uid` VarChar( 50 ) CHARACTER SET utf8mb3 COLLATE utf8mb3_general_ci NULL DEFAULT NULL,
	`handler_path` VarChar( 400 ) CHARACTER SET utf8mb3 COLLATE utf8mb3_general_ci NULL DEFAULT NULL,
	`handler_class` VarChar( 100 ) CHARACTER SET utf8mb3 COLLATE utf8mb3_general_ci NULL DEFAULT NULL,
	`handler_function` VarChar( 100 ) CHARACTER SET utf8mb3 COLLATE utf8mb3_general_ci NULL DEFAULT NULL,
	`handler_data` VarChar( 255 ) CHARACTER SET utf8mb3 COLLATE utf8mb3_general_ci NULL DEFAULT NULL,
	`onetime` Int( 0 ) NULL DEFAULT NULL,
	PRIMARY KEY ( `id` ) )
CHARACTER SET = utf8mb3
COLLATE = utf8mb3_general_ci
ENGINE = InnoDB
AUTO_INCREMENT = 58;
-- -------------------------------------------------------------


-- CREATE TABLE "vtiger_smsnotifier" ---------------------------
CREATE TABLE `vtiger_smsnotifier`( 
	`smsnotifierid` Int( 0 ) NOT NULL,
	`message` Text CHARACTER SET utf8mb3 COLLATE utf8mb3_general_ci NULL DEFAULT NULL,
	`status` VarChar( 100 ) CHARACTER SET utf8mb3 COLLATE utf8mb3_general_ci NULL DEFAULT NULL,
	PRIMARY KEY ( `smsnotifierid` ) )
CHARACTER SET = utf8mb3
COLLATE = utf8mb3_general_ci
ENGINE = InnoDB;
-- -------------------------------------------------------------


-- CREATE TABLE "vtiger_smsnotifier_servers" -------------------
CREATE TABLE `vtiger_smsnotifier_servers`( 
	`id` Int( 0 ) AUTO_INCREMENT NOT NULL,
	`password` VarChar( 255 ) CHARACTER SET utf8mb3 COLLATE utf8mb3_general_ci NULL DEFAULT NULL,
	`isactive` Int( 0 ) NULL DEFAULT NULL,
	`providertype` VarChar( 50 ) CHARACTER SET utf8mb3 COLLATE utf8mb3_general_ci NULL DEFAULT NULL,
	`username` VarChar( 255 ) CHARACTER SET utf8mb3 COLLATE utf8mb3_general_ci NULL DEFAULT NULL,
	`parameters` Text CHARACTER SET utf8mb3 COLLATE utf8mb3_general_ci NULL DEFAULT NULL,
	PRIMARY KEY ( `id` ) )
CHARACTER SET = utf8mb3
COLLATE = utf8mb3_general_ci
ENGINE = InnoDB;
-- -------------------------------------------------------------


-- CREATE TABLE "vtiger_smsnotifier_status" --------------------
CREATE TABLE `vtiger_smsnotifier_status`( 
	`smsnotifierid` Int( 0 ) NULL DEFAULT NULL,
	`tonumber` VarChar( 20 ) CHARACTER SET utf8mb3 COLLATE utf8mb3_general_ci NULL DEFAULT NULL,
	`status` VarChar( 10 ) CHARACTER SET utf8mb3 COLLATE utf8mb3_general_ci NULL DEFAULT NULL,
	`smsmessageid` VarChar( 50 ) CHARACTER SET utf8mb3 COLLATE utf8mb3_general_ci NULL DEFAULT NULL,
	`needlookup` Int( 0 ) NULL DEFAULT 1,
	`statusid` Int( 0 ) AUTO_INCREMENT NOT NULL,
	`statusmessage` VarChar( 100 ) CHARACTER SET utf8mb3 COLLATE utf8mb3_general_ci NULL DEFAULT NULL,
	PRIMARY KEY ( `statusid` ) )
CHARACTER SET = utf8mb3
COLLATE = utf8mb3_general_ci
ENGINE = InnoDB;
-- -------------------------------------------------------------


-- CREATE TABLE "vtiger_smsnotifiercf" -------------------------
CREATE TABLE `vtiger_smsnotifiercf`( 
	`smsnotifierid` Int( 0 ) NOT NULL,
	PRIMARY KEY ( `smsnotifierid` ) )
CHARACTER SET = utf8mb3
COLLATE = utf8mb3_general_ci
ENGINE = InnoDB;
-- -------------------------------------------------------------


-- CREATE TABLE "vtiger_soapservice" ---------------------------
CREATE TABLE `vtiger_soapservice`( 
	`id` Int( 0 ) NULL DEFAULT NULL,
	`type` VarChar( 25 ) CHARACTER SET utf8mb4 COLLATE utf8mb4_0900_ai_ci NULL DEFAULT NULL,
	`sessionid` VarChar( 100 ) CHARACTER SET utf8mb4 COLLATE utf8mb4_0900_ai_ci NULL DEFAULT NULL )
CHARACTER SET = utf8mb4
COLLATE = utf8mb4_0900_ai_ci
ENGINE = InnoDB;
-- -------------------------------------------------------------


-- CREATE TABLE "vtiger_sobillads" -----------------------------
CREATE TABLE `vtiger_sobillads`( 
	`sobilladdressid` Int( 0 ) NOT NULL DEFAULT 0,
	`bill_city` VarChar( 30 ) CHARACTER SET utf8mb4 COLLATE utf8mb4_0900_ai_ci NULL DEFAULT NULL,
	`bill_code` VarChar( 30 ) CHARACTER SET utf8mb4 COLLATE utf8mb4_0900_ai_ci NULL DEFAULT NULL,
	`bill_country` VarChar( 30 ) CHARACTER SET utf8mb4 COLLATE utf8mb4_0900_ai_ci NULL DEFAULT NULL,
	`bill_state` VarChar( 30 ) CHARACTER SET utf8mb4 COLLATE utf8mb4_0900_ai_ci NULL DEFAULT NULL,
	`bill_street` VarChar( 250 ) CHARACTER SET utf8mb4 COLLATE utf8mb4_0900_ai_ci NULL DEFAULT NULL,
	`bill_pobox` VarChar( 30 ) CHARACTER SET utf8mb4 COLLATE utf8mb4_0900_ai_ci NULL DEFAULT NULL,
	PRIMARY KEY ( `sobilladdressid` ) )
CHARACTER SET = utf8mb4
COLLATE = utf8mb4_0900_ai_ci
ENGINE = InnoDB;
-- -------------------------------------------------------------


-- CREATE TABLE "vtiger_soshipads" -----------------------------
CREATE TABLE `vtiger_soshipads`( 
	`soshipaddressid` Int( 0 ) NOT NULL DEFAULT 0,
	`ship_city` VarChar( 30 ) CHARACTER SET utf8mb4 COLLATE utf8mb4_0900_ai_ci NULL DEFAULT NULL,
	`ship_code` VarChar( 30 ) CHARACTER SET utf8mb4 COLLATE utf8mb4_0900_ai_ci NULL DEFAULT NULL,
	`ship_country` VarChar( 30 ) CHARACTER SET utf8mb4 COLLATE utf8mb4_0900_ai_ci NULL DEFAULT NULL,
	`ship_state` VarChar( 30 ) CHARACTER SET utf8mb4 COLLATE utf8mb4_0900_ai_ci NULL DEFAULT NULL,
	`ship_street` VarChar( 250 ) CHARACTER SET utf8mb4 COLLATE utf8mb4_0900_ai_ci NULL DEFAULT NULL,
	`ship_pobox` VarChar( 30 ) CHARACTER SET utf8mb4 COLLATE utf8mb4_0900_ai_ci NULL DEFAULT NULL,
	PRIMARY KEY ( `soshipaddressid` ) )
CHARACTER SET = utf8mb4
COLLATE = utf8mb4_0900_ai_ci
ENGINE = InnoDB;
-- -------------------------------------------------------------


-- CREATE TABLE "vtiger_sostatus" ------------------------------
CREATE TABLE `vtiger_sostatus`( 
	`sostatusid` Int( 0 ) AUTO_INCREMENT NOT NULL,
	`sostatus` VarChar( 200 ) CHARACTER SET utf8mb4 COLLATE utf8mb4_0900_ai_ci NOT NULL,
	`presence` Int( 0 ) NOT NULL DEFAULT 1,
	`picklist_valueid` Int( 0 ) NOT NULL DEFAULT 0,
	`sortorderid` Int( 0 ) NULL DEFAULT NULL,
	`color` VarChar( 10 ) CHARACTER SET utf8mb4 COLLATE utf8mb4_0900_ai_ci NULL DEFAULT NULL,
	PRIMARY KEY ( `sostatusid` ),
	CONSTRAINT `sostatus_sostatus_idx` UNIQUE( `sostatus` ) )
CHARACTER SET = utf8mb4
COLLATE = utf8mb4_0900_ai_ci
ENGINE = InnoDB
AUTO_INCREMENT = 4;
-- -------------------------------------------------------------


-- CREATE TABLE "vtiger_sostatus_seq" --------------------------
CREATE TABLE `vtiger_sostatus_seq`( 
	`id` Int( 0 ) NOT NULL )
CHARACTER SET = utf8mb4
COLLATE = utf8mb4_0900_ai_ci
ENGINE = InnoDB;
-- -------------------------------------------------------------


-- CREATE TABLE "vtiger_sostatushistory" -----------------------
CREATE TABLE `vtiger_sostatushistory`( 
	`historyid` Int( 0 ) AUTO_INCREMENT NOT NULL,
	`salesorderid` Int( 0 ) NOT NULL,
	`accountname` VarChar( 100 ) CHARACTER SET utf8mb4 COLLATE utf8mb4_0900_ai_ci NULL DEFAULT NULL,
	`total` Decimal( 10, 0 ) NULL DEFAULT NULL,
	`sostatus` VarChar( 200 ) CHARACTER SET utf8mb4 COLLATE utf8mb4_0900_ai_ci NULL DEFAULT NULL,
	`lastmodified` DateTime NULL DEFAULT NULL,
	PRIMARY KEY ( `historyid` ) )
CHARACTER SET = utf8mb4
COLLATE = utf8mb4_0900_ai_ci
ENGINE = InnoDB
AUTO_INCREMENT = 1;
-- -------------------------------------------------------------


-- CREATE TABLE "vtiger_sqltimelog" ----------------------------
CREATE TABLE `vtiger_sqltimelog`( 
	`id` Int( 0 ) NULL DEFAULT NULL,
	`type` VarChar( 10 ) CHARACTER SET utf8mb4 COLLATE utf8mb4_0900_ai_ci NULL DEFAULT NULL,
	`data` Text CHARACTER SET utf8mb4 COLLATE utf8mb4_0900_ai_ci NULL DEFAULT NULL,
	`started` Decimal( 20, 6 ) NULL DEFAULT NULL,
	`ended` Decimal( 20, 6 ) NULL DEFAULT NULL,
	`loggedon` DateTime NULL DEFAULT NULL )
CHARACTER SET = utf8mb4
COLLATE = utf8mb4_0900_ai_ci
ENGINE = InnoDB;
-- -------------------------------------------------------------


-- CREATE TABLE "vtiger_start_hour" ----------------------------
CREATE TABLE `vtiger_start_hour`( 
	`start_hourid` Int( 0 ) AUTO_INCREMENT NOT NULL,
	`start_hour` VarChar( 200 ) CHARACTER SET utf8mb3 COLLATE utf8mb3_general_ci NOT NULL,
	`sortorderid` Int( 0 ) NULL DEFAULT NULL,
	`presence` Int( 0 ) NOT NULL DEFAULT 1,
	PRIMARY KEY ( `start_hourid` ) )
CHARACTER SET = utf8mb3
COLLATE = utf8mb3_general_ci
ENGINE = InnoDB
AUTO_INCREMENT = 25;
-- -------------------------------------------------------------


-- CREATE TABLE "vtiger_start_hour_seq" ------------------------
CREATE TABLE `vtiger_start_hour_seq`( 
	`id` Int( 0 ) NOT NULL )
CHARACTER SET = utf8mb4
COLLATE = utf8mb4_0900_ai_ci
ENGINE = InnoDB;
-- -------------------------------------------------------------


-- CREATE TABLE "vtiger_status" --------------------------------
CREATE TABLE `vtiger_status`( 
	`statusid` Int( 0 ) AUTO_INCREMENT NOT NULL,
	`status` VarChar( 200 ) CHARACTER SET utf8mb4 COLLATE utf8mb4_0900_ai_ci NOT NULL,
	`presence` Int( 0 ) NOT NULL DEFAULT 1,
	`picklist_valueid` Int( 0 ) NOT NULL DEFAULT 0,
	PRIMARY KEY ( `statusid` ) )
CHARACTER SET = utf8mb4
COLLATE = utf8mb4_0900_ai_ci
ENGINE = InnoDB
AUTO_INCREMENT = 3;
-- -------------------------------------------------------------


-- CREATE TABLE "vtiger_status_seq" ----------------------------
CREATE TABLE `vtiger_status_seq`( 
	`id` Int( 0 ) NOT NULL )
CHARACTER SET = utf8mb4
COLLATE = utf8mb4_0900_ai_ci
ENGINE = InnoDB;
-- -------------------------------------------------------------


-- CREATE TABLE "vtiger_systems" -------------------------------
CREATE TABLE `vtiger_systems`( 
	`id` Int( 0 ) NOT NULL,
	`server` VarChar( 100 ) CHARACTER SET utf8mb4 COLLATE utf8mb4_0900_ai_ci NULL DEFAULT NULL,
	`server_port` Int( 0 ) NULL DEFAULT NULL,
	`server_username` VarChar( 100 ) CHARACTER SET utf8mb4 COLLATE utf8mb4_0900_ai_ci NULL DEFAULT NULL,
	`server_password` Text CHARACTER SET utf8mb4 COLLATE utf8mb4_0900_ai_ci NULL DEFAULT NULL,
	`server_type` VarChar( 20 ) CHARACTER SET utf8mb4 COLLATE utf8mb4_0900_ai_ci NULL DEFAULT NULL,
	`smtp_auth` VarChar( 5 ) CHARACTER SET utf8mb4 COLLATE utf8mb4_0900_ai_ci NULL DEFAULT NULL,
	`server_path` VarChar( 256 ) CHARACTER SET utf8mb4 COLLATE utf8mb4_0900_ai_ci NULL DEFAULT NULL,
	`from_email_field` VarChar( 50 ) CHARACTER SET utf8mb4 COLLATE utf8mb4_0900_ai_ci NULL DEFAULT NULL,
	PRIMARY KEY ( `id` ) )
CHARACTER SET = utf8mb4
COLLATE = utf8mb4_0900_ai_ci
ENGINE = InnoDB;
-- -------------------------------------------------------------


-- CREATE TABLE "vtiger_systems_seq" ---------------------------
CREATE TABLE `vtiger_systems_seq`( 
	`id` Int( 0 ) NOT NULL )
CHARACTER SET = utf8mb4
COLLATE = utf8mb4_0900_ai_ci
ENGINE = InnoDB;
-- -------------------------------------------------------------


-- CREATE TABLE "vtiger_tab" -----------------------------------
CREATE TABLE `vtiger_tab`( 
	`tabid` Int( 0 ) NOT NULL DEFAULT 0,
	`name` VarChar( 25 ) CHARACTER SET utf8mb4 COLLATE utf8mb4_0900_ai_ci NOT NULL,
	`presence` Int( 0 ) NOT NULL DEFAULT 1,
	`tabsequence` Int( 0 ) NULL DEFAULT NULL,
	`tablabel` VarChar( 100 ) CHARACTER SET utf8mb4 COLLATE utf8mb4_0900_ai_ci NULL DEFAULT NULL,
	`modifiedby` Int( 0 ) NULL DEFAULT NULL,
	`modifiedtime` Int( 0 ) NULL DEFAULT NULL,
	`customized` Int( 0 ) NULL DEFAULT NULL,
	`ownedby` Int( 0 ) NULL DEFAULT NULL,
	`isentitytype` Int( 0 ) NOT NULL DEFAULT 1,
	`trial` Int( 0 ) NOT NULL DEFAULT 0,
	`version` VarChar( 10 ) CHARACTER SET utf8mb4 COLLATE utf8mb4_0900_ai_ci NULL DEFAULT NULL,
	`parent` VarChar( 30 ) CHARACTER SET utf8mb4 COLLATE utf8mb4_0900_ai_ci NULL DEFAULT NULL,
	`source` VarChar( 255 ) CHARACTER SET utf8mb4 COLLATE utf8mb4_0900_ai_ci NULL DEFAULT 'custom',
	`issyncable` TinyInt( 1 ) NULL DEFAULT 0,
	`allowduplicates` TinyInt( 1 ) NULL DEFAULT 1,
	`sync_action_for_duplicates` Int( 0 ) NULL DEFAULT 1,
	PRIMARY KEY ( `tabid` ),
	CONSTRAINT `tab_name_idx` UNIQUE( `name` ) )
CHARACTER SET = utf8mb4
COLLATE = utf8mb4_0900_ai_ci
ENGINE = InnoDB;
-- -------------------------------------------------------------


-- CREATE TABLE "vtiger_tab_info" ------------------------------
CREATE TABLE `vtiger_tab_info`( 
	`tabid` Int( 0 ) NULL DEFAULT NULL,
	`prefname` VarChar( 256 ) CHARACTER SET utf8mb4 COLLATE utf8mb4_0900_ai_ci NULL DEFAULT NULL,
	`prefvalue` VarChar( 256 ) CHARACTER SET utf8mb4 COLLATE utf8mb4_0900_ai_ci NULL DEFAULT NULL )
CHARACTER SET = utf8mb4
COLLATE = utf8mb4_0900_ai_ci
ENGINE = InnoDB;
-- -------------------------------------------------------------


-- CREATE TABLE "vtiger_taskpriority" --------------------------
CREATE TABLE `vtiger_taskpriority`( 
	`taskpriorityid` Int( 0 ) AUTO_INCREMENT NOT NULL,
	`taskpriority` VarChar( 200 ) CHARACTER SET utf8mb4 COLLATE utf8mb4_0900_ai_ci NULL DEFAULT NULL,
	`presence` Int( 0 ) NOT NULL DEFAULT 1,
	`picklist_valueid` Int( 0 ) NOT NULL DEFAULT 0,
	`sortorderid` Int( 0 ) NULL DEFAULT NULL,
	`color` VarChar( 10 ) CHARACTER SET utf8mb4 COLLATE utf8mb4_0900_ai_ci NULL DEFAULT NULL,
	PRIMARY KEY ( `taskpriorityid` ) )
CHARACTER SET = utf8mb4
COLLATE = utf8mb4_0900_ai_ci
ENGINE = InnoDB
AUTO_INCREMENT = 4;
-- -------------------------------------------------------------


-- CREATE TABLE "vtiger_taskpriority_seq" ----------------------
CREATE TABLE `vtiger_taskpriority_seq`( 
	`id` Int( 0 ) NOT NULL )
CHARACTER SET = utf8mb4
COLLATE = utf8mb4_0900_ai_ci
ENGINE = InnoDB;
-- -------------------------------------------------------------


-- CREATE TABLE "vtiger_taskstatus" ----------------------------
CREATE TABLE `vtiger_taskstatus`( 
	`taskstatusid` Int( 0 ) AUTO_INCREMENT NOT NULL,
	`taskstatus` VarChar( 200 ) CHARACTER SET utf8mb4 COLLATE utf8mb4_0900_ai_ci NULL DEFAULT NULL,
	`presence` Int( 0 ) NOT NULL DEFAULT 1,
	`picklist_valueid` Int( 0 ) NOT NULL DEFAULT 0,
	`sortorderid` Int( 0 ) NULL DEFAULT NULL,
	`color` VarChar( 10 ) CHARACTER SET utf8mb4 COLLATE utf8mb4_0900_ai_ci NULL DEFAULT NULL,
	PRIMARY KEY ( `taskstatusid` ) )
CHARACTER SET = utf8mb4
COLLATE = utf8mb4_0900_ai_ci
ENGINE = InnoDB
AUTO_INCREMENT = 7;
-- -------------------------------------------------------------


-- CREATE TABLE "vtiger_taskstatus_seq" ------------------------
CREATE TABLE `vtiger_taskstatus_seq`( 
	`id` Int( 0 ) NOT NULL )
CHARACTER SET = utf8mb4
COLLATE = utf8mb4_0900_ai_ci
ENGINE = InnoDB;
-- -------------------------------------------------------------


-- CREATE TABLE "vtiger_taxclass" ------------------------------
CREATE TABLE `vtiger_taxclass`( 
	`taxclassid` Int( 0 ) AUTO_INCREMENT NOT NULL,
	`taxclass` VarChar( 200 ) CHARACTER SET utf8mb4 COLLATE utf8mb4_0900_ai_ci NOT NULL,
	`sortorderid` Int( 0 ) NOT NULL DEFAULT 0,
	`presence` Int( 0 ) NOT NULL DEFAULT 1,
	PRIMARY KEY ( `taxclassid` ),
	CONSTRAINT `taxclass_carrier_idx` UNIQUE( `taxclass` ) )
CHARACTER SET = utf8mb4
COLLATE = utf8mb4_0900_ai_ci
ENGINE = InnoDB
AUTO_INCREMENT = 2;
-- -------------------------------------------------------------


-- CREATE TABLE "vtiger_taxclass_seq" --------------------------
CREATE TABLE `vtiger_taxclass_seq`( 
	`id` Int( 0 ) NOT NULL )
CHARACTER SET = utf8mb4
COLLATE = utf8mb4_0900_ai_ci
ENGINE = InnoDB;
-- -------------------------------------------------------------


-- CREATE TABLE "vtiger_taxregions" ----------------------------
CREATE TABLE `vtiger_taxregions`( 
	`regionid` Int( 0 ) AUTO_INCREMENT NOT NULL,
	`name` VarChar( 100 ) CHARACTER SET utf8mb4 COLLATE utf8mb4_0900_ai_ci NOT NULL,
	PRIMARY KEY ( `regionid` ) )
CHARACTER SET = utf8mb4
COLLATE = utf8mb4_0900_ai_ci
ENGINE = InnoDB
AUTO_INCREMENT = 1;
-- -------------------------------------------------------------


-- CREATE TABLE "vtiger_ticketcategories" ----------------------
CREATE TABLE `vtiger_ticketcategories`( 
	`ticketcategories_id` Int( 0 ) AUTO_INCREMENT NOT NULL,
	`ticketcategories` VarChar( 200 ) CHARACTER SET utf8mb4 COLLATE utf8mb4_0900_ai_ci NULL DEFAULT NULL,
	`presence` Int( 0 ) NOT NULL DEFAULT 0,
	`picklist_valueid` Int( 0 ) NOT NULL DEFAULT 0,
	`sortorderid` Int( 0 ) NULL DEFAULT NULL,
	`color` VarChar( 10 ) CHARACTER SET utf8mb4 COLLATE utf8mb4_0900_ai_ci NULL DEFAULT NULL,
	PRIMARY KEY ( `ticketcategories_id` ) )
CHARACTER SET = utf8mb4
COLLATE = utf8mb4_0900_ai_ci
ENGINE = InnoDB
AUTO_INCREMENT = 3;
-- -------------------------------------------------------------


-- CREATE TABLE "vtiger_ticketcategories_seq" ------------------
CREATE TABLE `vtiger_ticketcategories_seq`( 
	`id` Int( 0 ) NOT NULL )
CHARACTER SET = utf8mb4
COLLATE = utf8mb4_0900_ai_ci
ENGINE = InnoDB;
-- -------------------------------------------------------------


-- CREATE TABLE "vtiger_ticketcf" ------------------------------
CREATE TABLE `vtiger_ticketcf`( 
	`ticketid` Int( 0 ) NOT NULL DEFAULT 0,
	`from_portal` VarChar( 3 ) CHARACTER SET utf8mb4 COLLATE utf8mb4_0900_ai_ci NULL DEFAULT NULL,
	PRIMARY KEY ( `ticketid` ) )
CHARACTER SET = utf8mb4
COLLATE = utf8mb4_0900_ai_ci
ENGINE = InnoDB;
-- -------------------------------------------------------------


-- CREATE TABLE "vtiger_ticketcomments" ------------------------
CREATE TABLE `vtiger_ticketcomments`( 
	`commentid` Int( 0 ) AUTO_INCREMENT NOT NULL,
	`ticketid` Int( 0 ) NULL DEFAULT NULL,
	`comments` Text CHARACTER SET utf8mb4 COLLATE utf8mb4_0900_ai_ci NULL DEFAULT NULL,
	`ownerid` Int( 0 ) NOT NULL DEFAULT 0,
	`ownertype` VarChar( 10 ) CHARACTER SET utf8mb4 COLLATE utf8mb4_0900_ai_ci NULL DEFAULT NULL,
	`createdtime` DateTime NOT NULL,
	PRIMARY KEY ( `commentid` ) )
CHARACTER SET = utf8mb4
COLLATE = utf8mb4_0900_ai_ci
ENGINE = InnoDB
AUTO_INCREMENT = 1;
-- -------------------------------------------------------------


-- CREATE TABLE "vtiger_ticketpriorities" ----------------------
CREATE TABLE `vtiger_ticketpriorities`( 
	`ticketpriorities_id` Int( 0 ) AUTO_INCREMENT NOT NULL,
	`ticketpriorities` VarChar( 200 ) CHARACTER SET utf8mb4 COLLATE utf8mb4_0900_ai_ci NULL DEFAULT NULL,
	`presence` Int( 0 ) NOT NULL DEFAULT 0,
	`picklist_valueid` Int( 0 ) NOT NULL DEFAULT 0,
	`sortorderid` Int( 0 ) NULL DEFAULT NULL,
	`color` VarChar( 10 ) CHARACTER SET utf8mb4 COLLATE utf8mb4_0900_ai_ci NULL DEFAULT NULL,
	PRIMARY KEY ( `ticketpriorities_id` ) )
CHARACTER SET = utf8mb4
COLLATE = utf8mb4_0900_ai_ci
ENGINE = InnoDB
AUTO_INCREMENT = 4;
-- -------------------------------------------------------------


-- CREATE TABLE "vtiger_ticketpriorities_seq" ------------------
CREATE TABLE `vtiger_ticketpriorities_seq`( 
	`id` Int( 0 ) NOT NULL )
CHARACTER SET = utf8mb4
COLLATE = utf8mb4_0900_ai_ci
ENGINE = InnoDB;
-- -------------------------------------------------------------


-- CREATE TABLE "vtiger_ticketseverities" ----------------------
CREATE TABLE `vtiger_ticketseverities`( 
	`ticketseverities_id` Int( 0 ) AUTO_INCREMENT NOT NULL,
	`ticketseverities` VarChar( 200 ) CHARACTER SET utf8mb4 COLLATE utf8mb4_0900_ai_ci NULL DEFAULT NULL,
	`presence` Int( 0 ) NOT NULL DEFAULT 0,
	`picklist_valueid` Int( 0 ) NOT NULL DEFAULT 0,
	`sortorderid` Int( 0 ) NULL DEFAULT NULL,
	`color` VarChar( 10 ) CHARACTER SET utf8mb4 COLLATE utf8mb4_0900_ai_ci NULL DEFAULT NULL,
	PRIMARY KEY ( `ticketseverities_id` ) )
CHARACTER SET = utf8mb4
COLLATE = utf8mb4_0900_ai_ci
ENGINE = InnoDB
AUTO_INCREMENT = 4;
-- -------------------------------------------------------------


-- CREATE TABLE "vtiger_ticketseverities_seq" ------------------
CREATE TABLE `vtiger_ticketseverities_seq`( 
	`id` Int( 0 ) NOT NULL )
CHARACTER SET = utf8mb4
COLLATE = utf8mb4_0900_ai_ci
ENGINE = InnoDB;
-- -------------------------------------------------------------


-- CREATE TABLE "vtiger_ticketstatus" --------------------------
CREATE TABLE `vtiger_ticketstatus`( 
	`ticketstatus_id` Int( 0 ) AUTO_INCREMENT NOT NULL,
	`ticketstatus` VarChar( 200 ) CHARACTER SET utf8mb4 COLLATE utf8mb4_0900_ai_ci NULL DEFAULT NULL,
	`presence` Int( 0 ) NOT NULL DEFAULT 0,
	`picklist_valueid` Int( 0 ) NOT NULL DEFAULT 0,
	`sortorderid` Int( 0 ) NULL DEFAULT NULL,
	`color` VarChar( 10 ) CHARACTER SET utf8mb4 COLLATE utf8mb4_0900_ai_ci NULL DEFAULT NULL,
	PRIMARY KEY ( `ticketstatus_id` ) )
CHARACTER SET = utf8mb4
COLLATE = utf8mb4_0900_ai_ci
ENGINE = InnoDB
AUTO_INCREMENT = 4;
-- -------------------------------------------------------------


-- CREATE TABLE "vtiger_ticketstatus_seq" ----------------------
CREATE TABLE `vtiger_ticketstatus_seq`( 
	`id` Int( 0 ) NOT NULL )
CHARACTER SET = utf8mb4
COLLATE = utf8mb4_0900_ai_ci
ENGINE = InnoDB;
-- -------------------------------------------------------------


-- CREATE TABLE "vtiger_time_zone" -----------------------------
CREATE TABLE `vtiger_time_zone`( 
	`time_zoneid` Int( 0 ) AUTO_INCREMENT NOT NULL,
	`time_zone` VarChar( 200 ) CHARACTER SET utf8mb4 COLLATE utf8mb4_0900_ai_ci NOT NULL,
	`sortorderid` Int( 0 ) NOT NULL DEFAULT 0,
	`presence` Int( 0 ) NOT NULL DEFAULT 1,
	PRIMARY KEY ( `time_zoneid` ) )
CHARACTER SET = utf8mb4
COLLATE = utf8mb4_0900_ai_ci
ENGINE = InnoDB
AUTO_INCREMENT = 98;
-- -------------------------------------------------------------


-- CREATE TABLE "vtiger_time_zone_seq" -------------------------
CREATE TABLE `vtiger_time_zone_seq`( 
	`id` Int( 0 ) NOT NULL )
CHARACTER SET = utf8mb4
COLLATE = utf8mb4_0900_ai_ci
ENGINE = InnoDB;
-- -------------------------------------------------------------


-- CREATE TABLE "vtiger_tmp_read_group_rel_sharing_per" --------
CREATE TABLE `vtiger_tmp_read_group_rel_sharing_per`( 
	`userid` Int( 0 ) NOT NULL,
	`tabid` Int( 0 ) NOT NULL,
	`relatedtabid` Int( 0 ) NOT NULL,
	`sharedgroupid` Int( 0 ) NOT NULL,
	PRIMARY KEY ( `userid`, `tabid`, `relatedtabid`, `sharedgroupid` ) )
CHARACTER SET = utf8mb4
COLLATE = utf8mb4_0900_ai_ci
ENGINE = InnoDB;
-- -------------------------------------------------------------


-- CREATE TABLE "vtiger_tmp_read_group_sharing_per" ------------
CREATE TABLE `vtiger_tmp_read_group_sharing_per`( 
	`userid` Int( 0 ) NOT NULL,
	`tabid` Int( 0 ) NOT NULL,
	`sharedgroupid` Int( 0 ) NOT NULL,
	PRIMARY KEY ( `userid`, `tabid`, `sharedgroupid` ) )
CHARACTER SET = utf8mb4
COLLATE = utf8mb4_0900_ai_ci
ENGINE = InnoDB;
-- -------------------------------------------------------------


-- CREATE TABLE "vtiger_tmp_read_user_rel_sharing_per" ---------
CREATE TABLE `vtiger_tmp_read_user_rel_sharing_per`( 
	`userid` Int( 0 ) NOT NULL,
	`tabid` Int( 0 ) NOT NULL,
	`relatedtabid` Int( 0 ) NOT NULL,
	`shareduserid` Int( 0 ) NOT NULL,
	PRIMARY KEY ( `userid`, `tabid`, `relatedtabid`, `shareduserid` ) )
CHARACTER SET = utf8mb4
COLLATE = utf8mb4_0900_ai_ci
ENGINE = InnoDB;
-- -------------------------------------------------------------


-- CREATE TABLE "vtiger_tmp_read_user_sharing_per" -------------
CREATE TABLE `vtiger_tmp_read_user_sharing_per`( 
	`userid` Int( 0 ) NOT NULL,
	`tabid` Int( 0 ) NOT NULL,
	`shareduserid` Int( 0 ) NOT NULL,
	PRIMARY KEY ( `userid`, `tabid`, `shareduserid` ) )
CHARACTER SET = utf8mb4
COLLATE = utf8mb4_0900_ai_ci
ENGINE = InnoDB;
-- -------------------------------------------------------------


-- CREATE TABLE "vtiger_tmp_write_group_rel_sharing_per" -------
CREATE TABLE `vtiger_tmp_write_group_rel_sharing_per`( 
	`userid` Int( 0 ) NOT NULL,
	`tabid` Int( 0 ) NOT NULL,
	`relatedtabid` Int( 0 ) NOT NULL,
	`sharedgroupid` Int( 0 ) NOT NULL,
	PRIMARY KEY ( `userid`, `tabid`, `relatedtabid`, `sharedgroupid` ) )
CHARACTER SET = utf8mb4
COLLATE = utf8mb4_0900_ai_ci
ENGINE = InnoDB;
-- -------------------------------------------------------------


-- CREATE TABLE "vtiger_tmp_write_group_sharing_per" -----------
CREATE TABLE `vtiger_tmp_write_group_sharing_per`( 
	`userid` Int( 0 ) NOT NULL,
	`tabid` Int( 0 ) NOT NULL,
	`sharedgroupid` Int( 0 ) NOT NULL,
	PRIMARY KEY ( `userid`, `tabid`, `sharedgroupid` ) )
CHARACTER SET = utf8mb4
COLLATE = utf8mb4_0900_ai_ci
ENGINE = InnoDB;
-- -------------------------------------------------------------


-- CREATE TABLE "vtiger_tmp_write_user_rel_sharing_per" --------
CREATE TABLE `vtiger_tmp_write_user_rel_sharing_per`( 
	`userid` Int( 0 ) NOT NULL,
	`tabid` Int( 0 ) NOT NULL,
	`relatedtabid` Int( 0 ) NOT NULL,
	`shareduserid` Int( 0 ) NOT NULL,
	PRIMARY KEY ( `userid`, `tabid`, `relatedtabid`, `shareduserid` ) )
CHARACTER SET = utf8mb4
COLLATE = utf8mb4_0900_ai_ci
ENGINE = InnoDB;
-- -------------------------------------------------------------


-- CREATE TABLE "vtiger_tmp_write_user_sharing_per" ------------
CREATE TABLE `vtiger_tmp_write_user_sharing_per`( 
	`userid` Int( 0 ) NOT NULL,
	`tabid` Int( 0 ) NOT NULL,
	`shareduserid` Int( 0 ) NOT NULL,
	PRIMARY KEY ( `userid`, `tabid`, `shareduserid` ) )
CHARACTER SET = utf8mb4
COLLATE = utf8mb4_0900_ai_ci
ENGINE = InnoDB;
-- -------------------------------------------------------------


-- CREATE TABLE "vtiger_tracker" -------------------------------
CREATE TABLE `vtiger_tracker`( 
	`id` Int( 0 ) AUTO_INCREMENT NOT NULL,
	`user_id` VarChar( 36 ) CHARACTER SET utf8mb4 COLLATE utf8mb4_0900_ai_ci NULL DEFAULT NULL,
	`module_name` VarChar( 25 ) CHARACTER SET utf8mb4 COLLATE utf8mb4_0900_ai_ci NULL DEFAULT NULL,
	`item_id` VarChar( 36 ) CHARACTER SET utf8mb4 COLLATE utf8mb4_0900_ai_ci NULL DEFAULT NULL,
	`item_summary` VarChar( 255 ) CHARACTER SET utf8mb4 COLLATE utf8mb4_0900_ai_ci NULL DEFAULT NULL,
	PRIMARY KEY ( `id` ) )
CHARACTER SET = utf8mb4
COLLATE = utf8mb4_0900_ai_ci
ENGINE = InnoDB
AUTO_INCREMENT = 1;
-- -------------------------------------------------------------


-- CREATE TABLE "vtiger_tracking_unit" -------------------------
CREATE TABLE `vtiger_tracking_unit`( 
	`tracking_unitid` Int( 0 ) AUTO_INCREMENT NOT NULL,
	`tracking_unit` VarChar( 200 ) CHARACTER SET utf8mb3 COLLATE utf8mb3_general_ci NOT NULL,
	`presence` Int( 0 ) NOT NULL DEFAULT 1,
	`picklist_valueid` Int( 0 ) NOT NULL DEFAULT 0,
	`sortorderid` Int( 0 ) NULL DEFAULT 0,
	`color` VarChar( 10 ) CHARACTER SET utf8mb3 COLLATE utf8mb3_general_ci NULL DEFAULT NULL,
	PRIMARY KEY ( `tracking_unitid` ) )
CHARACTER SET = utf8mb3
COLLATE = utf8mb3_general_ci
ENGINE = InnoDB
AUTO_INCREMENT = 5;
-- -------------------------------------------------------------


-- CREATE TABLE "vtiger_tracking_unit_seq" ---------------------
CREATE TABLE `vtiger_tracking_unit_seq`( 
	`id` Int( 0 ) NOT NULL )
CHARACTER SET = utf8mb4
COLLATE = utf8mb4_0900_ai_ci
ENGINE = InnoDB;
-- -------------------------------------------------------------


-- CREATE TABLE "vtiger_troubletickets" ------------------------
CREATE TABLE `vtiger_troubletickets`( 
	`ticketid` Int( 0 ) NOT NULL,
	`ticket_no` VarChar( 100 ) CHARACTER SET utf8mb4 COLLATE utf8mb4_0900_ai_ci NOT NULL,
	`groupname` VarChar( 100 ) CHARACTER SET utf8mb4 COLLATE utf8mb4_0900_ai_ci NULL DEFAULT NULL,
	`parent_id` VarChar( 100 ) CHARACTER SET utf8mb4 COLLATE utf8mb4_0900_ai_ci NULL DEFAULT NULL,
	`product_id` VarChar( 100 ) CHARACTER SET utf8mb4 COLLATE utf8mb4_0900_ai_ci NULL DEFAULT NULL,
	`priority` VarChar( 200 ) CHARACTER SET utf8mb4 COLLATE utf8mb4_0900_ai_ci NULL DEFAULT NULL,
	`severity` VarChar( 200 ) CHARACTER SET utf8mb4 COLLATE utf8mb4_0900_ai_ci NULL DEFAULT NULL,
	`status` VarChar( 200 ) CHARACTER SET utf8mb4 COLLATE utf8mb4_0900_ai_ci NULL DEFAULT NULL,
	`category` VarChar( 200 ) CHARACTER SET utf8mb4 COLLATE utf8mb4_0900_ai_ci NULL DEFAULT NULL,
	`title` VarChar( 255 ) CHARACTER SET utf8mb4 COLLATE utf8mb4_0900_ai_ci NOT NULL,
	`solution` Text CHARACTER SET utf8mb4 COLLATE utf8mb4_0900_ai_ci NULL DEFAULT NULL,
	`update_log` Text CHARACTER SET utf8mb4 COLLATE utf8mb4_0900_ai_ci NULL DEFAULT NULL,
	`version_id` Int( 0 ) NULL DEFAULT NULL,
	`hours` Decimal( 25, 8 ) NULL DEFAULT NULL,
	`days` Decimal( 25, 8 ) NULL DEFAULT NULL,
	`contact_id` Int( 0 ) NULL DEFAULT NULL,
	`tags` VarChar( 1 ) CHARACTER SET utf8mb4 COLLATE utf8mb4_0900_ai_ci NULL DEFAULT NULL,
	PRIMARY KEY ( `ticketid` ) )
CHARACTER SET = utf8mb4
COLLATE = utf8mb4_0900_ai_ci
ENGINE = InnoDB;
-- -------------------------------------------------------------


-- CREATE TABLE "vtiger_usageunit" -----------------------------
CREATE TABLE `vtiger_usageunit`( 
	`usageunitid` Int( 0 ) AUTO_INCREMENT NOT NULL,
	`usageunit` VarChar( 200 ) CHARACTER SET utf8mb4 COLLATE utf8mb4_0900_ai_ci NOT NULL,
	`presence` Int( 0 ) NOT NULL DEFAULT 1,
	`picklist_valueid` Int( 0 ) NOT NULL DEFAULT 0,
	`sortorderid` Int( 0 ) NULL DEFAULT NULL,
	`color` VarChar( 10 ) CHARACTER SET utf8mb4 COLLATE utf8mb4_0900_ai_ci NULL DEFAULT NULL,
	PRIMARY KEY ( `usageunitid` ),
	CONSTRAINT `usageunit_usageunit_idx` UNIQUE( `usageunit` ) )
CHARACTER SET = utf8mb4
COLLATE = utf8mb4_0900_ai_ci
ENGINE = InnoDB
AUTO_INCREMENT = 17;
-- -------------------------------------------------------------


-- CREATE TABLE "vtiger_usageunit_seq" -------------------------
CREATE TABLE `vtiger_usageunit_seq`( 
	`id` Int( 0 ) NOT NULL )
CHARACTER SET = utf8mb4
COLLATE = utf8mb4_0900_ai_ci
ENGINE = InnoDB;
-- -------------------------------------------------------------


-- CREATE TABLE "vtiger_user2mergefields" ----------------------
CREATE TABLE `vtiger_user2mergefields`( 
	`userid` Int( 0 ) NULL DEFAULT NULL,
	`tabid` Int( 0 ) NULL DEFAULT NULL,
	`fieldid` Int( 0 ) NULL DEFAULT NULL,
	`visible` Int( 0 ) NULL DEFAULT NULL )
CHARACTER SET = utf8mb4
COLLATE = utf8mb4_0900_ai_ci
ENGINE = InnoDB;
-- -------------------------------------------------------------


-- CREATE TABLE "vtiger_user2role" -----------------------------
CREATE TABLE `vtiger_user2role`( 
	`userid` Int( 0 ) NOT NULL,
	`roleid` VarChar( 255 ) CHARACTER SET utf8mb4 COLLATE utf8mb4_0900_ai_ci NOT NULL,
	PRIMARY KEY ( `userid` ) )
CHARACTER SET = utf8mb4
COLLATE = utf8mb4_0900_ai_ci
ENGINE = InnoDB;
-- -------------------------------------------------------------


-- CREATE TABLE "vtiger_user_module_preferences" ---------------
CREATE TABLE `vtiger_user_module_preferences`( 
	`userid` Int( 0 ) NOT NULL,
	`tabid` Int( 0 ) NOT NULL,
	`default_cvid` Int( 0 ) NOT NULL,
	PRIMARY KEY ( `userid`, `tabid` ) )
CHARACTER SET = utf8mb4
COLLATE = utf8mb4_0900_ai_ci
ENGINE = InnoDB;
-- -------------------------------------------------------------


-- CREATE TABLE "vtiger_users" ---------------------------------
CREATE TABLE `vtiger_users`( 
	`id` Int( 0 ) AUTO_INCREMENT NOT NULL,
	`user_name` VarChar( 255 ) CHARACTER SET utf8mb4 COLLATE utf8mb4_0900_ai_ci NULL DEFAULT NULL,
	`user_password` VarChar( 200 ) CHARACTER SET utf8mb4 COLLATE utf8mb4_0900_ai_ci NULL DEFAULT NULL,
	`cal_color` VarChar( 25 ) CHARACTER SET utf8mb4 COLLATE utf8mb4_0900_ai_ci NULL DEFAULT '#E6FAD8',
	`first_name` VarChar( 30 ) CHARACTER SET utf8mb4 COLLATE utf8mb4_0900_ai_ci NULL DEFAULT NULL,
	`last_name` VarChar( 30 ) CHARACTER SET utf8mb4 COLLATE utf8mb4_0900_ai_ci NULL DEFAULT NULL,
	`reports_to_id` VarChar( 36 ) CHARACTER SET utf8mb4 COLLATE utf8mb4_0900_ai_ci NULL DEFAULT NULL,
	`is_admin` VarChar( 3 ) CHARACTER SET utf8mb4 COLLATE utf8mb4_0900_ai_ci NULL DEFAULT '0',
	`currency_id` Int( 0 ) NOT NULL DEFAULT 1,
	`description` Text CHARACTER SET utf8mb4 COLLATE utf8mb4_0900_ai_ci NULL DEFAULT NULL,
	`date_entered` Timestamp NOT NULL,
	`date_modified` DateTime NULL DEFAULT NULL,
	`modified_user_id` VarChar( 36 ) CHARACTER SET utf8mb4 COLLATE utf8mb4_0900_ai_ci NULL DEFAULT NULL,
	`title` VarChar( 50 ) CHARACTER SET utf8mb4 COLLATE utf8mb4_0900_ai_ci NULL DEFAULT NULL,
	`department` VarChar( 50 ) CHARACTER SET utf8mb4 COLLATE utf8mb4_0900_ai_ci NULL DEFAULT NULL,
	`phone_home` VarChar( 50 ) CHARACTER SET utf8mb4 COLLATE utf8mb4_0900_ai_ci NULL DEFAULT NULL,
	`phone_mobile` VarChar( 50 ) CHARACTER SET utf8mb4 COLLATE utf8mb4_0900_ai_ci NULL DEFAULT NULL,
	`phone_work` VarChar( 50 ) CHARACTER SET utf8mb4 COLLATE utf8mb4_0900_ai_ci NULL DEFAULT NULL,
	`phone_other` VarChar( 50 ) CHARACTER SET utf8mb4 COLLATE utf8mb4_0900_ai_ci NULL DEFAULT NULL,
	`phone_fax` VarChar( 50 ) CHARACTER SET utf8mb4 COLLATE utf8mb4_0900_ai_ci NULL DEFAULT NULL,
	`email1` VarChar( 100 ) CHARACTER SET utf8mb4 COLLATE utf8mb4_0900_ai_ci NULL DEFAULT NULL,
	`email2` VarChar( 100 ) CHARACTER SET utf8mb4 COLLATE utf8mb4_0900_ai_ci NULL DEFAULT NULL,
	`secondaryemail` VarChar( 100 ) CHARACTER SET utf8mb4 COLLATE utf8mb4_0900_ai_ci NULL DEFAULT NULL,
	`status` VarChar( 25 ) CHARACTER SET utf8mb4 COLLATE utf8mb4_0900_ai_ci NULL DEFAULT NULL,
	`signature` Text CHARACTER SET utf8mb4 COLLATE utf8mb4_0900_ai_ci NULL DEFAULT NULL,
	`address_street` VarChar( 150 ) CHARACTER SET utf8mb4 COLLATE utf8mb4_0900_ai_ci NULL DEFAULT NULL,
	`address_city` VarChar( 100 ) CHARACTER SET utf8mb4 COLLATE utf8mb4_0900_ai_ci NULL DEFAULT NULL,
	`address_state` VarChar( 100 ) CHARACTER SET utf8mb4 COLLATE utf8mb4_0900_ai_ci NULL DEFAULT NULL,
	`address_country` VarChar( 25 ) CHARACTER SET utf8mb4 COLLATE utf8mb4_0900_ai_ci NULL DEFAULT NULL,
	`address_postalcode` VarChar( 9 ) CHARACTER SET utf8mb4 COLLATE utf8mb4_0900_ai_ci NULL DEFAULT NULL,
	`user_preferences` Text CHARACTER SET utf8mb4 COLLATE utf8mb4_0900_ai_ci NULL DEFAULT NULL,
	`tz` VarChar( 30 ) CHARACTER SET utf8mb4 COLLATE utf8mb4_0900_ai_ci NULL DEFAULT NULL,
	`holidays` VarChar( 60 ) CHARACTER SET utf8mb4 COLLATE utf8mb4_0900_ai_ci NULL DEFAULT NULL,
	`namedays` VarChar( 60 ) CHARACTER SET utf8mb4 COLLATE utf8mb4_0900_ai_ci NULL DEFAULT NULL,
	`workdays` VarChar( 30 ) CHARACTER SET utf8mb4 COLLATE utf8mb4_0900_ai_ci NULL DEFAULT NULL,
	`weekstart` Int( 0 ) NULL DEFAULT NULL,
	`date_format` VarChar( 200 ) CHARACTER SET utf8mb4 COLLATE utf8mb4_0900_ai_ci NULL DEFAULT NULL,
	`hour_format` VarChar( 30 ) CHARACTER SET utf8mb4 COLLATE utf8mb4_0900_ai_ci NULL DEFAULT 'am/pm',
	`start_hour` VarChar( 30 ) CHARACTER SET utf8mb4 COLLATE utf8mb4_0900_ai_ci NULL DEFAULT '10:00',
	`end_hour` VarChar( 30 ) CHARACTER SET utf8mb4 COLLATE utf8mb4_0900_ai_ci NULL DEFAULT '23:00',
	`is_owner` VarChar( 100 ) CHARACTER SET utf8mb4 COLLATE utf8mb4_0900_ai_ci NULL DEFAULT '0',
	`activity_view` VarChar( 200 ) CHARACTER SET utf8mb4 COLLATE utf8mb4_0900_ai_ci NULL DEFAULT 'Today',
	`lead_view` VarChar( 200 ) CHARACTER SET utf8mb4 COLLATE utf8mb4_0900_ai_ci NULL DEFAULT 'Today',
	`imagename` VarChar( 250 ) CHARACTER SET utf8mb4 COLLATE utf8mb4_0900_ai_ci NULL DEFAULT NULL,
	`deleted` Int( 0 ) NOT NULL DEFAULT 0,
	`confirm_password` VarChar( 300 ) CHARACTER SET utf8mb4 COLLATE utf8mb4_0900_ai_ci NULL DEFAULT NULL,
	`internal_mailer` VarChar( 3 ) CHARACTER SET utf8mb4 COLLATE utf8mb4_0900_ai_ci NOT NULL DEFAULT '1',
	`reminder_interval` VarChar( 100 ) CHARACTER SET utf8mb4 COLLATE utf8mb4_0900_ai_ci NULL DEFAULT NULL,
	`reminder_next_time` VarChar( 100 ) CHARACTER SET utf8mb4 COLLATE utf8mb4_0900_ai_ci NULL DEFAULT NULL,
	`crypt_type` VarChar( 20 ) CHARACTER SET utf8mb4 COLLATE utf8mb4_0900_ai_ci NOT NULL DEFAULT 'MD5',
	`accesskey` VarChar( 36 ) CHARACTER SET utf8mb4 COLLATE utf8mb4_0900_ai_ci NULL DEFAULT NULL,
	`theme` VarChar( 100 ) CHARACTER SET utf8mb4 COLLATE utf8mb4_0900_ai_ci NULL DEFAULT NULL,
	`language` VarChar( 36 ) CHARACTER SET utf8mb4 COLLATE utf8mb4_0900_ai_ci NULL DEFAULT NULL,
	`time_zone` VarChar( 200 ) CHARACTER SET utf8mb4 COLLATE utf8mb4_0900_ai_ci NULL DEFAULT NULL,
	`currency_grouping_pattern` VarChar( 100 ) CHARACTER SET utf8mb4 COLLATE utf8mb4_0900_ai_ci NULL DEFAULT NULL,
	`currency_decimal_separator` VarChar( 2 ) CHARACTER SET utf8mb4 COLLATE utf8mb4_0900_ai_ci NULL DEFAULT NULL,
	`currency_grouping_separator` VarChar( 2 ) CHARACTER SET utf8mb4 COLLATE utf8mb4_0900_ai_ci NULL DEFAULT NULL,
	`currency_symbol_placement` VarChar( 20 ) CHARACTER SET utf8mb4 COLLATE utf8mb4_0900_ai_ci NULL DEFAULT NULL,
	`userlabel` VarChar( 255 ) CHARACTER SET utf8mb4 COLLATE utf8mb4_0900_ai_ci NULL DEFAULT NULL,
	`defaultlandingpage` VarChar( 200 ) CHARACTER SET utf8mb4 COLLATE utf8mb4_0900_ai_ci NULL DEFAULT NULL,
	`phone_crm_extension` VarChar( 100 ) CHARACTER SET utf8mb4 COLLATE utf8mb4_0900_ai_ci NULL DEFAULT NULL,
	`no_of_currency_decimals` VarChar( 2 ) CHARACTER SET utf8mb4 COLLATE utf8mb4_0900_ai_ci NULL DEFAULT NULL,
	`truncate_trailing_zeros` VarChar( 3 ) CHARACTER SET utf8mb4 COLLATE utf8mb4_0900_ai_ci NULL DEFAULT NULL,
	`dayoftheweek` VarChar( 100 ) CHARACTER SET utf8mb4 COLLATE utf8mb4_0900_ai_ci NULL DEFAULT NULL,
	`callduration` VarChar( 100 ) CHARACTER SET utf8mb4 COLLATE utf8mb4_0900_ai_ci NULL DEFAULT NULL,
	`othereventduration` VarChar( 100 ) CHARACTER SET utf8mb4 COLLATE utf8mb4_0900_ai_ci NULL DEFAULT NULL,
	`calendarsharedtype` VarChar( 100 ) CHARACTER SET utf8mb4 COLLATE utf8mb4_0900_ai_ci NULL DEFAULT NULL,
	`default_record_view` VarChar( 10 ) CHARACTER SET utf8mb4 COLLATE utf8mb4_0900_ai_ci NULL DEFAULT NULL,
	`leftpanelhide` VarChar( 3 ) CHARACTER SET utf8mb4 COLLATE utf8mb4_0900_ai_ci NULL DEFAULT NULL,
	`rowheight` VarChar( 10 ) CHARACTER SET utf8mb4 COLLATE utf8mb4_0900_ai_ci NULL DEFAULT NULL,
	`defaulteventstatus` VarChar( 50 ) CHARACTER SET utf8mb4 COLLATE utf8mb4_0900_ai_ci NULL DEFAULT NULL,
	`defaultactivitytype` VarChar( 50 ) CHARACTER SET utf8mb4 COLLATE utf8mb4_0900_ai_ci NULL DEFAULT NULL,
	`hidecompletedevents` Int( 0 ) NULL DEFAULT NULL,
	`defaultcalendarview` VarChar( 100 ) CHARACTER SET utf8mb4 COLLATE utf8mb4_0900_ai_ci NULL DEFAULT NULL,
	PRIMARY KEY ( `id` ) )
CHARACTER SET = utf8mb4
COLLATE = utf8mb4_0900_ai_ci
ENGINE = InnoDB
AUTO_INCREMENT = 8;
-- -------------------------------------------------------------


-- CREATE TABLE "vtiger_users2group" ---------------------------
CREATE TABLE `vtiger_users2group`( 
	`groupid` Int( 0 ) NOT NULL,
	`userid` Int( 0 ) NOT NULL,
	PRIMARY KEY ( `groupid`, `userid` ) )
CHARACTER SET = utf8mb4
COLLATE = utf8mb4_0900_ai_ci
ENGINE = InnoDB;
-- -------------------------------------------------------------


-- CREATE TABLE "vtiger_users_last_import" ---------------------
CREATE TABLE `vtiger_users_last_import`( 
	`id` Int( 0 ) AUTO_INCREMENT NOT NULL,
	`assigned_user_id` VarChar( 36 ) CHARACTER SET utf8mb4 COLLATE utf8mb4_0900_ai_ci NULL DEFAULT NULL,
	`bean_type` VarChar( 36 ) CHARACTER SET utf8mb4 COLLATE utf8mb4_0900_ai_ci NULL DEFAULT NULL,
	`bean_id` VarChar( 36 ) CHARACTER SET utf8mb4 COLLATE utf8mb4_0900_ai_ci NULL DEFAULT NULL,
	`deleted` Int( 0 ) NOT NULL DEFAULT 0,
	PRIMARY KEY ( `id` ) )
CHARACTER SET = utf8mb4
COLLATE = utf8mb4_0900_ai_ci
ENGINE = InnoDB;
-- -------------------------------------------------------------


-- CREATE TABLE "vtiger_users_seq" -----------------------------
CREATE TABLE `vtiger_users_seq`( 
	`id` Int( 0 ) NOT NULL )
CHARACTER SET = utf8mb4
COLLATE = utf8mb4_0900_ai_ci
ENGINE = InnoDB;
-- -------------------------------------------------------------


-- CREATE TABLE "vtiger_vendor" --------------------------------
CREATE TABLE `vtiger_vendor`( 
	`vendorid` Int( 0 ) NOT NULL DEFAULT 0,
	`vendor_no` VarChar( 100 ) CHARACTER SET utf8mb4 COLLATE utf8mb4_0900_ai_ci NOT NULL,
	`vendorname` VarChar( 100 ) CHARACTER SET utf8mb4 COLLATE utf8mb4_0900_ai_ci NULL DEFAULT NULL,
	`phone` VarChar( 100 ) CHARACTER SET utf8mb4 COLLATE utf8mb4_0900_ai_ci NULL DEFAULT NULL,
	`email` VarChar( 100 ) CHARACTER SET utf8mb4 COLLATE utf8mb4_0900_ai_ci NULL DEFAULT NULL,
	`website` VarChar( 100 ) CHARACTER SET utf8mb4 COLLATE utf8mb4_0900_ai_ci NULL DEFAULT NULL,
	`glacct` VarChar( 200 ) CHARACTER SET utf8mb4 COLLATE utf8mb4_0900_ai_ci NULL DEFAULT NULL,
	`category` VarChar( 50 ) CHARACTER SET utf8mb4 COLLATE utf8mb4_0900_ai_ci NULL DEFAULT NULL,
	`street` Text CHARACTER SET utf8mb4 COLLATE utf8mb4_0900_ai_ci NULL DEFAULT NULL,
	`city` VarChar( 30 ) CHARACTER SET utf8mb4 COLLATE utf8mb4_0900_ai_ci NULL DEFAULT NULL,
	`state` VarChar( 30 ) CHARACTER SET utf8mb4 COLLATE utf8mb4_0900_ai_ci NULL DEFAULT NULL,
	`pobox` VarChar( 30 ) CHARACTER SET utf8mb4 COLLATE utf8mb4_0900_ai_ci NULL DEFAULT NULL,
	`postalcode` VarChar( 100 ) CHARACTER SET utf8mb4 COLLATE utf8mb4_0900_ai_ci NULL DEFAULT NULL,
	`country` VarChar( 100 ) CHARACTER SET utf8mb4 COLLATE utf8mb4_0900_ai_ci NULL DEFAULT NULL,
	`description` Text CHARACTER SET utf8mb4 COLLATE utf8mb4_0900_ai_ci NULL DEFAULT NULL,
	`tags` VarChar( 1 ) CHARACTER SET utf8mb4 COLLATE utf8mb4_0900_ai_ci NULL DEFAULT NULL,
	PRIMARY KEY ( `vendorid` ) )
CHARACTER SET = utf8mb4
COLLATE = utf8mb4_0900_ai_ci
ENGINE = InnoDB;
-- -------------------------------------------------------------


-- CREATE TABLE "vtiger_vendorcf" ------------------------------
CREATE TABLE `vtiger_vendorcf`( 
	`vendorid` Int( 0 ) NOT NULL DEFAULT 0,
	PRIMARY KEY ( `vendorid` ) )
CHARACTER SET = utf8mb4
COLLATE = utf8mb4_0900_ai_ci
ENGINE = InnoDB;
-- -------------------------------------------------------------


-- CREATE TABLE "vtiger_vendorcontactrel" ----------------------
CREATE TABLE `vtiger_vendorcontactrel`( 
	`vendorid` Int( 0 ) NOT NULL DEFAULT 0,
	`contactid` Int( 0 ) NOT NULL DEFAULT 0,
	PRIMARY KEY ( `vendorid`, `contactid` ) )
CHARACTER SET = utf8mb4
COLLATE = utf8mb4_0900_ai_ci
ENGINE = InnoDB;
-- -------------------------------------------------------------


-- CREATE TABLE "vtiger_version" -------------------------------
CREATE TABLE `vtiger_version`( 
	`id` Int( 0 ) AUTO_INCREMENT NOT NULL,
	`old_version` VarChar( 30 ) CHARACTER SET utf8mb4 COLLATE utf8mb4_0900_ai_ci NULL DEFAULT NULL,
	`current_version` VarChar( 30 ) CHARACTER SET utf8mb4 COLLATE utf8mb4_0900_ai_ci NULL DEFAULT NULL,
	PRIMARY KEY ( `id` ) )
CHARACTER SET = utf8mb4
COLLATE = utf8mb4_0900_ai_ci
ENGINE = InnoDB
AUTO_INCREMENT = 1;
-- -------------------------------------------------------------


-- CREATE TABLE "vtiger_version_seq" ---------------------------
CREATE TABLE `vtiger_version_seq`( 
	`id` Int( 0 ) NOT NULL )
CHARACTER SET = utf8mb4
COLLATE = utf8mb4_0900_ai_ci
ENGINE = InnoDB;
-- -------------------------------------------------------------


-- CREATE TABLE "vtiger_visibility" ----------------------------
CREATE TABLE `vtiger_visibility`( 
	`visibilityid` Int( 0 ) AUTO_INCREMENT NOT NULL,
	`visibility` VarChar( 200 ) CHARACTER SET utf8mb4 COLLATE utf8mb4_0900_ai_ci NOT NULL,
	`sortorderid` Int( 0 ) NOT NULL DEFAULT 0,
	`presence` Int( 0 ) NOT NULL DEFAULT 1,
	`color` VarChar( 10 ) CHARACTER SET utf8mb4 COLLATE utf8mb4_0900_ai_ci NULL DEFAULT NULL,
	PRIMARY KEY ( `visibilityid` ),
	CONSTRAINT `visibility_visibility_idx` UNIQUE( `visibility` ) )
CHARACTER SET = utf8mb4
COLLATE = utf8mb4_0900_ai_ci
ENGINE = InnoDB
AUTO_INCREMENT = 2;
-- -------------------------------------------------------------


-- CREATE TABLE "vtiger_visibility_seq" ------------------------
CREATE TABLE `vtiger_visibility_seq`( 
	`id` Int( 0 ) NOT NULL )
CHARACTER SET = utf8mb4
COLLATE = utf8mb4_0900_ai_ci
ENGINE = InnoDB;
-- -------------------------------------------------------------


-- CREATE TABLE "vtiger_vtepayments_user_field" ----------------
CREATE TABLE `vtiger_vtepayments_user_field`( 
	`recordid` Int( 0 ) NOT NULL,
	`userid` Int( 0 ) NOT NULL,
	`starred` VarChar( 100 ) CHARACTER SET utf8mb3 COLLATE utf8mb3_general_ci NULL DEFAULT NULL )
CHARACTER SET = utf8mb3
COLLATE = utf8mb3_general_ci
ENGINE = InnoDB;
-- -------------------------------------------------------------


-- CREATE TABLE "vtiger_webform_file_fields" -------------------
CREATE TABLE `vtiger_webform_file_fields`( 
	`id` Int( 0 ) AUTO_INCREMENT NOT NULL,
	`webformid` Int( 0 ) NOT NULL,
	`fieldname` VarChar( 100 ) CHARACTER SET utf8mb3 COLLATE utf8mb3_general_ci NOT NULL,
	`fieldlabel` VarChar( 100 ) CHARACTER SET utf8mb3 COLLATE utf8mb3_general_ci NOT NULL,
	`required` Int( 0 ) NOT NULL DEFAULT 0,
	PRIMARY KEY ( `id` ) )
CHARACTER SET = utf8mb3
COLLATE = utf8mb3_general_ci
ENGINE = InnoDB
AUTO_INCREMENT = 1;
-- -------------------------------------------------------------


-- CREATE TABLE "vtiger_webforms" ------------------------------
CREATE TABLE `vtiger_webforms`( 
	`id` Int( 0 ) NOT NULL,
	`name` VarChar( 100 ) CHARACTER SET utf8mb3 COLLATE utf8mb3_general_ci NOT NULL,
	`publicid` VarChar( 100 ) CHARACTER SET utf8mb3 COLLATE utf8mb3_general_ci NOT NULL,
	`enabled` Int( 0 ) NOT NULL DEFAULT 1,
	`targetmodule` VarChar( 50 ) CHARACTER SET utf8mb3 COLLATE utf8mb3_general_ci NOT NULL,
	`description` Text CHARACTER SET utf8mb3 COLLATE utf8mb3_general_ci NULL DEFAULT NULL,
	`ownerid` Int( 0 ) NOT NULL,
	`returnurl` VarChar( 250 ) CHARACTER SET utf8mb3 COLLATE utf8mb3_general_ci NULL DEFAULT NULL,
	`captcha` Int( 0 ) NOT NULL DEFAULT 0,
	`roundrobin` Int( 0 ) NOT NULL DEFAULT 0,
	`roundrobin_userid` VarChar( 256 ) CHARACTER SET utf8mb3 COLLATE utf8mb3_general_ci NULL DEFAULT NULL,
	`roundrobin_logic` Int( 0 ) NOT NULL DEFAULT 0,
	PRIMARY KEY ( `id` ),
	CONSTRAINT `publicid` UNIQUE( `id` ),
	CONSTRAINT `webformname` UNIQUE( `name` ) )
CHARACTER SET = utf8mb3
COLLATE = utf8mb3_general_ci
ENGINE = InnoDB
AUTO_INCREMENT = 1;
-- -------------------------------------------------------------


-- CREATE TABLE "vtiger_wf_log" --------------------------------
CREATE TABLE `vtiger_wf_log`( 
	`id` Int( 0 ) UNSIGNED AUTO_INCREMENT NOT NULL,
	`workflow_id` SmallInt( 0 ) UNSIGNED NOT NULL,
	`execID` VarChar( 32 ) CHARACTER SET utf8mb4 COLLATE utf8mb4_0900_ai_ci NOT NULL,
	`blockID` MediumInt( 0 ) UNSIGNED NOT NULL,
	`lastBlockID` MediumInt( 0 ) UNSIGNED NOT NULL,
	`lastBlockOutput` VarChar( 16 ) CHARACTER SET utf8mb4 COLLATE utf8mb4_0900_ai_ci NOT NULL,
	`crmid` Int( 0 ) UNSIGNED NOT NULL,
	`timestamp` Timestamp NOT NULL ON UPDATE CURRENT_TIMESTAMP DEFAULT CURRENT_TIMESTAMP,
	`durationms` Int( 0 ) UNSIGNED NOT NULL,
	`data` Blob NOT NULL,
	PRIMARY KEY ( `id` ) )
CHARACTER SET = utf8mb4
COLLATE = utf8mb4_0900_ai_ci
ENGINE = InnoDB;
-- -------------------------------------------------------------


-- CREATE TABLE "vtiger_wf_queue" ------------------------------
CREATE TABLE `vtiger_wf_queue`( 
	`id` Int( 0 ) UNSIGNED AUTO_INCREMENT NOT NULL,
	`locked` TinyInt( 0 ) NOT NULL,
	`crmid` Int( 0 ) UNSIGNED NOT NULL,
	`workflow_id` Int( 0 ) UNSIGNED NOT NULL,
	`execID` VarChar( 32 ) CHARACTER SET utf8mb4 COLLATE utf8mb4_0900_ai_ci NOT NULL,
	`environment` Text CHARACTER SET utf8mb4 COLLATE utf8mb4_0900_ai_ci NOT NULL,
	`execution_user` MediumInt( 0 ) NOT NULL,
	`block_id` Int( 0 ) UNSIGNED NOT NULL,
	`checkMode` Enum( 'dynamic', 'static' ) CHARACTER SET utf8mb4 COLLATE utf8mb4_0900_ai_ci NOT NULL,
	`nextStepTime` DateTime NOT NULL,
	`nextStepField` VarChar( 64 ) CHARACTER SET utf8mb4 COLLATE utf8mb4_0900_ai_ci NOT NULL,
	`timestamp` Timestamp NOT NULL ON UPDATE CURRENT_TIMESTAMP DEFAULT CURRENT_TIMESTAMP,
	PRIMARY KEY ( `id` ) )
CHARACTER SET = utf8mb4
COLLATE = utf8mb4_0900_ai_ci
ENGINE = InnoDB;
-- -------------------------------------------------------------


-- CREATE TABLE "vtiger_wf_settings" ---------------------------
CREATE TABLE `vtiger_wf_settings`( 
	`id` Int( 0 ) UNSIGNED AUTO_INCREMENT NOT NULL,
	`active` TinyInt( 0 ) NOT NULL,
	`title` VarChar( 128 ) CHARACTER SET utf8mb4 COLLATE utf8mb4_0900_ai_ci NOT NULL,
	`module_name` VarChar( 32 ) CHARACTER SET utf8mb4 COLLATE utf8mb4_0900_ai_ci NOT NULL,
	`execution_user` SmallInt( 0 ) UNSIGNED NOT NULL,
	`condition` TinyInt( 0 ) NOT NULL DEFAULT 2,
	`simultan` TinyInt( 0 ) NOT NULL DEFAULT 2,
	`revision` Int( 0 ) UNSIGNED NOT NULL DEFAULT 1,
	`modify` Timestamp NOT NULL ON UPDATE CURRENT_TIMESTAMP DEFAULT CURRENT_TIMESTAMP,
	PRIMARY KEY ( `id` ) )
CHARACTER SET = utf8mb4
COLLATE = utf8mb4_0900_ai_ci
ENGINE = InnoDB;
-- -------------------------------------------------------------


-- CREATE TABLE "vtiger_wfp_blocks" ----------------------------
CREATE TABLE `vtiger_wfp_blocks`( 
	`id` Int( 0 ) AUTO_INCREMENT NOT NULL,
	`workflow_id` SmallInt( 0 ) UNSIGNED NOT NULL,
	`active` TinyInt( 0 ) UNSIGNED NOT NULL,
	`text` VarChar( 128 ) CHARACTER SET utf8mb4 COLLATE utf8mb4_0900_ai_ci NOT NULL,
	`type` VarChar( 32 ) CHARACTER SET utf8mb4 COLLATE utf8mb4_0900_ai_ci NOT NULL,
	`x` MediumInt( 0 ) NOT NULL,
	`y` MediumInt( 0 ) NOT NULL,
	`settings` Text CHARACTER SET utf8mb4 COLLATE utf8mb4_0900_ai_ci NOT NULL,
	PRIMARY KEY ( `id` ) )
CHARACTER SET = utf8mb4
COLLATE = utf8mb4_0900_ai_ci
ENGINE = InnoDB;
-- -------------------------------------------------------------


-- CREATE TABLE "vtiger_wfp_connections" -----------------------
CREATE TABLE `vtiger_wfp_connections`( 
	`id` Int( 0 ) AUTO_INCREMENT NOT NULL,
	`deleted` TinyInt( 0 ) UNSIGNED NOT NULL,
	`workflow_id` Int( 0 ) NOT NULL,
	`source_mode` Enum( 'block', 'person' ) CHARACTER SET utf8mb4 COLLATE utf8mb4_0900_ai_ci NOT NULL,
	`source_id` SmallInt( 0 ) NOT NULL,
	`source_key` VarChar( 32 ) CHARACTER SET utf8mb4 COLLATE utf8mb4_0900_ai_ci NOT NULL,
	`destination_id` SmallInt( 0 ) NOT NULL,
	`destination_key` VarChar( 32 ) CHARACTER SET utf8mb4 COLLATE utf8mb4_0900_ai_ci NOT NULL,
	`last_change` Timestamp NOT NULL ON UPDATE CURRENT_TIMESTAMP DEFAULT CURRENT_TIMESTAMP,
	`last_changed_userid` MediumInt( 0 ) NOT NULL,
	PRIMARY KEY ( `id` ),
	CONSTRAINT `source_mode` UNIQUE( `source_mode`, `source_id`, `source_key`, `destination_id`, `destination_key` ) )
CHARACTER SET = utf8mb4
COLLATE = utf8mb4_0900_ai_ci
ENGINE = InnoDB;
-- -------------------------------------------------------------


-- CREATE TABLE "vtiger_wfp_objects" ---------------------------
CREATE TABLE `vtiger_wfp_objects`( 
	`id` SmallInt( 0 ) UNSIGNED AUTO_INCREMENT NOT NULL,
	`workflow_id` SmallInt( 0 ) UNSIGNED NOT NULL,
	`x` MediumInt( 0 ) NOT NULL,
	`y` MediumInt( 0 ) NOT NULL,
	`module_name` VarChar( 32 ) CHARACTER SET utf8mb4 COLLATE utf8mb4_0900_ai_ci NOT NULL,
	`crmid` Int( 0 ) NOT NULL,
	PRIMARY KEY ( `id` ) )
CHARACTER SET = utf8mb4
COLLATE = utf8mb4_0900_ai_ci
ENGINE = InnoDB;
-- -------------------------------------------------------------


-- CREATE TABLE "vtiger_wordtemplates" -------------------------
CREATE TABLE `vtiger_wordtemplates`( 
	`templateid` Int( 0 ) NOT NULL,
	`filename` VarChar( 100 ) CHARACTER SET utf8mb4 COLLATE utf8mb4_0900_ai_ci NOT NULL,
	`module` VarChar( 30 ) CHARACTER SET utf8mb4 COLLATE utf8mb4_0900_ai_ci NOT NULL,
	`date_entered` Timestamp NOT NULL,
	`parent_type` VarChar( 50 ) CHARACTER SET utf8mb4 COLLATE utf8mb4_0900_ai_ci NOT NULL,
	`data` LongBlob NOT NULL,
	`description` Text CHARACTER SET utf8mb4 COLLATE utf8mb4_0900_ai_ci NULL DEFAULT NULL,
	`filesize` VarChar( 50 ) CHARACTER SET utf8mb4 COLLATE utf8mb4_0900_ai_ci NOT NULL,
	`filetype` VarChar( 20 ) CHARACTER SET utf8mb4 COLLATE utf8mb4_0900_ai_ci NOT NULL,
	`deleted` Int( 0 ) NOT NULL DEFAULT 0,
	PRIMARY KEY ( `templateid` ) )
CHARACTER SET = utf8mb4
COLLATE = utf8mb4_0900_ai_ci
ENGINE = InnoDB;
-- -------------------------------------------------------------


-- CREATE TABLE "vtiger_ws_entity" -----------------------------
CREATE TABLE `vtiger_ws_entity`( 
	`id` Int( 0 ) AUTO_INCREMENT NOT NULL,
	`name` VarChar( 25 ) CHARACTER SET utf8mb4 COLLATE utf8mb4_0900_ai_ci NOT NULL,
	`handler_path` VarChar( 255 ) CHARACTER SET utf8mb4 COLLATE utf8mb4_0900_ai_ci NOT NULL,
	`handler_class` VarChar( 64 ) CHARACTER SET utf8mb4 COLLATE utf8mb4_0900_ai_ci NOT NULL,
	`ismodule` Int( 0 ) NOT NULL,
	PRIMARY KEY ( `id` ) )
CHARACTER SET = utf8mb4
COLLATE = utf8mb4_0900_ai_ci
ENGINE = InnoDB
AUTO_INCREMENT = 46;
-- -------------------------------------------------------------


-- CREATE TABLE "vtiger_ws_entity_fieldtype" -------------------
CREATE TABLE `vtiger_ws_entity_fieldtype`( 
	`fieldtypeid` Int( 0 ) AUTO_INCREMENT NOT NULL,
	`table_name` VarChar( 50 ) CHARACTER SET utf8mb4 COLLATE utf8mb4_0900_ai_ci NOT NULL,
	`field_name` VarChar( 50 ) CHARACTER SET utf8mb4 COLLATE utf8mb4_0900_ai_ci NOT NULL,
	`fieldtype` VarChar( 200 ) CHARACTER SET utf8mb4 COLLATE utf8mb4_0900_ai_ci NOT NULL,
	PRIMARY KEY ( `fieldtypeid` ),
	CONSTRAINT `vtiger_idx_1_tablename_fieldname` UNIQUE( `table_name`, `field_name` ) )
CHARACTER SET = utf8mb4
COLLATE = utf8mb4_0900_ai_ci
ENGINE = InnoDB
AUTO_INCREMENT = 11;
-- -------------------------------------------------------------


-- CREATE TABLE "vtiger_ws_entity_fieldtype_seq" ---------------
CREATE TABLE `vtiger_ws_entity_fieldtype_seq`( 
	`id` Int( 0 ) NOT NULL )
CHARACTER SET = utf8mb4
COLLATE = utf8mb4_0900_ai_ci
ENGINE = InnoDB;
-- -------------------------------------------------------------


-- CREATE TABLE "vtiger_ws_entity_name" ------------------------
CREATE TABLE `vtiger_ws_entity_name`( 
	`entity_id` Int( 0 ) NOT NULL,
	`name_fields` VarChar( 50 ) CHARACTER SET utf8mb4 COLLATE utf8mb4_0900_ai_ci NOT NULL,
	`index_field` VarChar( 50 ) CHARACTER SET utf8mb4 COLLATE utf8mb4_0900_ai_ci NOT NULL,
	`table_name` VarChar( 50 ) CHARACTER SET utf8mb4 COLLATE utf8mb4_0900_ai_ci NOT NULL,
	PRIMARY KEY ( `entity_id` ) )
CHARACTER SET = utf8mb4
COLLATE = utf8mb4_0900_ai_ci
ENGINE = InnoDB;
-- -------------------------------------------------------------


-- CREATE TABLE "vtiger_ws_entity_referencetype" ---------------
CREATE TABLE `vtiger_ws_entity_referencetype`( 
	`fieldtypeid` Int( 0 ) NOT NULL,
	`type` VarChar( 25 ) CHARACTER SET utf8mb4 COLLATE utf8mb4_0900_ai_ci NOT NULL,
	PRIMARY KEY ( `fieldtypeid`, `type` ) )
CHARACTER SET = utf8mb4
COLLATE = utf8mb4_0900_ai_ci
ENGINE = InnoDB;
-- -------------------------------------------------------------


-- CREATE TABLE "vtiger_ws_entity_seq" -------------------------
CREATE TABLE `vtiger_ws_entity_seq`( 
	`id` Int( 0 ) NOT NULL )
CHARACTER SET = utf8mb4
COLLATE = utf8mb4_0900_ai_ci
ENGINE = InnoDB;
-- -------------------------------------------------------------


-- CREATE TABLE "vtiger_ws_entity_tables" ----------------------
CREATE TABLE `vtiger_ws_entity_tables`( 
	`webservice_entity_id` Int( 0 ) NOT NULL,
	`table_name` VarChar( 50 ) CHARACTER SET utf8mb4 COLLATE utf8mb4_0900_ai_ci NOT NULL,
	PRIMARY KEY ( `webservice_entity_id`, `table_name` ) )
CHARACTER SET = utf8mb4
COLLATE = utf8mb4_0900_ai_ci
ENGINE = InnoDB;
-- -------------------------------------------------------------


-- CREATE TABLE "vtiger_ws_fieldinfo" --------------------------
CREATE TABLE `vtiger_ws_fieldinfo`( 
	`id` VarChar( 64 ) CHARACTER SET utf8mb4 COLLATE utf8mb4_0900_ai_ci NOT NULL,
	`property_name` VarChar( 32 ) CHARACTER SET utf8mb4 COLLATE utf8mb4_0900_ai_ci NULL DEFAULT NULL,
	`property_value` VarChar( 64 ) CHARACTER SET utf8mb4 COLLATE utf8mb4_0900_ai_ci NULL DEFAULT NULL,
	PRIMARY KEY ( `id` ) )
CHARACTER SET = utf8mb4
COLLATE = utf8mb4_0900_ai_ci
ENGINE = InnoDB;
-- -------------------------------------------------------------


-- CREATE TABLE "vtiger_ws_fieldtype" --------------------------
CREATE TABLE `vtiger_ws_fieldtype`( 
	`fieldtypeid` Int( 0 ) AUTO_INCREMENT NOT NULL,
	`uitype` VarChar( 30 ) CHARACTER SET utf8mb4 COLLATE utf8mb4_0900_ai_ci NOT NULL,
	`fieldtype` VarChar( 200 ) CHARACTER SET utf8mb4 COLLATE utf8mb4_0900_ai_ci NOT NULL,
	PRIMARY KEY ( `fieldtypeid` ),
	CONSTRAINT `uitype_idx` UNIQUE( `uitype` ) )
CHARACTER SET = utf8mb4
COLLATE = utf8mb4_0900_ai_ci
ENGINE = InnoDB
AUTO_INCREMENT = 43;
-- -------------------------------------------------------------


-- CREATE TABLE "vtiger_ws_operation" --------------------------
CREATE TABLE `vtiger_ws_operation`( 
	`operationid` Int( 0 ) AUTO_INCREMENT NOT NULL,
	`name` VarChar( 128 ) CHARACTER SET utf8mb4 COLLATE utf8mb4_0900_ai_ci NOT NULL,
	`handler_path` VarChar( 255 ) CHARACTER SET utf8mb4 COLLATE utf8mb4_0900_ai_ci NOT NULL,
	`handler_method` VarChar( 64 ) CHARACTER SET utf8mb4 COLLATE utf8mb4_0900_ai_ci NOT NULL,
	`type` VarChar( 8 ) CHARACTER SET utf8mb4 COLLATE utf8mb4_0900_ai_ci NOT NULL,
	`prelogin` Int( 0 ) NOT NULL,
	PRIMARY KEY ( `operationid` ) )
CHARACTER SET = utf8mb4
COLLATE = utf8mb4_0900_ai_ci
ENGINE = InnoDB
AUTO_INCREMENT = 38;
-- -------------------------------------------------------------


-- CREATE TABLE "vtiger_ws_operation_parameters" ---------------
CREATE TABLE `vtiger_ws_operation_parameters`( 
	`operationid` Int( 0 ) AUTO_INCREMENT NOT NULL,
	`name` VarChar( 128 ) CHARACTER SET utf8mb4 COLLATE utf8mb4_0900_ai_ci NOT NULL,
	`type` VarChar( 64 ) CHARACTER SET utf8mb4 COLLATE utf8mb4_0900_ai_ci NOT NULL,
	`sequence` Int( 0 ) NOT NULL,
	PRIMARY KEY ( `operationid`, `name` ) )
CHARACTER SET = utf8mb4
COLLATE = utf8mb4_0900_ai_ci
ENGINE = InnoDB
AUTO_INCREMENT = 38;
-- -------------------------------------------------------------


-- CREATE TABLE "vtiger_ws_operation_seq" ----------------------
CREATE TABLE `vtiger_ws_operation_seq`( 
	`id` Int( 0 ) NOT NULL )
CHARACTER SET = utf8mb4
COLLATE = utf8mb4_0900_ai_ci
ENGINE = InnoDB;
-- -------------------------------------------------------------


-- CREATE TABLE "vtiger_ws_referencetype" ----------------------
CREATE TABLE `vtiger_ws_referencetype`( 
	`fieldtypeid` Int( 0 ) NOT NULL,
	`type` VarChar( 25 ) CHARACTER SET utf8mb4 COLLATE utf8mb4_0900_ai_ci NOT NULL,
	PRIMARY KEY ( `fieldtypeid`, `type` ) )
CHARACTER SET = utf8mb4
COLLATE = utf8mb4_0900_ai_ci
ENGINE = InnoDB;
-- -------------------------------------------------------------


-- CREATE TABLE "vtiger_ws_userauthtoken" ----------------------
CREATE TABLE `vtiger_ws_userauthtoken`( 
	`userid` Int( 0 ) NOT NULL,
	`token` VarChar( 36 ) CHARACTER SET utf8mb4 COLLATE utf8mb4_0900_ai_ci NOT NULL,
	`expiretime` Int( 0 ) NOT NULL,
	PRIMARY KEY ( `userid`, `expiretime` ),
	CONSTRAINT `userid_idx` UNIQUE( `userid` ) )
CHARACTER SET = utf8mb4
COLLATE = utf8mb4_0900_ai_ci
ENGINE = InnoDB;
-- -------------------------------------------------------------


-- CREATE TABLE "vtiger_wsapp" ---------------------------------
CREATE TABLE `vtiger_wsapp`( 
	`appid` Int( 0 ) AUTO_INCREMENT NOT NULL,
	`name` VarChar( 200 ) CHARACTER SET utf8mb3 COLLATE utf8mb3_general_ci NOT NULL,
	`appkey` VarChar( 255 ) CHARACTER SET utf8mb3 COLLATE utf8mb3_general_ci NULL DEFAULT NULL,
	`type` VarChar( 100 ) CHARACTER SET utf8mb3 COLLATE utf8mb3_general_ci NULL DEFAULT NULL,
	PRIMARY KEY ( `appid` ) )
CHARACTER SET = utf8mb3
COLLATE = utf8mb3_general_ci
ENGINE = InnoDB
AUTO_INCREMENT = 1;
-- -------------------------------------------------------------


-- CREATE TABLE "vtiger_wsapp_handlerdetails" ------------------
CREATE TABLE `vtiger_wsapp_handlerdetails`( 
	`type` VarChar( 200 ) CHARACTER SET utf8mb3 COLLATE utf8mb3_general_ci NOT NULL,
	`handlerclass` VarChar( 100 ) CHARACTER SET utf8mb3 COLLATE utf8mb3_general_ci NULL DEFAULT NULL,
	`handlerpath` VarChar( 300 ) CHARACTER SET utf8mb3 COLLATE utf8mb3_general_ci NULL DEFAULT NULL )
CHARACTER SET = utf8mb3
COLLATE = utf8mb3_general_ci
ENGINE = InnoDB;
-- -------------------------------------------------------------


-- CREATE TABLE "vtiger_wsapp_logs_basic" ----------------------
CREATE TABLE `vtiger_wsapp_logs_basic`( 
	`id` Int( 0 ) AUTO_INCREMENT NOT NULL,
	`extensiontabid` Int( 0 ) NULL DEFAULT NULL,
	`module` VarChar( 50 ) CHARACTER SET utf8mb3 COLLATE utf8mb3_general_ci NOT NULL,
	`sync_datetime` DateTime NOT NULL,
	`app_create_count` Int( 0 ) NULL DEFAULT NULL,
	`app_update_count` Int( 0 ) NULL DEFAULT NULL,
	`app_delete_count` Int( 0 ) NULL DEFAULT NULL,
	`app_skip_count` Int( 0 ) NULL DEFAULT NULL,
	`vt_create_count` Int( 0 ) NULL DEFAULT NULL,
	`vt_update_count` Int( 0 ) NULL DEFAULT NULL,
	`vt_delete_count` Int( 0 ) NULL DEFAULT NULL,
	`vt_skip_count` Int( 0 ) NULL DEFAULT NULL,
	`userid` Int( 0 ) NULL DEFAULT NULL,
	PRIMARY KEY ( `id` ) )
CHARACTER SET = utf8mb3
COLLATE = utf8mb3_general_ci
ENGINE = InnoDB;
-- -------------------------------------------------------------


-- CREATE TABLE "vtiger_wsapp_logs_details" --------------------
CREATE TABLE `vtiger_wsapp_logs_details`( 
	`id` Int( 0 ) NOT NULL,
	`app_create_ids` MediumText CHARACTER SET utf8mb3 COLLATE utf8mb3_general_ci NULL DEFAULT NULL,
	`app_update_ids` MediumText CHARACTER SET utf8mb3 COLLATE utf8mb3_general_ci NULL DEFAULT NULL,
	`app_delete_ids` MediumText CHARACTER SET utf8mb3 COLLATE utf8mb3_general_ci NULL DEFAULT NULL,
	`app_skip_info` MediumText CHARACTER SET utf8mb3 COLLATE utf8mb3_general_ci NULL DEFAULT NULL,
	`vt_create_ids` MediumText CHARACTER SET utf8mb3 COLLATE utf8mb3_general_ci NULL DEFAULT NULL,
	`vt_update_ids` MediumText CHARACTER SET utf8mb3 COLLATE utf8mb3_general_ci NULL DEFAULT NULL,
	`vt_delete_ids` MediumText CHARACTER SET utf8mb3 COLLATE utf8mb3_general_ci NULL DEFAULT NULL,
	`vt_skip_info` MediumText CHARACTER SET utf8mb3 COLLATE utf8mb3_general_ci NULL DEFAULT NULL )
CHARACTER SET = utf8mb3
COLLATE = utf8mb3_general_ci
ENGINE = InnoDB;
-- -------------------------------------------------------------


-- CREATE TABLE "vtiger_wsapp_queuerecords" --------------------
CREATE TABLE `vtiger_wsapp_queuerecords`( 
	`syncserverid` Int( 0 ) NULL DEFAULT NULL,
	`details` VarChar( 300 ) CHARACTER SET utf8mb3 COLLATE utf8mb3_general_ci NULL DEFAULT NULL,
	`flag` VarChar( 100 ) CHARACTER SET utf8mb3 COLLATE utf8mb3_general_ci NULL DEFAULT NULL,
	`appid` Int( 0 ) NULL DEFAULT NULL )
CHARACTER SET = utf8mb3
COLLATE = utf8mb3_general_ci
ENGINE = InnoDB;
-- -------------------------------------------------------------


-- CREATE TABLE "vtiger_wsapp_recordmapping" -------------------
CREATE TABLE `vtiger_wsapp_recordmapping`( 
	`id` Int( 0 ) AUTO_INCREMENT NOT NULL,
	`serverid` VarChar( 10 ) CHARACTER SET utf8mb3 COLLATE utf8mb3_general_ci NULL DEFAULT NULL,
	`clientid` VarChar( 255 ) CHARACTER SET utf8mb3 COLLATE utf8mb3_general_ci NULL DEFAULT NULL,
	`clientmodifiedtime` DateTime NULL DEFAULT NULL,
	`appid` Int( 0 ) NULL DEFAULT NULL,
	`servermodifiedtime` DateTime NULL DEFAULT NULL,
	`serverappid` Int( 0 ) NULL DEFAULT NULL,
	PRIMARY KEY ( `id` ) )
CHARACTER SET = utf8mb3
COLLATE = utf8mb3_general_ci
ENGINE = InnoDB;
-- -------------------------------------------------------------


-- CREATE TABLE "vtiger_wsapp_sync_state" ----------------------
CREATE TABLE `vtiger_wsapp_sync_state`( 
	`id` Int( 0 ) AUTO_INCREMENT NOT NULL,
	`name` VarChar( 200 ) CHARACTER SET utf8mb3 COLLATE utf8mb3_general_ci NULL DEFAULT NULL,
	`stateencodedvalues` VarChar( 300 ) CHARACTER SET utf8mb3 COLLATE utf8mb3_general_ci NOT NULL,
	`userid` Int( 0 ) NULL DEFAULT NULL,
	PRIMARY KEY ( `id` ) )
CHARACTER SET = utf8mb3
COLLATE = utf8mb3_general_ci
ENGINE = InnoDB;
-- -------------------------------------------------------------


-- Dump data of "com_vtiger_workflow_activatedonce" --------
BEGIN;

INSERT INTO `com_vtiger_workflow_activatedonce`(`workflow_id`,`entity_id`) VALUES 
( '26', '20' ),
( '26', '41' ),
( '26', '47' ),
( '26', '63' ),
( '26', '71' ),
( '26', '79' ),
( '26', '91' ),
( '26', '112' ),
( '27', '20' ),
( '27', '41' ),
( '27', '47' ),
( '27', '63' ),
( '27', '71' ),
( '27', '79' ),
( '27', '91' ),
( '27', '112' ),
( '30', '8' ),
( '31', '8' ),
( '31', '22' ),
( '32', '8' ),
( '32', '22' ),
( '32', '57' ),
( '32', '66' ),
( '32', '81' ),
( '32', '119' ),
( '33', '40' ),
( '34', '99' ),
( '34', '100' ),
( '34', '111' ),
( '34', '113' ),
( '34', '128' ),
( '34', '142' );
COMMIT;
-- ---------------------------------------------------------


-- Dump data of "com_vtiger_workflow_tasktypes" ------------
BEGIN;

INSERT INTO `com_vtiger_workflow_tasktypes`(`id`,`tasktypename`,`label`,`classname`,`classpath`,`templatepath`,`modules`,`sourcemodule`) VALUES 
( '1', 'VTEmailTask', 'Send Mail', 'VTEmailTask', 'modules/com_vtiger_workflow/tasks/VTEmailTask.inc', 'modules/Settings/Workflows/Tasks/VTEmailTask.tpl', '{"include":[],"exclude":[]}', '' ),
( '2', 'VTEntityMethodTask', 'Invoke Custom Function', 'VTEntityMethodTask', 'modules/com_vtiger_workflow/tasks/VTEntityMethodTask.inc', 'modules/Settings/Workflows/Tasks/VTEntityMethodTask.tpl', '{"include":[],"exclude":[]}', '' ),
( '3', 'VTCreateTodoTask', 'Create Todo', 'VTCreateTodoTask', 'modules/com_vtiger_workflow/tasks/VTCreateTodoTask.inc', 'modules/Settings/Workflows/Tasks/VTCreateTodoTask.tpl', '{"include":["Leads","Accounts","Potentials","Contacts","HelpDesk","Campaigns","Quotes","PurchaseOrder","SalesOrder","Invoice","Project","CustomPayments","CustomPayments"],"exclude":["Calendar","FAQ","Events"]}', '' ),
( '4', 'VTCreateEventTask', 'Create Event', 'VTCreateEventTask', 'modules/com_vtiger_workflow/tasks/VTCreateEventTask.inc', 'modules/Settings/Workflows/Tasks/VTCreateEventTask.tpl', '{"include":["Leads","Accounts","Potentials","Contacts","HelpDesk","Campaigns","Project","CustomPayments","CustomPayments"],"exclude":["Calendar","FAQ","Events"]}', '' ),
( '5', 'VTUpdateFieldsTask', 'Update Fields', 'VTUpdateFieldsTask', 'modules/com_vtiger_workflow/tasks/VTUpdateFieldsTask.inc', 'modules/Settings/Workflows/Tasks/VTUpdateFieldsTask.tpl', '{"include":[],"exclude":[]}', '' ),
( '6', 'VTCreateEntityTask', 'Create Entity', 'VTCreateEntityTask', 'modules/com_vtiger_workflow/tasks/VTCreateEntityTask.inc', 'modules/Settings/Workflows/Tasks/VTCreateEntityTask.tpl', '{"include":[],"exclude":[]}', '' ),
( '7', 'VTSMSTask', 'SMS Task', 'VTSMSTask', 'modules/com_vtiger_workflow/tasks/VTSMSTask.inc', 'modules/Settings/Workflows/Tasks/VTSMSTask.tpl', '{"include":[],"exclude":[]}', 'SMSNotifier' ),
( '10', 'VTPDFMakerMailTask', 'Send Email with PDF Maker attachments', 'VTPDFMakerMailTask', 'modules/PDFMaker/workflow/VTPDFMakerMailTask.inc', 'modules/PDFMaker/taskforms/VTPDFMakerMailTask.tpl', '{"include":[],"exclude":[]}', 'PDFMaker' ),
( '11', 'VTPDFMakerTask', 'Save Document from PDF Maker', 'VTPDFMakerTask', 'modules/PDFMaker/workflow/VTPDFMakerTask.inc', 'modules/PDFMaker/taskforms/VTPDFMakerTask.tpl', '{"include":[],"exclude":[]}', 'PDFMaker' );
COMMIT;
-- ---------------------------------------------------------


-- Dump data of "com_vtiger_workflow_tasktypes_seq" --------
BEGIN;

INSERT INTO `com_vtiger_workflow_tasktypes_seq`(`id`) VALUES 
( '11' );
COMMIT;
-- ---------------------------------------------------------


-- Dump data of "com_vtiger_workflows" ---------------------
BEGIN;

INSERT INTO `com_vtiger_workflows`(`workflow_id`,`module_name`,`summary`,`test`,`execution_condition`,`defaultworkflow`,`type`,`filtersavedinnew`,`schtypeid`,`schdayofmonth`,`schdayofweek`,`schannualdates`,`schtime`,`nexttrigger_time`,`status`,`workflowname`) VALUES 
( '1', 'Invoice', 'UpdateInventoryProducts On Every Save', '[{"fieldname":"subject","operation":"does not contain","value":"`!`"}]', '3', '1', 'basic', '5', NULL, NULL, NULL, NULL, NULL, NULL, '1', 'UpdateInventoryProducts On Every Save' ),
( '2', 'Accounts', 'Send Email to user when Notifyowner is True', '[{"fieldname":"notify_owner","operation":"is","value":"true:boolean"}]', '2', '1', 'basic', '5', NULL, NULL, NULL, NULL, NULL, NULL, '1', 'Send Email to user when Notifyowner is True' ),
( '3', 'Contacts', 'Send Email to user when Notifyowner is True', '[{"fieldname":"notify_owner","operation":"is","value":"true:boolean"}]', '2', '1', 'basic', '5', NULL, NULL, NULL, NULL, NULL, NULL, '1', 'Send Email to user when Notifyowner is True' ),
( '4', 'Contacts', 'Send Email to user when Portal User is True', '[{"fieldname":"portal","operation":"is","value":"1","valuetype":"rawtext","joincondition":"and","groupjoin":"and","groupid":"0"},{"fieldname":"email","operation":"is not empty","value":"","valuetype":"rawtext","joincondition":"","groupjoin":"and","groupid":"0"}]', '3', '1', 'basic', '6', NULL, NULL, NULL, NULL, NULL, NULL, '1', 'Send Email to user when Portal User is True' ),
( '5', 'Potentials', 'Send Email to users on Potential creation', '[]', '1', '1', 'basic', '5', NULL, NULL, NULL, NULL, NULL, NULL, '1', 'Send Email to users on Potential creation' ),
( '6', 'Contacts', 'Workflow for Contact Creation or Modification', '[]', '3', '1', 'basic', '5', NULL, NULL, NULL, NULL, NULL, NULL, '1', 'Workflow for Contact Creation or Modification' ),
( '7', 'HelpDesk', 'Ticket Creation From Portal : Send Email to Record Owner and Contact', '[{"fieldname":"from_portal","operation":"is","value":1,"valuetype":"rawtext","joincondition":"and","groupjoin":"and","groupid":0}]', '1', '1', 'basic', '6', NULL, NULL, NULL, NULL, NULL, NULL, '1', 'Ticket Creation From Portal : Send Email to Record Owner and Contact' ),
( '9', 'HelpDesk', 'Send Email to Contact on Ticket Update', '[{"fieldname":"(contact_id : (Contacts) emailoptout)","operation":"is","value":"0","valuetype":"rawtext","joincondition":"and","groupjoin":"and","groupid":"0"},{"fieldname":"from_portal","operation":"is","value":0,"valuetype":"rawtext","joincondition":"and","groupjoin":"and","groupid":0},{"fieldname":"ticketstatus","operation":"has changed to","value":"Closed","valuetype":"rawtext","joincondition":"or","groupjoin":"and","groupid":"1"},{"fieldname":"solution","operation":"has changed","value":"","valuetype":"","joincondition":"or","groupjoin":"and","groupid":"1"},{"fieldname":"description","operation":"has changed","value":"","valuetype":"","joincondition":"or","groupjoin":"and","groupid":"1"}]', '3', '1', 'basic', '6', NULL, NULL, NULL, NULL, NULL, NULL, '1', 'Send Email to Contact on Ticket Update' ),
( '10', 'Events', 'Workflow for Events when Send Notification is True', '[{"fieldname":"sendnotification","operation":"is","value":"true:boolean"}]', '3', '1', 'basic', '5', NULL, NULL, NULL, NULL, NULL, NULL, '1', 'Workflow for Events when Send Notification is True' ),
( '11', 'Calendar', 'Workflow for Calendar Todos when Send Notification is True', '[{"fieldname":"sendnotification","operation":"is","value":"true:boolean"}]', '3', '1', 'basic', '5', NULL, NULL, NULL, NULL, NULL, NULL, '1', 'Workflow for Calendar Todos when Send Notification is True' ),
( '12', 'Potentials', 'Calculate or Update forecast amount', '[]', '3', '1', 'basic', '5', NULL, NULL, NULL, NULL, NULL, NULL, '1', 'Calculate or Update forecast amount' ),
( '13', 'Events', 'Workflow for Events when Send Notification is True', '[{"fieldname":"sendnotification","operation":"is","value":"true:boolean"}]', '3', '1', 'basic', '5', NULL, NULL, NULL, NULL, NULL, NULL, '1', 'Workflow for Events when Send Notification is True' ),
( '14', 'Calendar', 'Workflow for Calendar Todos when Send Notification is True', '[{"fieldname":"sendnotification","operation":"is","value":"true:boolean"}]', '3', '1', 'basic', '5', NULL, NULL, NULL, NULL, NULL, NULL, '1', 'Workflow for Calendar Todos when Send Notification is True' ),
( '15', 'HelpDesk', 'Comment Added From CRM : Send Email to Organization', '[{"fieldname":"_VT_add_comment","operation":"is added","value":"","valuetype":"rawtext","joincondition":"","groupjoin":"and","groupid":"0"},{"fieldname":"from_portal","operation":"is","value":"0","valuetype":"rawtext","joincondition":"","groupjoin":"and","groupid":"0"},{"fieldname":"(parent_id : (Accounts) emailoptout)","operation":"is","value":"0","valuetype":"rawtext","joincondition":"and","groupjoin":"and","groupid":"0"}]', '3', '1', 'basic', '6', NULL, NULL, NULL, NULL, NULL, NULL, '1', 'Comment Added From CRM : Send Email to Organization' ),
( '16', 'PurchaseOrder', 'Update Inventory Products On Every Save', '[]', '3', '1', 'basic', '5', NULL, NULL, NULL, NULL, NULL, NULL, '1', 'Update Inventory Products On Every Save' ),
( '17', 'HelpDesk', 'Comment Added From Portal : Send Email to Record Owner', '[{"fieldname":"_VT_add_comment","operation":"is added","value":"","valuetype":"rawtext","joincondition":"","groupjoin":"and","groupid":"0"},{"fieldname":"from_portal","operation":"is","value":"1","valuetype":"rawtext","joincondition":"","groupjoin":"and","groupid":"0"}]', '3', '1', 'basic', '6', NULL, NULL, NULL, NULL, NULL, NULL, '1', 'Comment Added From Portal : Send Email to Record Owner' ),
( '18', 'HelpDesk', 'Comment Added From CRM : Send Email to Contact, where Contact is not a Portal User', '[{"fieldname":"(contact_id : (Contacts) portal)","operation":"is","value":"0","valuetype":"rawtext","joincondition":"and","groupjoin":"and","groupid":"0"},{"fieldname":"_VT_add_comment","operation":"is added","value":"","valuetype":"rawtext","joincondition":"","groupjoin":"and","groupid":"0"},{"fieldname":"from_portal","operation":"is","value":"0","valuetype":"rawtext","joincondition":"","groupjoin":"and","groupid":"0"},{"fieldname":"(contact_id : (Contacts) emailoptout)","operation":"is","value":"0","valuetype":"rawtext","joincondition":"and","groupjoin":"and","groupid":"0"}]', '3', '1', 'basic', '6', NULL, NULL, NULL, NULL, NULL, NULL, '1', 'Comment Added From CRM : Send Email to Contact, where Contact is not a Portal User' ),
( '19', 'HelpDesk', 'Comment Added From CRM : Send Email to Contact, where Contact is Portal User', '[{"fieldname":"(contact_id : (Contacts) portal)","operation":"is","value":"1","valuetype":"rawtext","joincondition":"and","groupjoin":"and","groupid":"0"},{"fieldname":"_VT_add_comment","operation":"is added","value":"","valuetype":"rawtext","joincondition":"","groupjoin":"and","groupid":"0"},{"fieldname":"from_portal","operation":"is","value":"0","valuetype":"rawtext","joincondition":"","groupjoin":"and","groupid":"0"},{"fieldname":"(contact_id : (Contacts) emailoptout)","operation":"is","value":"0","valuetype":"rawtext","joincondition":"and","groupjoin":"and","groupid":"0"}]', '3', '1', 'basic', '6', NULL, NULL, NULL, NULL, NULL, NULL, '1', 'Comment Added From CRM : Send Email to Contact, where Contact is Portal User' ),
( '20', 'HelpDesk', 'Send Email to Record Owner on Ticket Update', '[{"fieldname":"from_portal","operation":"is","value":0,"valuetype":"rawtext","joincondition":"and","groupjoin":"and","groupid":0},{"fieldname":"ticketstatus","operation":"has changed to","value":"Closed","valuetype":"rawtext","joincondition":"or","groupjoin":"and","groupid":"1"},{"fieldname":"solution","operation":"has changed","value":"","valuetype":"","joincondition":"or","groupjoin":"and","groupid":"1"},{"fieldname":"assigned_user_id","operation":"has changed","value":"","valuetype":"","joincondition":"or","groupjoin":"and","groupid":"1"},{"fieldname":"description","operation":"has changed","value":"","valuetype":"","joincondition":"or","groupjoin":"and","groupid":"1"}]', '3', '1', 'basic', '6', NULL, NULL, NULL, NULL, NULL, NULL, '1', 'Send Email to Record Owner on Ticket Update' ),
( '21', 'HelpDesk', 'Ticket Creation From CRM : Send Email to Record Owner', '[{"fieldname":"from_portal","operation":"is","value":"0","valuetype":"rawtext","joincondition":"","groupjoin":"and","groupid":"0"}]', '1', '1', 'basic', '6', NULL, NULL, NULL, NULL, NULL, NULL, '1', 'Ticket Creation From CRM : Send Email to Record Owner' ),
( '22', 'HelpDesk', 'Send Email to Organization on Ticket Update', '[{"fieldname":"(parent_id : (Accounts) emailoptout)","operation":"is","value":"0","valuetype":"rawtext","joincondition":"and","groupjoin":"and","groupid":"0"},{"fieldname":"from_portal","operation":"is","value":0,"valuetype":"rawtext","joincondition":"and","groupjoin":"and","groupid":0},{"fieldname":"ticketstatus","operation":"has changed to","value":"Closed","valuetype":"rawtext","joincondition":"or","groupjoin":"and","groupid":"1"},{"fieldname":"solution","operation":"has changed","value":"","valuetype":"","joincondition":"or","groupjoin":"and","groupid":"1"},{"fieldname":"description","operation":"has changed","value":"","valuetype":"","joincondition":"or","groupjoin":"and","groupid":"1"}]', '3', '1', 'basic', '6', NULL, NULL, NULL, NULL, NULL, NULL, '1', 'Send Email to Organization on Ticket Update' ),
( '23', 'HelpDesk', 'Ticket Creation From CRM : Send Email to Organization', '[{"fieldname":"(parent_id : (Accounts) emailoptout)","operation":"is","value":"0","valuetype":"rawtext","joincondition":"and","groupjoin":"and","groupid":"0"},{"fieldname":"from_portal","operation":"is","value":"0","valuetype":"rawtext","joincondition":"","groupjoin":"and","groupid":"0"}]', '1', '1', 'basic', '6', NULL, NULL, NULL, NULL, NULL, NULL, '1', 'Ticket Creation From CRM : Send Email to Organization' ),
( '24', 'HelpDesk', 'Ticket Creation From CRM : Send Email to Contact', '[{"fieldname":"(contact_id : (Contacts) emailoptout)","operation":"is","value":"0","valuetype":"rawtext","joincondition":"and","groupjoin":"and","groupid":"0"},{"fieldname":"from_portal","operation":"is","value":"0","valuetype":"rawtext","joincondition":"","groupjoin":"and","groupid":"0"}]', '1', '1', 'basic', '6', NULL, NULL, NULL, NULL, NULL, NULL, '1', 'Ticket Creation From CRM : Send Email to Contact' ),
( '25', 'Leads', '', '[{"fieldname":"leadsource","operation":"is","value":"Web Site","valuetype":"rawtext","joincondition":"and","groupjoin":"and","groupid":"0"},{"fieldname":"leadstatus","operation":"is","value":"Cold","valuetype":"rawtext","joincondition":"","groupjoin":"and","groupid":"0"}]', '1', NULL, 'basic', '6', NULL, NULL, NULL, NULL, NULL, NULL, '1', 'Lead send mail' ),
( '26', 'Invoice', '', '[{"fieldname":"invoicestatus","operation":"is","value":"Paid","valuetype":"rawtext","joincondition":"","groupjoin":"and","groupid":"0"}]', '2', NULL, 'basic', '6', NULL, NULL, NULL, NULL, NULL, NULL, '1', 'Paid check' ),
( '27', 'Invoice', '', '[{"fieldname":"invoicestatus","operation":"is","value":"Paid","valuetype":"rawtext","joincondition":"and","groupjoin":"and","groupid":"0"},{"fieldname":"cf_908","operation":"is","value":"1","valuetype":"rawtext","joincondition":"","groupjoin":"and","groupid":"0"}]', '2', NULL, 'basic', '6', NULL, NULL, NULL, NULL, NULL, NULL, '1', 'Wallet Cash - invoice amount' ),
( '29', 'Potentials', '', '[]', '3', NULL, 'basic', '6', NULL, NULL, NULL, NULL, NULL, NULL, '0', 'Lead send list approved ' ),
( '30', 'Leads', '', '[{"fieldname":"leadstatus","operation":"is","value":"Qualified","valuetype":"rawtext","joincondition":"","groupjoin":"and","groupid":"0"}]', '2', NULL, 'basic', '6', NULL, NULL, NULL, NULL, NULL, NULL, '1', 'Lead send accept' ),
( '31', 'Leads', '', '[{"fieldname":"leadstatus","operation":"is","value":"Lost Lead","valuetype":"rawtext","joincondition":"","groupjoin":"and","groupid":"0"}]', '2', NULL, 'basic', '6', NULL, NULL, NULL, NULL, NULL, NULL, '1', 'Lead send decline' ),
( '32', 'Leads', '', '[{"fieldname":"leadstatus","operation":"is","value":"Pre Qualified","valuetype":"rawtext","joincondition":"","groupjoin":"and","groupid":"0"}]', '2', NULL, 'basic', '6', NULL, NULL, NULL, NULL, NULL, NULL, '1', 'Lead send wait list' ),
( '34', 'VTEPayments', '', '[{"fieldname":"payment_status","operation":"is","value":"Paid","valuetype":"rawtext","joincondition":"and","groupjoin":"and","groupid":"0"},{"fieldname":"amount_paid","operation":"is not empty","value":null,"valuetype":"rawtext","joincondition":"","groupjoin":"and","groupid":"0"}]', '2', NULL, 'basic', '6', NULL, NULL, NULL, NULL, NULL, NULL, '1', 'Update potential amount' ),
( '35', 'Potentials', '', '[{"fieldname":"amount","operation":"is not empty","value":null,"valuetype":"rawtext","joincondition":"","groupjoin":"and","groupid":"0"}]', '3', NULL, 'basic', '6', NULL, NULL, NULL, NULL, NULL, NULL, '1', 'change amount' ),
( '36', 'Invoice', '', '[{"fieldname":"(potential_id : (Potentials) amount)","operation":"less than","value":"0","valuetype":"rawtext","joincondition":"","groupjoin":"and","groupid":"0"}]', '1', NULL, 'basic', '6', NULL, NULL, NULL, NULL, NULL, NULL, '1', 'negative balance creation' );
COMMIT;
-- ---------------------------------------------------------


-- Dump data of "com_vtiger_workflows_seq" -----------------
BEGIN;

INSERT INTO `com_vtiger_workflows_seq`(`id`) VALUES 
( '36' );
COMMIT;
-- ---------------------------------------------------------


-- Dump data of "com_vtiger_workflowtask_queue" ------------
-- ---------------------------------------------------------


-- Dump data of "com_vtiger_workflowtasks" -----------------
BEGIN;

INSERT INTO `com_vtiger_workflowtasks`(`task_id`,`workflow_id`,`summary`,`task`) VALUES 
( '1', '1', '', 'O:18:"VTEntityMethodTask":6:{s:18:"executeImmediately";b:1;s:10:"workflowId";i:1;s:7:"summary";s:0:"";s:6:"active";b:1;s:10:"methodName";s:15:"UpdateInventory";s:2:"id";i:1;}' ),
( '2', '2', 'An account has been created ', 'O:11:"VTEmailTask":9:{s:18:"executeImmediately";s:0:"";s:10:"workflowId";s:1:"2";s:7:"summary";s:28:"An account has been created ";s:6:"active";s:1:"1";s:10:"methodName";s:11:"NotifyOwner";s:9:"recepient";s:36:"$(assigned_user_id : (Users) email1)";s:7:"subject";s:26:"Regarding Account Creation";s:7:"content";s:301:"An Account has been assigned to you on vtigerCRM<br>Details of account are :<br><br>AccountId:<b>$account_no</b><br>AccountName:<b>$accountname</b><br>Rating:<b>$rating</b><br>Industry:<b>$industry</b><br>AccountType:<b>$accounttype</b><br>Description:<b>$description</b><br><br><br>Thank You<br>Admin";s:2:"id";s:1:"2";}' ),
( '3', '3', 'An contact has been created ', 'O:11:"VTEmailTask":9:{s:18:"executeImmediately";s:0:"";s:10:"workflowId";s:1:"3";s:7:"summary";s:28:"An contact has been created ";s:6:"active";s:1:"1";s:10:"methodName";s:11:"NotifyOwner";s:9:"recepient";s:36:"$(assigned_user_id : (Users) email1)";s:7:"subject";s:26:"Regarding Contact Creation";s:7:"content";s:305:"An Contact has been assigned to you on vtigerCRM<br>Details of Contact are :<br><br>Contact Id:<b>$contact_no</b><br>LastName:<b>$lastname</b><br>FirstName:<b>$firstname</b><br>Lead Source:<b>$leadsource</b><br>Department:<b>$department</b><br>Description:<b>$description</b><br><br><br>Thank You<br>Admin";s:2:"id";s:1:"3";}' ),
( '4', '4', 'Email Customer Portal Login Details', 'O:18:"VTEntityMethodTask":6:{s:18:"executeImmediately";b:1;s:10:"workflowId";i:4;s:7:"summary";s:35:"Email Customer Portal Login Details";s:6:"active";b:1;s:10:"methodName";s:22:"SendPortalLoginDetails";s:2:"id";i:4;}' ),
( '5', '5', 'An Potential has been created ', 'O:11:"VTEmailTask":8:{s:18:"executeImmediately";s:0:"";s:10:"workflowId";s:1:"5";s:7:"summary";s:30:"An Potential has been created ";s:6:"active";s:1:"1";s:9:"recepient";s:36:"$(assigned_user_id : (Users) email1)";s:7:"subject";s:30:"Regarding Potential Assignment";s:7:"content";s:342:"An Potential has been assigned to you on vtigerCRM<br>Details of Potential are :<br><br>Potential No:<b>$potential_no</b><br>Potential Name:<b>$potentialname</b><br>Amount:<b>$amount</b><br>Expected Close Date:<b>$closingdate ($_DATE_FORMAT_)</b><br>Type:<b>$opportunity_type</b><br><br><br>Description :$description<br><br>Thank You<br>Admin";s:2:"id";s:1:"5";}' ),
( '6', '6', 'An contact has been created ', 'O:11:"VTEmailTask":8:{s:18:"executeImmediately";s:0:"";s:10:"workflowId";s:1:"6";s:7:"summary";s:28:"An contact has been created ";s:6:"active";s:1:"1";s:9:"recepient";s:36:"$(assigned_user_id : (Users) email1)";s:7:"subject";s:28:"Regarding Contact Assignment";s:7:"content";s:384:"An Contact has been assigned to you on vtigerCRM<br>Details of Contact are :<br><br>Contact Id:<b>$contact_no</b><br>LastName:<b>$lastname</b><br>FirstName:<b>$firstname</b><br>Lead Source:<b>$leadsource</b><br>Department:<b>$department</b><br>Description:<b>$description</b><br><br><br>And <b>CustomerPortal Login Details</b> is sent to the EmailID :-$email<br><br>Thank You<br>Admin";s:2:"id";s:1:"6";}' ),
( '7', '7', 'Notify Related Contact when Ticket is created from Portal', 'O:11:"VTEmailTask":9:{s:18:"executeImmediately";s:1:"0";s:7:"summary";s:57:"Notify Related Contact when Ticket is created from Portal";s:6:"active";s:1:"1";s:2:"id";s:1:"7";s:10:"workflowId";s:1:"7";s:9:"fromEmail";s:93:"$(general : (__VtigerMeta__) supportName)&lt;$(general : (__VtigerMeta__) supportEmailId)&gt;";s:9:"recepient";s:33:",$(contact_id : (Contacts) email)";s:7:"subject";s:93:"[From Portal] $ticket_no [ Ticket Id : $(general : (__VtigerMeta__) recordId) ] $ticket_title";s:7:"content";s:158:"Ticket No : $ticket_no<br>
							  Ticket ID : $(general : (__VtigerMeta__) recordId)<br>
							  Ticket Title : $ticket_title<br><br>
							  $description";}' ),
( '10', '9', 'Send Email to Contact on Ticket Update', 'O:11:"VTEmailTask":9:{s:18:"executeImmediately";s:1:"0";s:7:"summary";s:38:"Send Email to Contact on Ticket Update";s:6:"active";s:1:"1";s:2:"id";s:2:"10";s:9:"fromEmail";s:93:"$(general : (__VtigerMeta__) supportName)&lt;$(general : (__VtigerMeta__) supportEmailId)&gt;";s:9:"recepient";s:33:",$(contact_id : (Contacts) email)";s:7:"subject";s:79:"$ticket_no [ Ticket Id : $(general : (__VtigerMeta__) recordId) ] $ticket_title";s:7:"content";s:624:"Ticket ID : $(general : (__VtigerMeta__) recordId)<br>Ticket Title : $ticket_title<br><br>
								Dear $(contact_id : (Contacts) lastname) $(contact_id : (Contacts) firstname),<br><br>
								The Ticket is replied the details are :<br><br>
								Ticket No : $ticket_no<br>
								Status : $ticketstatus<br>
								Category : $ticketcategories<br>
								Severity : $ticketseverities<br>
								Priority : $ticketpriorities<br><br>
								Description : <br>$description<br><br>
								Solution : <br>$solution<br>
								The comments are : <br>
								$allComments<br><br>
								Regards<br>Support Administrator";s:10:"workflowId";s:1:"9";}' ),
( '13', '12', 'update forecast amount', 'O:18:"VTUpdateFieldsTask":7:{s:18:"executeImmediately";b:1;s:43:"' ),
( '14', '13', 'Send Notification Email to Record Owner', 'O:11:"VTEmailTask":8:{s:18:"executeImmediately";s:0:"";s:10:"workflowId";s:2:"13";s:7:"summary";s:39:"Send Notification Email to Record Owner";s:6:"active";s:1:"1";s:9:"recepient";s:36:"$(assigned_user_id : (Users) email1)";s:7:"subject";s:17:"Event :  $subject";s:7:"content";s:771:"$(assigned_user_id : (Users) last_name) $(assigned_user_id : (Users) first_name) ,<br/><b>Activity Notification Details:</b><br/>Subject             : $subject<br/>Start date and time : $date_start ($(general : (__VtigerMeta__) usertimezone))<br/>End date and time   : $due_date ($(general : (__VtigerMeta__) usertimezone)) <br/>Status              : $eventstatus <br/>Priority            : $taskpriority <br/>Related To          : $(parent_id : (Leads) lastname) $(parent_id : (Leads) firstname) $(parent_id : (Accounts) accountname) $(parent_id : (Potentials) potentialname) $(parent_id : (HelpDesk) ticket_title) $(parent_id : (Campaigns) campaignname) <br/>Contacts List       : $contact_id <br/>Location            : $location <br/>Description         : $description";s:2:"id";s:2:"14";}' ),
( '15', '14', 'Send Notification Email to Record Owner', 'O:11:"VTEmailTask":8:{s:18:"executeImmediately";s:0:"";s:10:"workflowId";s:2:"14";s:7:"summary";s:39:"Send Notification Email to Record Owner";s:6:"active";s:1:"1";s:9:"recepient";s:36:"$(assigned_user_id : (Users) email1)";s:7:"subject";s:16:"Task :  $subject";s:7:"content";s:689:"$(assigned_user_id : (Users) last_name) $(assigned_user_id : (Users) first_name) ,<br/><b>Task Notification Details:</b><br/>Subject : $subject<br/>Start date and time : $date_start ($(general : (__VtigerMeta__) usertimezone))<br/>End date and time   : $due_date ($_DATE_FORMAT_) <br/>Status              : $taskstatus <br/>Priority            : $taskpriority <br/>Related To          : $(parent_id : (Leads) lastname) $(parent_id : (Leads) firstname) $(parent_id : (Accounts) accountname) $(parent_id : (Potentials) potentialname) $(parent_id : (HelpDesk) ticket_title) $(parent_id : (Campaigns) campaignname) <br/>Contacts List       : $contact_id <br/>Description         : $description";s:2:"id";s:2:"15";}' ),
( '18', '16', 'Update Inventory Products', 'O:18:"VTEntityMethodTask":6:{s:18:"executeImmediately";b:1;s:10:"workflowId";i:16;s:7:"summary";s:25:"Update Inventory Products";s:6:"active";b:1;s:10:"methodName";s:15:"UpdateInventory";s:2:"id";i:18;}' ),
( '19', '17', 'Comment Added From Portal : Send Email to Record Owner', 'O:11:"VTEmailTask":9:{s:18:"executeImmediately";s:1:"0";s:7:"summary";s:54:"Comment Added From Portal : Send Email to Record Owner";s:6:"active";s:1:"1";s:2:"id";s:2:"19";s:10:"workflowId";s:2:"17";s:9:"fromEmail";s:112:"$(contact_id : (Contacts) lastname) $(contact_id : (Contacts) firstname)&lt;$(contact_id : (Contacts) email)&gt;";s:9:"recepient";s:37:",$(assigned_user_id : (Users) email1)";s:7:"subject";s:92:"Respond to Ticket ID## $(general : (__VtigerMeta__) recordId) ## in Customer Portal - URGENT";s:7:"content";s:325:"Dear $(assigned_user_id : (Users) last_name) $(assigned_user_id : (Users) first_name),<br><br>
								Customer has provided the following additional information to your reply:<br><br>
								<b>$lastComment</b><br><br>
								Kindly respond to above ticket at the earliest.<br><br>
								Regards<br>Support Administrator";}' ),
( '20', '18', 'Comment Added From CRM : Send Email to Contact, where Contact is not a Portal User', 'O:11:"VTEmailTask":9:{s:18:"executeImmediately";s:1:"0";s:7:"summary";s:82:"Comment Added From CRM : Send Email to Contact, where Contact is not a Portal User";s:6:"active";s:1:"1";s:2:"id";s:2:"20";s:10:"workflowId";s:2:"18";s:9:"fromEmail";s:93:"$(general : (__VtigerMeta__) supportName)&lt;$(general : (__VtigerMeta__) supportEmailId)&gt;";s:9:"recepient";s:33:",$(contact_id : (Contacts) email)";s:7:"subject";s:79:"$ticket_no [ Ticket Id : $(general : (__VtigerMeta__) recordId) ] $ticket_title";s:7:"content";s:514:"Dear $(contact_id : (Contacts) lastname) $(contact_id : (Contacts) firstname),<br><br>
							The Ticket is replied the details are :<br><br>
							Ticket No : $ticket_no<br>
							Status : $ticketstatus<br>
							Category : $ticketcategories<br>
							Severity : $ticketseverities<br>
							Priority : $ticketpriorities<br><br>
							Description : <br>$description<br><br>
							Solution : <br>$solution<br>
							The comments are : <br>
							$allComments<br><br>
							Regards<br>Support Administrator";}' ),
( '21', '19', 'Comment Added From CRM : Send Email to Contact, where Contact is Portal User', 'O:11:"VTEmailTask":9:{s:18:"executeImmediately";s:1:"0";s:7:"summary";s:76:"Comment Added From CRM : Send Email to Contact, where Contact is Portal User";s:6:"active";s:1:"1";s:2:"id";s:2:"21";s:10:"workflowId";s:2:"19";s:9:"fromEmail";s:93:"$(general : (__VtigerMeta__) supportName)&lt;$(general : (__VtigerMeta__) supportEmailId)&gt;";s:9:"recepient";s:33:",$(contact_id : (Contacts) email)";s:7:"subject";s:79:"$ticket_no [ Ticket Id : $(general : (__VtigerMeta__) recordId) ] $ticket_title";s:7:"content";s:547:"Ticket No : $ticket_no<br>
										Ticket Id : $(general : (__VtigerMeta__) recordId)<br>
										Subject : $ticket_title<br><br>
										Dear $(contact_id : (Contacts) lastname) $(contact_id : (Contacts) firstname),<br><br>
										There is a reply to <b>$ticket_title</b> in the "Customer Portal" at VTiger.
										You can use the following link to view the replies made:<br>
										<a href="$(general : (__VtigerMeta__) portaldetailviewurl)">Ticket Details</a><br><br>
										Thanks<br>$(general : (__VtigerMeta__) supportName)";}' ),
( '22', '15', 'Comment Added From CRM : Send Email to Organization', 'O:11:"VTEmailTask":9:{s:18:"executeImmediately";s:1:"0";s:7:"summary";s:51:"Comment Added From CRM : Send Email to Organization";s:6:"active";s:1:"1";s:2:"id";s:2:"22";s:10:"workflowId";s:2:"15";s:9:"fromEmail";s:93:"$(general : (__VtigerMeta__) supportName)&lt;$(general : (__VtigerMeta__) supportEmailId)&gt;";s:9:"recepient";s:34:",$(parent_id : (Accounts) email1),";s:7:"subject";s:79:"$ticket_no [ Ticket Id : $(general : (__VtigerMeta__) recordId) ] $ticket_title";s:7:"content";s:589:"Ticket ID : $(general : (__VtigerMeta__) recordId)<br>Ticket Title : $ticket_title<br><br>
								Dear $(parent_id : (Accounts) accountname),<br><br>
								The Ticket is replied the details are :<br><br>
								Ticket No : $ticket_no<br>
								Status : $ticketstatus<br>
								Category : $ticketcategories<br>
								Severity : $ticketseverities<br>
								Priority : $ticketpriorities<br><br>
								Description : <br>$description<br><br>
								Solution : <br>$solution<br>
								The comments are : <br>
								$allComments<br><br>
								Regards<br>Support Administrator";}' ),
( '23', '7', 'Notify Record Owner when Ticket is created from Portal', 'O:11:"VTEmailTask":9:{s:18:"executeImmediately";s:1:"0";s:7:"summary";s:54:"Notify Record Owner when Ticket is created from Portal";s:6:"active";s:1:"1";s:2:"id";s:2:"23";s:10:"workflowId";s:1:"7";s:9:"fromEmail";s:124:"$(contact_id : (Contacts) lastname) $(contact_id : (Contacts) firstname)&lt;$(general : (__VtigerMeta__) supportEmailId)&gt;";s:9:"recepient";s:37:",$(assigned_user_id : (Users) email1)";s:7:"subject";s:93:"[From Portal] $ticket_no [ Ticket Id : $(general : (__VtigerMeta__) recordId) ] $ticket_title";s:7:"content";s:158:"Ticket No : $ticket_no<br>
							  Ticket ID : $(general : (__VtigerMeta__) recordId)<br>
							  Ticket Title : $ticket_title<br><br>
							  $description";}' ),
( '24', '20', 'Send Email to Record Owner on Ticket Update', 'O:11:"VTEmailTask":9:{s:18:"executeImmediately";s:1:"0";s:7:"summary";s:43:"Send Email to Record Owner on Ticket Update";s:6:"active";s:1:"1";s:2:"id";s:2:"24";s:10:"workflowId";s:2:"20";s:9:"fromEmail";s:93:"$(general : (__VtigerMeta__) supportName)&lt;$(general : (__VtigerMeta__) supportEmailId)&gt;";s:9:"recepient";s:37:",$(assigned_user_id : (Users) email1)";s:7:"subject";s:40:"Ticket Number : $ticket_no $ticket_title";s:7:"content";s:596:"Ticket ID : $(general : (__VtigerMeta__) recordId)<br>Ticket Title : $ticket_title<br><br>
								Dear $(assigned_user_id : (Users) last_name) $(assigned_user_id : (Users) first_name),<br><br>
								The Ticket is replied the details are :<br><br>
								Ticket No : $ticket_no<br>
								Status : $ticketstatus<br>
								Category : $ticketcategories<br>
								Severity : $ticketseverities<br>
								Priority : $ticketpriorities<br><br>
								Description : <br>$description<br><br>
								Solution : <br>$solution
								$allComments<br><br>
								Regards<br>Support Administrator";}' ),
( '25', '21', 'Ticket Creation From CRM : Send Email to Record Owner', 'O:11:"VTEmailTask":9:{s:18:"executeImmediately";s:1:"0";s:7:"summary";s:53:"Ticket Creation From CRM : Send Email to Record Owner";s:6:"active";s:1:"1";s:2:"id";s:2:"25";s:10:"workflowId";s:2:"21";s:9:"fromEmail";s:93:"$(general : (__VtigerMeta__) supportName)&lt;$(general : (__VtigerMeta__) supportEmailId)&gt;";s:9:"recepient";s:37:",$(assigned_user_id : (Users) email1)";s:7:"subject";s:40:"Ticket Number : $ticket_no $ticket_title";s:7:"content";s:596:"Ticket ID : $(general : (__VtigerMeta__) recordId)<br>Ticket Title : $ticket_title<br><br>
								Dear $(assigned_user_id : (Users) last_name) $(assigned_user_id : (Users) first_name),<br><br>
								The Ticket is replied the details are :<br><br>
								Ticket No : $ticket_no<br>
								Status : $ticketstatus<br>
								Category : $ticketcategories<br>
								Severity : $ticketseverities<br>
								Priority : $ticketpriorities<br><br>
								Description : <br>$description<br><br>
								Solution : <br>$solution
								$allComments<br><br>
								Regards<br>Support Administrator";}' ),
( '26', '22', 'Send Email to Organization on Ticket Update', 'O:11:"VTEmailTask":9:{s:18:"executeImmediately";s:1:"0";s:7:"summary";s:43:"Send Email to Organization on Ticket Update";s:6:"active";s:1:"1";s:2:"id";s:2:"26";s:9:"fromEmail";s:93:"$(general : (__VtigerMeta__) supportName)&lt;$(general : (__VtigerMeta__) supportEmailId)&gt;";s:9:"recepient";s:33:",$(parent_id : (Accounts) email1)";s:7:"subject";s:79:"$ticket_no [ Ticket Id : $(general : (__VtigerMeta__) recordId) ] $ticket_title";s:7:"content";s:589:"Ticket ID : $(general : (__VtigerMeta__) recordId)<br>Ticket Title : $ticket_title<br><br>
								Dear $(parent_id : (Accounts) accountname),<br><br>
								The Ticket is replied the details are :<br><br>
								Ticket No : $ticket_no<br>
								Status : $ticketstatus<br>
								Category : $ticketcategories<br>
								Severity : $ticketseverities<br>
								Priority : $ticketpriorities<br><br>
								Description : <br>$description<br><br>
								Solution : <br>$solution<br>
								The comments are : <br>
								$allComments<br><br>
								Regards<br>Support Administrator";s:10:"workflowId";s:2:"22";}' ),
( '27', '23', 'Ticket Creation From CRM : Send Email to Organization', 'O:11:"VTEmailTask":9:{s:18:"executeImmediately";s:1:"0";s:7:"summary";s:53:"Ticket Creation From CRM : Send Email to Organization";s:6:"active";s:1:"1";s:2:"id";s:2:"27";s:9:"fromEmail";s:93:"$(general : (__VtigerMeta__) supportName)&lt;$(general : (__VtigerMeta__) supportEmailId)&gt;";s:9:"recepient";s:33:",$(parent_id : (Accounts) email1)";s:7:"subject";s:79:"$ticket_no [ Ticket Id : $(general : (__VtigerMeta__) recordId) ] $ticket_title";s:7:"content";s:589:"Ticket ID : $(general : (__VtigerMeta__) recordId)<br>Ticket Title : $ticket_title<br><br>
								Dear $(parent_id : (Accounts) accountname),<br><br>
								The Ticket is replied the details are :<br><br>
								Ticket No : $ticket_no<br>
								Status : $ticketstatus<br>
								Category : $ticketcategories<br>
								Severity : $ticketseverities<br>
								Priority : $ticketpriorities<br><br>
								Description : <br>$description<br><br>
								Solution : <br>$solution<br>
								The comments are : <br>
								$allComments<br><br>
								Regards<br>Support Administrator";s:10:"workflowId";s:2:"23";}' ),
( '28', '24', 'Ticket Creation From CRM : Send Email to Contact', 'O:11:"VTEmailTask":9:{s:18:"executeImmediately";s:1:"0";s:7:"summary";s:48:"Ticket Creation From CRM : Send Email to Contact";s:6:"active";s:1:"1";s:2:"id";s:2:"28";s:9:"fromEmail";s:93:"$(general : (__VtigerMeta__) supportName)&lt;$(general : (__VtigerMeta__) supportEmailId)&gt;";s:9:"recepient";s:33:",$(contact_id : (Contacts) email)";s:7:"subject";s:79:"$ticket_no [ Ticket Id : $(general : (__VtigerMeta__) recordId) ] $ticket_title";s:7:"content";s:624:"Ticket ID : $(general : (__VtigerMeta__) recordId)<br>Ticket Title : $ticket_title<br><br>
								Dear $(contact_id : (Contacts) lastname) $(contact_id : (Contacts) firstname),<br><br>
								The Ticket is replied the details are :<br><br>
								Ticket No : $ticket_no<br>
								Status : $ticketstatus<br>
								Category : $ticketcategories<br>
								Severity : $ticketseverities<br>
								Priority : $ticketpriorities<br><br>
								Description : <br>$description<br><br>
								Solution : <br>$solution<br>
								The comments are : <br>
								$allComments<br><br>
								Regards<br>Support Administrator";s:10:"workflowId";s:2:"24";}' ),
( '29', '25', 'Candidate send', 'O:11:"VTEmailTask":17:{s:18:"executeImmediately";b:0;s:10:"workflowId";s:2:"25";s:7:"summary";s:14:"Candidate send";s:6:"active";b:1;s:7:"trigger";N;s:7:"subject";s:32:"Kandidat fr die Mitgliedschaft";s:7:"content";s:4864:"<html lang="de">
<head>
	<meta charset="UTF-8" />
	<meta content="width=device-width, initial-scale=1.0" name="viewport" />
	<title>Mitgliedsantrag</title>
	<style type="text/css">body {
            font-family: Helvetica Neue, sans-serif;
        }
        .container {
            width: 60%;
            margin: 0 auto;
            padding: 20px;
            border: 1px solid #ccc;
            border-radius: 10px;
            background-color: #f9f9f9;
        }
        .title {
            text-align: center;
            margin-bottom: 20px;
            font-size: 11px;
        }
        .section {
            margin-bottom: 0px;
        }
        .section h2 {
            margin-bottom: 0px;
            font-size: 11px;
        }
        .section p {
            margin: 0px;
            font-size: 11px;
        }
        table {
            width: 100%;
            border-collapse: collapse;
            margin-bottom: 20px;
        }
        table, th, td {
            border: 0px solid #000;
        }
        th, td {
            padding: 5px;
            text-align: left;
            font-size: 14px;
        }
        .hrl {
            border: none;
            border-bottom: 1px solid #000;
            width: 60%;
            margin-left: 0;
        }
        .tdh {
            width: 150px;
            font-size: 12px;
        }
	</style>
</head>
<body>
<div class="container">
<div class="title">
<h1>x2tree e.V. Mitgliedsantrag</h1>
</div>

<div class="section">
<p>x2tree e.V. ist eine Anbauvereinigung nach Cannabis Gesetz.<br />
Um Teil unsere Gemeinschaft und Mitglied des Vereins zu werden, m&uuml;ssen Sie bestimmte<br />
Vorraussetzungen erf&uuml;llen und einem Mitgliedsantrag stellen.</p>

<p><br />
Bitte f&uuml;llen Sie hierf&uuml;r das unten aufgef&uuml;hrten Felder aus.<br />
Anhand der Informationen k&ouml;nnen wir pr&uuml;fen, ob Sie die gesetzlichen und vereinsrechtlichen<br />
Vorraussetzungen einer Mitgliedschaft erf&uuml;llen.</p>

<h2>Die Mitgliedsvoraussetzungen sind:</h2>

<p>1. Sie m&uuml;ssen mindestens 21 Jahre alt sein.</p>

<p>2. Sie m&uuml;ssen Ihren Daueraufenthalt und eine Meldebest&auml;tigung in Deutschland haben.</p>

<p>3. Der Verein muss gen&uuml;gend Kapazit&auml;ten aufweisen um Ihnen eine Mitgliedschaft zu erm&ouml;glichen.</p>

<p>4. Sie d&uuml;rfen, zum Zeitpunkt der Aufnahme, kein Mitglied einer anderen Anbauvereinigung sein.<br />
&nbsp;&nbsp;&nbsp;&nbsp;Jedoch zum Zeitpunkt der Antragstellung.</p>
</div>

<div class="section">
<h2>Aufnahme als Mitglied</h2>

<p>Sobald wir gepr&uuml;ft habe, dass Sie alle Voraussetzungen erf&uuml;llen, laden wir Sie herzlich dazu ein<br />
Mitglied zu werden. Daf&uuml;r m&uuml;ssen Sie sich durch einen Personalausweis, Reisepass mit<br />
Meldebest&auml;tigung oder Reisepass mit Aufenthaltstitel, legitimieren und einen<br />
Mitgliedschaftsvereinbarung unterschreiben.</p>
</div>

<div class="section">
<h2>Mitgliedschaftsantrag</h2>

<table>
	<tbody>
		<tr>
			<th class="tdh">Anrede:</th>
			<td>Hallo lieber Kunde
			<hr class="notbord hrl" style="margin-top:1px;margin-bottom:0px" /></td>
		</tr>
		<tr>
			<th class="tdh">Vorname:</th>
			<td>$firstname
			<hr class="notbord hrl" style="margin-top:1px;margin-bottom:0px" /></td>
		</tr>
		<tr>
			<th class="tdh">Nachname:</th>
			<td>$lastname
			<hr class="notbord hrl" style="margin-top:1px;margin-bottom:0px" /></td>
		</tr>
		<tr>
			<th class="tdh">Geburtsdatum:</th>
			<td>$cf_871
			<hr class="notbord hrl" style="margin-top:1px;margin-bottom:0px" /></td>
		</tr>
		<tr>
			<th class="tdh">Strasse Hausnummer:</th>
			<td>$lane
			<hr class="notbord hrl" style="margin-top:1px;margin-bottom:0px" /></td>
		</tr>
		<tr>
			<th class="tdh">PLZ:</th>
			<td>$code
			<hr class="notbord hrl" style="margin-top:1px;margin-bottom:0px" /></td>
		</tr>
		<tr>
			<th class="tdh">Ort:</th>
			<td>$city
			<hr class="notbord hrl" style="margin-top:1px;margin-bottom:0px" /></td>
		</tr>
		<tr>
			<th class="tdh">Land:</th>
			<td>$country
			<hr class="notbord hrl" style="margin-top:1px;margin-bottom:0px" /></td>
		</tr>
		<tr>
			<th class="tdh">Telefonnummer:</th>
			<td>$phone
			<hr class="notbord hrl" style="margin-top:1px;margin-bottom:0px" /></td>
		</tr>
		<tr>
			<th class="tdh">Email:</th>
			<td>$email
			<hr class="notbord hrl" style="margin-top:1px;margin-bottom:0px" /></td>
		</tr>
	</tbody>
</table>
</div>

<div class="section">
<p>Ich bin damit einverstanden, dass ich im Falle einer Nichtaufnahme aus Kapazit&auml;tsgr&uuml;nden in die<br />
Warteliste der x2tree e.V. eingetragen werde, sofern eine Austragung auf Verlangen jederzeit<br />
m&ouml;glich ist.</p>
</div>
</div>
</body>
</html>
";s:9:"recepient";s:16:"antrag@x2tree.de";s:7:"emailcc";s:0:"";s:8:"emailbcc";s:0:"";s:9:"fromEmail";s:14:"info@x2tree.de";s:3:"pdf";s:0:"";s:13:"pdfTemplateId";s:0:"";s:9:"signature";s:0:"";s:7:"replyTo";s:0:"";s:19:"field_value_mapping";s:4:"null";s:2:"id";i:29;}' ),
( '30', '26', 'set paid', 'O:18:"VTUpdateFieldsTask":8:{s:18:"executeImmediately";b:1;s:43:"' ),
( '31', '27', 'change amount opportunity', 'O:18:"VTUpdateFieldsTask":8:{s:18:"executeImmediately";b:1;s:43:"' ),
( '33', '29', 'Candidate approved', 'O:11:"VTEmailTask":17:{s:18:"executeImmediately";b:0;s:10:"workflowId";s:2:"29";s:7:"summary";s:18:"Candidate approved";s:6:"active";b:1;s:7:"trigger";N;s:7:"subject";s:45:"Sie wurden zur x2tree-Warteliste hinzugefgt";s:7:"content";s:1756:"<html lang="de">
<head>
    <meta charset="UTF-8">
    <meta name="viewport" content="width=device-width, initial-scale=1.0">
    <title>Mitgliedschaftsbesttigung</title>
    <style>
        body {
            font-family: Helvetica Neue, sans-serif;
            margin: 20px;
        }
        .container {
            width: 70%;
            margin: 0 auto;
            padding: 20px;
            border: 1px solid #ccc;
            border-radius: 10px;
            background-color: #f9f9f9;
        }
        .section {
            margin-bottom: 1 px;
        }
        .section p {
            margin: 1 px 0;
            font-size: 11px;
        }
        .greeting {
            font-weight: bold;
        }
        .address {
            margin: 1px 0;
        }
    </style>
</head>
<body>
    <div class="container">
        <div class="section greeting">
            <p>Sehr geehrte/r $firstname $lastname</p>
        </div>
        <div class="section">
            <p>es freut uns sehr, dass Sie alle Voraussetzungen fr eine Mitgliedschaft erfllen. Wir wrden uns sehr freuen wenn Sie ein Mitglied unseres x2tree e.V. werden.</p>
        </div>
        <div class="section">
            <p>Hierfr bitte wir Sie, sich innerhalb von 14 Tagen in unserem Vereinsraum</p>
        </div>
        <div class="section address">
          <p><b>22000, Hamburg, Valentinskamp 40-42</b></p>
        </div>
        <div class="section">
            <p>zu legitimieren und die Mitgliedschaftsvereinbarung zu unterschreiben.</p>
        </div>
        <div class="section">
            <p>Mit freundlichen Gren</p>
            <p>x2tree Team</p>
        </div>
    </div>
</body>
</html>";s:9:"recepient";s:16:"antrag@x2tree.de";s:7:"emailcc";s:0:"";s:8:"emailbcc";s:0:"";s:9:"fromEmail";s:14:"info@x2tree.de";s:3:"pdf";s:0:"";s:13:"pdfTemplateId";s:0:"";s:9:"signature";s:0:"";s:7:"replyTo";s:0:"";s:19:"field_value_mapping";s:4:"null";s:2:"id";i:33;}' ),
( '34', '30', 'Candidate Qalififed', 'O:11:"VTEmailTask":17:{s:18:"executeImmediately";b:0;s:10:"workflowId";s:2:"30";s:7:"summary";s:19:"Candidate Qalififed";s:6:"active";b:1;s:7:"trigger";N;s:7:"subject";s:73:"Sie wurden fr die Mitgliedschaft in unserer x2tree-Community zugelassen";s:7:"content";s:1278:"<html lang="de">
<head>
	<meta charset="UTF-8" />
	<meta content="width=device-width, initial-scale=1.0" name="viewport" />
	<title>Willkommensbrief</title>
	<style type="text/css">body {
            font-family: Arial, sans-serif;
            margin: 20px;
        }
        .container {
            width: 70%;
            margin: 0 auto;
            padding: 20px;
            border: 1px solid #ccc;
            border-radius: 10px;
            background-color: #f9f9f9;
        }
        .section {
            margin-bottom: 1px;
        }
        .section p {
            margin: 10px 0;
        }
        .greeting {
            font-weight: bold;
        }
	</style>
</head>
<body>
<div class="container">
<div class="section greeting">
<p>Sehr geehrte/r $firstname $lastname</p>
</div>

<div class="section">
<p>Wir freuen uns sehr Sie als Mitglied in unserem x2tree e.V. begr&uuml;&szlig;en zu d&uuml;rfen. Ab sofort d&uuml;rfen Sie vollumf&auml;nglich an allen Vereinsaktivit&auml;ten teilnehmen.</p>
</div>

<div class="section">
<p>Ihre Mitgliedsnummer lautet: &lt; Mitgliedsnummer &gt;</p>
</div>

<div class="section">
<p>Mit freundlichen Gr&uuml;&szlig;en</p>

<p>x2tree Team</p>
</div>
</div>
</body>
</html>
";s:9:"recepient";s:7:",$email";s:7:"emailcc";s:0:"";s:8:"emailbcc";s:0:"";s:9:"fromEmail";s:14:"info@x2tree.de";s:3:"pdf";s:0:"";s:13:"pdfTemplateId";s:0:"";s:9:"signature";s:0:"";s:7:"replyTo";s:0:"";s:19:"field_value_mapping";s:4:"null";s:2:"id";i:34;}' ),
( '35', '31', 'Candidate Decline', 'O:11:"VTEmailTask":17:{s:18:"executeImmediately";b:0;s:10:"workflowId";s:2:"31";s:7:"summary";s:17:"Candidate Decline";s:6:"active";b:1;s:7:"trigger";N;s:7:"subject";s:33:"Ihr x2tree-Antrag wurde abgelehnt";s:7:"content";s:2741:"<html lang="de">
<head>
	<meta charset="UTF-8" />
	<meta content="width=device-width, initial-scale=1.0" name="viewport" />
	<title>Mitgliedschaft Absage</title>
	<style type="text/css">body {
            font-family: Helvetica Neue, sans-serif;
            margin: 20px;
        }
        .container {
            width: 70%;
            margin: 0 auto;
            padding: 20px;
            border: 1px solid #ccc;
            border-radius: 10px;
            background-color: #f9f9f9;
        }
        .section {
            margin-bottom: 10px;
        }
        .section p {
            margin: 10px 0;
            font-size: 11px;
        }
        .greeting {
            font-weight: bold;
        }
        .reasons {
            margin: 10px 0;
        }
        .reasons li {
            margin-bottom: 5px;
            font-size: 11px;
        }
        .email-content {
            margin-top: 10px;
            padding-left: 10px;
            border-left: 2px solid #000;
        }
	</style>
</head>
<body>
<div class="container">
<div class="section greeting">
<p>Sehr geehrte/r $firstname $lastname</p>
</div>

<div class="section">
<p>leider m&uuml;ssen wir Ihnen mitteilen, dass wir Sie vorerst nicht als Mitglied aufnehmen k&ouml;nnen werden.</p>
</div>

<div class="section reasons">
<p>M&ouml;gliche Gr&uuml;nde daf&uuml;r k&ouml;nnen sein:</p>

<ol>
	<li>Sie sind unter 21 Jahre alt.</li>
	<li>Ihr dauerhafter Wohnsitz ist nicht in Deutschland.</li>
	<li>Der Verein hat die maximale gesetzliche Mitgliederanzahl von 500 Mitgliedern erreicht.</li>
	<li>Der Verein hat die maximale gesetzliche Mitgliederanzahl von 500 Mitgliedern noch nicht erreicht, jedoch sind die Kapazit&auml;ten bez&uuml;glich der Verteilung und Verwaltung der Verein noch nicht ausreichend genug, um neue Mitglieder aufzunehmen, ohne Nachteile f&uuml;r bestehende Mitglieder zu verursachen.</li>
</ol>
</div>

<div class="section">
<p>Sofern Sie aus anderen Gr&uuml;nden als Punkt 1 und 2 kein Mitglied werden konnten, wurden Sie automatisch in die Warteliste eingetragen. Sobald die M&ouml;glichkeit besteht neue Mitglieder aufzunehmen, werden Sie unverz&uuml;glich benachrichtigt.</p>

<p>Wenn Sie nicht auf der Warteliste gef&uuml;hrt werden m&ouml;chten, schreiben Sie bitte eine Antwortemail mit folgendem Inhalt an diese E-Mail-Adresse zur&uuml;ck:</p>

<div class="email-content">
<p>$firstname $lastname</p>

<p>Bitte streichen Sie mich von der Warteliste.</p>
</div>

<p>Danach werden Sie von der Warteliste gel&ouml;scht.</p>
</div>

<div class="section">
<p>Mit freundlichen Gr&uuml;&szlig;en</p>

<p>das x2tree Team</p>
</div>
</div>
</body>
</html>";s:9:"recepient";s:7:",$email";s:7:"emailcc";s:0:"";s:8:"emailbcc";s:0:"";s:9:"fromEmail";s:14:"info@x2tree.de";s:3:"pdf";s:0:"";s:13:"pdfTemplateId";s:0:"";s:9:"signature";s:0:"";s:7:"replyTo";s:0:"";s:19:"field_value_mapping";s:4:"null";s:2:"id";i:35;}' ),
( '36', '32', 'Candidate approved', 'O:11:"VTEmailTask":17:{s:18:"executeImmediately";b:0;s:10:"workflowId";s:2:"32";s:7:"summary";s:18:"Candidate approved";s:6:"active";b:1;s:7:"trigger";N;s:7:"subject";s:45:"Sie wurden zur x2tree-Warteliste hinzugefgt";s:7:"content";s:1625:"<!DOCTYPE html>
<html lang="de">
<head>
	<meta charset="UTF-8" />
	<meta content="width=device-width, initial-scale=1.0" name="viewport" />
	<title>Mitgliedschaftsbest&auml;tigung</title>
	<style type="text/css">body {
            font-family: Helvetica Neue, sans-serif;
            margin: 20px;
        }
        .container {
            width: 70%;
            margin: 0 auto;
            padding: 20px;
            border: 1px solid #ccc;
            border-radius: 10px;
            background-color: #f9f9f9;
        }
        .section {
            margin-bottom: 1 px;
        }
        .section p {
            margin: 1 px 0;
            font-size: 11px;
        }
        .greeting {
            font-weight: bold;
        }
        .address {
            margin: 1px 0;
        }
	</style>
</head>
<body>
<div class="container">
<div class="section greeting">
<p>Sehr geehrte/r $firstname $lastname</p>
</div>

<div class="section">
<p>es freut uns sehr, dass Sie alle Voraussetzungen f&uuml;r eine Mitgliedschaft erf&uuml;llen. Wir w&uuml;rden uns sehr freuen wenn Sie ein Mitglied unseres x2tree e.V. werden.</p>
</div>

<div class="section">
<p>Hierf&uuml;r bitte wir Sie, sich innerhalb von 14 Tagen in unserem Vereinsraum</p>
</div>

<div class="section address">
<p><b>22000, Hamburg, Valentinskamp 40-42</b></p>
</div>

<div class="section">
<p>zu legitimieren und die Mitgliedschaftsvereinbarung zu unterschreiben.</p>
</div>

<div class="section">
<p>Mit freundlichen Gr&uuml;&szlig;en</p>

<p>x2tree Team</p>
</div>
</div>
</body>
</html>
";s:9:"recepient";s:7:",$email";s:7:"emailcc";s:0:"";s:8:"emailbcc";s:0:"";s:9:"fromEmail";s:14:"info@x2tree.de";s:3:"pdf";s:0:"";s:13:"pdfTemplateId";s:0:"";s:9:"signature";s:0:"";s:7:"replyTo";s:0:"";s:19:"field_value_mapping";s:4:"null";s:2:"id";i:36;}' ),
( '38', '34', 'Update Potential amount plus', 'O:18:"VTUpdateFieldsTask":8:{s:18:"executeImmediately";b:1;s:43:"' ),
( '39', '34', 'descr', 'O:18:"VTUpdateFieldsTask":8:{s:18:"executeImmediately";b:1;s:43:"' ),
( '40', '35', 'update contact amount', 'O:18:"VTUpdateFieldsTask":8:{s:18:"executeImmediately";b:1;s:43:"' ),
( '41', '36', 'Negative Balance status', 'O:18:"VTUpdateFieldsTask":8:{s:18:"executeImmediately";b:1;s:43:"' );
COMMIT;
-- ---------------------------------------------------------


-- Dump data of "com_vtiger_workflowtasks_entitymethod" ----
BEGIN;

INSERT INTO `com_vtiger_workflowtasks_entitymethod`(`workflowtasks_entitymethod_id`,`module_name`,`method_name`,`function_path`,`function_name`) VALUES 
( '1', 'SalesOrder', 'UpdateInventory', 'include/InventoryHandler.php', 'handleInventoryProductRel' ),
( '2', 'Invoice', 'UpdateInventory', 'include/InventoryHandler.php', 'handleInventoryProductRel' ),
( '3', 'Contacts', 'SendPortalLoginDetails', 'modules/Contacts/ContactsHandler.php', 'Contacts_sendCustomerPortalLoginDetails' ),
( '4', 'HelpDesk', 'NotifyOnPortalTicketCreation', 'modules/HelpDesk/HelpDeskHandler.php', 'HelpDesk_nofifyOnPortalTicketCreation' ),
( '5', 'HelpDesk', 'NotifyOnPortalTicketComment', 'modules/HelpDesk/HelpDeskHandler.php', 'HelpDesk_notifyOnPortalTicketComment' ),
( '6', 'HelpDesk', 'NotifyOwnerOnTicketChange', 'modules/HelpDesk/HelpDeskHandler.php', 'HelpDesk_notifyOwnerOnTicketChange' ),
( '7', 'HelpDesk', 'NotifyParentOnTicketChange', 'modules/HelpDesk/HelpDeskHandler.php', 'HelpDesk_notifyParentOnTicketChange' ),
( '8', 'ModComments', 'CustomerCommentFromPortal', 'modules/ModComments/ModCommentsHandler.php', 'CustomerCommentFromPortal' ),
( '9', 'ModComments', 'TicketOwnerComments', 'modules/ModComments/ModCommentsHandler.php', 'TicketOwnerComments' ),
( '10', 'PurchaseOrder', 'UpdateInventory', 'include/InventoryHandler.php', 'handleInventoryProductRel' );
COMMIT;
-- ---------------------------------------------------------


-- Dump data of "com_vtiger_workflowtasks_entitymethod_seq" 
BEGIN;

INSERT INTO `com_vtiger_workflowtasks_entitymethod_seq`(`id`) VALUES 
( '10' );
COMMIT;
-- ---------------------------------------------------------


-- Dump data of "com_vtiger_workflowtasks_seq" -------------
BEGIN;

INSERT INTO `com_vtiger_workflowtasks_seq`(`id`) VALUES 
( '41' );
COMMIT;
-- ---------------------------------------------------------


-- Dump data of "com_vtiger_workflowtemplates" -------------
-- ---------------------------------------------------------


-- Dump data of "its4you_installer_alert" ------------------
-- ---------------------------------------------------------


-- Dump data of "its4you_installer_license" ----------------
-- ---------------------------------------------------------


-- Dump data of "its4you_installer_license_user" -----------
-- ---------------------------------------------------------


-- Dump data of "its4you_installer_user" -------------------
BEGIN;

INSERT INTO `its4you_installer_user`(`userid`,`username`,`password`,`createdon`) VALUES 
( '3107286', 'info@x2tree.de', '$2y$10$jCFihkYiK2cIpTaiEHK5F.QrMTW/V/z/eUwBmIyV34Q9gpnBHbgq.', '2024-05-26 20:32:23' );
COMMIT;
-- ---------------------------------------------------------


-- Dump data of "its4you_installer_version" ----------------
BEGIN;

INSERT INTO `its4you_installer_version`(`versionid`,`extension`,`version`,`update_datetime`) VALUES 
( '1', 'PDFMaker', '0.11', '2024-05-26 20:32:42' );
COMMIT;
-- ---------------------------------------------------------


-- Dump data of "its4you_signature_images" -----------------
-- ---------------------------------------------------------


-- Dump data of "vte_advance_menu_settings_groups" ---------
BEGIN;

INSERT INTO `vte_advance_menu_settings_groups`(`groupid`,`creator`,`modified_by`,`active`,`group_name`,`label`,`icon_class`) VALUES 
( '1', '1', '1', '1', 'ESSENTIALS', NULL, NULL ),
( '2', '1', '1', '1', 'MARKETING', NULL, NULL ),
( '3', '1', '1', '1', 'SALES', NULL, NULL ),
( '4', '1', '1', '1', 'SUPPORT', NULL, NULL ),
( '5', '1', '1', '1', 'INVENTORY', NULL, NULL ),
( '6', '1', '1', '1', 'PROJECTS', NULL, NULL ),
( '7', '1', '1', '1', 'TOOLS', NULL, NULL );
COMMIT;
-- ---------------------------------------------------------


-- Dump data of "vte_advance_menu_settings_menu" -----------
BEGIN;

INSERT INTO `vte_advance_menu_settings_menu`(`menuid`,`creator`,`modified_by`,`active`,`last_module_id`) VALUES 
( '1', '1', '1', '1', '61' );
COMMIT;
-- ---------------------------------------------------------


-- Dump data of "vte_advance_menu_settings_menu_groups_rel" 
BEGIN;

INSERT INTO `vte_advance_menu_settings_menu_groups_rel`(`menuid`,`groupid`) VALUES 
( '1', '1' ),
( '1', '2' ),
( '1', '3' ),
( '1', '4' ),
( '1', '5' ),
( '1', '6' ),
( '1', '7' );
COMMIT;
-- ---------------------------------------------------------


-- Dump data of "vte_advance_menu_settings_menu_items" -----
BEGIN;

INSERT INTO `vte_advance_menu_settings_menu_items`(`itemid`,`creator`,`modified_by`,`active`,`groupid`,`menuid`,`type`,`module`,`link`,`label`,`filter`,`sequence`) VALUES 
( '1', '1', '1', '1', '1', '1', 'Module', 'Dashboard', 'index.php?module=Home&view=DashBoard', 'Dashboard', NULL, '1' ),
( '2', '1', '1', '1', '1', '1', 'Module', 'Reports', 'index.php?module=Reports&view=List', 'Reports', NULL, '2' ),
( '3', '1', '1', '1', '1', '1', 'Module', 'MailManager', 'index.php?module=MailManager&view=List', 'Mail Manager', NULL, '3' ),
( '4', '1', '1', '1', '1', '1', 'Separator', 'Separator', '', 'Separator', NULL, '4' ),
( '5', '1', '1', '1', '1', '1', 'Module', 'Contacts', 'index.php?module=Contacts&view=List', 'Contacts', NULL, '5' ),
( '7', '1', '1', '1', '1', '1', 'Separator', 'Separator', '', 'Separator', NULL, '7' ),
( '8', '1', '1', '1', '4', '1', 'Module', 'Calendar', 'index.php?module=Calendar&view=Calendar', 'Calendar', NULL, '5' ),
( '9', '1', '1', '1', '4', '1', 'Module', 'Documents', 'index.php?module=Documents&view=List', 'Documents', NULL, '6' ),
( '10', '1', '1', '1', '2', '1', 'Module', 'Contacts', 'index.php?module=Contacts&view=List', 'Contacts', NULL, '1' ),
( '11', '1', '1', '1', '2', '1', 'Module', 'Leads', 'index.php?module=Leads&view=List', 'Leads', NULL, '2' ),
( '12', '1', '1', '1', '3', '1', 'Module', 'Potentials', 'index.php?module=Potentials&view=List', 'Opportunities', NULL, '1' ),
( '13', '1', '1', '1', '3', '1', 'Module', 'Contacts', 'index.php?module=Contacts&view=List', 'Contacts', NULL, '2' ),
( '14', '1', '1', '1', '3', '1', 'Module', 'Products', 'index.php?module=Products&view=List', 'Products', NULL, '3' ),
( '15', '1', '1', '1', '3', '1', 'Module', 'Services', 'index.php?module=Services&view=List', 'Services', NULL, '4' ),
( '16', '1', '1', '1', '3', '1', 'Module', 'SMSNotifier', 'index.php?module=SMSNotifier&view=List', 'SMS Notifier', NULL, '5' ),
( '18', '1', '1', '1', '4', '1', 'Module', 'Contacts', 'index.php?module=Contacts&view=List', 'Contacts', NULL, '1' ),
( '19', '1', '1', '1', '4', '1', 'Module', 'Faq', 'index.php?module=Faq&view=List', 'FAQ', NULL, '2' ),
( '21', '1', '1', '1', '4', '1', 'Module', 'SMSNotifier', 'index.php?module=SMSNotifier&view=List', 'SMS Notifier', NULL, '4' ),
( '22', '1', '1', '1', '5', '1', 'Module', 'Services', 'index.php?module=Services&view=List', 'Services', NULL, '1' ),
( '23', '1', '1', '1', '5', '1', 'Module', 'Contacts', 'index.php?module=Contacts&view=List', 'Contacts', NULL, '2' ),
( '24', '1', '1', '1', '5', '1', 'Module', 'Invoice', 'index.php?module=Invoice&view=List', 'Invoices', NULL, '3' ),
( '25', '1', '1', '1', '5', '1', 'Module', 'Products', 'index.php?module=Products&view=List', 'Products', NULL, '4' ),
( '27', '1', '1', '1', '7', '1', 'Module', 'Documents', 'index.php?module=Documents&view=List', 'Documents', NULL, '1' ),
( '28', '1', '1', '1', '7', '1', 'Module', 'RecycleBin', 'index.php?module=RecycleBin&view=List', 'Recycle Bin', NULL, '2' ),
( '29', '1', '1', '1', '7', '1', 'Module', 'EmailTemplates', 'index.php?module=EmailTemplates&view=List', 'Email Templates', NULL, '3' ),
( '30', '1', '1', '1', '7', '1', 'Module', 'PDFMaker', 'index.php?module=PDFMaker&view=List', 'PDFMaker', NULL, '4' ),
( '31', '1', '1', '1', '1', '1', 'Module', 'Leads', 'index.php?module=Leads&view=List', 'Leads', NULL, '8' ),
( '32', '1', '1', '1', '1', '1', 'Module', 'Potentials', 'index.php?module=Potentials&view=List', 'Opportunities', NULL, '9' ),
( '33', '1', '1', '1', '2', '1', 'Module', 'Potentials', 'index.php?module=Potentials&view=List', 'Opportunities', NULL, '3' ),
( '34', '1', '1', '1', '2', '1', 'Module', 'Invoice', 'index.php?module=Invoice&view=List', 'Invoices', NULL, '4' ),
( '35', '1', '1', '1', '1', '1', 'Module', 'ServiceContracts', 'index.php?module=ServiceContracts&view=List', 'Service Contracts', NULL, '10' ),
( '36', '1', '1', '1', '2', '1', 'Module', 'ServiceContracts', 'index.php?module=ServiceContracts&view=List', 'Service Contracts', NULL, '5' ),
( '37', '1', '1', '1', '2', '1', 'Module', 'Products', 'index.php?module=Products&view=List', 'Products', NULL, '6' ),
( '38', '1', '1', '1', '4', '1', 'Module', 'HelpDesk', 'index.php?module=HelpDesk&view=List', 'Tickets', NULL, '7' ),
( '39', '1', '1', '1', '3', '1', 'Link', 'Link', 'https://crm.x2tree.de/vtigercrm/index.php?module=VTEPayments&view=List&app=SALES', 'Payments', NULL, '6' );
COMMIT;
-- ---------------------------------------------------------


-- Dump data of "vte_buttons_customjs" ---------------------
-- ---------------------------------------------------------


-- Dump data of "vte_buttons_settings" ---------------------
BEGIN;

INSERT INTO `vte_buttons_settings`(`id`,`module`,`header`,`icon`,`color`,`field_name`,`sequence`,`active`,`conditions`,`conditions_count`,`show_in_mobile`,`update_type`,`automated_update_field`,`automated_update_value`,`members`) VALUES 
( '1', 'Leads', 'Accept', 'vicon-task', '1969e8', '""', '0', '1', '{"1":{"columns":[],"condition":"and"},"2":{"columns":[{"columnname":"vtiger_leaddetails:leadstatus:leadstatus:Leads_Lead_Status:V","comparator":"n","value":"Pre Qualified,Qualified,Warm","column_condition":""}]}}', '1', '1', '', 'leadstatus', 'Pre Qualified', '' ),
( '2', 'Leads', 'Decline', 'vicon-close', 'ea6ef0', '""', '0', '1', '{"1":{"columns":[],"condition":"and"},"2":{"columns":[{"columnname":"vtiger_leaddetails:leadstatus:leadstatus:Leads_Lead_Status:V","comparator":"n","value":"Lost Lead,Pre Qualified,Qualified,Warm","column_condition":""}]}}', '1', '1', '', 'leadstatus', 'Lost Lead', '' ),
( '3', 'Leads', 'Viewed', 'vicon-eyeopen', 'bfa239', '""', '-1', '1', '{"1":{"columns":[{"columnname":"vtiger_leadscf:cf_933:cf_933:Leads_View_Lead:V","comparator":"n","value":"Viewed","column_condition":""}],"condition":"and"},"2":{"columns":[]}}', '1', '1', '', 'cf_933', 'Viewed', '' );
COMMIT;
-- ---------------------------------------------------------


-- Dump data of "vte_conditional_alerts" -------------------
-- ---------------------------------------------------------


-- Dump data of "vte_conditional_alerts_task" --------------
-- ---------------------------------------------------------


-- Dump data of "vte_default_widgets" ----------------------
-- ---------------------------------------------------------


-- Dump data of "vte_labeleditor_setting" ------------------
BEGIN;

INSERT INTO `vte_labeleditor_setting`(`enable`) VALUES 
( '0' );
COMMIT;
-- ---------------------------------------------------------


-- Dump data of "vte_module_link_creator" ------------------
BEGIN;

INSERT INTO `vte_module_link_creator`(`id`,`status`,`created`,`updated`,`module_id`,`module_name`,`module_label`,`module_type`,`module_fields`,`module_list_view_filter_fields`,`module_summary_fields`,`module_quick_create_fields`,`module_links`,`description`,`singular_module_label`) VALUES 
( '1', '1', '2024-06-01 13:18:43', '2024-06-01 13:18:43', '58', 'CustomPayments', 'CustomPayments', '1', '["0","1","2","3","4","5","6","7"]', '["0","1","2","3"]', '["0","1","2","3"]', '["0","1","2"]', '["Updates","Comments","Documents","Activities","Emails"]', NULL, 'CustomPayments' ),
( '2', '1', '2024-06-01 13:18:52', '2024-06-01 13:18:52', '58', 'CustomPayments', 'CustomPayments', '1', '["0","1","2","3","4","5","6","7"]', '["0","1","2","3"]', '["0","1","2","3"]', '["0","1","2"]', '["Updates","Comments","Documents","Activities","Emails"]', NULL, 'CustomPayments' );
COMMIT;
-- ---------------------------------------------------------


-- Dump data of "vte_module_link_creator_settings" ---------
-- ---------------------------------------------------------


-- Dump data of "vte_modules" ------------------------------
BEGIN;

INSERT INTO `vte_modules`(`module`,`valid`) VALUES 
( 'ModuleLinkCreator', '0' ),
( 'UserLogin', '0' ),
( 'VTEAdvanceMenu', '0' ),
( 'VTEButtons', '0' ),
( 'VTEConditionalAlerts', '0' ),
( 'VTELabelEditor', '0' ),
( 'VTEPayments', '0' ),
( 'VTEWidgets', '0' );
COMMIT;
-- ---------------------------------------------------------


-- Dump data of "vte_user_login" ---------------------------
BEGIN;

INSERT INTO `vte_user_login`(`id`,`header`,`description`,`logo`,`social_facebook`,`social_twitter`,`social_linkedin`,`social_youtube`,`copyright`,`images`,`slide_type`,`slide_speed`,`slide_easing`) VALUES 
( '2', 'X2TREE CRM', 'Be easy! Be productive', 'test/logo/thumbnail_xtree_logo_150x40.png', '', '', '', '', 'X2Tree CRM', '["test\\/logo\\/Banner2.png","test\\/logo\\/Banner 3.png","test\\/logo\\/x2tree_visual_teal.PNG"]', 'horizontal', '1500', 'linear' );
COMMIT;
-- ---------------------------------------------------------


-- Dump data of "vte_user_login_image_setting" -------------
-- ---------------------------------------------------------


-- Dump data of "vte_widgets" ------------------------------
-- ---------------------------------------------------------


-- Dump data of "vtiger_account" ---------------------------
BEGIN;

INSERT INTO `vtiger_account`(`accountid`,`account_no`,`accountname`,`parentid`,`account_type`,`industry`,`annualrevenue`,`rating`,`ownership`,`siccode`,`tickersymbol`,`phone`,`otherphone`,`email1`,`email2`,`website`,`fax`,`employees`,`emailoptout`,`notify_owner`,`isconvertedfromlead`,`tags`) VALUES 
( '2', 'ACC1', 'test_org', '0', '', '', '0.00000000', '', '', '', '', '', '', '', '', '', '', '0', '0', '0', '0', '' );
COMMIT;
-- ---------------------------------------------------------


-- Dump data of "vtiger_accountbillads" --------------------
BEGIN;

INSERT INTO `vtiger_accountbillads`(`accountaddressid`,`bill_city`,`bill_code`,`bill_country`,`bill_state`,`bill_street`,`bill_pobox`) VALUES 
( '2', '22', '44', '66', '33', '131', '11' );
COMMIT;
-- ---------------------------------------------------------


-- Dump data of "vtiger_accountrating" ---------------------
-- ---------------------------------------------------------


-- Dump data of "vtiger_accountscf" ------------------------
BEGIN;

INSERT INTO `vtiger_accountscf`(`accountid`) VALUES 
( '2' );
COMMIT;
-- ---------------------------------------------------------


-- Dump data of "vtiger_accountshipads" --------------------
BEGIN;

INSERT INTO `vtiger_accountshipads`(`accountaddressid`,`ship_city`,`ship_code`,`ship_country`,`ship_state`,`ship_pobox`,`ship_street`) VALUES 
( '2', '222', '444', '555', '333', '111', '1231' );
COMMIT;
-- ---------------------------------------------------------


-- Dump data of "vtiger_accounttype" -----------------------
BEGIN;

INSERT INTO `vtiger_accounttype`(`accounttypeid`,`accounttype`,`presence`,`picklist_valueid`,`sortorderid`,`color`) VALUES 
( '2', 'Analyst', '1', '2', '1', NULL ),
( '3', 'Competitor', '1', '3', '2', NULL ),
( '4', 'Customer', '1', '4', '3', NULL ),
( '5', 'Integrator', '1', '5', '4', NULL ),
( '6', 'Investor', '1', '6', '5', NULL ),
( '7', 'Partner', '1', '7', '6', NULL ),
( '8', 'Press', '1', '8', '7', NULL ),
( '9', 'Prospect', '1', '9', '8', NULL ),
( '10', 'Reseller', '1', '10', '9', NULL ),
( '11', 'Other', '1', '11', '10', NULL );
COMMIT;
-- ---------------------------------------------------------


-- Dump data of "vtiger_accounttype_seq" -------------------
BEGIN;

INSERT INTO `vtiger_accounttype_seq`(`id`) VALUES 
( '11' );
COMMIT;
-- ---------------------------------------------------------


-- Dump data of "vtiger_actionmapping" ---------------------
BEGIN;

INSERT INTO `vtiger_actionmapping`(`actionid`,`actionname`,`securitycheck`) VALUES 
( '0', 'Save', '0' ),
( '0', 'SavePriceBook', '1' ),
( '0', 'SaveVendor', '1' ),
( '1', 'DetailViewAjax', '1' ),
( '1', 'EditView', '0' ),
( '1', 'PriceBookEditView', '1' ),
( '1', 'QuickCreate', '1' ),
( '1', 'VendorEditView', '1' ),
( '2', 'Delete', '0' ),
( '2', 'DeletePriceBook', '1' ),
( '2', 'DeleteVendor', '1' ),
( '3', 'index', '0' ),
( '3', 'Popup', '1' ),
( '4', 'DetailView', '0' ),
( '4', 'PriceBookDetailView', '1' ),
( '4', 'TagCloud', '1' ),
( '4', 'VendorDetailView', '1' ),
( '5', 'Import', '0' ),
( '6', 'Export', '0' ),
( '7', 'CreateView', '0' ),
( '8', 'Merge', '0' ),
( '9', 'ConvertLead', '0' ),
( '10', 'DuplicatesHandling', '0' ),
( '13', 'Print', '0' );
COMMIT;
-- ---------------------------------------------------------


-- Dump data of "vtiger_activity" --------------------------
BEGIN;

INSERT INTO `vtiger_activity`(`activityid`,`subject`,`semodule`,`activitytype`,`date_start`,`due_date`,`time_start`,`time_end`,`sendnotification`,`duration_hours`,`duration_minutes`,`status`,`eventstatus`,`priority`,`location`,`notime`,`visibility`,`recurringtype`,`tags`) VALUES 
( '6', 'Regarding Contact Assignment', '', 'Emails', '2024-05-27', NULL, '16:59:50', NULL, '0', NULL, NULL, NULL, NULL, NULL, NULL, '0', 'all', NULL, '' ),
( '9', 'Regarding Contact Assignment', '', 'Emails', '2024-06-01', NULL, '09:45:01', NULL, '0', NULL, NULL, NULL, NULL, NULL, NULL, '0', 'all', NULL, '' ),
( '18', 'Regarding Potential Assignment', '', 'Emails', '2024-06-01', NULL, '15:30:01', NULL, '0', NULL, NULL, NULL, NULL, NULL, NULL, '0', 'all', NULL, '' ),
( '23', 'Candidate', '', 'Emails', '2024-06-01', NULL, '18:00:01', NULL, '0', NULL, NULL, NULL, NULL, NULL, NULL, '0', 'all', NULL, '' ),
( '24', 'Candidate', '', 'Emails', '2024-06-01', NULL, '18:00:02', NULL, '0', NULL, NULL, NULL, NULL, NULL, NULL, '0', 'all', NULL, '' ),
( '25', 'Candidate', '', 'Emails', '2024-06-01', NULL, '18:15:01', NULL, '0', NULL, NULL, NULL, NULL, NULL, NULL, '0', 'all', NULL, '' ),
( '26', 'Candidate', '', 'Emails', '2024-06-01', NULL, '18:15:02', NULL, '0', NULL, NULL, NULL, NULL, NULL, NULL, '0', 'all', NULL, '' ),
( '27', 'Candidate', '', 'Emails', '2024-06-01', NULL, '18:30:01', NULL, '0', NULL, NULL, NULL, NULL, NULL, NULL, '0', 'all', NULL, '' ),
( '28', 'antrag@x2tree.de', '', 'Emails', '2024-06-01', NULL, '18:51', NULL, '0', NULL, NULL, NULL, NULL, NULL, NULL, '0', 'all', NULL, '' ),
( '29', 'antrag@x2tree.de', '', 'Emails', '2024-06-01', NULL, '18:53', NULL, '0', NULL, NULL, NULL, NULL, NULL, NULL, '0', 'all', NULL, '' ),
( '30', 'Kandidat fr die Mitgliedschaft  Neiestr. 74c ', '', 'Emails', '2024-06-01', NULL, '19:00:01', NULL, '0', NULL, NULL, NULL, NULL, NULL, NULL, '0', 'all', NULL, '' ),
( '31', 'Kandidat fr die Mitgliedschaft  Neiestr. 74c ', '', 'Emails', '2024-06-01', NULL, '19:00:02', NULL, '0', NULL, NULL, NULL, NULL, NULL, NULL, '0', 'all', NULL, '' ),
( '32', 'Kandidat fr die Mitgliedschaft', '', 'Emails', '2024-06-01', NULL, '19:00:03', NULL, '0', NULL, NULL, NULL, NULL, NULL, NULL, '0', 'all', NULL, '' ),
( '33', 'Kandidat fr die Mitgliedschaft', '', 'Emails', '2024-06-01', NULL, '19:00:03', NULL, '0', NULL, NULL, NULL, NULL, NULL, NULL, '0', 'all', NULL, '' ),
( '34', 'Kandidat fr die Mitgliedschaft', '', 'Emails', '2024-06-01', NULL, '19:00:04', NULL, '0', NULL, NULL, NULL, NULL, NULL, NULL, '0', 'all', NULL, '' ),
( '35', 'Kandidat fr die Mitgliedschaft', '', 'Emails', '2024-06-01', NULL, '19:00:05', NULL, '0', NULL, NULL, NULL, NULL, NULL, NULL, '0', 'all', NULL, '' ),
( '36', 'Kandidat fr die Mitgliedschaft', '', 'Emails', '2024-06-01', NULL, '19:15:01', NULL, '0', NULL, NULL, NULL, NULL, NULL, NULL, '0', 'all', NULL, '' ),
( '37', 'Ihr x2tree-Antrag wurde abgelehnt', '', 'Emails', '2024-06-01', NULL, '21:16:01', NULL, '0', NULL, NULL, NULL, NULL, NULL, NULL, '0', 'all', NULL, '' ),
( '38', 'Sie wurden zur x2tree-Warteliste hinzugefgt', '', 'Emails', '2024-06-01', NULL, '21:30:01', NULL, '0', NULL, NULL, NULL, NULL, NULL, NULL, '0', 'all', NULL, '' ),
( '39', 'Sie wurden fr die Mitgliedschaft in unserer x2tree-Community zugelassen', '', 'Emails', '2024-06-01', NULL, '21:44:01', NULL, '0', NULL, NULL, NULL, NULL, NULL, NULL, '0', 'all', NULL, '' ),
( '45', 'Regarding Contact Assignment', '', 'Emails', '2024-06-02', NULL, '11:56:01', NULL, '0', NULL, NULL, NULL, NULL, NULL, NULL, '0', 'all', NULL, '' ),
( '46', 'Regarding Potential Assignment', '', 'Emails', '2024-06-02', NULL, '11:56:02', NULL, '0', NULL, NULL, NULL, NULL, NULL, NULL, '0', 'all', NULL, '' ),
( '48', 'Regarding Contact Assignment', '', 'Emails', '2024-06-04', NULL, '13:56:02', NULL, '0', NULL, NULL, NULL, NULL, NULL, NULL, '0', 'all', NULL, '' ),
( '49', 'Regarding Contact Assignment', '', 'Emails', '2024-06-04', NULL, '13:56:02', NULL, '0', NULL, NULL, NULL, NULL, NULL, NULL, '0', 'all', NULL, '' ),
( '50', 'Regarding Contact Assignment', '', 'Emails', '2024-06-04', NULL, '13:56:03', NULL, '0', NULL, NULL, NULL, NULL, NULL, NULL, '0', 'all', NULL, '' ),
( '51', 'Regarding Contact Assignment', '', 'Emails', '2024-06-04', NULL, '13:56:03', NULL, '0', NULL, NULL, NULL, NULL, NULL, NULL, '0', 'all', NULL, '' ),
( '52', 'Regarding Contact Assignment', '', 'Emails', '2024-06-04', NULL, '13:56:04', NULL, '0', NULL, NULL, NULL, NULL, NULL, NULL, '0', 'all', NULL, '' ),
( '53', 'Regarding Contact Assignment', '', 'Emails', '2024-06-04', NULL, '13:56:04', NULL, '0', NULL, NULL, NULL, NULL, NULL, NULL, '0', 'all', NULL, '' ),
( '54', 'Regarding Contact Assignment', '', 'Emails', '2024-06-04', NULL, '13:56:05', NULL, '0', NULL, NULL, NULL, NULL, NULL, NULL, '0', 'all', NULL, '' ),
( '56', 'Sie wurden zur x2tree-Warteliste hinzugefgt', '', 'Emails', '2024-06-04', NULL, '23:18:01', NULL, '0', NULL, NULL, NULL, NULL, NULL, NULL, '0', 'all', NULL, '' ),
( '59', 'Regarding Contact Assignment', '', 'Emails', '2024-06-08', NULL, '10:58:01', NULL, '0', NULL, NULL, NULL, NULL, NULL, NULL, '0', 'all', NULL, '' ),
( '61', 'Regarding Potential Assignment', '', 'Emails', '2024-06-08', NULL, '11:12:01', NULL, '0', NULL, NULL, NULL, NULL, NULL, NULL, '0', 'all', NULL, '' ),
( '65', 'Regarding Contact Assignment', '', 'Emails', '2024-06-08', NULL, '11:40:01', NULL, '0', NULL, NULL, NULL, NULL, NULL, NULL, '0', 'all', NULL, '' ),
( '69', 'Regarding Contact Assignment', '', 'Emails', '2024-06-08', NULL, '11:54:01', NULL, '0', NULL, NULL, NULL, NULL, NULL, NULL, '0', 'all', NULL, '' ),
( '70', 'Regarding Potential Assignment', '', 'Emails', '2024-06-08', NULL, '11:54:02', NULL, '0', NULL, NULL, NULL, NULL, NULL, NULL, '0', 'all', NULL, '' ),
( '77', 'Ticket Number : TT1 voucher', '', 'Emails', '2024-06-08', NULL, '12:22:01', NULL, '0', NULL, NULL, NULL, NULL, NULL, NULL, '0', 'all', NULL, '' ),
( '83', 'Regarding Contact Assignment', '', 'Emails', '2024-06-09', NULL, '18:16:02', NULL, '0', NULL, NULL, NULL, NULL, NULL, NULL, '0', 'all', NULL, '' ),
( '86', 'Regarding Contact Assignment', '', 'Emails', '2024-06-10', NULL, '19:40:01', NULL, '0', NULL, NULL, NULL, NULL, NULL, NULL, '0', 'all', NULL, '' ),
( '87', 'Regarding Contact Assignment', '', 'Emails', '2024-06-10', NULL, '19:40:02', NULL, '0', NULL, NULL, NULL, NULL, NULL, NULL, '0', 'all', NULL, '' ),
( '88', 'Regarding Contact Assignment', '', 'Emails', '2024-06-10', NULL, '19:40:02', NULL, '0', NULL, NULL, NULL, NULL, NULL, NULL, '0', 'all', NULL, '' ),
( '89', 'Regarding Contact Assignment', '', 'Emails', '2024-06-10', NULL, '19:40:03', NULL, '0', NULL, NULL, NULL, NULL, NULL, NULL, '0', 'all', NULL, '' ),
( '104', '123', NULL, 'Task', '2024-06-17', '2024-06-17', '06:44:00', '', '0', '15', '16', 'Not Started', '', '', '', '0', 'Private', '', '' ),
( '107', 'asd', '', 'Emails', '2024-07-23', NULL, '11:23', NULL, '0', NULL, NULL, NULL, NULL, NULL, NULL, '0', 'all', NULL, '' ),
( '108', 'Regarding Contact Assignment', '', 'Emails', '2024-07-23', NULL, '11:24:01', NULL, '0', NULL, NULL, NULL, NULL, NULL, NULL, '0', 'all', NULL, '' ),
( '110', 'Regarding Potential Assignment', '', 'Emails', '2024-08-06', NULL, '11:56:01', NULL, '0', NULL, NULL, NULL, NULL, NULL, NULL, '0', 'all', NULL, '' ),
( '116', 'Regarding Potential Assignment', '', 'Emails', '2024-08-07', NULL, '11:18:01', NULL, '0', NULL, NULL, NULL, NULL, NULL, NULL, '0', 'all', NULL, '' ),
( '117', 'Regarding Potential Assignment', '', 'Emails', '2024-08-07', NULL, '11:18:02', NULL, '0', NULL, NULL, NULL, NULL, NULL, NULL, '0', 'all', NULL, '' ),
( '120', 'Sie wurden zur x2tree-Warteliste hinzugefgt', '', 'Emails', '2024-08-07', NULL, '11:32:01', NULL, '0', NULL, NULL, NULL, NULL, NULL, NULL, '0', 'all', NULL, '' ),
( '124', 'Regarding Contact Assignment', '', 'Emails', '2024-08-07', NULL, '11:46:01', NULL, '0', NULL, NULL, NULL, NULL, NULL, NULL, '0', 'all', NULL, '' ),
( '125', 'Regarding Potential Assignment', '', 'Emails', '2024-08-07', NULL, '11:46:02', NULL, '0', NULL, NULL, NULL, NULL, NULL, NULL, '0', 'all', NULL, '' ),
( '126', 'Regarding Potential Assignment', '', 'Emails', '2024-08-07', NULL, '11:46:02', NULL, '0', NULL, NULL, NULL, NULL, NULL, NULL, '0', 'all', NULL, '' ),
( '129', 'Ihr x2tree-Antrag wurde abgelehnt', '', 'Emails', '2024-08-07', NULL, '12:00:01', NULL, '0', NULL, NULL, NULL, NULL, NULL, NULL, '0', 'all', NULL, '' ),
( '130', 'Sie wurden fr die Mitgliedschaft in unserer x2tree-Community zugelassen', '', 'Emails', '2024-08-07', NULL, '12:00:02', NULL, '0', NULL, NULL, NULL, NULL, NULL, NULL, '0', 'all', NULL, '' ),
( '131', 'Regarding Contact Assignment', '', 'Emails', '2024-08-08', NULL, '10:20:02', NULL, '0', NULL, NULL, NULL, NULL, NULL, NULL, '0', 'all', NULL, '' ),
( '132', 'Regarding Contact Assignment', '', 'Emails', '2024-08-09', NULL, '13:32:01', NULL, '0', NULL, NULL, NULL, NULL, NULL, NULL, '0', 'all', NULL, '' ),
( '133', 'Regarding Contact Assignment', '', 'Emails', '2024-08-09', NULL, '13:32:01', NULL, '0', NULL, NULL, NULL, NULL, NULL, NULL, '0', 'all', NULL, '' ),
( '134', 'Regarding Contact Assignment', '', 'Emails', '2024-08-09', NULL, '13:32:02', NULL, '0', NULL, NULL, NULL, NULL, NULL, NULL, '0', 'all', NULL, '' ),
( '136', 'Regarding Contact Assignment', '', 'Emails', '2024-08-09', NULL, '13:46:01', NULL, '0', NULL, NULL, NULL, NULL, NULL, NULL, '0', 'all', NULL, '' ),
( '137', 'Regarding Contact Assignment', '', 'Emails', '2024-08-09', NULL, '13:46:01', NULL, '0', NULL, NULL, NULL, NULL, NULL, NULL, '0', 'all', NULL, '' ),
( '138', 'Regarding Contact Assignment', '', 'Emails', '2024-08-09', NULL, '13:46:02', NULL, '0', NULL, NULL, NULL, NULL, NULL, NULL, '0', 'all', NULL, '' ),
( '139', 'Regarding Potential Assignment', '', 'Emails', '2024-08-09', NULL, '13:46:02', NULL, '0', NULL, NULL, NULL, NULL, NULL, NULL, '0', 'all', NULL, '' ),
( '144', 'Regarding Contact Assignment', '', 'Emails', '2024-08-11', NULL, '20:16:01', NULL, '0', NULL, NULL, NULL, NULL, NULL, NULL, '0', 'all', NULL, '' );
COMMIT;
-- ---------------------------------------------------------


-- Dump data of "vtiger_activity_recurring_info" -----------
-- ---------------------------------------------------------


-- Dump data of "vtiger_activity_reminder" -----------------
BEGIN;

INSERT INTO `vtiger_activity_reminder`(`activity_id`,`reminder_time`,`reminder_sent`,`recurringid`) VALUES 
( '104', '0', '0', '0' );
COMMIT;
-- ---------------------------------------------------------


-- Dump data of "vtiger_activity_reminder_popup" -----------
-- ---------------------------------------------------------


-- Dump data of "vtiger_activity_view" ---------------------
BEGIN;

INSERT INTO `vtiger_activity_view`(`activity_viewid`,`activity_view`,`sortorderid`,`presence`) VALUES 
( '1', 'Today', '0', '1' ),
( '2', 'This Week', '1', '1' ),
( '3', 'This Month', '2', '1' ),
( '4', 'This Year', '3', '1' ),
( '5', 'Agenda', '4', '1' );
COMMIT;
-- ---------------------------------------------------------


-- Dump data of "vtiger_activity_view_seq" -----------------
BEGIN;

INSERT INTO `vtiger_activity_view_seq`(`id`) VALUES 
( '5' );
COMMIT;
-- ---------------------------------------------------------


-- Dump data of "vtiger_activitycf" ------------------------
BEGIN;

INSERT INTO `vtiger_activitycf`(`activityid`) VALUES 
( '104' );
COMMIT;
-- ---------------------------------------------------------


-- Dump data of "vtiger_activityproductrel" ----------------
-- ---------------------------------------------------------


-- Dump data of "vtiger_activitytype" ----------------------
BEGIN;

INSERT INTO `vtiger_activitytype`(`activitytypeid`,`activitytype`,`presence`,`picklist_valueid`,`sortorderid`,`color`) VALUES 
( '1', 'Call', '0', '12', '0', NULL ),
( '2', 'Meeting', '0', '13', '1', NULL ),
( '3', 'Mobile Call', '0', '295', '1', NULL );
COMMIT;
-- ---------------------------------------------------------


-- Dump data of "vtiger_activitytype_seq" ------------------
BEGIN;

INSERT INTO `vtiger_activitytype_seq`(`id`) VALUES 
( '3' );
COMMIT;
-- ---------------------------------------------------------


-- Dump data of "vtiger_announcement" ----------------------
-- ---------------------------------------------------------


-- Dump data of "vtiger_app2tab" ---------------------------
BEGIN;

INSERT INTO `vtiger_app2tab`(`tabid`,`appname`,`sequence`,`visible`) VALUES 
( '31', 'TOOLS', '5', '1' ),
( '34', 'SUPPORT', '3', '1' ),
( '35', 'INVENTORY', '2', '1' ),
( '38', 'TOOLS', '4', '1' ),
( '43', 'TOOLS', '1', '1' ),
( '49', 'SETTINGS', '1', '1' ),
( '2', 'SALES', '1', '1' ),
( '20', 'SALES', '2', '1' ),
( '4', 'SALES', '4', '0' ),
( '6', 'SALES', '5', '0' ),
( '14', 'SALES', '3', '0' ),
( '35', 'SALES', '4', '1' ),
( '4', 'MARKETING', '2', '1' ),
( '6', 'MARKETING', '3', '0' ),
( '7', 'MARKETING', '1', '1' ),
( '26', 'MARKETING', '1', '1' ),
( '4', 'INVENTORY', '8', '0' ),
( '6', 'INVENTORY', '9', '0' ),
( '22', 'INVENTORY', '5', '1' ),
( '23', 'INVENTORY', '4', '1' ),
( '14', 'INVENTORY', '1', '1' ),
( '18', 'INVENTORY', '7', '1' ),
( '19', 'INVENTORY', '3', '1' ),
( '21', 'INVENTORY', '6', '1' ),
( '4', 'SUPPORT', '6', '0' ),
( '6', 'SUPPORT', '7', '0' ),
( '13', 'SUPPORT', '1', '1' ),
( '15', 'SUPPORT', '2', '1' ),
( '47', 'SUPPORT', '4', '1' ),
( '41', 'PROJECT', '1', '1' ),
( '40', 'PROJECT', '2', '1' ),
( '39', 'PROJECT', '3', '1' ),
( '4', 'PROJECT', '4', '1' ),
( '6', 'PROJECT', '5', '1' ),
( '48', 'SALES', '4', '1' ),
( '48', 'SUPPORT', '5', '1' ),
( '24', 'TOOLS', '2', '1' ),
( '27', 'TOOLS', '3', '1' ),
( '50', 'SETTINGS', '2', '1' ),
( '58', 'SALES', '9', '1' ),
( '61', 'SALES', '2', '1' ),
( '62', 'TOOLS', '6', '1' );
COMMIT;
-- ---------------------------------------------------------


-- Dump data of "vtiger_assets" ----------------------------
-- ---------------------------------------------------------


-- Dump data of "vtiger_assetscf" --------------------------
-- ---------------------------------------------------------


-- Dump data of "vtiger_assetstatus" -----------------------
BEGIN;

INSERT INTO `vtiger_assetstatus`(`assetstatusid`,`assetstatus`,`presence`,`picklist_valueid`,`sortorderid`,`color`) VALUES 
( '1', 'In Service', '1', '286', '1', NULL ),
( '2', 'Out-of-service', '1', '287', '2', NULL );
COMMIT;
-- ---------------------------------------------------------


-- Dump data of "vtiger_assetstatus_seq" -------------------
BEGIN;

INSERT INTO `vtiger_assetstatus_seq`(`id`) VALUES 
( '2' );
COMMIT;
-- ---------------------------------------------------------


-- Dump data of "vtiger_asterisk" --------------------------
-- ---------------------------------------------------------


-- Dump data of "vtiger_asteriskextensions" ----------------
BEGIN;

INSERT INTO `vtiger_asteriskextensions`(`userid`,`asterisk_extension`,`use_asterisk`) VALUES 
( '1', NULL, NULL ),
( '5', NULL, NULL ),
( '6', NULL, NULL ),
( '7', NULL, NULL );
COMMIT;
-- ---------------------------------------------------------


-- Dump data of "vtiger_asteriskincomingcalls" -------------
-- ---------------------------------------------------------


-- Dump data of "vtiger_asteriskincomingevents" ------------
-- ---------------------------------------------------------


-- Dump data of "vtiger_attachments" -----------------------
BEGIN;

INSERT INTO `vtiger_attachments`(`attachmentsid`,`name`,`description`,`type`,`path`,`storedname`,`subject`) VALUES 
( '94', 'avatar.jpg', NULL, 'image/jpeg', 'storage/2024/June/week2/', '5e1f5ff493d5a9ee458b6296fc4057a3.jpg', NULL ),
( '97', 'cv-emelyanov-en.pdf', NULL, 'application/pdf', 'storage/2024/June/week2/', '5426e2a49a6a608990498345f34ea098.pdf', NULL );
COMMIT;
-- ---------------------------------------------------------


-- Dump data of "vtiger_attachmentsfolder" -----------------
BEGIN;

INSERT INTO `vtiger_attachmentsfolder`(`folderid`,`foldername`,`description`,`createdby`,`sequence`) VALUES 
( '1', 'Default', 'This is a Default Folder', '1', '1' );
COMMIT;
-- ---------------------------------------------------------


-- Dump data of "vtiger_attachmentsfolder_seq" -------------
BEGIN;

INSERT INTO `vtiger_attachmentsfolder_seq`(`id`) VALUES 
( '1' );
COMMIT;
-- ---------------------------------------------------------


-- Dump data of "vtiger_audit_trial" -----------------------
-- ---------------------------------------------------------


-- Dump data of "vtiger_blocks" ----------------------------
BEGIN;

INSERT INTO `vtiger_blocks`(`blockid`,`tabid`,`blocklabel`,`sequence`,`show_title`,`visible`,`create_view`,`edit_view`,`detail_view`,`display_status`,`iscustom`) VALUES 
( '1', '2', 'LBL_OPPORTUNITY_INFORMATION', '1', '0', '0', '0', '0', '0', '1', '0' ),
( '2', '2', 'LBL_CUSTOM_INFORMATION', '2', '0', '0', '0', '0', '0', '1', '0' ),
( '3', '2', 'LBL_DESCRIPTION_INFORMATION', '3', '0', '0', '0', '0', '0', '1', '0' ),
( '4', '4', 'LBL_CONTACT_INFORMATION', '1', '0', '0', '0', '0', '0', '1', '0' ),
( '5', '4', 'LBL_CUSTOM_INFORMATION', '2', '0', '0', '0', '0', '0', '1', '0' ),
( '6', '4', 'LBL_CUSTOMER_PORTAL_INFORMATION', '3', '0', '0', '0', '0', '0', '0', '0' ),
( '7', '4', 'LBL_ADDRESS_INFORMATION', '4', '0', '0', '0', '0', '0', '1', '0' ),
( '8', '4', 'LBL_DESCRIPTION_INFORMATION', '5', '0', '0', '0', '0', '0', '1', '0' ),
( '9', '6', 'LBL_ACCOUNT_INFORMATION', '1', '0', '0', '0', '0', '0', '1', '0' ),
( '10', '6', 'LBL_CUSTOM_INFORMATION', '2', '0', '0', '0', '0', '0', '1', '0' ),
( '11', '6', 'LBL_ADDRESS_INFORMATION', '3', '0', '0', '0', '0', '0', '1', '0' ),
( '12', '6', 'LBL_DESCRIPTION_INFORMATION', '4', '0', '0', '0', '0', '0', '1', '0' ),
( '13', '7', 'LBL_LEAD_INFORMATION', '1', '0', '0', '0', '0', '0', '1', '0' ),
( '14', '7', 'LBL_CUSTOM_INFORMATION', '2', '0', '0', '0', '0', '0', '1', '0' ),
( '15', '7', 'LBL_ADDRESS_INFORMATION', '3', '0', '0', '0', '0', '0', '1', '0' ),
( '16', '7', 'LBL_DESCRIPTION_INFORMATION', '4', '0', '0', '0', '0', '0', '1', '0' ),
( '17', '8', 'LBL_NOTE_INFORMATION', '1', '0', '0', '0', '0', '0', '1', '0' ),
( '18', '8', 'LBL_FILE_INFORMATION', '3', '1', '0', '0', '0', '0', '1', '0' ),
( '19', '9', 'LBL_TASK_INFORMATION', '1', '0', '0', '0', '0', '0', '1', '0' ),
( '20', '9', 'LBL_DESCRIPTION_INFORMATION', '3', '1', '0', '0', '0', '0', '1', '0' ),
( '21', '10', 'LBL_EMAIL_INFORMATION', '1', '0', '0', '0', '0', '0', '1', '0' ),
( '22', '10', 'Emails_Block1', '2', '1', '0', '0', '0', '0', '1', '0' ),
( '23', '10', 'Emails_Block2', '3', '1', '0', '0', '0', '0', '1', '0' ),
( '24', '10', 'Emails_Block3', '4', '1', '0', '0', '0', '0', '1', '0' ),
( '25', '13', 'LBL_TICKET_INFORMATION', '1', '0', '0', '0', '0', '0', '1', '0' ),
( '26', '13', '', '2', '1', '0', '0', '0', '0', '1', '0' ),
( '27', '13', 'LBL_CUSTOM_INFORMATION', '3', '0', '0', '0', '0', '0', '1', '0' ),
( '28', '13', 'LBL_DESCRIPTION_INFORMATION', '4', '0', '0', '0', '0', '0', '1', '0' ),
( '29', '13', 'LBL_TICKET_RESOLUTION', '5', '0', '0', '1', '0', '0', '1', '0' ),
( '30', '13', 'LBL_COMMENTS', '6', '0', '0', '1', '0', '0', '1', '0' ),
( '31', '14', 'LBL_PRODUCT_INFORMATION', '1', '0', '0', '0', '0', '0', '1', '0' ),
( '32', '14', 'LBL_PRICING_INFORMATION', '2', '0', '0', '0', '0', '0', '1', '0' ),
( '33', '14', 'LBL_STOCK_INFORMATION', '3', '0', '0', '0', '0', '0', '1', '0' ),
( '34', '14', 'LBL_CUSTOM_INFORMATION', '4', '0', '0', '0', '0', '0', '1', '0' ),
( '35', '14', 'LBL_IMAGE_INFORMATION', '5', '0', '0', '0', '0', '0', '1', '0' ),
( '36', '14', 'LBL_DESCRIPTION_INFORMATION', '6', '0', '0', '0', '0', '0', '1', '0' ),
( '37', '15', 'LBL_FAQ_INFORMATION', '1', '0', '0', '0', '0', '0', '1', '0' ),
( '38', '15', 'LBL_COMMENT_INFORMATION', '4', '0', '0', '1', '0', '0', '1', '0' ),
( '39', '16', 'LBL_EVENT_INFORMATION', '1', '0', '0', '0', '0', '0', '1', '0' ),
( '40', '16', 'LBL_REMINDER_INFORMATION', '2', '0', '0', '0', '0', '0', '1', '0' ),
( '41', '16', 'LBL_DESCRIPTION_INFORMATION', '5', '0', '0', '0', '0', '0', '1', '0' ),
( '42', '18', 'LBL_VENDOR_INFORMATION', '1', '0', '0', '0', '0', '0', '1', '0' ),
( '43', '18', 'LBL_CUSTOM_INFORMATION', '2', '0', '0', '0', '0', '0', '1', '0' ),
( '44', '18', 'LBL_VENDOR_ADDRESS_INFORMATION', '3', '0', '0', '0', '0', '0', '1', '0' ),
( '45', '18', 'LBL_DESCRIPTION_INFORMATION', '4', '0', '0', '0', '0', '0', '1', '0' ),
( '46', '19', 'LBL_PRICEBOOK_INFORMATION', '1', '0', '0', '0', '0', '0', '1', '0' ),
( '47', '19', 'LBL_CUSTOM_INFORMATION', '2', '0', '0', '0', '0', '0', '1', '0' ),
( '48', '19', 'LBL_DESCRIPTION_INFORMATION', '3', '0', '0', '0', '0', '0', '1', '0' ),
( '49', '20', 'LBL_QUOTE_INFORMATION', '1', '0', '0', '0', '0', '0', '1', '0' ),
( '50', '20', 'LBL_CUSTOM_INFORMATION', '2', '0', '0', '0', '0', '0', '1', '0' ),
( '51', '20', 'LBL_ADDRESS_INFORMATION', '3', '0', '0', '0', '0', '0', '1', '0' ),
( '52', '20', 'LBL_RELATED_PRODUCTS', '4', '0', '0', '0', '0', '0', '1', '0' ),
( '53', '20', 'LBL_TERMS_INFORMATION', '5', '0', '0', '0', '0', '0', '1', '0' ),
( '54', '20', 'LBL_DESCRIPTION_INFORMATION', '6', '0', '0', '0', '0', '0', '1', '0' ),
( '55', '21', 'LBL_PO_INFORMATION', '1', '0', '0', '0', '0', '0', '1', '0' ),
( '56', '21', 'LBL_CUSTOM_INFORMATION', '2', '0', '0', '0', '0', '0', '1', '0' ),
( '57', '21', 'LBL_ADDRESS_INFORMATION', '3', '0', '0', '0', '0', '0', '1', '0' ),
( '58', '21', 'LBL_RELATED_PRODUCTS', '4', '0', '0', '0', '0', '0', '1', '0' ),
( '59', '21', 'LBL_TERMS_INFORMATION', '5', '0', '0', '0', '0', '0', '1', '0' ),
( '60', '21', 'LBL_DESCRIPTION_INFORMATION', '6', '0', '0', '0', '0', '0', '1', '0' ),
( '61', '22', 'LBL_SO_INFORMATION', '1', '0', '0', '0', '0', '0', '1', '0' ),
( '62', '22', 'LBL_CUSTOM_INFORMATION', '3', '0', '0', '0', '0', '0', '1', '0' ),
( '63', '22', 'LBL_ADDRESS_INFORMATION', '4', '0', '0', '0', '0', '0', '1', '0' ),
( '64', '22', 'LBL_RELATED_PRODUCTS', '5', '0', '0', '0', '0', '0', '1', '0' ),
( '65', '22', 'LBL_TERMS_INFORMATION', '6', '0', '0', '0', '0', '0', '1', '0' ),
( '66', '22', 'LBL_DESCRIPTION_INFORMATION', '7', '0', '0', '0', '0', '0', '1', '0' ),
( '67', '23', 'LBL_INVOICE_INFORMATION', '1', '0', '0', '0', '0', '0', '1', '0' ),
( '68', '23', 'LBL_CUSTOM_INFORMATION', '2', '0', '0', '0', '0', '0', '1', '0' ),
( '69', '23', 'LBL_ADDRESS_INFORMATION', '3', '0', '0', '0', '0', '0', '1', '0' ),
( '70', '23', 'LBL_RELATED_PRODUCTS', '4', '0', '0', '0', '0', '0', '1', '0' ),
( '71', '23', 'LBL_TERMS_INFORMATION', '5', '0', '0', '0', '0', '0', '1', '0' ),
( '72', '23', 'LBL_DESCRIPTION_INFORMATION', '6', '0', '0', '0', '0', '0', '0', '0' ),
( '73', '4', 'LBL_IMAGE_INFORMATION', '6', '0', '0', '0', '0', '0', '1', '0' ),
( '74', '26', 'LBL_CAMPAIGN_INFORMATION', '1', '0', '0', '0', '0', '0', '1', '0' ),
( '75', '26', 'LBL_CUSTOM_INFORMATION', '2', '0', '0', '0', '0', '0', '1', '0' ),
( '76', '26', 'LBL_EXPECTATIONS_AND_ACTUALS', '3', '0', '0', '0', '0', '0', '1', '0' ),
( '77', '29', 'LBL_USERLOGIN_ROLE', '1', '0', '0', '0', '0', '0', '1', '0' ),
( '78', '29', 'LBL_CURRENCY_CONFIGURATION', '3', '0', '0', '0', '0', '0', '1', '0' ),
( '79', '29', 'LBL_MORE_INFORMATION', '4', '0', '0', '0', '0', '0', '1', '0' ),
( '80', '29', 'LBL_ADDRESS_INFORMATION', '5', '0', '0', '0', '0', '0', '1', '0' ),
( '81', '26', 'LBL_DESCRIPTION_INFORMATION', '4', '0', '0', '0', '0', '0', '1', '0' ),
( '82', '29', 'LBL_USER_IMAGE_INFORMATION', '5', '0', '0', '0', '0', '0', '1', '0' ),
( '83', '29', 'LBL_USER_ADV_OPTIONS', '6', '0', '0', '0', '0', '0', '1', '0' ),
( '84', '8', 'LBL_DESCRIPTION', '2', '0', '0', '0', '0', '0', '1', '0' ),
( '85', '22', 'Recurring Invoice Information', '2', '0', '0', '0', '0', '0', '1', '0' ),
( '86', '9', 'LBL_CUSTOM_INFORMATION', '4', '0', '0', '0', '0', '0', '1', '0' ),
( '87', '16', 'LBL_CUSTOM_INFORMATION', '6', '0', '0', '0', '0', '0', '1', '0' ),
( '88', '31', 'LBL_PBXMANAGER_INFORMATION', '1', '0', '0', '0', '0', '0', '1', '0' ),
( '89', '34', 'LBL_SERVICE_CONTRACT_INFORMATION', '1', '0', '0', '0', '0', '0', '1', '0' ),
( '90', '34', 'LBL_CUSTOM_INFORMATION', '2', '0', '0', '0', '0', '0', '1', '0' ),
( '91', '35', 'LBL_SERVICE_INFORMATION', '1', '0', '0', '0', '0', '0', '1', '0' ),
( '92', '35', 'LBL_PRICING_INFORMATION', '2', '0', '0', '0', '0', '0', '1', '0' ),
( '93', '35', 'LBL_CUSTOM_INFORMATION', '3', '0', '0', '0', '0', '0', '1', '0' ),
( '94', '35', 'LBL_DESCRIPTION_INFORMATION', '4', '0', '0', '0', '0', '0', '1', '0' ),
( '95', '39', 'LBL_PROJECT_MILESTONE_INFORMATION', '1', '0', '0', '0', '0', '0', '1', '0' ),
( '96', '39', 'LBL_CUSTOM_INFORMATION', '2', '0', '0', '0', '0', '0', '1', '0' ),
( '97', '39', 'LBL_DESCRIPTION_INFORMATION', '3', '0', '0', '0', '0', '0', '1', '0' ),
( '98', '40', 'LBL_PROJECT_TASK_INFORMATION', '1', '0', '0', '0', '0', '0', '1', '0' ),
( '99', '40', 'LBL_CUSTOM_INFORMATION', '2', '0', '0', '0', '0', '0', '1', '0' ),
( '100', '40', 'LBL_DESCRIPTION_INFORMATION', '3', '0', '0', '0', '0', '0', '1', '0' ),
( '101', '41', 'LBL_PROJECT_INFORMATION', '1', '0', '0', '0', '0', '0', '1', '0' ),
( '102', '41', 'LBL_CUSTOM_INFORMATION', '2', '0', '0', '0', '0', '0', '1', '0' ),
( '103', '41', 'LBL_DESCRIPTION_INFORMATION', '3', '0', '0', '0', '0', '0', '1', '0' ),
( '104', '46', 'LBL_MODCOMMENTS_INFORMATION', '1', '0', '0', '0', '0', '0', '1', '0' ),
( '105', '46', 'LBL_OTHER_INFORMATION', '2', '0', '0', '0', '0', '0', '1', '0' ),
( '106', '46', 'LBL_CUSTOM_INFORMATION', '3', '0', '0', '0', '0', '0', '1', '0' ),
( '107', '47', 'LBL_ASSET_INFORMATION', '1', '0', '0', '0', '0', '0', '1', '0' ),
( '108', '47', 'LBL_CUSTOM_INFORMATION', '2', '0', '0', '0', '0', '0', '1', '0' ),
( '109', '47', 'LBL_DESCRIPTION_INFORMATION', '3', '0', '0', '0', '0', '0', '1', '0' ),
( '110', '48', 'LBL_SMSNOTIFIER_INFORMATION', '1', '0', '0', '0', '0', '0', '1', '0' ),
( '111', '48', 'LBL_CUSTOM_INFORMATION', '2', '0', '0', '0', '0', '0', '1', '0' ),
( '112', '48', 'StatusInformation', '3', '0', '0', '0', '0', '0', '1', '0' ),
( '113', '23', 'LBL_ITEM_DETAILS', '5', '0', '0', '0', '0', '0', '1', '0' ),
( '114', '22', 'LBL_ITEM_DETAILS', '5', '0', '0', '0', '0', '0', '1', '0' ),
( '115', '21', 'LBL_ITEM_DETAILS', '5', '0', '0', '0', '0', '0', '1', '0' ),
( '116', '20', 'LBL_ITEM_DETAILS', '5', '0', '0', '0', '0', '0', '1', '0' ),
( '117', '16', 'LBL_RECURRENCE_INFORMATION', '3', '0', '0', '0', '0', '0', '1', '0' ),
( '118', '29', 'LBL_CALENDAR_SETTINGS', '2', '0', '0', '0', '0', '0', '1', '0' ),
( '119', '16', 'LBL_RELATED_TO', '4', '0', '0', '0', '0', '0', '1', '0' ),
( '120', '9', 'LBL_REMINDER_INFORMATION', '2', '0', '0', '0', '0', '0', '1', '0' ),
( '123', '8', 'LBL_CUSTOM_INFORMATION', '4', '0', '0', '0', '0', '0', '1', '0' ),
( '124', '58', 'LBL_CUSTOMPAYMENTS_INFORMATION', '1', '0', '0', '0', '0', '0', '1', '0' ),
( '125', '58', 'LBL_CUSTOM_INFORMATION', '2', '0', '0', '0', '0', '0', '1', '0' ),
( '126', '58', 'LBL_DESCRIPTION', '3', '0', '0', '0', '0', '0', '1', '0' ),
( '129', '61', 'Payment Information', '1', '0', '0', '0', '0', '0', '1', '0' ),
( '130', '61', 'Description Details', '3', '0', '0', '0', '0', '0', '0', '0' ),
( '131', '61', 'OTHER', '2', '0', '0', '0', '0', '0', '1', '1' ),
( '132', '23', 'OTHER', '4', '0', '0', '0', '0', '0', '1', '1' );
COMMIT;
-- ---------------------------------------------------------


-- Dump data of "vtiger_blocks_seq" ------------------------
BEGIN;

INSERT INTO `vtiger_blocks_seq`(`id`) VALUES 
( '138' );
COMMIT;
-- ---------------------------------------------------------


-- Dump data of "vtiger_calendar_default_activitytypes" ----
BEGIN;

INSERT INTO `vtiger_calendar_default_activitytypes`(`id`,`module`,`fieldname`,`defaultcolor`,`isdefault`,`conditions`) VALUES 
( '1', 'Events', '["date_start","due_date"]', '#17309A', '1', '' ),
( '2', 'Calendar', '["date_start","due_date"]', '#3A87AD', '1', '' ),
( '3', 'Potentials', '["closingdate"]', '#AA6705', '1', '' ),
( '4', 'Contacts', '["support_end_date"]', '#953B39', '1', '' ),
( '5', 'Contacts', '["birthday"]', '#545252', '1', '' ),
( '6', 'Invoice', '["duedate"]', '#87865D', '1', '' ),
( '7', 'Project', '["startdate","targetenddate"]', '#C71585', '1', '' ),
( '8', 'ProjectTask', '["startdate","enddate"]', '#006400', '1', '' );
COMMIT;
-- ---------------------------------------------------------


-- Dump data of "vtiger_calendar_default_activitytypes_seq" 
BEGIN;

INSERT INTO `vtiger_calendar_default_activitytypes_seq`(`id`) VALUES 
( '8' );
COMMIT;
-- ---------------------------------------------------------


-- Dump data of "vtiger_calendar_user_activitytypes" -------
BEGIN;

INSERT INTO `vtiger_calendar_user_activitytypes`(`id`,`defaultid`,`userid`,`color`,`visible`) VALUES 
( '1', '1', '1', '#17309A', '1' ),
( '2', '2', '1', '#3A87AD', '1' ),
( '3', '3', '1', '#AA6705', '1' ),
( '4', '4', '1', '#953B39', '1' ),
( '5', '5', '1', '#545252', '1' ),
( '6', '6', '1', '#87865D', '1' ),
( '7', '7', '1', '#C71585', '1' ),
( '8', '8', '1', '#006400', '1' ),
( '9', '1', '7', '#17309A', '1' ),
( '10', '2', '7', '#3A87AD', '1' ),
( '11', '3', '7', '#AA6705', '1' ),
( '12', '4', '7', '#953B39', '1' ),
( '13', '5', '7', '#545252', '1' ),
( '14', '6', '7', '#87865D', '1' ),
( '15', '7', '7', '#C71585', '1' ),
( '16', '8', '7', '#006400', '1' );
COMMIT;
-- ---------------------------------------------------------


-- Dump data of "vtiger_calendar_user_activitytypes_seq" ---
BEGIN;

INSERT INTO `vtiger_calendar_user_activitytypes_seq`(`id`) VALUES 
( '16' );
COMMIT;
-- ---------------------------------------------------------


-- Dump data of "vtiger_calendarsharedtype" ----------------
BEGIN;

INSERT INTO `vtiger_calendarsharedtype`(`calendarsharedtypeid`,`calendarsharedtype`,`sortorderid`,`presence`) VALUES 
( '1', 'public', '0', '1' ),
( '2', 'private', '1', '1' ),
( '3', 'seletedusers', '2', '1' );
COMMIT;
-- ---------------------------------------------------------


-- Dump data of "vtiger_calendarsharedtype_seq" ------------
BEGIN;

INSERT INTO `vtiger_calendarsharedtype_seq`(`id`) VALUES 
( '3' );
COMMIT;
-- ---------------------------------------------------------


-- Dump data of "vtiger_callduration" ----------------------
BEGIN;

INSERT INTO `vtiger_callduration`(`calldurationid`,`callduration`,`sortorderid`,`presence`) VALUES 
( '1', '5', '0', '1' ),
( '2', '10', '1', '1' ),
( '3', '30', '2', '1' ),
( '4', '60', '3', '1' ),
( '5', '120', '4', '1' );
COMMIT;
-- ---------------------------------------------------------


-- Dump data of "vtiger_callduration_seq" ------------------
BEGIN;

INSERT INTO `vtiger_callduration_seq`(`id`) VALUES 
( '5' );
COMMIT;
-- ---------------------------------------------------------


-- Dump data of "vtiger_campaign" --------------------------
-- ---------------------------------------------------------


-- Dump data of "vtiger_campaignaccountrel" ----------------
-- ---------------------------------------------------------


-- Dump data of "vtiger_campaigncontrel" -------------------
-- ---------------------------------------------------------


-- Dump data of "vtiger_campaignleadrel" -------------------
-- ---------------------------------------------------------


-- Dump data of "vtiger_campaignrelstatus" -----------------
BEGIN;

INSERT INTO `vtiger_campaignrelstatus`(`campaignrelstatusid`,`campaignrelstatus`,`sortorderid`,`presence`,`color`) VALUES 
( '2', 'Contacted - Successful', '1', '1', NULL ),
( '3', 'Contacted - Unsuccessful', '2', '1', NULL ),
( '4', 'Contacted - Never Contact Again', '3', '1', NULL );
COMMIT;
-- ---------------------------------------------------------


-- Dump data of "vtiger_campaignrelstatus_seq" -------------
BEGIN;

INSERT INTO `vtiger_campaignrelstatus_seq`(`id`) VALUES 
( '4' );
COMMIT;
-- ---------------------------------------------------------


-- Dump data of "vtiger_campaignscf" -----------------------
-- ---------------------------------------------------------


-- Dump data of "vtiger_campaignstatus" --------------------
BEGIN;

INSERT INTO `vtiger_campaignstatus`(`campaignstatusid`,`campaignstatus`,`presence`,`picklist_valueid`,`sortorderid`,`color`) VALUES 
( '2', 'Planning', '1', '15', '1', NULL ),
( '3', 'Active', '1', '16', '2', NULL ),
( '4', 'Inactive', '1', '17', '3', NULL ),
( '5', 'Completed', '1', '18', '4', NULL ),
( '6', 'Cancelled', '1', '19', '5', NULL );
COMMIT;
-- ---------------------------------------------------------


-- Dump data of "vtiger_campaignstatus_seq" ----------------
BEGIN;

INSERT INTO `vtiger_campaignstatus_seq`(`id`) VALUES 
( '6' );
COMMIT;
-- ---------------------------------------------------------


-- Dump data of "vtiger_campaigntype" ----------------------
BEGIN;

INSERT INTO `vtiger_campaigntype`(`campaigntypeid`,`campaigntype`,`presence`,`picklist_valueid`,`sortorderid`,`color`) VALUES 
( '2', 'Conference', '1', '21', '1', NULL ),
( '3', 'Webinar', '1', '22', '2', NULL ),
( '4', 'Trade Show', '1', '23', '3', NULL ),
( '5', 'Public Relations', '1', '24', '4', NULL ),
( '6', 'Partners', '1', '25', '5', NULL ),
( '7', 'Referral Program', '1', '26', '6', NULL ),
( '8', 'Advertisement', '1', '27', '7', NULL ),
( '9', 'Banner Ads', '1', '28', '8', NULL ),
( '10', 'Direct Mail', '1', '29', '9', NULL ),
( '11', 'Email', '1', '30', '10', NULL ),
( '12', 'Telemarketing', '1', '31', '11', NULL ),
( '13', 'Others', '1', '32', '12', NULL );
COMMIT;
-- ---------------------------------------------------------


-- Dump data of "vtiger_campaigntype_seq" ------------------
BEGIN;

INSERT INTO `vtiger_campaigntype_seq`(`id`) VALUES 
( '13' );
COMMIT;
-- ---------------------------------------------------------


-- Dump data of "vtiger_carrier" ---------------------------
BEGIN;

INSERT INTO `vtiger_carrier`(`carrierid`,`carrier`,`presence`,`picklist_valueid`,`sortorderid`,`color`) VALUES 
( '1', 'FedEx', '1', '33', '0', NULL ),
( '2', 'UPS', '1', '34', '1', NULL ),
( '3', 'USPS', '1', '35', '2', NULL ),
( '4', 'DHL', '1', '36', '3', NULL ),
( '5', 'BlueDart', '1', '37', '4', NULL );
COMMIT;
-- ---------------------------------------------------------


-- Dump data of "vtiger_carrier_seq" -----------------------
BEGIN;

INSERT INTO `vtiger_carrier_seq`(`id`) VALUES 
( '5' );
COMMIT;
-- ---------------------------------------------------------


-- Dump data of "vtiger_cf_897" ----------------------------
BEGIN;

INSERT INTO `vtiger_cf_897`(`cf_897id`,`cf_897`,`sortorderid`,`presence`,`color`) VALUES 
( '1', 'Paid', '0', '1', NULL ),
( '2', 'Completed', '1', '1', NULL ),
( '3', 'Pending', '2', '1', NULL ),
( '4', 'Cancelled', '3', '1', NULL ),
( '5', 'Failend', '4', '1', NULL ),
( '6', 'Unpaid', '5', '1', NULL );
COMMIT;
-- ---------------------------------------------------------


-- Dump data of "vtiger_cf_897_seq" ------------------------
BEGIN;

INSERT INTO `vtiger_cf_897_seq`(`id`) VALUES 
( '6' );
COMMIT;
-- ---------------------------------------------------------


-- Dump data of "vtiger_cf_899" ----------------------------
BEGIN;

INSERT INTO `vtiger_cf_899`(`cf_899id`,`cf_899`,`sortorderid`,`presence`,`color`) VALUES 
( '1', 'Credit Card', '0', '1', NULL ),
( '2', 'Cash', '1', '1', NULL ),
( '3', 'Paypal', '2', '1', NULL ),
( '4', 'Other', '3', '1', NULL );
COMMIT;
-- ---------------------------------------------------------


-- Dump data of "vtiger_cf_899_seq" ------------------------
BEGIN;

INSERT INTO `vtiger_cf_899_seq`(`id`) VALUES 
( '4' );
COMMIT;
-- ---------------------------------------------------------


-- Dump data of "vtiger_cf_910" ----------------------------
BEGIN;

INSERT INTO `vtiger_cf_910`(`cf_910id`,`cf_910`,`sortorderid`,`presence`,`color`) VALUES 
( '1', 'Gram', '0', '1', NULL );
COMMIT;
-- ---------------------------------------------------------


-- Dump data of "vtiger_cf_910_seq" ------------------------
BEGIN;

INSERT INTO `vtiger_cf_910_seq`(`id`) VALUES 
( '1' );
COMMIT;
-- ---------------------------------------------------------


-- Dump data of "vtiger_cf_933" ----------------------------
BEGIN;

INSERT INTO `vtiger_cf_933`(`cf_933id`,`cf_933`,`sortorderid`,`presence`,`color`) VALUES 
( '1', 'Viewed', '0', '1', '#565d94' ),
( '2', 'Not Vieved', '1', '1', NULL );
COMMIT;
-- ---------------------------------------------------------


-- Dump data of "vtiger_cf_933_seq" ------------------------
BEGIN;

INSERT INTO `vtiger_cf_933_seq`(`id`) VALUES 
( '2' );
COMMIT;
-- ---------------------------------------------------------


-- Dump data of "vtiger_cf_937" ----------------------------
BEGIN;

INSERT INTO `vtiger_cf_937`(`cf_937id`,`cf_937`,`sortorderid`,`presence`,`color`) VALUES 
( '1', 'Qalified', '0', '1', NULL ),
( '2', 'dismiss', '1', '1', '#d18888' );
COMMIT;
-- ---------------------------------------------------------


-- Dump data of "vtiger_cf_937_seq" ------------------------
BEGIN;

INSERT INTO `vtiger_cf_937_seq`(`id`) VALUES 
( '2' );
COMMIT;
-- ---------------------------------------------------------


-- Dump data of "vtiger_cntactivityrel" --------------------
-- ---------------------------------------------------------


-- Dump data of "vtiger_contactaddress" --------------------
BEGIN;

INSERT INTO `vtiger_contactaddress`(`contactaddressid`,`mailingcity`,`mailingstreet`,`mailingcountry`,`othercountry`,`mailingstate`,`mailingpobox`,`othercity`,`otherstate`,`mailingzip`,`otherzip`,`otherstreet`,`otherpobox`) VALUES 
( '4', 'Pulheim', 'Neiestr. 74c', 'Germany', '', 'Berlin', '', '', '', '53612', '', '', '' ),
( '42', 'Berlin', 'Neiestr. 74c', 'Deutschland', '', '', '', '', '', '', '', '', '' ),
( '58', 'Hamburg', 'Hauptstrasse 23', 'Deutschland', '', 'Hamburg', '', '', '', '', '', '', '' ),
( '67', 'Hamburg', 'Langestrasse 44', 'Deutschland', '', '', '', '', '', '', '', '', '' ),
( '82', 'Hamburg', 'Breitestrasse 11', 'Deutschland', '', '', '', '', '', '', '', '', '' ),
( '121', 'sdfsdfs', 'ssxsx', 'Deutschland', '', 'cxvxc', '', '', '', '234234', '', '', '' ),
( '143', 'dsad', 'ada', 'Deutschland', '', 'dsa', '', '', '', '213231', '', '', '' ),
( '145', 'dasda', 'dasdad', 'dada', '', 'dasda', 'dasda', '', '', 'dassda', '', '', '' );
COMMIT;
-- ---------------------------------------------------------


-- Dump data of "vtiger_contactdetails" --------------------
BEGIN;

INSERT INTO `vtiger_contactdetails`(`contactid`,`contact_no`,`accountid`,`salutation`,`firstname`,`lastname`,`email`,`phone`,`mobile`,`title`,`department`,`fax`,`reportsto`,`training`,`usertype`,`contacttype`,`otheremail`,`secondaryemail`,`donotcall`,`emailoptout`,`imagename`,`reference`,`notify_owner`,`isconvertedfromlead`,`tags`) VALUES 
( '4', 'CON1', '2', '', 'Florian', 'Mller', 'florian_co74@yahoo.com', '', '+49 172 19279743', '', '', '', '0', NULL, NULL, NULL, NULL, '', '0', '0', '', '0', '0', '0', '' ),
( '42', 'CON2', '0', 'Mr.', 'Stefan', 'Muster', 'it@itvolga.com', NULL, '+49 151 1234567', '', NULL, NULL, '0', NULL, NULL, NULL, NULL, '', '0', '0', '', '0', '0', '1', '' ),
( '58', 'CON3', '0', 'Mr.', 'Peter test', 'Mller', 'peter1mueller@gmail.com', NULL, '+49 151 3486759', '', NULL, NULL, '0', NULL, NULL, NULL, NULL, '', '0', '0', '', '0', '0', '1', '' ),
( '67', 'CON4', '0', 'Mr.', 'Jan', 'Schmidt', 'janschmidt@gmai.com', NULL, '+49 151 3498723', '', NULL, NULL, '0', NULL, NULL, NULL, NULL, '', '0', '0', '', '0', '0', '1', '' ),
( '82', 'CON5', '0', 'Mr.', 'Christiano', 'Ronaldo', 'anton-felk@hotmail.de', NULL, '+49 151 99955533', '', NULL, NULL, '0', NULL, NULL, NULL, NULL, '', '0', '0', '', '0', '0', '1', '' ),
( '121', 'CON6', '0', 'Mr.', 'Philipp', 'Goldberg', 'aaa@gmail.com', NULL, '123123123', '', NULL, NULL, '0', NULL, NULL, NULL, NULL, '', '0', '0', '', '0', '0', '1', '' ),
( '143', 'CON7', '0', '', 'test', 'test customno', 'dadsa@m.ru', NULL, '', '', NULL, NULL, '0', NULL, NULL, NULL, NULL, '', '0', '0', '', '0', '0', '0', '' ),
( '145', 'CON8', '0', '', 'dadsa', 'adsa', 'da@m.tu', NULL, '41242314', '', NULL, NULL, '0', NULL, NULL, NULL, NULL, '', '0', '0', '', '0', '0', '0', '' );
COMMIT;
-- ---------------------------------------------------------


-- Dump data of "vtiger_contactscf" ------------------------
BEGIN;

INSERT INTO `vtiger_contactscf`(`contactid`,`cf_875`,`cf_931`,`cf_937`,`cf_959`) VALUES 
( '4', '123456789', '1', '', NULL ),
( '42', '989089089089', '2', '', '350.00000' ),
( '58', 'AS347654', '3', '', NULL ),
( '67', 'PS888555', '4', '', NULL ),
( '82', 'PS888999', '5', '', NULL ),
( '121', 'AS347657', '6', 'Qalified', NULL ),
( '143', '12313213131', '7', '', '0.00000' ),
( '145', '123131231', '8', '', '0.00000' );
COMMIT;
-- ---------------------------------------------------------


-- Dump data of "vtiger_contactsubdetails" -----------------
BEGIN;

INSERT INTO `vtiger_contactsubdetails`(`contactsubscriptionid`,`homephone`,`otherphone`,`assistant`,`assistantphone`,`birthday`,`laststayintouchrequest`,`laststayintouchsavedate`,`leadsource`) VALUES 
( '4', '', '', '', '', '1990-01-21', '0', '0', 'Other' ),
( '42', NULL, NULL, NULL, NULL, '1986-07-01', '0', '0', 'Web Site' ),
( '58', NULL, NULL, NULL, NULL, '1998-01-05', '0', '0', '' ),
( '67', NULL, NULL, NULL, NULL, '1990-08-31', '0', '0', '' ),
( '82', NULL, NULL, NULL, NULL, '1992-12-12', '0', '0', '' ),
( '121', NULL, NULL, NULL, NULL, '2000-08-31', '0', '0', '' ),
( '143', NULL, NULL, NULL, NULL, '2000-02-01', '0', '0', '' ),
( '145', NULL, NULL, NULL, NULL, '2000-02-01', '0', '0', '' );
COMMIT;
-- ---------------------------------------------------------


-- Dump data of "vtiger_contpotentialrel" ------------------
-- ---------------------------------------------------------


-- Dump data of "vtiger_contract_priority" -----------------
BEGIN;

INSERT INTO `vtiger_contract_priority`(`contract_priorityid`,`contract_priority`,`presence`,`picklist_valueid`,`sortorderid`,`color`) VALUES 
( '1', 'Low', '1', '220', '1', NULL ),
( '2', 'Normal', '1', '221', '2', NULL ),
( '3', 'High', '1', '222', '3', NULL );
COMMIT;
-- ---------------------------------------------------------


-- Dump data of "vtiger_contract_priority_seq" -------------
BEGIN;

INSERT INTO `vtiger_contract_priority_seq`(`id`) VALUES 
( '3' );
COMMIT;
-- ---------------------------------------------------------


-- Dump data of "vtiger_contract_status" -------------------
BEGIN;

INSERT INTO `vtiger_contract_status`(`contract_statusid`,`contract_status`,`presence`,`picklist_valueid`,`sortorderid`,`color`) VALUES 
( '1', 'Undefined', '1', '214', '1', NULL ),
( '2', 'In Planning', '1', '215', '2', NULL ),
( '3', 'In Progress', '1', '216', '3', NULL ),
( '4', 'On Hold', '1', '217', '4', NULL ),
( '5', 'Complete', '0', '218', '5', NULL ),
( '6', 'Archived', '1', '219', '6', NULL );
COMMIT;
-- ---------------------------------------------------------


-- Dump data of "vtiger_contract_status_seq" ---------------
BEGIN;

INSERT INTO `vtiger_contract_status_seq`(`id`) VALUES 
( '6' );
COMMIT;
-- ---------------------------------------------------------


-- Dump data of "vtiger_contract_type" ---------------------
BEGIN;

INSERT INTO `vtiger_contract_type`(`contract_typeid`,`contract_type`,`presence`,`picklist_valueid`,`sortorderid`,`color`) VALUES 
( '1', 'Support', '1', '223', '1', NULL ),
( '2', 'Services', '1', '224', '2', NULL ),
( '3', 'Administrative', '1', '225', '3', NULL );
COMMIT;
-- ---------------------------------------------------------


-- Dump data of "vtiger_contract_type_seq" -----------------
BEGIN;

INSERT INTO `vtiger_contract_type_seq`(`id`) VALUES 
( '3' );
COMMIT;
-- ---------------------------------------------------------


-- Dump data of "vtiger_convertleadmapping" ----------------
BEGIN;

INSERT INTO `vtiger_convertleadmapping`(`cfmid`,`leadfid`,`accountfid`,`contactfid`,`potentialfid`,`editable`) VALUES 
( '1', '43', '1', '0', '110', '0' ),
( '2', '49', '14', '0', '0', '1' ),
( '3', '40', '3', '71', '0', '1' ),
( '4', '44', '5', '77', '0', '1' ),
( '5', '52', '13', '0', '0', '1' ),
( '6', '46', '9', '80', '0', '0' ),
( '7', '48', '4', '0', '0', '1' ),
( '8', '61', '26', '98', '0', '1' ),
( '9', '60', '30', '0', '0', '1' ),
( '10', '62', '32', '104', '0', '1' ),
( '11', '63', '28', '100', '0', '1' ),
( '12', '59', '24', '96', '0', '1' ),
( '13', '64', '34', '106', '0', '1' ),
( '14', '61', '27', '0', '0', '1' ),
( '15', '60', '31', '0', '0', '1' ),
( '16', '62', '33', '0', '0', '1' ),
( '17', '63', '29', '0', '0', '1' ),
( '18', '59', '25', '0', '0', '1' ),
( '19', '64', '35', '0', '0', '1' ),
( '20', '65', '36', '109', '125', '1' ),
( '21', '37', '0', '66', '0', '1' ),
( '22', '38', '0', '67', '0', '0' ),
( '23', '41', '0', '70', '0', '0' ),
( '24', '42', '0', '73', '0', '1' ),
( '25', '45', '0', '76', '0', '1' ),
( '26', '55', '0', '83', '0', '1' ),
( '27', '47', '0', '74', '117', '1' ),
( '29', '53', '10', '0', '0', '1' ),
( '30', '51', '17', '0', '0', '1' ),
( '31', '872', '0', '79', '0', '1' ),
( '32', '874', '0', '876', '0', '1' );
COMMIT;
-- ---------------------------------------------------------


-- Dump data of "vtiger_convertpotentialmapping" -----------
BEGIN;

INSERT INTO `vtiger_convertpotentialmapping`(`cfmid`,`potentialfid`,`projectfid`,`editable`) VALUES 
( '1', '110', '619', '1' ),
( '2', '125', '635', '1' );
COMMIT;
-- ---------------------------------------------------------


-- Dump data of "vtiger_crmentity" -------------------------
BEGIN;

INSERT INTO `vtiger_crmentity`(`crmid`,`smcreatorid`,`smownerid`,`modifiedby`,`setype`,`description`,`createdtime`,`modifiedtime`,`viewedtime`,`status`,`version`,`presence`,`deleted`,`smgroupid`,`source`,`label`) VALUES 
( '2', '1', '1', '1', 'Accounts', '', '2024-05-25 22:24:21', '2024-05-25 22:26:27', NULL, NULL, '0', '1', '0', '0', 'CRM', 'test_org' ),
( '3', '1', '1', '7', 'Products', '', '2024-05-25 22:25:26', '2024-06-11 20:59:31', NULL, NULL, '0', '1', '0', '0', 'CRM', 'test_product' ),
( '4', '1', '1', '1', 'Contacts', '', '2024-05-25 22:26:58', '2024-08-07 11:44:46', NULL, NULL, '0', '1', '0', '0', 'CRM', 'Florian Mller' ),
( '5', '1', '1', '1', 'SalesOrder', '', '2024-05-25 22:28:10', '2024-06-01 10:17:12', NULL, NULL, '0', '1', '1', '0', 'CRM', 'test-so' ),
( '6', '1', '1', '1', 'Emails', 'An Contact has been assigned to you on vtigerCRM<br>Details of Contact are :<br><br>Contact Id:<b>CON1</b><br>LastName:<b>test_contact</b><br>FirstName:<b>test</b><br>Lead Source:<b></b><br>Department:<b></b><br>Description:<b></b><br><br><br>And <b>CustomerPortal Login Details</b> is sent to the EmailID :-<br><br>Thank You<br>Admin<br><br>', '2024-05-27 16:59:50', '2024-05-27 16:59:50', NULL, NULL, '0', '1', '0', '0', 'CRM', 'Regarding Contact Assignment' ),
( '7', '1', '1', '1', 'Leads', '', '2024-05-28 17:15:29', '2024-06-08 15:59:19', NULL, NULL, '0', '1', '0', '0', 'CRM', 'Ivan Borisov' ),
( '8', '1', '1', '1', 'Leads', '', '2024-05-28 17:18:40', '2024-08-07 12:00:02', NULL, NULL, '0', '1', '0', '0', 'CRM', 'Sidor Sidorov' ),
( '9', '1', '1', '1', 'Emails', 'An Contact has been assigned to you on vtigerCRM<br>Details of Contact are :<br><br>Contact Id:<b>CON1</b><br>LastName:<b>test_contact</b><br>FirstName:<b>Florian Co</b><br>Lead Source:<b>Other</b><br>Department:<b></b><br>Description:<b></b><br><br><br>And <b>CustomerPortal Login Details</b> is sent to the EmailID :-florian_co74@yahoo.com<br><br>Thank You<br>Admin<br><br>', '2024-06-01 09:45:01', '2024-06-01 09:45:02', NULL, NULL, '0', '1', '1', '0', 'CRM', 'Regarding Contact Assignment' ),
( '10', '1', '1', '1', 'Quotes', '', '2024-06-01 10:21:23', '2024-06-01 15:12:10', NULL, NULL, '0', '1', '1', '0', 'CRM', 'test' ),
( '11', '1', '1', '1', 'SalesOrder', '', '2024-06-01 10:22:47', '2024-06-01 10:22:47', NULL, NULL, '0', '1', '0', '0', 'CRM', 'test' ),
( '12', '1', '1', '7', 'Invoice', '', '2024-06-01 10:27:00', '2024-06-09 12:07:59', NULL, NULL, '0', '1', '1', '0', 'CRM', 'test' ),
( '13', '1', '1', '1', 'Quotes', '', '2024-06-01 10:50:59', '2024-06-01 15:12:39', NULL, NULL, '0', '1', '1', '0', 'CRM', 'test1' ),
( '14', '1', '1', '1', 'VTEPayments', '', '2024-06-01 10:54:43', '2024-06-01 11:01:11', NULL, NULL, '0', '1', '1', '0', 'CRM', '27.94000' ),
( '15', '1', '1', '1', 'VTEPayments', '', '2024-06-01 11:00:47', '2024-06-01 11:00:50', NULL, NULL, '0', '1', '1', '0', 'CRM', '0.00000' ),
( '16', '1', '1', '1', 'Products', '', '2024-06-01 15:22:50', '2024-06-02 12:12:32', NULL, NULL, '0', '1', '1', '0', 'CRM', 'Qotes' ),
( '17', '1', '1', '7', 'Potentials', 'ADD  amount_paid', '2024-06-01 15:27:47', '2024-08-07 11:41:56', NULL, NULL, '0', '1', '1', '0', 'CRM', 'Mller, Florian' ),
( '18', '1', '1', '1', 'Emails', 'An Potential has been assigned to you on vtigerCRM<br>Details of Potential are :<br><br>Potential No:<b>POT1</b><br>Potential Name:<b>Wallet1</b><br>Amount:<b>0&euro;</b><br>Expected Close Date:<b>30-06-2024 (dd-mm-yyyy)</b><br>Type:<b>New Business</b><br><br><br>Description :<br><br>Thank You<br>Admin<br><br>', '2024-06-01 15:30:01', '2024-06-01 15:30:02', NULL, NULL, '0', '1', '1', '0', 'CRM', 'Regarding Potential Assignment' ),
( '19', '1', '1', '1', 'CustomPayments', '', '2024-06-01 15:38:07', '2024-06-01 15:41:52', NULL, NULL, '0', '1', '0', '0', 'CRM', 'pa y 1' ),
( '20', '1', '1', '7', 'Invoice', '', '2024-06-01 16:22:17', '2024-06-09 12:07:59', NULL, NULL, '0', '1', '1', '0', 'CRM', 'inv1' ),
( '21', '1', '1', '1', 'Leads', '', '2024-06-01 17:46:21', '2024-06-01 17:47:03', NULL, NULL, '0', '1', '1', '0', 'CRM', 'TEst test1' ),
( '22', '1', '1', '1', 'Leads', '', '2024-06-01 17:48:10', '2024-06-02 11:52:56', NULL, NULL, '0', '1', '0', '0', 'CRM', 'test1 test1' ),
( '23', '1', '1', '1', 'Emails', '<html lang="de">
<head>
	<meta charset="UTF-8" />
	<meta cname="viewport" />
	<title>Mitgliedsantrag</title>
	<style type="text/css">body {
            font-family: Helvetica Neue, sans-serif;
        }
        .container {
            width: 60%;
            margin: 0 auto;
            padding: 20px;
            border: 1px solid #ccc;
            border-radius: 10px;
            background-color: #f9f9f9;
        }
        .title {
            text-align: center;
            margin-bottom: 20px;
            font-size: 11px;
        }
        .section {
            margin-bottom: 0px;
        }
        .section h2 {
            margin-bottom: 0px;
            font-size: 11px;
        }
        .section p {
            margin: 0px;
            font-size: 11px;
        }
        table {
            width: 100%;
            border-collapse: collapse;
            margin-bottom: 20px;
        }
        table, th, td {
            border: 0px solid #000;
        }
        th, td {
            padding: 5px;
            text-align: left;
            font-size: 14px;
        }
        .hrl {
            border: none;
            border-bottom: 1px solid #000;
            width: 60%;
            margin-left: 0;
        }
        .tdh {
            width: 150px;
            font-size: 12px;
        }
	</style>
</head>
<body>
<div class="container">
<div class="title">
<h1>x2tree e.V. Mitgliedsantrag</h1>
</div>

<div class="section">
<p>x2tree e.V. ist eine Anbauvereinigung nach Cannabis Gesetz.<br />
Um Teil unsere Gemeinschaft und Mitglied des Vereins zu werden, m&uuml;ssen Sie bestimmte<br />
Vorraussetzungen erf&uuml;llen und einem Mitgliedsantrag stellen.</p>

<p><br />
Bitte f&uuml;llen Sie hierf&uuml;r das unten aufgef&uuml;hrten Felder aus.<br />
Anhand der Informationen k&ouml;nnen wir pr&uuml;fen, ob Sie die gesetzlichen und vereinsrechtlichen<br />
Vorraussetzungen einer Mitgliedschaft erf&uuml;llen.</p>

<h2>Die Mitgliedsvoraussetzungen sind:</h2>

<p>1. Sie m&uuml;ssen mindestens 21 Jahre alt sein.</p>

<p>2. Sie m&uuml;ssen Ihren Daueraufenthalt und eine Meldebest&auml;tigung in Deutschland haben.</p>

<p>3. Der Verein muss gen&uuml;gend Kapazit&auml;ten aufweisen um Ihnen eine Mitgliedschaft zu erm&ouml;glichen.</p>

<p>4. Sie d&uuml;rfen, zum Zeitpunkt der Aufnahme, kein Mitglied einer anderen Anbauvereinigung sein.<br />
&nbsp;&nbsp;&nbsp;&nbsp;Jedoch zum Zeitpunkt der Antragstellung.</p>
</div>

<div class="section">
<h2>Aufnahme als Mitglied</h2>

<p>Sobald wir gepr&uuml;ft habe, dass Sie alle Voraussetzungen erf&uuml;llen, laden wir Sie herzlich dazu ein<br />
Mitglied zu werden. Daf&uuml;r m&uuml;ssen Sie sich durch einen Personalausweis, Reisepass mit<br />
Meldebest&auml;tigung oder Reisepass mit Aufenthaltstitel, legitimieren und einen<br />
Mitgliedschaftsvereinbarung unterschreiben.</p>
</div>

<div class="section">
<h2>Mitgliedschaftsantrag</h2>

<table>
	<tbody>
		<tr>
			<th class="tdh">Anrede:</th>
			<td>HADGA
			<hr class="notbord hrl" style="margin-top:1px;margin-bottom:0px" /></td>
		</tr>
		<tr>
			<th class="tdh">Vorname:</th>
			<td>31313
			<hr class="notbord hrl" style="margin-top:1px;margin-bottom:0px" /></td>
		</tr>
		<tr>
			<th class="tdh">Nachname:</th>
			<td>31313
			<hr class="notbord hrl" style="margin-top:1px;margin-bottom:0px" /></td>
		</tr>
		<tr>
			<th class="tdh">Geburtsdatum:</th>
			<td>31313
			<hr class="notbord hrl" style="margin-top:1px;margin-bottom:0px" /></td>
		</tr>
		<tr>
			<th class="tdh">Strasse Hausnummer:</th>
			<td>31313
			<hr class="notbord hrl" style="margin-top:1px;margin-bottom:0px" /></td>
		</tr>
		<tr>
			<th class="tdh">PLZ:</th>
			<td>31313
			<hr class="notbord hrl" style="margin-top:1px;margin-bottom:0px" /></td>
		</tr>
		<tr>
			<th class="tdh">Ort:</th>
			<td>31313
			<hr class="notbord hrl" style="margin-top:1px;margin-bottom:0px" /></td>
		</tr>
		<tr>
			<th class="tdh">Land:</th>
			<td>31313
			<hr class="notbord hrl" style="margin-top:1px;margin-bottom:0px" /></td>
		</tr>
		<tr>
			<th class="tdh">Telefonnummer:</th>
			<td>31313
			<hr class="notbord hrl" style="margin-top:1px;margin-bottom:0px" /></td>
		</tr>
		<tr>
			<th class="tdh">Email:</th>
			<td>31313
			<hr class="notbord hrl" style="margin-top:1px;margin-bottom:0px" /></td>
		</tr>
	</tbody>
</table>
</div>

<div class="section">
<p>Ich bin damit einverstanden, dass ich im Falle einer Nichtaufnahme aus Kapazit&auml;tsgr&uuml;nden in die<br />
Warteliste der x2tree e.V. eingetragen werde, sofern eine Austragung auf Verlangen jederzeit<br />
m&ouml;glich ist.</p>
</div>
</div>
</body>
</html>
<br><br>', '2024-06-01 18:00:01', '2024-06-01 18:00:01', NULL, NULL, '0', '1', '0', '0', 'CRM', 'Candidate' ),
( '24', '1', '1', '1', 'Emails', '<html lang="de">
<head>
	<meta charset="UTF-8" />
	<meta cname="viewport" />
	<title>Mitgliedsantrag</title>
	<style type="text/css">body {
            font-family: Helvetica Neue, sans-serif;
        }
        .container {
            width: 60%;
            margin: 0 auto;
            padding: 20px;
            border: 1px solid #ccc;
            border-radius: 10px;
            background-color: #f9f9f9;
        }
        .title {
            text-align: center;
            margin-bottom: 20px;
            font-size: 11px;
        }
        .section {
            margin-bottom: 0px;
        }
        .section h2 {
            margin-bottom: 0px;
            font-size: 11px;
        }
        .section p {
            margin: 0px;
            font-size: 11px;
        }
        table {
            width: 100%;
            border-collapse: collapse;
            margin-bottom: 20px;
        }
        table, th, td {
            border: 0px solid #000;
        }
        th, td {
            padding: 5px;
            text-align: left;
            font-size: 14px;
        }
        .hrl {
            border: none;
            border-bottom: 1px solid #000;
            width: 60%;
            margin-left: 0;
        }
        .tdh {
            width: 150px;
            font-size: 12px;
        }
	</style>
</head>
<body>
<div class="container">
<div class="title">
<h1>x2tree e.V. Mitgliedsantrag</h1>
</div>

<div class="section">
<p>x2tree e.V. ist eine Anbauvereinigung nach Cannabis Gesetz.<br />
Um Teil unsere Gemeinschaft und Mitglied des Vereins zu werden, m&uuml;ssen Sie bestimmte<br />
Vorraussetzungen erf&uuml;llen und einem Mitgliedsantrag stellen.</p>

<p><br />
Bitte f&uuml;llen Sie hierf&uuml;r das unten aufgef&uuml;hrten Felder aus.<br />
Anhand der Informationen k&ouml;nnen wir pr&uuml;fen, ob Sie die gesetzlichen und vereinsrechtlichen<br />
Vorraussetzungen einer Mitgliedschaft erf&uuml;llen.</p>

<h2>Die Mitgliedsvoraussetzungen sind:</h2>

<p>1. Sie m&uuml;ssen mindestens 21 Jahre alt sein.</p>

<p>2. Sie m&uuml;ssen Ihren Daueraufenthalt und eine Meldebest&auml;tigung in Deutschland haben.</p>

<p>3. Der Verein muss gen&uuml;gend Kapazit&auml;ten aufweisen um Ihnen eine Mitgliedschaft zu erm&ouml;glichen.</p>

<p>4. Sie d&uuml;rfen, zum Zeitpunkt der Aufnahme, kein Mitglied einer anderen Anbauvereinigung sein.<br />
&nbsp;&nbsp;&nbsp;&nbsp;Jedoch zum Zeitpunkt der Antragstellung.</p>
</div>

<div class="section">
<h2>Aufnahme als Mitglied</h2>

<p>Sobald wir gepr&uuml;ft habe, dass Sie alle Voraussetzungen erf&uuml;llen, laden wir Sie herzlich dazu ein<br />
Mitglied zu werden. Daf&uuml;r m&uuml;ssen Sie sich durch einen Personalausweis, Reisepass mit<br />
Meldebest&auml;tigung oder Reisepass mit Aufenthaltstitel, legitimieren und einen<br />
Mitgliedschaftsvereinbarung unterschreiben.</p>
</div>

<div class="section">
<h2>Mitgliedschaftsantrag</h2>

<table>
	<tbody>
		<tr>
			<th class="tdh">Anrede:</th>
			<td>HADGA
			<hr class="notbord hrl" style="margin-top:1px;margin-bottom:0px" /></td>
		</tr>
		<tr>
			<th class="tdh">Vorname:</th>
			<td>31313
			<hr class="notbord hrl" style="margin-top:1px;margin-bottom:0px" /></td>
		</tr>
		<tr>
			<th class="tdh">Nachname:</th>
			<td>31313
			<hr class="notbord hrl" style="margin-top:1px;margin-bottom:0px" /></td>
		</tr>
		<tr>
			<th class="tdh">Geburtsdatum:</th>
			<td>31313
			<hr class="notbord hrl" style="margin-top:1px;margin-bottom:0px" /></td>
		</tr>
		<tr>
			<th class="tdh">Strasse Hausnummer:</th>
			<td>31313
			<hr class="notbord hrl" style="margin-top:1px;margin-bottom:0px" /></td>
		</tr>
		<tr>
			<th class="tdh">PLZ:</th>
			<td>31313
			<hr class="notbord hrl" style="margin-top:1px;margin-bottom:0px" /></td>
		</tr>
		<tr>
			<th class="tdh">Ort:</th>
			<td>31313
			<hr class="notbord hrl" style="margin-top:1px;margin-bottom:0px" /></td>
		</tr>
		<tr>
			<th class="tdh">Land:</th>
			<td>31313
			<hr class="notbord hrl" style="margin-top:1px;margin-bottom:0px" /></td>
		</tr>
		<tr>
			<th class="tdh">Telefonnummer:</th>
			<td>31313
			<hr class="notbord hrl" style="margin-top:1px;margin-bottom:0px" /></td>
		</tr>
		<tr>
			<th class="tdh">Email:</th>
			<td>31313
			<hr class="notbord hrl" style="margin-top:1px;margin-bottom:0px" /></td>
		</tr>
	</tbody>
</table>
</div>

<div class="section">
<p>Ich bin damit einverstanden, dass ich im Falle einer Nichtaufnahme aus Kapazit&auml;tsgr&uuml;nden in die<br />
Warteliste der x2tree e.V. eingetragen werde, sofern eine Austragung auf Verlangen jederzeit<br />
m&ouml;glich ist.</p>
</div>
</div>
</body>
</html>
<br><br>', '2024-06-01 18:00:02', '2024-06-01 18:00:02', NULL, NULL, '0', '1', '0', '0', 'CRM', 'Candidate' ),
( '25', '1', '1', '1', 'Emails', '<html lang="de">
<head>
	<meta charset="UTF-8" />
	<meta cname="viewport" />
	<title>Mitgliedsantrag</title>
	<style type="text/css">body {
            font-family: Helvetica Neue, sans-serif;
        }
        .container {
            width: 60%;
            margin: 0 auto;
            padding: 20px;
            border: 1px solid #ccc;
            border-radius: 10px;
            background-color: #f9f9f9;
        }
        .title {
            text-align: center;
            margin-bottom: 20px;
            font-size: 11px;
        }
        .section {
            margin-bottom: 0px;
        }
        .section h2 {
            margin-bottom: 0px;
            font-size: 11px;
        }
        .section p {
            margin: 0px;
            font-size: 11px;
        }
        table {
            width: 100%;
            border-collapse: collapse;
            margin-bottom: 20px;
        }
        table, th, td {
            border: 0px solid #000;
        }
        th, td {
            padding: 5px;
            text-align: left;
            font-size: 14px;
        }
        .hrl {
            border: none;
            border-bottom: 1px solid #000;
            width: 60%;
            margin-left: 0;
        }
        .tdh {
            width: 150px;
            font-size: 12px;
        }
	</style>
</head>
<body>
<div class="container">
<div class="title">
<h1>x2tree e.V. Mitgliedsantrag</h1>
</div>

<div class="section">
<p>x2tree e.V. ist eine Anbauvereinigung nach Cannabis Gesetz.<br />
Um Teil unsere Gemeinschaft und Mitglied des Vereins zu werden, m&uuml;ssen Sie bestimmte<br />
Vorraussetzungen erf&uuml;llen und einem Mitgliedsantrag stellen.</p>

<p><br />
Bitte f&uuml;llen Sie hierf&uuml;r das unten aufgef&uuml;hrten Felder aus.<br />
Anhand der Informationen k&ouml;nnen wir pr&uuml;fen, ob Sie die gesetzlichen und vereinsrechtlichen<br />
Vorraussetzungen einer Mitgliedschaft erf&uuml;llen.</p>

<h2>Die Mitgliedsvoraussetzungen sind:</h2>

<p>1. Sie m&uuml;ssen mindestens 21 Jahre alt sein.</p>

<p>2. Sie m&uuml;ssen Ihren Daueraufenthalt und eine Meldebest&auml;tigung in Deutschland haben.</p>

<p>3. Der Verein muss gen&uuml;gend Kapazit&auml;ten aufweisen um Ihnen eine Mitgliedschaft zu erm&ouml;glichen.</p>

<p>4. Sie d&uuml;rfen, zum Zeitpunkt der Aufnahme, kein Mitglied einer anderen Anbauvereinigung sein.<br />
&nbsp;&nbsp;&nbsp;&nbsp;Jedoch zum Zeitpunkt der Antragstellung.</p>
</div>

<div class="section">
<h2>Aufnahme als Mitglied</h2>

<p>Sobald wir gepr&uuml;ft habe, dass Sie alle Voraussetzungen erf&uuml;llen, laden wir Sie herzlich dazu ein<br />
Mitglied zu werden. Daf&uuml;r m&uuml;ssen Sie sich durch einen Personalausweis, Reisepass mit<br />
Meldebest&auml;tigung oder Reisepass mit Aufenthaltstitel, legitimieren und einen<br />
Mitgliedschaftsvereinbarung unterschreiben.</p>
</div>

<div class="section">
<h2>Mitgliedschaftsantrag</h2>

<table>
	<tbody>
		<tr>
			<th class="tdh">Anrede:</th>
			<td>HADGA
			<hr class="notbord hrl" style="margin-top:1px;margin-bottom:0px" /></td>
		</tr>
		<tr>
			<th class="tdh">Vorname:</th>
			<td>31313
			<hr class="notbord hrl" style="margin-top:1px;margin-bottom:0px" /></td>
		</tr>
		<tr>
			<th class="tdh">Nachname:</th>
			<td>31313
			<hr class="notbord hrl" style="margin-top:1px;margin-bottom:0px" /></td>
		</tr>
		<tr>
			<th class="tdh">Geburtsdatum:</th>
			<td>31313
			<hr class="notbord hrl" style="margin-top:1px;margin-bottom:0px" /></td>
		</tr>
		<tr>
			<th class="tdh">Strasse Hausnummer:</th>
			<td>31313
			<hr class="notbord hrl" style="margin-top:1px;margin-bottom:0px" /></td>
		</tr>
		<tr>
			<th class="tdh">PLZ:</th>
			<td>31313
			<hr class="notbord hrl" style="margin-top:1px;margin-bottom:0px" /></td>
		</tr>
		<tr>
			<th class="tdh">Ort:</th>
			<td>31313
			<hr class="notbord hrl" style="margin-top:1px;margin-bottom:0px" /></td>
		</tr>
		<tr>
			<th class="tdh">Land:</th>
			<td>31313
			<hr class="notbord hrl" style="margin-top:1px;margin-bottom:0px" /></td>
		</tr>
		<tr>
			<th class="tdh">Telefonnummer:</th>
			<td>31313
			<hr class="notbord hrl" style="margin-top:1px;margin-bottom:0px" /></td>
		</tr>
		<tr>
			<th class="tdh">Email:</th>
			<td>31313
			<hr class="notbord hrl" style="margin-top:1px;margin-bottom:0px" /></td>
		</tr>
	</tbody>
</table>
</div>

<div class="section">
<p>Ich bin damit einverstanden, dass ich im Falle einer Nichtaufnahme aus Kapazit&auml;tsgr&uuml;nden in die<br />
Warteliste der x2tree e.V. eingetragen werde, sofern eine Austragung auf Verlangen jederzeit<br />
m&ouml;glich ist.</p>
</div>
</div>
</body>
</html>
<br><br>', '2024-06-01 18:15:01', '2024-06-01 18:15:01', NULL, NULL, '0', '1', '0', '0', 'CRM', 'Candidate' ),
( '26', '1', '1', '1', 'Emails', '<html lang="de">
<head>
	<meta charset="UTF-8" />
	<meta cname="viewport" />
	<title>Mitgliedsantrag</title>
	<style type="text/css">body {
            font-family: Helvetica Neue, sans-serif;
        }
        .container {
            width: 60%;
            margin: 0 auto;
            padding: 20px;
            border: 1px solid #ccc;
            border-radius: 10px;
            background-color: #f9f9f9;
        }
        .title {
            text-align: center;
            margin-bottom: 20px;
            font-size: 11px;
        }
        .section {
            margin-bottom: 0px;
        }
        .section h2 {
            margin-bottom: 0px;
            font-size: 11px;
        }
        .section p {
            margin: 0px;
            font-size: 11px;
        }
        table {
            width: 100%;
            border-collapse: collapse;
            margin-bottom: 20px;
        }
        table, th, td {
            border: 0px solid #000;
        }
        th, td {
            padding: 5px;
            text-align: left;
            font-size: 14px;
        }
        .hrl {
            border: none;
            border-bottom: 1px solid #000;
            width: 60%;
            margin-left: 0;
        }
        .tdh {
            width: 150px;
            font-size: 12px;
        }
	</style>
</head>
<body>
<div class="container">
<div class="title">
<h1>x2tree e.V. Mitgliedsantrag</h1>
</div>

<div class="section">
<p>x2tree e.V. ist eine Anbauvereinigung nach Cannabis Gesetz.<br />
Um Teil unsere Gemeinschaft und Mitglied des Vereins zu werden, m&uuml;ssen Sie bestimmte<br />
Vorraussetzungen erf&uuml;llen und einem Mitgliedsantrag stellen.</p>

<p><br />
Bitte f&uuml;llen Sie hierf&uuml;r das unten aufgef&uuml;hrten Felder aus.<br />
Anhand der Informationen k&ouml;nnen wir pr&uuml;fen, ob Sie die gesetzlichen und vereinsrechtlichen<br />
Vorraussetzungen einer Mitgliedschaft erf&uuml;llen.</p>

<h2>Die Mitgliedsvoraussetzungen sind:</h2>

<p>1. Sie m&uuml;ssen mindestens 21 Jahre alt sein.</p>

<p>2. Sie m&uuml;ssen Ihren Daueraufenthalt und eine Meldebest&auml;tigung in Deutschland haben.</p>

<p>3. Der Verein muss gen&uuml;gend Kapazit&auml;ten aufweisen um Ihnen eine Mitgliedschaft zu erm&ouml;glichen.</p>

<p>4. Sie d&uuml;rfen, zum Zeitpunkt der Aufnahme, kein Mitglied einer anderen Anbauvereinigung sein.<br />
&nbsp;&nbsp;&nbsp;&nbsp;Jedoch zum Zeitpunkt der Antragstellung.</p>
</div>

<div class="section">
<h2>Aufnahme als Mitglied</h2>

<p>Sobald wir gepr&uuml;ft habe, dass Sie alle Voraussetzungen erf&uuml;llen, laden wir Sie herzlich dazu ein<br />
Mitglied zu werden. Daf&uuml;r m&uuml;ssen Sie sich durch einen Personalausweis, Reisepass mit<br />
Meldebest&auml;tigung oder Reisepass mit Aufenthaltstitel, legitimieren und einen<br />
Mitgliedschaftsvereinbarung unterschreiben.</p>
</div>

<div class="section">
<h2>Mitgliedschaftsantrag</h2>

<table>
	<tbody>
		<tr>
			<th class="tdh">Anrede:</th>
			<td>HADGA
			<hr class="notbord hrl" style="margin-top:1px;margin-bottom:0px" /></td>
		</tr>
		<tr>
			<th class="tdh">Vorname:</th>
			<td>31313
			<hr class="notbord hrl" style="margin-top:1px;margin-bottom:0px" /></td>
		</tr>
		<tr>
			<th class="tdh">Nachname:</th>
			<td>31313
			<hr class="notbord hrl" style="margin-top:1px;margin-bottom:0px" /></td>
		</tr>
		<tr>
			<th class="tdh">Geburtsdatum:</th>
			<td>31313
			<hr class="notbord hrl" style="margin-top:1px;margin-bottom:0px" /></td>
		</tr>
		<tr>
			<th class="tdh">Strasse Hausnummer:</th>
			<td>31313
			<hr class="notbord hrl" style="margin-top:1px;margin-bottom:0px" /></td>
		</tr>
		<tr>
			<th class="tdh">PLZ:</th>
			<td>31313
			<hr class="notbord hrl" style="margin-top:1px;margin-bottom:0px" /></td>
		</tr>
		<tr>
			<th class="tdh">Ort:</th>
			<td>31313
			<hr class="notbord hrl" style="margin-top:1px;margin-bottom:0px" /></td>
		</tr>
		<tr>
			<th class="tdh">Land:</th>
			<td>31313
			<hr class="notbord hrl" style="margin-top:1px;margin-bottom:0px" /></td>
		</tr>
		<tr>
			<th class="tdh">Telefonnummer:</th>
			<td>31313
			<hr class="notbord hrl" style="margin-top:1px;margin-bottom:0px" /></td>
		</tr>
		<tr>
			<th class="tdh">Email:</th>
			<td>31313
			<hr class="notbord hrl" style="margin-top:1px;margin-bottom:0px" /></td>
		</tr>
	</tbody>
</table>
</div>

<div class="section">
<p>Ich bin damit einverstanden, dass ich im Falle einer Nichtaufnahme aus Kapazit&auml;tsgr&uuml;nden in die<br />
Warteliste der x2tree e.V. eingetragen werde, sofern eine Austragung auf Verlangen jederzeit<br />
m&ouml;glich ist.</p>
</div>
</div>
</body>
</html>
<br><br>', '2024-06-01 18:15:02', '2024-06-01 18:15:02', NULL, NULL, '0', '1', '0', '0', 'CRM', 'Candidate' ),
( '27', '1', '1', '1', 'Emails', '<html lang="de">
<head>
	<meta charset="UTF-8" />
	<meta cname="viewport" />
	<title>Mitgliedsantrag</title>
	<style type="text/css">body {
            font-family: Helvetica Neue, sans-serif;
        }
        .container {
            width: 60%;
            margin: 0 auto;
            padding: 20px;
            border: 1px solid #ccc;
            border-radius: 10px;
            background-color: #f9f9f9;
        }
        .title {
            text-align: center;
            margin-bottom: 20px;
            font-size: 11px;
        }
        .section {
            margin-bottom: 0px;
        }
        .section h2 {
            margin-bottom: 0px;
            font-size: 11px;
        }
        .section p {
            margin: 0px;
            font-size: 11px;
        }
        table {
            width: 100%;
            border-collapse: collapse;
            margin-bottom: 20px;
        }
        table, th, td {
            border: 0px solid #000;
        }
        th, td {
            padding: 5px;
            text-align: left;
            font-size: 14px;
        }
        .hrl {
            border: none;
            border-bottom: 1px solid #000;
            width: 60%;
            margin-left: 0;
        }
        .tdh {
            width: 150px;
            font-size: 12px;
        }
	</style>
</head>
<body>
<div class="container">
<div class="title">
<h1>x2tree e.V. Mitgliedsantrag</h1>
</div>

<div class="section">
<p>x2tree e.V. ist eine Anbauvereinigung nach Cannabis Gesetz.<br />
Um Teil unsere Gemeinschaft und Mitglied des Vereins zu werden, m&uuml;ssen Sie bestimmte<br />
Vorraussetzungen erf&uuml;llen und einem Mitgliedsantrag stellen.</p>

<p><br />
Bitte f&uuml;llen Sie hierf&uuml;r das unten aufgef&uuml;hrten Felder aus.<br />
Anhand der Informationen k&ouml;nnen wir pr&uuml;fen, ob Sie die gesetzlichen und vereinsrechtlichen<br />
Vorraussetzungen einer Mitgliedschaft erf&uuml;llen.</p>

<h2>Die Mitgliedsvoraussetzungen sind:</h2>

<p>1. Sie m&uuml;ssen mindestens 21 Jahre alt sein.</p>

<p>2. Sie m&uuml;ssen Ihren Daueraufenthalt und eine Meldebest&auml;tigung in Deutschland haben.</p>

<p>3. Der Verein muss gen&uuml;gend Kapazit&auml;ten aufweisen um Ihnen eine Mitgliedschaft zu erm&ouml;glichen.</p>

<p>4. Sie d&uuml;rfen, zum Zeitpunkt der Aufnahme, kein Mitglied einer anderen Anbauvereinigung sein.<br />
&nbsp;&nbsp;&nbsp;&nbsp;Jedoch zum Zeitpunkt der Antragstellung.</p>
</div>

<div class="section">
<h2>Aufnahme als Mitglied</h2>

<p>Sobald wir gepr&uuml;ft habe, dass Sie alle Voraussetzungen erf&uuml;llen, laden wir Sie herzlich dazu ein<br />
Mitglied zu werden. Daf&uuml;r m&uuml;ssen Sie sich durch einen Personalausweis, Reisepass mit<br />
Meldebest&auml;tigung oder Reisepass mit Aufenthaltstitel, legitimieren und einen<br />
Mitgliedschaftsvereinbarung unterschreiben.</p>
</div>

<div class="section">
<h2>Mitgliedschaftsantrag</h2>

<table>
	<tbody>
		<tr>
			<th class="tdh">Anrede:</th>
			<td>HADGA
			<hr class="notbord hrl" style="margin-top:1px;margin-bottom:0px" /></td>
		</tr>
		<tr>
			<th class="tdh">Vorname:</th>
			<td>31313
			<hr class="notbord hrl" style="margin-top:1px;margin-bottom:0px" /></td>
		</tr>
		<tr>
			<th class="tdh">Nachname:</th>
			<td>31313
			<hr class="notbord hrl" style="margin-top:1px;margin-bottom:0px" /></td>
		</tr>
		<tr>
			<th class="tdh">Geburtsdatum:</th>
			<td>31313
			<hr class="notbord hrl" style="margin-top:1px;margin-bottom:0px" /></td>
		</tr>
		<tr>
			<th class="tdh">Strasse Hausnummer:</th>
			<td>31313
			<hr class="notbord hrl" style="margin-top:1px;margin-bottom:0px" /></td>
		</tr>
		<tr>
			<th class="tdh">PLZ:</th>
			<td>31313
			<hr class="notbord hrl" style="margin-top:1px;margin-bottom:0px" /></td>
		</tr>
		<tr>
			<th class="tdh">Ort:</th>
			<td>31313
			<hr class="notbord hrl" style="margin-top:1px;margin-bottom:0px" /></td>
		</tr>
		<tr>
			<th class="tdh">Land:</th>
			<td>31313
			<hr class="notbord hrl" style="margin-top:1px;margin-bottom:0px" /></td>
		</tr>
		<tr>
			<th class="tdh">Telefonnummer:</th>
			<td>31313
			<hr class="notbord hrl" style="margin-top:1px;margin-bottom:0px" /></td>
		</tr>
		<tr>
			<th class="tdh">Email:</th>
			<td>31313
			<hr class="notbord hrl" style="margin-top:1px;margin-bottom:0px" /></td>
		</tr>
	</tbody>
</table>
</div>

<div class="section">
<p>Ich bin damit einverstanden, dass ich im Falle einer Nichtaufnahme aus Kapazit&auml;tsgr&uuml;nden in die<br />
Warteliste der x2tree e.V. eingetragen werde, sofern eine Austragung auf Verlangen jederzeit<br />
m&ouml;glich ist.</p>
</div>
</div>
</body>
</html>
<br><br>', '2024-06-01 18:30:01', '2024-06-01 18:30:01', NULL, NULL, '0', '1', '0', '0', 'CRM', 'Candidate' ),
( '28', '1', '1', '1', 'Emails', '<html>
<head>
	<title></title>
</head>
<body>hallo lieber Kunde<br />
<br />
$firstname<br />
$lastname<br />
$cf_871 ($_DATE_FORMAT_)<br />
$lane<br />
$code<br />
$city<br />
$country<br />
$phone<br />
$email</body>
</html>
', '2024-06-01 18:51:39', '2024-06-01 18:51:39', NULL, NULL, '0', '1', '0', '0', 'CRM', 'antrag@x2tree.de' ),
( '29', '1', '1', '1', 'Emails', '<html>
<head>
	<title></title>
</head>
<body>hallo lieber Kunde<br />
<br />
$firstname<br />
$lastname<br />
$cf_871 ($_DATE_FORMAT_)<br />
$lane<br />
$code<br />
$city<br />
$country<br />
$phone<br />
$email</body>
</html>
', '2024-06-01 18:53:15', '2024-06-01 18:53:15', NULL, NULL, '0', '1', '0', '0', 'CRM', 'antrag@x2tree.de' ),
( '30', '1', '1', '1', 'Emails', '<html>
<head>
	<title></title>
</head>
<body>
<p>hallo lieber Kunde<br />
<br />
test1<br />
test1<br />
21-01-1994 (dd-mm-yyyy)<br />
Neiestr. 74c<br />
53612<br />
Berlin<br />
Deutschland<br />
3946942794<br />
it@itvolga.com</p>

<p></p>
</body>
</html>
<br><br>', '2024-06-01 19:00:01', '2024-06-01 19:00:01', NULL, NULL, '0', '1', '0', '0', 'CRM', 'Kandidat fr die Mitgliedschaft  Neiestr. 74c' ),
( '31', '1', '1', '1', 'Emails', '<html>
<head>
	<title></title>
</head>
<body>
<p>hallo lieber Kunde<br />
<br />
test1<br />
test1<br />
21-01-1994 (dd-mm-yyyy)<br />
Neiestr. 74c<br />
53612<br />
Berlin<br />
Deutschland<br />
3946942794<br />
it@itvolga.com</p>

<p></p>
</body>
</html>
<br><br>', '2024-06-01 19:00:02', '2024-06-01 19:00:02', NULL, NULL, '0', '1', '0', '0', 'CRM', 'Kandidat fr die Mitgliedschaft  Neiestr. 74c' ),
( '32', '1', '1', '1', 'Emails', '<html>
<head>
	<title></title>
</head>
<body>
<p>hallo lieber Kunde<br />
<br />
test1<br />
test1<br />
21-01-1994 (dd-mm-yyyy)<br />
Neiestr. 74c<br />
53612<br />
Berlin<br />
Deutschland<br />
3946942794<br />
it@itvolga.com</p>

<p></p>
</body>
</html>
<br><br>', '2024-06-01 19:00:03', '2024-06-01 19:00:03', NULL, NULL, '0', '1', '0', '0', 'CRM', 'Kandidat fr die Mitgliedschaft' ),
( '33', '1', '1', '1', 'Emails', '<html>
<head>
	<title></title>
</head>
<body>
<p>hallo lieber Kunde<br />
<br />
test1<br />
test1<br />
21-01-1994 (dd-mm-yyyy)<br />
Neiestr. 74c<br />
53612<br />
Berlin<br />
Deutschland<br />
3946942794<br />
it@itvolga.com</p>

<p></p>
</body>
</html>
<br><br>', '2024-06-01 19:00:03', '2024-06-01 19:00:03', NULL, NULL, '0', '1', '0', '0', 'CRM', 'Kandidat fr die Mitgliedschaft' ),
( '34', '1', '1', '1', 'Emails', '<html>
<head>
	<title></title>
</head>
<body>
<p>hallo lieber Kunde<br />
<br />
test1<br />
test1<br />
21-01-1994 (dd-mm-yyyy)<br />
Neiestr. 74c<br />
53612<br />
Berlin<br />
Deutschland<br />
3946942794<br />
it@itvolga.com</p>

<p></p>
</body>
</html>
<br><br>', '2024-06-01 19:00:04', '2024-06-01 19:00:04', NULL, NULL, '0', '1', '0', '0', 'CRM', 'Kandidat fr die Mitgliedschaft' ),
( '35', '1', '1', '1', 'Emails', '<html>
<head>
	<title></title>
</head>
<body>
<p>hallo lieber Kunde<br />
<br />
test1<br />
test1<br />
21-01-1994 (dd-mm-yyyy)<br />
Neiestr. 74c<br />
53612<br />
Berlin<br />
Deutschland<br />
3946942794<br />
it@itvolga.com</p>

<p></p>
</body>
</html>
<br><br>', '2024-06-01 19:00:05', '2024-06-01 19:00:05', NULL, NULL, '0', '1', '0', '0', 'CRM', 'Kandidat fr die Mitgliedschaft' ),
( '36', '1', '1', '1', 'Emails', '<html>
<head>
	<title></title>
</head>
<body>
<p>hallo lieber Kunde<br />
<br />
test1<br />
test1<br />
21-01-1994 (dd-mm-yyyy)<br />
Neiestr. 74c<br />
53612<br />
Berlin<br />
Deutschland<br />
3946942794<br />
it@itvolga.com</p>

<p></p>
</body>
</html>
<br><br>', '2024-06-01 19:15:01', '2024-06-01 19:15:01', NULL, NULL, '0', '1', '0', '0', 'CRM', 'Kandidat fr die Mitgliedschaft' ),
( '37', '1', '1', '1', 'Emails', '<html lang="de">
<head>
	<meta charset="UTF-8" />
	<meta cname="viewport" />
	<title>Mitgliedschaft Absage</title>
	<style type="text/css">body {
            font-family: Helvetica Neue, sans-serif;
            margin: 20px;
        }
        .container {
            width: 70%;
            margin: 0 auto;
            padding: 20px;
            border: 1px solid #ccc;
            border-radius: 10px;
            background-color: #f9f9f9;
        }
        .section {
            margin-bottom: 10px;
        }
        .section p {
            margin: 10px 0;
            font-size: 11px;
        }
        .greeting {
            font-weight: bold;
        }
        .reasons {
            margin: 10px 0;
        }
        .reasons li {
            margin-bottom: 5px;
            font-size: 11px;
        }
        .email-content {
            margin-top: 10px;
            padding-left: 10px;
            border-left: 2px solid #000;
        }
	</style>
</head>
<body>
<div class="container">
<div class="section greeting">
<p>Sehr geehrte/r test1 test1</p>
</div>

<div class="section">
<p>leider m&uuml;ssen wir Ihnen mitteilen, dass wir Sie vorerst nicht als Mitglied aufnehmen k&ouml;nnen werden.</p>
</div>

<div class="section reasons">
<p>M&ouml;gliche Gr&uuml;nde daf&uuml;r k&ouml;nnen sein:</p>

<ol>
	<li>Sie sind unter 21 Jahre alt.</li>
	<li>Ihr dauerhafter Wohnsitz ist nicht in Deutschland.</li>
	<li>Der Verein hat die maximale gesetzliche Mitgliederanzahl von 500 Mitgliedern erreicht.</li>
	<li>Der Verein hat die maximale gesetzliche Mitgliederanzahl von 500 Mitgliedern noch nicht erreicht, jedoch sind die Kapazit&auml;ten bez&uuml;glich der Verteilung und Verwaltung der Verein noch nicht ausreichend genug, um neue Mitglieder aufzunehmen, ohne Nachteile f&uuml;r bestehende Mitglieder zu verursachen.</li>
</ol>
</div>

<div class="section">
<p>Sofern Sie aus anderen Gr&uuml;nden als Punkt 1 und 2 kein Mitglied werden konnten, wurden Sie automatisch in die Warteliste eingetragen. Sobald die M&ouml;glichkeit besteht neue Mitglieder aufzunehmen, werden Sie unverz&uuml;glich benachrichtigt.</p>

<p>Wenn Sie nicht auf der Warteliste gef&uuml;hrt werden m&ouml;chten, schreiben Sie bitte eine Antwortemail mit folgendem Inhalt an diese E-Mail-Adresse zur&uuml;ck:</p>

<div class="email-content">
<p>test1 test1</p>

<p>Bitte streichen Sie mich von der Warteliste.</p>
</div>

<p>Danach werden Sie von der Warteliste gel&ouml;scht.</p>
</div>

<div class="section">
<p>Mit freundlichen Gr&uuml;&szlig;en</p>

<p>das x2tree Team</p>
</div>
</div>
</body>
</html><br><br>', '2024-06-01 21:16:01', '2024-06-01 21:16:01', NULL, NULL, '0', '1', '0', '0', 'CRM', 'Ihr x2tree-Antrag wurde abgelehnt' ),
( '38', '1', '1', '1', 'Emails', '<!DOCTYPE html>
<html lang="de">
<head>
	<meta charset="UTF-8" />
	<meta cname="viewport" />
	<title>Mitgliedschaftsbest&auml;tigung</title>
	<style type="text/css">body {
            font-family: Helvetica Neue, sans-serif;
            margin: 20px;
        }
        .container {
            width: 70%;
            margin: 0 auto;
            padding: 20px;
            border: 1px solid #ccc;
            border-radius: 10px;
            background-color: #f9f9f9;
        }
        .section {
            margin-bottom: 1 px;
        }
        .section p {
            margin: 1 px 0;
            font-size: 11px;
        }
        .greeting {
            font-weight: bold;
        }
        .address {
            margin: 1px 0;
        }
	</style>
</head>
<body>
<div class="container">
<div class="section greeting">
<p>Sehr geehrte/r test1 test1</p>
</div>

<div class="section">
<p>es freut uns sehr, dass Sie alle Voraussetzungen f&uuml;r eine Mitgliedschaft erf&uuml;llen. Wir w&uuml;rden uns sehr freuen wenn Sie ein Mitglied unseres x2tree e.V. werden.</p>
</div>

<div class="section">
<p>Hierf&uuml;r bitte wir Sie, sich innerhalb von 14 Tagen in unserem Vereinsraum</p>
</div>

<div class="section address">
<p><b>22000, Hamburg, Valentinskamp 40-42</b></p>
</div>

<div class="section">
<p>zu legitimieren und die Mitgliedschaftsvereinbarung zu unterschreiben.</p>
</div>

<div class="section">
<p>Mit freundlichen Gr&uuml;&szlig;en</p>

<p>x2tree Team</p>
</div>
</div>
</body>
</html>
<br><br>', '2024-06-01 21:30:01', '2024-06-01 21:30:01', NULL, NULL, '0', '1', '0', '0', 'CRM', 'Sie wurden zur x2tree-Warteliste hinzugefgt' ),
( '39', '1', '1', '1', 'Emails', '<html lang="de">
<head>
	<meta charset="UTF-8" />
	<meta cname="viewport" />
	<title>Willkommensbrief</title>
	<style type="text/css">body {
            font-family: Arial, sans-serif;
            margin: 20px;
        }
        .container {
            width: 70%;
            margin: 0 auto;
            padding: 20px;
            border: 1px solid #ccc;
            border-radius: 10px;
            background-color: #f9f9f9;
        }
        .section {
            margin-bottom: 1px;
        }
        .section p {
            margin: 10px 0;
        }
        .greeting {
            font-weight: bold;
        }
	</style>
</head>
<body>
<div class="container">
<div class="section greeting">
<p>Sehr geehrte/r test1 test1</p>
</div>

<div class="section">
<p>Wir freuen uns sehr Sie als Mitglied in unserem x2tree e.V. begr&uuml;&szlig;en zu d&uuml;rfen. Ab sofort d&uuml;rfen Sie vollumf&auml;nglich an allen Vereinsaktivit&auml;ten teilnehmen.</p>
</div>

<div class="section">
<p>Ihre Mitgliedsnummer lautet: &lt; Mitgliedsnummer &gt;</p>
</div>

<div class="section">
<p>Mit freundlichen Gr&uuml;&szlig;en</p>

<p>x2tree Team</p>
</div>
</div>
</body>
</html>
<br><br>', '2024-06-01 21:44:01', '2024-06-01 21:44:01', NULL, NULL, '0', '1', '0', '0', 'CRM', 'Sie wurden fr die Mitgliedschaft in unserer x2tree-Community zugelassen' ),
( '40', '1', '1', '1', 'CustomPayments', '', '2024-06-02 11:21:27', '2024-06-02 11:26:44', NULL, NULL, '0', '1', '0', '0', 'CRM', 'pay 2' ),
( '41', '1', '1', '7', 'Invoice', '', '2024-06-02 11:28:27', '2024-06-09 12:07:59', NULL, NULL, '0', '1', '1', '0', 'CRM', 'inv2' ),
( '42', '1', '1', '1', 'Contacts', '', '2024-06-02 11:52:56', '2024-08-09 13:46:02', NULL, NULL, '0', '1', '0', '0', 'CRM', 'Stefan Muster' ),
( '43', '1', '1', '1', 'Potentials', 'ADD  amount_paid', '2024-06-02 11:52:56', '2024-08-09 13:36:27', NULL, NULL, '0', '1', '1', '0', 'CRM', 'Muster, Stephan' ),
( '44', '1', '1', '1', 'CustomPayments', 'fssd', '2024-06-02 11:54:33', '2024-06-02 11:54:33', NULL, NULL, '0', '1', '0', '0', 'CRM', 'sfsfdgsg' ),
( '45', '1', '1', '1', 'Emails', 'An Contact has been assigned to you on vtigerCRM<br>Details of Contact are :<br><br>Contact Id:<b>CON2</b><br>LastName:<b>test1</b><br>FirstName:<b>test1</b><br>Lead Source:<b>Web Site</b><br>Department:<b></b><br>Description:<b></b><br><br><br>And <b>CustomerPortal Login Details</b> is sent to the EmailID :-it@itvolga.com<br><br>Thank You<br>Admin<br><br>', '2024-06-02 11:56:01', '2024-06-02 11:56:02', NULL, NULL, '0', '1', '1', '0', 'CRM', 'Regarding Contact Assignment' ),
( '46', '1', '1', '1', 'Emails', 'An Potential has been assigned to you on vtigerCRM<br>Details of Potential are :<br><br>Potential No:<b>POT2</b><br>Potential Name:<b>Wallet 1</b><br>Amount:<b>0&euro;</b><br>Expected Close Date:<b> (dd-mm-yyyy)</b><br>Type:<b></b><br><br><br>Description :<br><br>Thank You<br>Admin<br><br>', '2024-06-02 11:56:02', '2024-06-02 11:56:02', NULL, NULL, '0', '1', '1', '0', 'CRM', 'Regarding Potential Assignment' ),
( '47', '1', '1', '7', 'Invoice', '', '2024-06-02 11:58:45', '2024-06-09 12:07:59', NULL, NULL, '0', '1', '1', '0', 'CRM', 'Sale product' ),
( '48', '1', '1', '1', 'Emails', 'An Contact has been assigned to you on vtigerCRM<br>Details of Contact are :<br><br>Contact Id:<b>CON2</b><br>LastName:<b>test1</b><br>FirstName:<b>Stefan</b><br>Lead Source:<b>Web Site</b><br>Department:<b></b><br>Description:<b></b><br><br><br>And <b>CustomerPortal Login Details</b> is sent to the EmailID :-it@itvolga.com<br><br>Thank You<br>Admin<br><br>', '2024-06-04 13:56:02', '2024-06-04 13:56:02', NULL, NULL, '0', '1', '1', '0', 'CRM', 'Regarding Contact Assignment' ),
( '49', '1', '1', '1', 'Emails', 'An Contact has been assigned to you on vtigerCRM<br>Details of Contact are :<br><br>Contact Id:<b>CON2</b><br>LastName:<b>Muster</b><br>FirstName:<b>Stefan</b><br>Lead Source:<b>Web Site</b><br>Department:<b></b><br>Description:<b></b><br><br><br>And <b>CustomerPortal Login Details</b> is sent to the EmailID :-it@itvolga.com<br><br>Thank You<br>Admin<br><br>', '2024-06-04 13:56:02', '2024-06-04 13:56:03', NULL, NULL, '0', '1', '1', '0', 'CRM', 'Regarding Contact Assignment' ),
( '50', '1', '1', '1', 'Emails', 'An Contact has been assigned to you on vtigerCRM<br>Details of Contact are :<br><br>Contact Id:<b>CON2</b><br>LastName:<b>Muster</b><br>FirstName:<b>Stefan</b><br>Lead Source:<b>Web Site</b><br>Department:<b></b><br>Description:<b></b><br><br><br>And <b>CustomerPortal Login Details</b> is sent to the EmailID :-it@itvolga.com<br><br>Thank You<br>Admin<br><br>', '2024-06-04 13:56:03', '2024-06-04 13:56:03', NULL, NULL, '0', '1', '1', '0', 'CRM', 'Regarding Contact Assignment' ),
( '51', '1', '1', '1', 'Emails', 'An Contact has been assigned to you on vtigerCRM<br>Details of Contact are :<br><br>Contact Id:<b>CON1</b><br>LastName:<b>test_contact</b><br>FirstName:<b>Florian Co</b><br>Lead Source:<b>Other</b><br>Department:<b></b><br>Description:<b></b><br><br><br>And <b>CustomerPortal Login Details</b> is sent to the EmailID :-florian_co74@yahoo.com<br><br>Thank You<br>Admin<br><br>', '2024-06-04 13:56:03', '2024-06-04 13:56:04', NULL, NULL, '0', '1', '1', '0', 'CRM', 'Regarding Contact Assignment' ),
( '52', '1', '1', '1', 'Emails', 'An Contact has been assigned to you on vtigerCRM<br>Details of Contact are :<br><br>Contact Id:<b>CON1</b><br>LastName:<b>test_contact</b><br>FirstName:<b>Florian Co</b><br>Lead Source:<b>Other</b><br>Department:<b></b><br>Description:<b></b><br><br><br>And <b>CustomerPortal Login Details</b> is sent to the EmailID :-florian_co74@yahoo.com<br><br>Thank You<br>Admin<br><br>', '2024-06-04 13:56:04', '2024-06-04 13:56:04', NULL, NULL, '0', '1', '1', '0', 'CRM', 'Regarding Contact Assignment' ),
( '53', '1', '1', '1', 'Emails', 'An Contact has been assigned to you on vtigerCRM<br>Details of Contact are :<br><br>Contact Id:<b>CON1</b><br>LastName:<b>Mller</b><br>FirstName:<b>Florian Co</b><br>Lead Source:<b>Other</b><br>Department:<b></b><br>Description:<b></b><br><br><br>And <b>CustomerPortal Login Details</b> is sent to the EmailID :-florian_co74@yahoo.com<br><br>Thank You<br>Admin<br><br>', '2024-06-04 13:56:04', '2024-06-04 13:56:04', NULL, NULL, '0', '1', '1', '0', 'CRM', 'Regarding Contact Assignment' ),
( '54', '1', '1', '1', 'Emails', 'An Contact has been assigned to you on vtigerCRM<br>Details of Contact are :<br><br>Contact Id:<b>CON1</b><br>LastName:<b>Mller</b><br>FirstName:<b>Florian</b><br>Lead Source:<b>Other</b><br>Department:<b></b><br>Description:<b></b><br><br><br>And <b>CustomerPortal Login Details</b> is sent to the EmailID :-florian_co74@yahoo.com<br><br>Thank You<br>Admin<br><br>', '2024-06-04 13:56:05', '2024-06-04 13:56:05', NULL, NULL, '0', '1', '1', '0', 'CRM', 'Regarding Contact Assignment' ),
( '55', '7', '7', '7', 'Products', '', '2024-06-04 22:42:30', '2024-06-11 20:58:16', NULL, NULL, '0', '1', '0', '0', 'CRM', 'Gelato #44' ),
( '56', '1', '1', '1', 'Emails', '<!DOCTYPE html>
<html lang="de">
<head>
	<meta charset="UTF-8" />
	<meta cname="viewport" />
	<title>Mitgliedschaftsbest&auml;tigung</title>
	<style type="text/css">body {
            font-family: Helvetica Neue, sans-serif;
            margin: 20px;
        }
        .container {
            width: 70%;
            margin: 0 auto;
            padding: 20px;
            border: 1px solid #ccc;
            border-radius: 10px;
            background-color: #f9f9f9;
        }
        .section {
            margin-bottom: 1 px;
        }
        .section p {
            margin: 1 px 0;
            font-size: 11px;
        }
        .greeting {
            font-weight: bold;
        }
        .address {
            margin: 1px 0;
        }
	</style>
</head>
<body>
<div class="container">
<div class="section greeting">
<p>Sehr geehrte/r Sidor Sidorov</p>
</div>

<div class="section">
<p>es freut uns sehr, dass Sie alle Voraussetzungen f&uuml;r eine Mitgliedschaft erf&uuml;llen. Wir w&uuml;rden uns sehr freuen wenn Sie ein Mitglied unseres x2tree e.V. werden.</p>
</div>

<div class="section">
<p>Hierf&uuml;r bitte wir Sie, sich innerhalb von 14 Tagen in unserem Vereinsraum</p>
</div>

<div class="section address">
<p><b>22000, Hamburg, Valentinskamp 40-42</b></p>
</div>

<div class="section">
<p>zu legitimieren und die Mitgliedschaftsvereinbarung zu unterschreiben.</p>
</div>

<div class="section">
<p>Mit freundlichen Gr&uuml;&szlig;en</p>

<p>x2tree Team</p>
</div>
</div>
</body>
</html>
<br><br>', '2024-06-04 23:18:01', '2024-06-04 23:18:01', NULL, NULL, '0', '1', '0', '0', 'CRM', 'Sie wurden zur x2tree-Warteliste hinzugefgt' ),
( '57', '7', '7', '7', 'Leads', '', '2024-06-08 10:50:46', '2024-06-08 10:56:46', NULL, NULL, '0', '1', '0', '0', 'CRM', 'Peter test Mller' ),
( '58', '7', '7', '1', 'Contacts', '', '2024-06-08 10:56:46', '2024-08-07 11:17:04', NULL, NULL, '0', '1', '0', '0', 'CRM', 'Peter test Mller' ),
( '59', '1', '1', '1', 'Emails', 'An Contact has been assigned to you on vtigerCRM<br>Details of Contact are :<br><br>Contact Id:<b>CON3</b><br>LastName:<b>Mller</b><br>FirstName:<b>Peter test</b><br>Lead Source:<b></b><br>Department:<b></b><br>Description:<b></b><br><br><br>And <b>CustomerPortal Login Details</b> is sent to the EmailID :-peter1mueller@gmail.com<br><br>Thank You<br>Admin<br><br>', '2024-06-08 10:58:01', '2024-06-08 10:58:02', NULL, NULL, '0', '1', '1', '0', 'CRM', 'Regarding Contact Assignment' ),
( '60', '7', '7', '7', 'Potentials', '', '2024-06-08 11:00:43', '2024-08-06 11:52:57', NULL, NULL, '0', '1', '1', '0', 'CRM', 'Mller, Peter' ),
( '61', '1', '1', '1', 'Emails', 'An Potential has been assigned to you on vtigerCRM<br>Details of Potential are :<br><br>Potential No:<b>POT3</b><br>Potential Name:<b>Mller, Peter</b><br>Amount:<b>250.00&euro;</b><br>Expected Close Date:<b> (dd-mm-yyyy)</b><br>Type:<b></b><br><br><br>Description :<br><br>Thank You<br>Admin<br><br>', '2024-06-08 11:12:01', '2024-06-08 11:12:02', NULL, NULL, '0', '1', '1', '0', 'CRM', 'Regarding Potential Assignment' ),
( '62', '7', '7', '7', 'Products', 'Hierbei handelt es sich um die Monatliche Mitgliedschaft.', '2024-06-08 11:15:03', '2024-06-08 11:15:03', NULL, NULL, '0', '1', '0', '0', 'CRM', 'Mitgliedschaft' ),
( '63', '7', '7', '7', 'Invoice', '', '2024-06-08 11:17:56', '2024-06-09 18:27:28', NULL, NULL, '0', '1', '0', '0', 'CRM', 'Mitgliedschaft' ),
( '64', '7', '7', '7', 'ServiceContracts', NULL, '2024-06-08 11:20:11', '2024-06-08 11:22:04', NULL, NULL, '0', '1', '0', '0', 'CRM', 'Ware' ),
( '65', '1', '1', '1', 'Emails', 'An Contact has been assigned to you on vtigerCRM<br>Details of Contact are :<br><br>Contact Id:<b>CON2</b><br>LastName:<b>Muster</b><br>FirstName:<b>Stefan</b><br>Lead Source:<b>Web Site</b><br>Department:<b></b><br>Description:<b></b><br><br><br>And <b>CustomerPortal Login Details</b> is sent to the EmailID :-it@itvolga.com<br><br>Thank You<br>Admin<br><br>', '2024-06-08 11:40:01', '2024-06-08 11:40:02', NULL, NULL, '0', '1', '1', '0', 'CRM', 'Regarding Contact Assignment' ),
( '66', '7', '7', '7', 'Leads', '', '2024-06-08 11:49:01', '2024-06-08 11:52:02', NULL, NULL, '0', '1', '0', '0', 'CRM', 'Jan Schmidt' ),
( '67', '7', '7', '1', 'Contacts', '', '2024-06-08 11:52:02', '2024-06-10 19:40:01', NULL, NULL, '0', '1', '0', '0', 'CRM', 'Jan Schmidt' ),
( '68', '7', '7', '7', 'Potentials', '', '2024-06-08 11:53:36', '2024-06-11 20:55:42', NULL, NULL, '0', '1', '0', '0', 'CRM', 'Schmidt, Jan' ),
( '69', '1', '1', '1', 'Emails', 'An Contact has been assigned to you on vtigerCRM<br>Details of Contact are :<br><br>Contact Id:<b>CON4</b><br>LastName:<b>Schmidt</b><br>FirstName:<b>Jan</b><br>Lead Source:<b></b><br>Department:<b></b><br>Description:<b></b><br><br><br>And <b>CustomerPortal Login Details</b> is sent to the EmailID :-janschmidt@gmai.com<br><br>Thank You<br>Admin<br><br>', '2024-06-08 11:54:01', '2024-06-08 11:54:02', NULL, NULL, '0', '1', '1', '0', 'CRM', 'Regarding Contact Assignment' ),
( '70', '1', '1', '1', 'Emails', 'An Potential has been assigned to you on vtigerCRM<br>Details of Potential are :<br><br>Potential No:<b>POT4</b><br>Potential Name:<b>Schmidt, Jan</b><br>Amount:<b>250.00&euro;</b><br>Expected Close Date:<b> (dd-mm-yyyy)</b><br>Type:<b></b><br><br><br>Description :<br><br>Thank You<br>Admin<br><br>', '2024-06-08 11:54:02', '2024-06-08 11:54:02', NULL, NULL, '0', '1', '1', '0', 'CRM', 'Regarding Potential Assignment' ),
( '71', '7', '7', '7', 'Invoice', '', '2024-06-08 11:55:17', '2024-06-14 12:08:00', NULL, NULL, '0', '1', '0', '0', 'CRM', 'June2024' ),
( '72', '7', '7', '7', 'Services', '', '2024-06-08 12:02:52', '2024-06-08 12:09:13', NULL, NULL, '0', '1', '0', '0', 'CRM', 'ware' ),
( '73', '7', '7', '7', 'ServiceContracts', NULL, '2024-06-08 12:06:08', '2024-06-08 12:06:24', NULL, NULL, '0', '1', '0', '0', 'CRM', 'Ware' ),
( '74', '7', '7', '1', 'HelpDesk', '', '2024-06-08 12:09:13', '2024-06-08 12:22:01', NULL, NULL, '0', '1', '0', '0', 'CRM', 'voucher' ),
( '75', '7', '7', '7', 'ServiceContracts', NULL, '2024-06-08 12:12:43', '2024-06-08 12:12:43', NULL, NULL, '0', '1', '0', '0', 'CRM', 'Ware' ),
( '76', '7', '7', '7', 'ServiceContracts', NULL, '2024-06-08 12:13:05', '2024-06-08 12:13:05', NULL, NULL, '0', '1', '0', '0', 'CRM', 'Ware' ),
( '77', '1', '1', '1', 'Emails', 'Ticket ID : 74<br>Ticket Title : voucher<br><br>
								Dear Felk Anton,<br><br>
								The Ticket is replied the details are :<br><br>
								Ticket No : TT1<br>
								Status : Open<br>
								Category : <br>
								Severity : <br>
								Priority : Normal<br><br>
								Description : <br><br><br>
								Solution : <br>
								<br><br>
								Regards<br>Support Administrator<br><br>', '2024-06-08 12:22:01', '2024-06-08 12:22:01', NULL, NULL, '0', '1', '1', '0', 'CRM', 'Ticket Number : TT1 voucher' ),
( '78', '1', '1', '1', 'Documents', NULL, '2024-06-08 15:01:15', '2024-06-08 15:01:15', NULL, NULL, '0', '1', '0', '0', 'CRM', 'cat-passport-3496738072' ),
( '79', '7', '7', '7', 'Invoice', '', '2024-06-09 12:05:40', '2024-06-13 11:11:27', NULL, NULL, '0', '1', '0', '0', 'CRM', 'Mitgliedschaft' ),
( '80', '1', '1', '1', 'VTEPayments', '', '2024-06-09 17:13:46', '2024-06-09 17:14:41', NULL, NULL, '0', '1', '1', '0', 'CRM', '10.00000' ),
( '81', '7', '7', '7', 'Leads', '', '2024-06-09 18:05:50', '2024-06-09 18:06:25', NULL, NULL, '0', '1', '0', '0', 'CRM', 'Christiano Ronaldo' ),
( '82', '7', '7', '1', 'Contacts', '', '2024-06-09 18:06:25', '2024-07-23 11:24:01', NULL, NULL, '0', '1', '0', '0', 'CRM', 'Christiano Ronaldo' ),
( '83', '1', '1', '1', 'Emails', 'An Contact has been assigned to you on vtigerCRM<br>Details of Contact are :<br><br>Contact Id:<b>CON5</b><br>LastName:<b>Ronaldo</b><br>FirstName:<b>Christiano</b><br>Lead Source:<b></b><br>Department:<b></b><br>Description:<b></b><br><br><br>And <b>CustomerPortal Login Details</b> is sent to the EmailID :-c.Ronaldo@gmail.com<br><br>Thank You<br>Admin<br><br>', '2024-06-09 18:16:02', '2024-06-09 18:16:02', NULL, NULL, '0', '1', '1', '0', 'CRM', 'Regarding Contact Assignment' ),
( '84', '7', '7', '7', 'VTEPayments', '', '2024-06-09 20:59:36', '2024-06-09 22:07:50', NULL, NULL, '0', '1', '0', '0', 'CRM', '250.00000' ),
( '85', '7', '7', '7', 'VTEPayments', '', '2024-06-09 21:02:57', '2024-06-09 21:02:57', NULL, NULL, '0', '1', '0', '0', 'CRM', '250.00000' ),
( '86', '1', '1', '1', 'Emails', 'An Contact has been assigned to you on vtigerCRM<br>Details of Contact are :<br><br>Contact Id:<b>CON4</b><br>LastName:<b>Schmidt</b><br>FirstName:<b>Jan</b><br>Lead Source:<b></b><br>Department:<b></b><br>Description:<b></b><br><br><br>And <b>CustomerPortal Login Details</b> is sent to the EmailID :-janschmidt@gmai.com<br><br>Thank You<br>Admin<br><br>', '2024-06-10 19:40:01', '2024-06-10 19:40:02', NULL, NULL, '0', '1', '1', '0', 'CRM', 'Regarding Contact Assignment' ),
( '87', '1', '1', '1', 'Emails', 'An Contact has been assigned to you on vtigerCRM<br>Details of Contact are :<br><br>Contact Id:<b>CON2</b><br>LastName:<b>Muster</b><br>FirstName:<b>Stefan</b><br>Lead Source:<b>Web Site</b><br>Department:<b></b><br>Description:<b></b><br><br><br>And <b>CustomerPortal Login Details</b> is sent to the EmailID :-it@itvolga.com<br><br>Thank You<br>Admin<br><br>', '2024-06-10 19:40:02', '2024-06-10 19:40:02', NULL, NULL, '0', '1', '1', '0', 'CRM', 'Regarding Contact Assignment' ),
( '88', '1', '1', '1', 'Emails', 'An Contact has been assigned to you on vtigerCRM<br>Details of Contact are :<br><br>Contact Id:<b>CON3</b><br>LastName:<b>Mller</b><br>FirstName:<b>Peter test</b><br>Lead Source:<b></b><br>Department:<b></b><br>Description:<b></b><br><br><br>And <b>CustomerPortal Login Details</b> is sent to the EmailID :-peter1mueller@gmail.com<br><br>Thank You<br>Admin<br><br>', '2024-06-10 19:40:02', '2024-06-10 19:40:03', NULL, NULL, '0', '1', '1', '0', 'CRM', 'Regarding Contact Assignment' ),
( '89', '1', '1', '1', 'Emails', 'An Contact has been assigned to you on vtigerCRM<br>Details of Contact are :<br><br>Contact Id:<b>CON1</b><br>LastName:<b>Mller</b><br>FirstName:<b>Florian</b><br>Lead Source:<b>Other</b><br>Department:<b></b><br>Description:<b></b><br><br><br>And <b>CustomerPortal Login Details</b> is sent to the EmailID :-florian_co74@yahoo.com<br><br>Thank You<br>Admin<br><br>', '2024-06-10 19:40:03', '2024-06-10 19:40:03', NULL, NULL, '0', '1', '1', '0', 'CRM', 'Regarding Contact Assignment' ),
( '90', '7', '7', '7', 'VTEPayments', '', '2024-06-10 19:55:26', '2024-06-10 19:55:26', NULL, NULL, '0', '1', '0', '0', 'CRM', '250.00000' ),
( '91', '7', '7', '7', 'Invoice', '', '2024-06-10 20:17:18', '2024-06-13 10:55:42', NULL, NULL, '0', '1', '0', '0', 'CRM', 'Mitgliedschaft' ),
( '92', '7', '7', '7', 'VTEPayments', '', '2024-06-10 20:21:59', '2024-06-10 20:21:59', NULL, NULL, '0', '1', '0', '0', 'CRM', '250.00000' ),
( '93', '1', '1', '1', 'Documents', NULL, '2024-06-11 16:33:14', '2024-06-11 16:35:17', NULL, NULL, '0', '1', '1', '0', 'CRM', 'avatar' ),
( '94', '1', '1', '0', 'Documents Attachment', NULL, '2024-06-11 16:33:14', '2024-06-11 16:33:14', NULL, NULL, '0', '1', '0', NULL, NULL, NULL ),
( '95', '1', '1', '1', 'Documents', NULL, '2024-06-11 16:33:54', '2024-06-11 16:35:17', NULL, NULL, '0', '1', '1', '0', 'CRM', 'attach-external' ),
( '96', '1', '1', '1', 'Documents', NULL, '2024-06-11 16:34:49', '2024-06-11 16:35:17', NULL, NULL, '0', '1', '1', '0', 'CRM', 'cv-emelyanov-en' ),
( '97', '1', '1', '0', 'Documents Attachment', NULL, '2024-06-11 16:34:49', '2024-06-11 16:34:49', NULL, NULL, '0', '1', '0', NULL, NULL, NULL ),
( '98', '1', '1', '1', 'VTEPayments', '', '2024-06-11 17:32:37', '2024-06-11 17:32:37', NULL, NULL, '0', '1', '0', '0', 'CRM', '0.00000' ),
( '99', '1', '1', '1', 'VTEPayments', '', '2024-06-11 17:33:49', '2024-06-11 17:40:15', NULL, NULL, '0', '1', '0', '0', 'CRM', '250.00000' ),
( '100', '1', '1', '1', 'VTEPayments', '', '2024-06-11 17:51:10', '2024-06-11 17:51:28', NULL, NULL, '0', '1', '0', '0', 'CRM', '250.00000' ),
( '101', '7', '7', '7', 'Invoice', '', '2024-06-11 19:49:20', '2024-06-11 20:56:04', NULL, NULL, '0', '1', '1', '0', 'CRM', 'Ware' ),
( '102', '1', '1', '1', 'ModComments', NULL, '2024-06-17 06:25:01', '2024-06-17 06:25:01', NULL, NULL, '0', '1', '0', '0', 'CRM', 'BET 100' ),
( '103', '1', '1', '1', 'ModComments', NULL, '2024-06-17 06:42:14', '2024-06-17 06:42:14', NULL, NULL, '0', '1', '0', '0', 'CRM', 'BET 200 - check' ),
( '104', '1', '1', '1', 'Calendar', '', '2024-06-17 06:44:50', '2024-06-17 06:44:50', NULL, NULL, '0', '1', '0', '0', 'CRM', '123' ),
( '105', '1', '1', '1', 'ModComments', NULL, '2024-06-17 06:52:06', '2024-06-17 06:52:06', NULL, NULL, '0', '1', '0', '0', 'CRM', 'HH' ),
( '106', '7', '7', '7', 'Products', '', '2024-06-17 19:42:33', '2024-06-17 19:42:59', NULL, NULL, '0', '1', '0', '0', 'CRM', 'Wedding Cake' ),
( '107', '7', '7', '7', 'Emails', '<html>
<head>
	<title></title>
</head>
<body>asd</body>
</html>
', '2024-07-23 11:23:12', '2024-07-23 11:23:12', NULL, NULL, '0', '1', '0', '0', 'CRM', 'asd' ),
( '108', '1', '1', '1', 'Emails', 'An Contact has been assigned to you on vtigerCRM<br>Details of Contact are :<br><br>Contact Id:<b>CON5</b><br>LastName:<b>Ronaldo</b><br>FirstName:<b>Christiano</b><br>Lead Source:<b></b><br>Department:<b></b><br>Description:<b></b><br><br><br>And <b>CustomerPortal Login Details</b> is sent to the EmailID :-anton-felk@hotmail.de<br><br>Thank You<br>Admin<br><br>', '2024-07-23 11:24:01', '2024-07-23 11:24:02', NULL, NULL, '0', '1', '1', '0', 'CRM', 'Regarding Contact Assignment' ),
( '109', '7', '7', '7', 'Potentials', 'ADD  amount_paid', '2024-08-06 11:54:49', '2024-08-07 11:09:59', NULL, NULL, '0', '1', '1', '0', 'CRM', 'Mller, Peter' ),
( '110', '1', '1', '1', 'Emails', 'An Potential has been assigned to you on vtigerCRM<br>Details of Potential are :<br><br>Potential No:<b>POT5</b><br>Potential Name:<b>Mller, Peter</b><br>Amount:<b>0.00&euro;</b><br>Expected Close Date:<b> (dd-mm-yyyy)</b><br>Type:<b></b><br><br><br>Description :<br><br>Thank You<br>Admin<br><br>', '2024-08-06 11:56:01', '2024-08-06 11:56:02', NULL, NULL, '0', '1', '1', '0', 'CRM', 'Regarding Potential Assignment' ),
( '111', '7', '7', '7', 'VTEPayments', '', '2024-08-06 12:01:40', '2024-08-06 12:01:40', NULL, NULL, '0', '1', '0', '0', 'CRM', '250.00000' ),
( '112', '7', '7', '7', 'Invoice', '', '2024-08-06 12:03:52', '2024-08-06 12:07:39', NULL, NULL, '0', '1', '0', '0', 'CRM', 'Mitgliedschaft' ),
( '113', '7', '7', '7', 'VTEPayments', '', '2024-08-06 12:11:31', '2024-08-06 12:11:31', NULL, NULL, '0', '1', '0', '0', 'CRM', '250.00000' ),
( '114', '7', '7', '7', 'Potentials', '', '2024-08-07 11:12:35', '2024-08-07 11:19:38', NULL, NULL, '0', '1', '0', '0', 'CRM', 'Mller, Peter' ),
( '115', '7', '7', '7', 'Potentials', '', '2024-08-07 11:17:03', '2024-08-07 11:22:11', NULL, NULL, '0', '1', '1', '0', 'CRM', 'Mller, Peter' ),
( '116', '1', '1', '1', 'Emails', 'An Potential has been assigned to you on vtigerCRM<br>Details of Potential are :<br><br>Potential No:<b>POT6</b><br>Potential Name:<b>Mller, Peter</b><br>Amount:<b>250.00&euro;</b><br>Expected Close Date:<b> (dd-mm-yyyy)</b><br>Type:<b></b><br><br><br>Description :<br><br>Thank You<br>Admin<br><br>', '2024-08-07 11:18:01', '2024-08-07 11:18:02', NULL, NULL, '0', '1', '1', '0', 'CRM', 'Regarding Potential Assignment' ),
( '117', '1', '1', '1', 'Emails', 'An Potential has been assigned to you on vtigerCRM<br>Details of Potential are :<br><br>Potential No:<b>POT7</b><br>Potential Name:<b>Mller, Peter</b><br>Amount:<b>250.00&euro;</b><br>Expected Close Date:<b> (dd-mm-yyyy)</b><br>Type:<b></b><br><br><br>Description :<br><br>Thank You<br>Admin<br><br>', '2024-08-07 11:18:02', '2024-08-07 11:18:02', NULL, NULL, '0', '1', '1', '0', 'CRM', 'Regarding Potential Assignment' ),
( '118', '7', '7', '7', 'Invoice', '', '2024-08-07 11:19:37', '2024-08-07 11:19:37', NULL, NULL, '0', '1', '0', '0', 'CRM', 'Mitgliedschaft' ),
( '119', '7', '7', '7', 'Leads', '', '2024-08-07 11:27:48', '2024-08-07 11:37:22', NULL, NULL, '0', '1', '0', '0', 'CRM', 'Philipp Goldberg' ),
( '120', '1', '1', '1', 'Emails', '<!DOCTYPE html>
<html lang="de">
<head>
	<meta charset="UTF-8" />
	<meta cname="viewport" />
	<title>Mitgliedschaftsbest&auml;tigung</title>
	<style type="text/css">body {
            font-family: Helvetica Neue, sans-serif;
            margin: 20px;
        }
        .container {
            width: 70%;
            margin: 0 auto;
            padding: 20px;
            border: 1px solid #ccc;
            border-radius: 10px;
            background-color: #f9f9f9;
        }
        .section {
            margin-bottom: 1 px;
        }
        .section p {
            margin: 1 px 0;
            font-size: 11px;
        }
        .greeting {
            font-weight: bold;
        }
        .address {
            margin: 1px 0;
        }
	</style>
</head>
<body>
<div class="container">
<div class="section greeting">
<p>Sehr geehrte/r Philipp Goldberg</p>
</div>

<div class="section">
<p>es freut uns sehr, dass Sie alle Voraussetzungen f&uuml;r eine Mitgliedschaft erf&uuml;llen. Wir w&uuml;rden uns sehr freuen wenn Sie ein Mitglied unseres x2tree e.V. werden.</p>
</div>

<div class="section">
<p>Hierf&uuml;r bitte wir Sie, sich innerhalb von 14 Tagen in unserem Vereinsraum</p>
</div>

<div class="section address">
<p><b>22000, Hamburg, Valentinskamp 40-42</b></p>
</div>

<div class="section">
<p>zu legitimieren und die Mitgliedschaftsvereinbarung zu unterschreiben.</p>
</div>

<div class="section">
<p>Mit freundlichen Gr&uuml;&szlig;en</p>

<p>x2tree Team</p>
</div>
</div>
</body>
</html>
<br><br>', '2024-08-07 11:32:01', '2024-08-07 11:32:01', NULL, NULL, '0', '1', '0', '0', 'CRM', 'Sie wurden zur x2tree-Warteliste hinzugefgt' ),
( '121', '7', '7', '1', 'Contacts', '', '2024-08-07 11:37:22', '2024-08-08 10:20:02', NULL, NULL, '0', '1', '0', '0', 'CRM', 'Philipp Goldberg' ),
( '122', '7', '7', '1', 'Potentials', '', '2024-08-07 11:37:22', '2024-08-11 20:44:01', NULL, NULL, '0', '1', '0', '0', 'CRM', 'Philipp Goldberg' ),
( '123', '7', '7', '7', 'Potentials', '', '2024-08-07 11:44:46', '2024-08-11 09:19:52', NULL, NULL, '0', '1', '0', '0', 'CRM', 'Mller, Florian' ),
( '124', '1', '1', '1', 'Emails', 'An Contact has been assigned to you on vtigerCRM<br>Details of Contact are :<br><br>Contact Id:<b>CON6</b><br>LastName:<b>Goldberg</b><br>FirstName:<b>Philipp</b><br>Lead Source:<b></b><br>Department:<b></b><br>Description:<b></b><br><br><br>And <b>CustomerPortal Login Details</b> is sent to the EmailID :-aaa@gmail.com<br><br>Thank You<br>Admin<br><br>', '2024-08-07 11:46:01', '2024-08-07 11:46:02', NULL, NULL, '0', '1', '1', '0', 'CRM', 'Regarding Contact Assignment' ),
( '125', '1', '1', '1', 'Emails', 'An Potential has been assigned to you on vtigerCRM<br>Details of Potential are :<br><br>Potential No:<b>POT8</b><br>Potential Name:<b>Philipp Goldberg</b><br>Amount:<b>0.00&euro;</b><br>Expected Close Date:<b> (dd-mm-yyyy)</b><br>Type:<b></b><br><br><br>Description :<br><br>Thank You<br>Admin<br><br>', '2024-08-07 11:46:02', '2024-08-07 11:46:02', NULL, NULL, '0', '1', '1', '0', 'CRM', 'Regarding Potential Assignment' ),
( '126', '1', '1', '1', 'Emails', 'An Potential has been assigned to you on vtigerCRM<br>Details of Potential are :<br><br>Potential No:<b>POT9</b><br>Potential Name:<b>Mller, Florian</b><br>Amount:<b>250.00&euro;</b><br>Expected Close Date:<b> (dd-mm-yyyy)</b><br>Type:<b></b><br><br><br>Description :<br><br>Thank You<br>Admin<br><br>', '2024-08-07 11:46:02', '2024-08-07 11:46:03', NULL, NULL, '0', '1', '1', '0', 'CRM', 'Regarding Potential Assignment' ),
( '127', '7', '7', '7', 'Invoice', '', '2024-08-07 11:47:08', '2024-08-07 11:47:08', NULL, NULL, '0', '1', '0', '0', 'CRM', 'Mitgliedschaft' ),
( '128', '7', '7', '7', 'VTEPayments', '', '2024-08-07 11:56:23', '2024-08-07 11:56:23', NULL, NULL, '0', '1', '0', '0', 'CRM', '750.00000' ),
( '129', '1', '1', '1', 'Emails', '<html lang="de">
<head>
	<meta charset="UTF-8" />
	<meta cname="viewport" />
	<title>Mitgliedschaft Absage</title>
	<style type="text/css">body {
            font-family: Helvetica Neue, sans-serif;
            margin: 20px;
        }
        .container {
            width: 70%;
            margin: 0 auto;
            padding: 20px;
            border: 1px solid #ccc;
            border-radius: 10px;
            background-color: #f9f9f9;
        }
        .section {
            margin-bottom: 10px;
        }
        .section p {
            margin: 10px 0;
            font-size: 11px;
        }
        .greeting {
            font-weight: bold;
        }
        .reasons {
            margin: 10px 0;
        }
        .reasons li {
            margin-bottom: 5px;
            font-size: 11px;
        }
        .email-content {
            margin-top: 10px;
            padding-left: 10px;
            border-left: 2px solid #000;
        }
	</style>
</head>
<body>
<div class="container">
<div class="section greeting">
<p>Sehr geehrte/r Sidor Sidorov</p>
</div>

<div class="section">
<p>leider m&uuml;ssen wir Ihnen mitteilen, dass wir Sie vorerst nicht als Mitglied aufnehmen k&ouml;nnen werden.</p>
</div>

<div class="section reasons">
<p>M&ouml;gliche Gr&uuml;nde daf&uuml;r k&ouml;nnen sein:</p>

<ol>
	<li>Sie sind unter 21 Jahre alt.</li>
	<li>Ihr dauerhafter Wohnsitz ist nicht in Deutschland.</li>
	<li>Der Verein hat die maximale gesetzliche Mitgliederanzahl von 500 Mitgliedern erreicht.</li>
	<li>Der Verein hat die maximale gesetzliche Mitgliederanzahl von 500 Mitgliedern noch nicht erreicht, jedoch sind die Kapazit&auml;ten bez&uuml;glich der Verteilung und Verwaltung der Verein noch nicht ausreichend genug, um neue Mitglieder aufzunehmen, ohne Nachteile f&uuml;r bestehende Mitglieder zu verursachen.</li>
</ol>
</div>

<div class="section">
<p>Sofern Sie aus anderen Gr&uuml;nden als Punkt 1 und 2 kein Mitglied werden konnten, wurden Sie automatisch in die Warteliste eingetragen. Sobald die M&ouml;glichkeit besteht neue Mitglieder aufzunehmen, werden Sie unverz&uuml;glich benachrichtigt.</p>

<p>Wenn Sie nicht auf der Warteliste gef&uuml;hrt werden m&ouml;chten, schreiben Sie bitte eine Antwortemail mit folgendem Inhalt an diese E-Mail-Adresse zur&uuml;ck:</p>

<div class="email-content">
<p>Sidor Sidorov</p>

<p>Bitte streichen Sie mich von der Warteliste.</p>
</div>

<p>Danach werden Sie von der Warteliste gel&ouml;scht.</p>
</div>

<div class="section">
<p>Mit freundlichen Gr&uuml;&szlig;en</p>

<p>das x2tree Team</p>
</div>
</div>
</body>
</html><br><br>', '2024-08-07 12:00:01', '2024-08-07 12:00:01', NULL, NULL, '0', '1', '0', '0', 'CRM', 'Ihr x2tree-Antrag wurde abgelehnt' ),
( '130', '1', '1', '1', 'Emails', '<html lang="de">
<head>
	<meta charset="UTF-8" />
	<meta cname="viewport" />
	<title>Willkommensbrief</title>
	<style type="text/css">body {
            font-family: Arial, sans-serif;
            margin: 20px;
        }
        .container {
            width: 70%;
            margin: 0 auto;
            padding: 20px;
            border: 1px solid #ccc;
            border-radius: 10px;
            background-color: #f9f9f9;
        }
        .section {
            margin-bottom: 1px;
        }
        .section p {
            margin: 10px 0;
        }
        .greeting {
            font-weight: bold;
        }
	</style>
</head>
<body>
<div class="container">
<div class="section greeting">
<p>Sehr geehrte/r Sidor Sidorov</p>
</div>

<div class="section">
<p>Wir freuen uns sehr Sie als Mitglied in unserem x2tree e.V. begr&uuml;&szlig;en zu d&uuml;rfen. Ab sofort d&uuml;rfen Sie vollumf&auml;nglich an allen Vereinsaktivit&auml;ten teilnehmen.</p>
</div>

<div class="section">
<p>Ihre Mitgliedsnummer lautet: &lt; Mitgliedsnummer &gt;</p>
</div>

<div class="section">
<p>Mit freundlichen Gr&uuml;&szlig;en</p>

<p>x2tree Team</p>
</div>
</div>
</body>
</html>
<br><br>', '2024-08-07 12:00:02', '2024-08-07 12:00:02', NULL, NULL, '0', '1', '0', '0', 'CRM', 'Sie wurden fr die Mitgliedschaft in unserer x2tree-Community zugelassen' ),
( '131', '1', '1', '1', 'Emails', 'An Contact has been assigned to you on vtigerCRM<br>Details of Contact are :<br><br>Contact Id:<b>CON6</b><br>LastName:<b>Goldberg</b><br>FirstName:<b>Philipp</b><br>Lead Source:<b></b><br>Department:<b></b><br>Description:<b></b><br><br><br>And <b>CustomerPortal Login Details</b> is sent to the EmailID :-aaa@gmail.com<br><br>Thank You<br>Admin<br><br>', '2024-08-08 10:20:02', '2024-08-08 10:20:02', NULL, NULL, '0', '1', '1', '0', 'CRM', 'Regarding Contact Assignment' ),
( '132', '1', '1', '1', 'Emails', 'An Contact has been assigned to you on vtigerCRM<br>Details of Contact are :<br><br>Contact Id:<b>CON2</b><br>LastName:<b>Muster</b><br>FirstName:<b>Stefan</b><br>Lead Source:<b>Web Site</b><br>Department:<b></b><br>Description:<b></b><br><br><br>And <b>CustomerPortal Login Details</b> is sent to the EmailID :-it@itvolga.com<br><br>Thank You<br>Admin<br><br>', '2024-08-09 13:32:01', '2024-08-09 13:32:01', NULL, NULL, '0', '1', '1', '0', 'CRM', 'Regarding Contact Assignment' ),
( '133', '1', '1', '1', 'Emails', 'An Contact has been assigned to you on vtigerCRM<br>Details of Contact are :<br><br>Contact Id:<b>CON2</b><br>LastName:<b>Muster</b><br>FirstName:<b>Stefan</b><br>Lead Source:<b>Web Site</b><br>Department:<b></b><br>Description:<b></b><br><br><br>And <b>CustomerPortal Login Details</b> is sent to the EmailID :-it@itvolga.com<br><br>Thank You<br>Admin<br><br>', '2024-08-09 13:32:01', '2024-08-09 13:32:02', NULL, NULL, '0', '1', '1', '0', 'CRM', 'Regarding Contact Assignment' ),
( '134', '1', '1', '1', 'Emails', 'An Contact has been assigned to you on vtigerCRM<br>Details of Contact are :<br><br>Contact Id:<b>CON2</b><br>LastName:<b>Muster</b><br>FirstName:<b>Stefan</b><br>Lead Source:<b>Web Site</b><br>Department:<b></b><br>Description:<b></b><br><br><br>And <b>CustomerPortal Login Details</b> is sent to the EmailID :-it@itvolga.com<br><br>Thank You<br>Admin<br><br>', '2024-08-09 13:32:02', '2024-08-09 13:32:02', NULL, NULL, '0', '1', '1', '0', 'CRM', 'Regarding Contact Assignment' ),
( '135', '1', '1', '1', 'Potentials', 'ADD  amount_paid', '2024-08-09 13:37:26', '2024-08-11 11:29:01', NULL, NULL, '0', '1', '0', '0', 'CRM', 'net opport' ),
( '136', '1', '1', '1', 'Emails', 'An Contact has been assigned to you on vtigerCRM<br>Details of Contact are :<br><br>Contact Id:<b>CON2</b><br>LastName:<b>Muster</b><br>FirstName:<b>Stefan</b><br>Lead Source:<b>Web Site</b><br>Department:<b></b><br>Description:<b></b><br><br><br>And <b>CustomerPortal Login Details</b> is sent to the EmailID :-it@itvolga.com<br><br>Thank You<br>Admin<br><br>', '2024-08-09 13:46:01', '2024-08-09 13:46:01', NULL, NULL, '0', '1', '1', '0', 'CRM', 'Regarding Contact Assignment' ),
( '137', '1', '1', '1', 'Emails', 'An Contact has been assigned to you on vtigerCRM<br>Details of Contact are :<br><br>Contact Id:<b>CON2</b><br>LastName:<b>Muster</b><br>FirstName:<b>Stefan</b><br>Lead Source:<b>Web Site</b><br>Department:<b></b><br>Description:<b></b><br><br><br>And <b>CustomerPortal Login Details</b> is sent to the EmailID :-it@itvolga.com<br><br>Thank You<br>Admin<br><br>', '2024-08-09 13:46:01', '2024-08-09 13:46:02', NULL, NULL, '0', '1', '1', '0', 'CRM', 'Regarding Contact Assignment' ),
( '138', '1', '1', '1', 'Emails', 'An Contact has been assigned to you on vtigerCRM<br>Details of Contact are :<br><br>Contact Id:<b>CON2</b><br>LastName:<b>Muster</b><br>FirstName:<b>Stefan</b><br>Lead Source:<b>Web Site</b><br>Department:<b></b><br>Description:<b></b><br><br><br>And <b>CustomerPortal Login Details</b> is sent to the EmailID :-it@itvolga.com<br><br>Thank You<br>Admin<br><br>', '2024-08-09 13:46:02', '2024-08-09 13:46:02', NULL, NULL, '0', '1', '1', '0', 'CRM', 'Regarding Contact Assignment' ),
( '139', '1', '1', '1', 'Emails', 'An Potential has been assigned to you on vtigerCRM<br>Details of Potential are :<br><br>Potential No:<b>POT10</b><br>Potential Name:<b>net opport</b><br>Amount:<b>300&euro;</b><br>Expected Close Date:<b> (dd-mm-yyyy)</b><br>Type:<b></b><br><br><br>Description :<br><br>Thank You<br>Admin<br><br>', '2024-08-09 13:46:02', '2024-08-09 13:46:03', NULL, NULL, '0', '1', '1', '0', 'CRM', 'Regarding Potential Assignment' ),
( '140', '7', '7', '7', 'Invoice', '', '2024-08-11 09:19:52', '2024-08-11 09:19:52', NULL, NULL, '0', '1', '0', '0', 'CRM', 'Mitgliedschaft' ),
( '141', '1', '1', '1', 'Invoice', '', '2024-08-11 11:25:53', '2024-08-11 12:19:59', NULL, NULL, '0', '1', '0', '0', 'CRM', 'test' ),
( '142', '1', '1', '1', 'VTEPayments', '', '2024-08-11 11:28:26', '2024-08-11 12:19:59', NULL, NULL, '0', '1', '0', '0', 'CRM', '250.00000' ),
( '143', '1', '1', '1', 'Contacts', '', '2024-08-11 20:13:39', '2024-08-11 20:23:18', NULL, NULL, '0', '1', '1', '0', 'CRM', 'test test customno' ),
( '144', '1', '1', '1', 'Emails', 'An Contact has been assigned to you on vtigerCRM<br>Details of Contact are :<br><br>Contact Id:<b>CON7</b><br>LastName:<b>test customno</b><br>FirstName:<b>test</b><br>Lead Source:<b></b><br>Department:<b></b><br>Description:<b></b><br><br><br>And <b>CustomerPortal Login Details</b> is sent to the EmailID :-dadsa@m.ru<br><br>Thank You<br>Admin<br><br>', '2024-08-11 20:16:01', '2024-08-11 20:16:02', NULL, NULL, '0', '1', '1', '0', 'CRM', 'Regarding Contact Assignment' ),
( '145', '1', '1', '1', 'Contacts', '', '2024-08-11 20:24:05', '2024-08-11 20:25:14', NULL, NULL, '0', '1', '1', '0', 'CRM', 'dadsa adsa' ),
( '146', '1', '1', '1', 'Invoice', '', '2024-08-11 20:44:00', '2024-08-11 20:44:00', NULL, NULL, '0', '1', '0', '0', 'CRM', 'Midleshaft' );
COMMIT;
-- ---------------------------------------------------------


-- Dump data of "vtiger_crmentity_seq" ---------------------
BEGIN;

INSERT INTO `vtiger_crmentity_seq`(`id`) VALUES 
( '146' );
COMMIT;
-- ---------------------------------------------------------


-- Dump data of "vtiger_crmentity_user_field" --------------
BEGIN;

INSERT INTO `vtiger_crmentity_user_field`(`recordid`,`userid`,`starred`) VALUES 
( '2', '1', '0' ),
( '3', '1', '0' ),
( '4', '1', '0' ),
( '5', '1', '0' ),
( '6', '1', '0' ),
( '7', '1', '0' ),
( '8', '1', '0' ),
( '8', '7', '0' ),
( '3', '7', '0' ),
( '9', '1', '0' ),
( '10', '1', '0' ),
( '11', '1', '0' ),
( '12', '1', '0' ),
( '13', '1', '0' ),
( '14', '1', '0' ),
( '15', '1', '0' ),
( '16', '1', '0' ),
( '17', '1', '0' ),
( '18', '1', '0' ),
( '19', '1', '0' ),
( '20', '1', '0' ),
( '21', '1', '0' ),
( '22', '1', '0' ),
( '23', '1', '0' ),
( '24', '1', '0' ),
( '25', '1', '0' ),
( '26', '1', '0' ),
( '27', '1', '0' ),
( '28', '1', '0' ),
( '29', '1', '0' ),
( '30', '1', '0' ),
( '31', '1', '0' ),
( '32', '1', '0' ),
( '33', '1', '0' ),
( '34', '1', '0' ),
( '35', '1', '0' ),
( '36', '1', '0' ),
( '37', '1', '0' ),
( '38', '1', '0' ),
( '39', '1', '0' ),
( '40', '1', '0' ),
( '41', '1', '0' ),
( '42', '1', '0' ),
( '43', '1', '0' ),
( '44', '1', '0' ),
( '45', '1', '0' ),
( '46', '1', '0' ),
( '47', '1', '0' ),
( '42', '7', '0' ),
( '4', '7', '0' ),
( '48', '1', '0' ),
( '49', '1', '0' ),
( '50', '1', '0' ),
( '51', '1', '0' ),
( '52', '1', '0' ),
( '53', '1', '0' ),
( '54', '1', '0' ),
( '55', '7', '0' ),
( '56', '1', '0' ),
( '57', '7', '0' ),
( '58', '7', '0' ),
( '59', '1', '0' ),
( '60', '7', '0' ),
( '61', '1', '0' ),
( '62', '7', '0' ),
( '63', '7', '0' ),
( '64', '7', '0' ),
( '65', '1', '0' ),
( '66', '7', '0' ),
( '67', '7', '0' ),
( '68', '7', '0' ),
( '69', '1', '0' ),
( '70', '1', '0' ),
( '71', '7', '0' ),
( '72', '7', '0' ),
( '73', '7', '0' ),
( '74', '7', '0' ),
( '75', '7', '0' ),
( '76', '7', '0' ),
( '77', '1', '0' ),
( '78', '1', '0' ),
( '17', '7', '0' ),
( '79', '7', '0' ),
( '80', '1', '0' ),
( '81', '7', '0' ),
( '82', '7', '0' ),
( '43', '7', '0' ),
( '83', '1', '0' ),
( '84', '7', '0' ),
( '85', '7', '0' ),
( '86', '1', '0' ),
( '87', '1', '0' ),
( '88', '1', '0' ),
( '89', '1', '0' ),
( '90', '7', '0' ),
( '91', '7', '0' ),
( '92', '7', '0' ),
( '93', '1', '0' ),
( '95', '1', '0' ),
( '96', '1', '0' ),
( '98', '1', '0' ),
( '99', '1', '0' ),
( '100', '1', '0' ),
( '101', '7', '0' ),
( '104', '1', '0' ),
( '106', '7', '0' ),
( '107', '7', '0' ),
( '108', '1', '0' ),
( '109', '7', '0' ),
( '110', '1', '0' ),
( '111', '7', '0' ),
( '112', '7', '0' ),
( '113', '7', '0' ),
( '114', '7', '0' ),
( '115', '7', '0' ),
( '116', '1', '0' ),
( '117', '1', '0' ),
( '118', '7', '0' ),
( '119', '7', '0' ),
( '120', '1', '0' ),
( '121', '7', '0' ),
( '122', '7', '0' ),
( '123', '7', '0' ),
( '124', '1', '0' ),
( '125', '1', '0' ),
( '126', '1', '0' ),
( '127', '7', '0' ),
( '128', '7', '0' ),
( '129', '1', '0' ),
( '130', '1', '0' ),
( '131', '1', '0' ),
( '132', '1', '0' ),
( '133', '1', '0' ),
( '134', '1', '0' ),
( '135', '1', '0' ),
( '136', '1', '0' ),
( '137', '1', '0' ),
( '138', '1', '0' ),
( '139', '1', '0' ),
( '140', '7', '0' ),
( '141', '1', '0' ),
( '142', '1', '0' ),
( '143', '1', '0' ),
( '144', '1', '0' ),
( '145', '1', '0' ),
( '146', '1', '0' );
COMMIT;
-- ---------------------------------------------------------


-- Dump data of "vtiger_crmentityrel" ----------------------
BEGIN;

INSERT INTO `vtiger_crmentityrel`(`crmid`,`module`,`relcrmid`,`relmodule`) VALUES 
( '4', 'Contacts', '9', 'Emails' ),
( '17', 'Potentials', '18', 'Emails' ),
( '17', 'Potentials', '19', 'CustomPayments' ),
( '17', 'Potentials', '20', 'Invoice' ),
( '22', 'Leads', '23', 'Emails' ),
( '22', 'Leads', '24', 'Emails' ),
( '22', 'Leads', '25', 'Emails' ),
( '22', 'Leads', '26', 'Emails' ),
( '22', 'Leads', '27', 'Emails' ),
( '22', 'Leads', '28', 'Emails' ),
( '22', 'Leads', '30', 'Emails' ),
( '22', 'Leads', '31', 'Emails' ),
( '22', 'Leads', '32', 'Emails' ),
( '22', 'Leads', '33', 'Emails' ),
( '22', 'Leads', '34', 'Emails' ),
( '22', 'Leads', '35', 'Emails' ),
( '22', 'Leads', '36', 'Emails' ),
( '22', 'Leads', '37', 'Emails' ),
( '22', 'Leads', '38', 'Emails' ),
( '22', 'Leads', '39', 'Emails' ),
( '17', 'Potentials', '40', 'CustomPayments' ),
( '17', 'Potentials', '41', 'Invoice' ),
( '42', 'Contacts', '23', 'Emails' ),
( '42', 'Contacts', '24', 'Emails' ),
( '42', 'Contacts', '25', 'Emails' ),
( '42', 'Contacts', '26', 'Emails' ),
( '42', 'Contacts', '27', 'Emails' ),
( '42', 'Contacts', '28', 'Emails' ),
( '42', 'Contacts', '30', 'Emails' ),
( '42', 'Contacts', '31', 'Emails' ),
( '42', 'Contacts', '32', 'Emails' ),
( '42', 'Contacts', '33', 'Emails' ),
( '42', 'Contacts', '34', 'Emails' ),
( '42', 'Contacts', '35', 'Emails' ),
( '42', 'Contacts', '36', 'Emails' ),
( '42', 'Contacts', '37', 'Emails' ),
( '42', 'Contacts', '38', 'Emails' ),
( '42', 'Contacts', '39', 'Emails' ),
( '43', 'Potentials', '44', 'CustomPayments' ),
( '42', 'Contacts', '45', 'Emails' ),
( '43', 'Potentials', '46', 'Emails' ),
( '43', 'Potentials', '47', 'Invoice' ),
( '42', 'Contacts', '48', 'Emails' ),
( '42', 'Contacts', '49', 'Emails' ),
( '42', 'Contacts', '50', 'Emails' ),
( '4', 'Contacts', '51', 'Emails' ),
( '4', 'Contacts', '52', 'Emails' ),
( '4', 'Contacts', '53', 'Emails' ),
( '4', 'Contacts', '54', 'Emails' ),
( '8', 'Leads', '56', 'Emails' ),
( '58', 'Contacts', '59', 'Emails' ),
( '60', 'Potentials', '61', 'Emails' ),
( '60', 'Potentials', '63', 'Invoice' ),
( '60', 'Potentials', '64', 'ServiceContracts' ),
( '42', 'Contacts', '65', 'Emails' ),
( '67', 'Contacts', '69', 'Emails' ),
( '68', 'Potentials', '70', 'Emails' ),
( '67', 'Contacts', '71', 'Invoice' ),
( '67', 'Contacts', '72', 'Services' ),
( '72', 'Services', '68', 'Potentials' ),
( '72', 'Services', '74', 'HelpDesk' ),
( '74', 'HelpDesk', '77', 'Emails' ),
( '82', 'Contacts', '83', 'Emails' ),
( '67', 'Contacts', '86', 'Emails' ),
( '42', 'Contacts', '87', 'Emails' ),
( '58', 'Contacts', '88', 'Emails' ),
( '4', 'Contacts', '89', 'Emails' ),
( '60', 'Potentials', '104', 'Calendar' ),
( '82', 'Contacts', '107', 'Emails' ),
( '82', 'Contacts', '108', 'Emails' ),
( '109', 'Potentials', '110', 'Emails' ),
( '114', 'Potentials', '116', 'Emails' ),
( '115', 'Potentials', '117', 'Emails' ),
( '114', 'Potentials', '118', 'Invoice' ),
( '119', 'Leads', '120', 'Emails' ),
( '121', 'Contacts', '120', 'Emails' ),
( '121', 'Contacts', '124', 'Emails' ),
( '122', 'Potentials', '125', 'Emails' ),
( '123', 'Potentials', '126', 'Emails' ),
( '123', 'Potentials', '127', 'Invoice' ),
( '8', 'Leads', '129', 'Emails' ),
( '8', 'Leads', '130', 'Emails' ),
( '121', 'Contacts', '131', 'Emails' ),
( '42', 'Contacts', '132', 'Emails' ),
( '42', 'Contacts', '133', 'Emails' ),
( '42', 'Contacts', '134', 'Emails' ),
( '42', 'Contacts', '136', 'Emails' ),
( '42', 'Contacts', '137', 'Emails' ),
( '42', 'Contacts', '138', 'Emails' ),
( '135', 'Potentials', '139', 'Emails' ),
( '123', 'Potentials', '140', 'Invoice' ),
( '135', 'Potentials', '141', 'Invoice' ),
( '143', 'Contacts', '144', 'Emails' ),
( '122', 'Potentials', '146', 'Invoice' );
COMMIT;
-- ---------------------------------------------------------


-- Dump data of "vtiger_crmsetup" --------------------------
BEGIN;

INSERT INTO `vtiger_crmsetup`(`userid`,`setup_status`) VALUES 
( '1', '1' ),
( '7', '1' );
COMMIT;
-- ---------------------------------------------------------


-- Dump data of "vtiger_cron_task" -------------------------
BEGIN;

INSERT INTO `vtiger_cron_task`(`id`,`name`,`handler_file`,`frequency`,`laststart`,`lastend`,`status`,`module`,`sequence`,`description`) VALUES 
( '1', 'Workflow', 'cron/modules/com_vtiger_workflow/com_vtiger_workflow.service', '900', '1723803361', '1723803361', '1', 'com_vtiger_workflow', '1', 'Recommended frequency for Workflow is 15 mins' ),
( '2', 'RecurringInvoice', 'cron/modules/SalesOrder/RecurringInvoice.service', '43200', '1723784401', '1723784401', '1', 'SalesOrder', '2', 'Recommended frequency for RecurringInvoice is 12 hours' ),
( '3', 'SendReminder', 'cron/SendReminder.service', '900', '1723802761', '1723802761', '1', 'Calendar', '3', 'Recommended frequency for SendReminder is 15 mins' ),
( '5', 'MailScanner', 'cron/MailScanner.service', '900', '1723802761', '1723802761', '1', 'Settings', '5', 'Recommended frequency for MailScanner is 15 mins' ),
( '6', 'Scheduled Import', 'cron/modules/Import/ScheduledImport.service', '900', NULL, NULL, '0', 'Import', '6', 'Recommended frequency for MailScanner is 15 mins' ),
( '7', 'ScheduleReports', 'cron/modules/Reports/ScheduleReports.service', '900', '1723803361', '1723803361', '1', 'Reports', '7', 'Recommended frequency for ScheduleReports is 15 mins' );
COMMIT;
-- ---------------------------------------------------------


-- Dump data of "vtiger_currencies" ------------------------
BEGIN;

INSERT INTO `vtiger_currencies`(`currencyid`,`currency_name`,`currency_code`,`currency_symbol`) VALUES 
( '1', 'Albania, Leke', 'ALL', 'Lek' ),
( '2', 'Argentina, Pesos', 'ARS', '$' ),
( '3', 'Aruba, Guilders', 'AWG', '' ),
( '4', 'Australia, Dollars', 'AUD', '$' ),
( '5', 'Azerbaijan, New Manats', 'AZN', '' ),
( '6', 'Bahamas, Dollars', 'BSD', '$' ),
( '7', 'Bahrain, Dinar', 'BHD', 'BD' ),
( '8', 'Barbados, Dollars', 'BBD', '$' ),
( '9', 'Belarus, Rubles', 'BYR', 'p.' ),
( '10', 'Belize, Dollars', 'BZD', 'BZ$' ),
( '11', 'Bermuda, Dollars', 'BMD', '$' ),
( '12', 'Bolivia, Bolivianos', 'BOB', '$b' ),
( '13', 'China, Yuan Renminbi', 'CNY', '' ),
( '14', 'Convertible Marka', 'BAM', 'KM' ),
( '15', 'Botswana, Pulas', 'BWP', 'P' ),
( '16', 'Bulgaria, Leva', 'BGN', '' ),
( '17', 'Brazil, Reais', 'BRL', 'R$' ),
( '18', 'Great Britain Pounds', 'GBP', '' ),
( '19', 'Brunei Darussalam, Dollars', 'BND', '$' ),
( '20', 'Canada, Dollars', 'CAD', '$' ),
( '21', 'Cayman Islands, Dollars', 'KYD', '$' ),
( '22', 'Chile, Pesos', 'CLP', '$' ),
( '23', 'Colombia, Pesos', 'COP', '$' ),
( '24', 'Costa Rica, Coln', 'CRC', '' ),
( '25', 'Croatia, Kuna', 'HRK', 'kn' ),
( '26', 'Cuba, Pesos', 'CUP', '' ),
( '27', 'Czech Republic, Koruny', 'CZK', 'K' ),
( '28', 'Cyprus, Pounds', 'CYP', '' ),
( '29', 'Denmark, Kroner', 'DKK', 'kr' ),
( '30', 'Dominican Republic, Pesos', 'DOP', 'RD$' ),
( '31', 'East Caribbean, Dollars', 'XCD', '$' ),
( '32', 'Egypt, Pounds', 'EGP', 'E' ),
( '33', 'El Salvador, Coln', 'SVC', '' ),
( '34', 'England, Pounds', 'GBP', '' ),
( '35', 'Estonia, Krooni', 'EEK', 'kr' ),
( '36', 'Euro', 'EUR', '' ),
( '37', 'Falkland Islands, Pounds', 'FKP', '' ),
( '38', 'Fiji, Dollars', 'FJD', '$' ),
( '39', 'Ghana, Cedis', 'GHC', '' ),
( '40', 'Gibraltar, Pounds', 'GIP', '' ),
( '41', 'Guatemala, Quetzales', 'GTQ', 'Q' ),
( '42', 'Guernsey, Pounds', 'GGP', '' ),
( '43', 'Guyana, Dollars', 'GYD', '$' ),
( '44', 'Honduras, Lempiras', 'HNL', 'L' ),
( '45', 'LvHong Kong, Dollars ', 'HKD', 'HK$' ),
( '46', 'Hungary, Forint', 'HUF', 'Ft' ),
( '47', 'Iceland, Krona', 'ISK', 'kr' ),
( '48', 'India, Rupees', 'INR', '' ),
( '49', 'Indonesia, Rupiahs', 'IDR', 'Rp' ),
( '50', 'Iran, Rials', 'IRR', '' ),
( '51', 'Isle of Man, Pounds', 'IMP', '' ),
( '52', 'Israel, New Shekels', 'ILS', '' ),
( '53', 'Jamaica, Dollars', 'JMD', 'J$' ),
( '54', 'Japan, Yen', 'JPY', '' ),
( '55', 'Jersey, Pounds', 'JEP', '' ),
( '56', 'Jordan, Dinar', 'JOD', 'JOD' ),
( '57', 'Kazakhstan, Tenge', 'KZT', '' ),
( '58', 'Kenya, Shilling', 'KES', 'KES' ),
( '59', 'Korea (North), Won', 'KPW', '' ),
( '60', 'Korea (South), Won', 'KRW', '' ),
( '61', 'Kuwait, Dinar', 'KWD', 'KWD' ),
( '62', 'Kyrgyzstan, Soms', 'KGS', '' ),
( '63', 'Laos, Kips', 'LAK', '' ),
( '64', 'Latvia, Lati', 'LVL', 'Ls' ),
( '65', 'Lebanon, Pounds', 'LBP', '' ),
( '66', 'Liberia, Dollars', 'LRD', '$' ),
( '67', 'Switzerland Francs', 'CHF', 'CHF' ),
( '68', 'Lithuania, Litai', 'LTL', 'Lt' ),
( '69', 'MADAGASCAR, Malagasy Ariary', 'MGA', 'MGA' ),
( '70', 'Macedonia, Denars', 'MKD', '' ),
( '71', 'Malaysia, Ringgits', 'MYR', 'RM' ),
( '72', 'Malta, Liri', 'MTL', '' ),
( '73', 'Mauritius, Rupees', 'MUR', '' ),
( '74', 'Mexico, Pesos', 'MXN', '$' ),
( '75', 'Mongolia, Tugriks', 'MNT', '' ),
( '76', 'Mozambique, Meticais', 'MZN', 'MT' ),
( '77', 'Namibia, Dollars', 'NAD', '$' ),
( '78', 'Nepal, Rupees', 'NPR', '' ),
( '79', 'Netherlands Antilles, Guilders', 'ANG', '' ),
( '80', 'New Zealand, Dollars', 'NZD', '$' ),
( '81', 'Nicaragua, Cordobas', 'NIO', 'C$' ),
( '82', 'Nigeria, Nairas', 'NGN', '' ),
( '83', 'North Korea, Won', 'KPW', '' ),
( '84', 'Norway, Krone', 'NOK', 'kr' ),
( '85', 'Oman, Rials', 'OMR', '' ),
( '86', 'Pakistan, Rupees', 'PKR', '' ),
( '87', 'Panama, Balboa', 'PAB', 'B/.' ),
( '88', 'Paraguay, Guarani', 'PYG', 'Gs' ),
( '89', 'Peru, Nuevos Soles', 'PEN', 'S/.' ),
( '90', 'Philippines, Pesos', 'PHP', 'Php' ),
( '91', 'Poland, Zlotych', 'PLN', 'z' ),
( '92', 'Qatar, Rials', 'QAR', '' ),
( '93', 'Romania, New Lei', 'RON', 'lei' ),
( '94', 'Russia, Rubles', 'RUB', '' ),
( '95', 'Saint Helena, Pounds', 'SHP', '' ),
( '96', 'Saudi Arabia, Riyals', 'SAR', '' ),
( '97', 'Serbia, Dinars', 'RSD', '.' ),
( '98', 'Seychelles, Rupees', 'SCR', '' ),
( '99', 'Singapore, Dollars', 'SGD', '$' ),
( '100', 'Solomon Islands, Dollars', 'SBD', '$' ),
( '101', 'Somalia, Shillings', 'SOS', 'S' ),
( '102', 'South Africa, Rand', 'ZAR', 'R' ),
( '103', 'South Korea, Won', 'KRW', '' ),
( '104', 'Sri Lanka, Rupees', 'LKR', '' ),
( '105', 'Sweden, Kronor', 'SEK', 'kr' ),
( '106', 'Switzerland, Francs', 'CHF', 'CHF' ),
( '107', 'Suriname, Dollars', 'SRD', '$' ),
( '108', 'Syria, Pounds', 'SYP', '' ),
( '109', 'Taiwan, New Dollars', 'TWD', 'NT$' ),
( '110', 'Thailand, Baht', 'THB', '' ),
( '111', 'Trinidad and Tobago, Dollars', 'TTD', 'TT$' ),
( '112', 'Turkey, New Lira', 'TRY', 'YTL' ),
( '113', 'Turkey, Liras', 'TRL', '' ),
( '114', 'Tuvalu, Dollars', 'TVD', '$' ),
( '115', 'Ukraine, Hryvnia', 'UAH', '' ),
( '116', 'United Arab Emirates, Dirham', 'AED', 'AED' ),
( '117', 'United Kingdom, Pounds', 'GBP', '' ),
( '118', 'United Republic of Tanzania, Shilling', 'TZS', 'TZS' ),
( '119', 'USA, Dollars', 'USD', '$' ),
( '120', 'Uruguay, Pesos', 'UYU', '$U' ),
( '121', 'Uzbekistan, Sums', 'UZS', '' ),
( '122', 'Venezuela, Bolivares Fuertes', 'VEF', 'Bs' ),
( '123', 'Vietnam, Dong', 'VND', '' ),
( '124', 'Zambia, Kwacha', 'ZMK', 'ZMK' ),
( '125', 'Yemen, Rials', 'YER', '' ),
( '126', 'Zimbabwe Dollars', 'ZWD', 'Z$' ),
( '127', 'Malawi, Kwacha', 'MWK', 'MK' ),
( '128', 'Tunisian, Dinar', 'TD', 'TD' ),
( '129', 'Moroccan, Dirham', 'MAD', 'DH' ),
( '130', 'Iraqi Dinar', 'IQD', 'ID' ),
( '131', 'Maldivian Ruffiya', 'MVR', 'MVR' ),
( '132', 'Ugandan Shilling', 'UGX', 'Sh' ),
( '133', 'Sudanese Pound', 'SDG', '' ),
( '134', 'CFA Franc BCEAO', 'XOF', 'CFA' ),
( '135', 'CFA Franc BEAC', 'XAF', 'CFA' ),
( '136', 'Haiti, Gourde', 'HTG', 'G' ),
( '137', 'Libya, Dinar', 'LYD', 'LYD' ),
( '138', 'CFP Franc', 'XPF', 'F' );
COMMIT;
-- ---------------------------------------------------------


-- Dump data of "vtiger_currencies_seq" --------------------
BEGIN;

INSERT INTO `vtiger_currencies_seq`(`id`) VALUES 
( '138' );
COMMIT;
-- ---------------------------------------------------------


-- Dump data of "vtiger_currency" --------------------------
-- ---------------------------------------------------------


-- Dump data of "vtiger_currency_decimal_separator" --------
BEGIN;

INSERT INTO `vtiger_currency_decimal_separator`(`currency_decimal_separatorid`,`currency_decimal_separator`,`sortorderid`,`presence`) VALUES 
( '1', '.', '0', '1' ),
( '2', ',', '1', '1' ),
( '3', '\'', '2', '1' ),
( '4', ' ', '3', '1' ),
( '5', '$', '4', '1' );
COMMIT;
-- ---------------------------------------------------------


-- Dump data of "vtiger_currency_decimal_separator_seq" ----
BEGIN;

INSERT INTO `vtiger_currency_decimal_separator_seq`(`id`) VALUES 
( '5' );
COMMIT;
-- ---------------------------------------------------------


-- Dump data of "vtiger_currency_grouping_pattern" ---------
BEGIN;

INSERT INTO `vtiger_currency_grouping_pattern`(`currency_grouping_patternid`,`currency_grouping_pattern`,`sortorderid`,`presence`) VALUES 
( '1', '123,456,789', '0', '1' ),
( '2', '123456789', '1', '1' ),
( '3', '123456,789', '2', '1' ),
( '4', '12,34,56,789', '3', '1' );
COMMIT;
-- ---------------------------------------------------------


-- Dump data of "vtiger_currency_grouping_pattern_seq" -----
BEGIN;

INSERT INTO `vtiger_currency_grouping_pattern_seq`(`id`) VALUES 
( '4' );
COMMIT;
-- ---------------------------------------------------------


-- Dump data of "vtiger_currency_grouping_separator" -------
BEGIN;

INSERT INTO `vtiger_currency_grouping_separator`(`currency_grouping_separatorid`,`currency_grouping_separator`,`sortorderid`,`presence`) VALUES 
( '1', ',', '0', '1' ),
( '2', '.', '1', '1' ),
( '3', '\'', '2', '1' ),
( '4', ' ', '3', '1' ),
( '5', '$', '4', '1' );
COMMIT;
-- ---------------------------------------------------------


-- Dump data of "vtiger_currency_grouping_separator_seq" ---
BEGIN;

INSERT INTO `vtiger_currency_grouping_separator_seq`(`id`) VALUES 
( '5' );
COMMIT;
-- ---------------------------------------------------------


-- Dump data of "vtiger_currency_info" ---------------------
BEGIN;

INSERT INTO `vtiger_currency_info`(`id`,`currency_name`,`currency_code`,`currency_symbol`,`conversion_rate`,`currency_status`,`defaultid`,`deleted`) VALUES 
( '1', 'USA, Dollars', 'USD', '$', '1.00000', 'Active', '-11', '0' ),
( '2', 'Euro', 'EUR', '', '1.00000', 'Active', '0', '0' );
COMMIT;
-- ---------------------------------------------------------


-- Dump data of "vtiger_currency_info_seq" -----------------
BEGIN;

INSERT INTO `vtiger_currency_info_seq`(`id`) VALUES 
( '2' );
COMMIT;
-- ---------------------------------------------------------


-- Dump data of "vtiger_currency_symbol_placement" ---------
BEGIN;

INSERT INTO `vtiger_currency_symbol_placement`(`currency_symbol_placementid`,`currency_symbol_placement`,`sortorderid`,`presence`) VALUES 
( '1', '$1.0', '0', '1' ),
( '2', '1.0$', '1', '1' );
COMMIT;
-- ---------------------------------------------------------


-- Dump data of "vtiger_currency_symbol_placement_seq" -----
BEGIN;

INSERT INTO `vtiger_currency_symbol_placement_seq`(`id`) VALUES 
( '2' );
COMMIT;
-- ---------------------------------------------------------


-- Dump data of "vtiger_customaction" ----------------------
-- ---------------------------------------------------------


-- Dump data of "vtiger_customerdetails" -------------------
BEGIN;

INSERT INTO `vtiger_customerdetails`(`customerid`,`portal`,`support_start_date`,`support_end_date`) VALUES 
( '4', '0', '2024-05-25', '2025-05-25' ),
( '42', '0', '2024-06-08', '2025-06-08' ),
( '58', '0', NULL, NULL ),
( '67', '0', NULL, NULL ),
( '82', '0', NULL, NULL ),
( '121', '0', NULL, NULL ),
( '143', '0', NULL, NULL ),
( '145', '0', NULL, NULL );
COMMIT;
-- ---------------------------------------------------------


-- Dump data of "vtiger_customerportal_fields" -------------
BEGIN;

INSERT INTO `vtiger_customerportal_fields`(`tabid`,`fieldinfo`,`records_visible`) VALUES 
( '4', '{"lastname":1,"assigned_user_id":1}', '1' ),
( '6', '{"accountname":1,"assigned_user_id":1}', '1' ),
( '8', '{"notes_title":1,"assigned_user_id":1,"filename":0}', '1' ),
( '13', '{"ticket_title":1,"assigned_user_id":1,"ticketpriorities":1,"ticketstatus":1,"description":1,"product_id":1,"ticketseverities":1,"ticketcategories":1}', '1' ),
( '14', '{"assigned_user_id":1,"productname":1}', '1' ),
( '15', '{"faqstatus":1,"question":1,"faq_answer":1}', '1' ),
( '20', '{"subject":1,"quotestage":1,"account_id":1,"assigned_user_id":1,"bill_street":1,"ship_street":1}', '1' ),
( '23', '{"bill_street":1,"ship_street":1,"subject":1,"account_id":1,"assigned_user_id":1}', '1' ),
( '34', '{"subject":1,"assigned_user_id":1}', NULL ),
( '35', '{"servicename":1}', '1' ),
( '39', '{"projectmilestonename":1,"projectid":1,"assigned_user_id":1}', '1' ),
( '40', '{"projecttaskname":1,"projectid":1,"assigned_user_id":1}', '1' ),
( '41', '{"projectname":1,"assigned_user_id":1}', '1' ),
( '47', '{"product":1,"assigned_user_id":1,"serialnumber":1,"datesold":1,"dateinservice":1,"assetstatus":1,"assetname":1,"account":1}', '1' );
COMMIT;
-- ---------------------------------------------------------


-- Dump data of "vtiger_customerportal_prefs" --------------
BEGIN;

INSERT INTO `vtiger_customerportal_prefs`(`tabid`,`prefkey`,`prefvalue`) VALUES 
( '0', 'defaultassignee', '1' ),
( '0', 'userid', '1' ),
( '4', 'showrelatedinfo', '1' ),
( '6', 'showrelatedinfo', '1' ),
( '8', 'showrelatedinfo', '1' ),
( '13', 'showrelatedinfo', '1' ),
( '14', 'showrelatedinfo', '1' ),
( '15', 'showrelatedinfo', '1' ),
( '20', 'showrelatedinfo', '1' ),
( '23', 'showrelatedinfo', '1' ),
( '35', 'showrelatedinfo', '1' ),
( '39', 'showrelatedinfo', '1' ),
( '40', 'showrelatedinfo', '1' ),
( '41', 'showrelatedinfo', '1' ),
( '47', 'showrelatedinfo', '1' );
COMMIT;
-- ---------------------------------------------------------


-- Dump data of "vtiger_customerportal_relatedmoduleinfo" --
BEGIN;

INSERT INTO `vtiger_customerportal_relatedmoduleinfo`(`tabid`,`relatedmodules`) VALUES 
( '8', '[{"name":"History","value":1}]' ),
( '13', '[{"name":"History","value":1},{"name":"ModComments","value":1},{"name":"Documents","value":1}]' ),
( '14', '[{"name":"History","value":1}]' ),
( '20', '[{"name":"History","value":1}]' ),
( '23', '[{"name":"History","value":1}]' ),
( '34', '[{"name":"History","value":1}]' ),
( '35', '[{"name":"History","value":1}]' ),
( '39', '[{"name":"History","value":1}]' ),
( '40', '[{"name":"History","value":1},{"name":"ModComments","value":1}]' ),
( '41', '[{"name":"History","value":1},{"name":"ModComments","value":1},{"name":"ProjectTask","value":1},{"name":"ProjectMilestone","value":1},{"name":"Documents","value":1}]' ),
( '47', '[{"name":"History","value":1}]' );
COMMIT;
-- ---------------------------------------------------------


-- Dump data of "vtiger_customerportal_settings" -----------
BEGIN;

INSERT INTO `vtiger_customerportal_settings`(`id`,`url`,`default_assignee`,`support_notification`,`announcement`,`shortcuts`,`widgets`,`charts`) VALUES 
( '1', NULL, '1', NULL, NULL, '{"Documents":{"LBL_ADD_DOCUMENT":1},"HelpDesk":{"LBL_CREATE_TICKET":1,"LBL_OPEN_TICKETS":1}}', '{"widgets":{"HelpDesk":1,"Documents":1,"Faq":1}}', '{"charts":{"OpenTicketsByPriority":1,"TicketsClosureTimeByPriority":1}}' );
COMMIT;
-- ---------------------------------------------------------


-- Dump data of "vtiger_customerportal_tabs" ---------------
BEGIN;

INSERT INTO `vtiger_customerportal_tabs`(`tabid`,`visible`,`sequence`,`createrecord`,`editrecord`) VALUES 
( '4', '0', '9', '0', '1' ),
( '6', '0', '10', '0', '1' ),
( '8', '1', '8', '1', '0' ),
( '13', '1', '2', '1', '1' ),
( '14', '1', '6', '0', '0' ),
( '15', '1', '3', '0', '0' ),
( '20', '1', '5', '0', '0' ),
( '23', '1', '4', '0', '0' ),
( '34', '1', '25', '0', '0' ),
( '35', '1', '7', '0', '0' ),
( '39', '1', '13', '0', '0' ),
( '40', '1', '12', '0', '0' ),
( '41', '1', '11', '0', '0' ),
( '47', '1', '14', '0', '1' );
COMMIT;
-- ---------------------------------------------------------


-- Dump data of "vtiger_custompayments" --------------------
BEGIN;

INSERT INTO `vtiger_custompayments`(`custompaymentsid`,`name`,`custompaymentsno`,`tags`,`cf_quotes_id`,`cf_potentials_id`) VALUES 
( '19', 'pa y 1', 'CU1', '', '0', '17' ),
( '40', 'pay 2', 'CU2', '', '0', '17' ),
( '44', 'sfsfdgsg', 'CU3', '', '0', '43' );
COMMIT;
-- ---------------------------------------------------------


-- Dump data of "vtiger_custompaymentscf" ------------------
BEGIN;

INSERT INTO `vtiger_custompaymentscf`(`custompaymentsid`,`cf_893`,`cf_897`,`cf_899`,`cf_901`,`cf_906`) VALUES 
( '19', '100.00000', '', 'Paypal', '2024-06-01', '18:30:00' ),
( '40', '200.00000', 'Paid', '', '2024-06-02', '14:00:00' ),
( '44', '100.00000', '', 'Cash', '2024-06-01', '01:00:00' );
COMMIT;
-- ---------------------------------------------------------


-- Dump data of "vtiger_customview" ------------------------
BEGIN;

INSERT INTO `vtiger_customview`(`cvid`,`viewname`,`setdefault`,`setmetrics`,`entitytype`,`status`,`userid`) VALUES 
( '1', 'All', '1', '0', 'Leads', '0', '1' ),
( '2', 'Hot Leads', '0', '1', 'Leads', '3', '1' ),
( '3', 'This Month Leads', '0', '0', 'Leads', '3', '1' ),
( '4', 'All', '1', '0', 'Accounts', '0', '1' ),
( '5', 'Prospect Accounts', '0', '1', 'Accounts', '3', '1' ),
( '6', 'New This Week', '0', '0', 'Accounts', '3', '1' ),
( '7', 'All', '1', '0', 'Contacts', '0', '1' ),
( '8', 'Contacts Address', '0', '0', 'Contacts', '3', '1' ),
( '9', 'Todays Birthday', '0', '0', 'Contacts', '3', '1' ),
( '10', 'All', '1', '0', 'Potentials', '0', '1' ),
( '11', 'Potentials Won', '0', '1', 'Potentials', '3', '1' ),
( '12', 'Prospecting', '0', '0', 'Potentials', '3', '1' ),
( '13', 'All', '1', '0', 'HelpDesk', '0', '1' ),
( '14', 'Open Tickets', '0', '1', 'HelpDesk', '3', '1' ),
( '15', 'High Prioriy Tickets', '0', '0', 'HelpDesk', '3', '1' ),
( '16', 'All', '1', '0', 'Quotes', '0', '1' ),
( '17', 'Open Quotes', '0', '1', 'Quotes', '3', '1' ),
( '18', 'Rejected Quotes', '0', '0', 'Quotes', '3', '1' ),
( '19', 'All', '1', '0', 'Calendar', '0', '1' ),
( '20', 'All', '1', '0', 'Emails', '0', '1' ),
( '21', 'All', '1', '0', 'Invoice', '0', '1' ),
( '22', 'All', '1', '0', 'Documents', '0', '1' ),
( '23', 'All', '1', '0', 'PriceBooks', '0', '1' ),
( '24', 'All', '1', '0', 'Products', '0', '1' ),
( '25', 'All', '1', '0', 'PurchaseOrder', '0', '1' ),
( '26', 'All', '1', '0', 'SalesOrder', '0', '1' ),
( '27', 'All', '1', '0', 'Vendors', '0', '1' ),
( '28', 'All', '1', '0', 'Faq', '0', '1' ),
( '29', 'All', '1', '0', 'Campaigns', '0', '1' ),
( '30', 'All', '1', '0', 'Webmails', '0', '1' ),
( '31', 'Drafted FAQ', '0', '0', 'Faq', '3', '1' ),
( '32', 'Published FAQ', '0', '0', 'Faq', '3', '1' ),
( '33', 'Open Purchase Orders', '0', '0', 'PurchaseOrder', '3', '1' ),
( '34', 'Received Purchase Orders', '0', '0', 'PurchaseOrder', '3', '1' ),
( '35', 'Open Invoices', '0', '0', 'Invoice', '3', '1' ),
( '36', 'Paid Invoices', '0', '0', 'Invoice', '3', '1' ),
( '37', 'Pending Sales Orders', '0', '0', 'SalesOrder', '3', '1' ),
( '38', 'All', '1', '0', 'PBXManager', '0', '1' ),
( '39', 'All', '1', '0', 'ServiceContracts', '0', '1' ),
( '40', 'All', '1', '0', 'Services', '0', '1' ),
( '44', 'All', '0', '0', 'ModComments', '0', '1' ),
( '45', 'All', '1', '0', 'Assets', '0', '1' ),
( '46', 'All', '0', '0', 'SMSNotifier', '0', '1' ),
( '47', 'All', '1', '0', 'ProjectMilestone', '0', '1' ),
( '48', 'All', '1', '0', 'ProjectTask', '0', '1' ),
( '49', 'All', '1', '0', 'Project', '0', '1' ),
( '51', 'All', '1', '0', 'CustomPayments', '0', '1' ),
( '52', 'All', '1', '0', 'CustomPayments', '0', '1' ),
( '53', 'All', '0', '0', 'VTEPayments', '0', '1' ),
( '54', 'Leads def', '1', '0', 'Leads', '3', '1' ),
( '57', 'Standart', '1', '1', 'VTEPayments', '1', '1' );
COMMIT;
-- ---------------------------------------------------------


-- Dump data of "vtiger_customview_seq" --------------------
BEGIN;

INSERT INTO `vtiger_customview_seq`(`id`) VALUES 
( '57' );
COMMIT;
-- ---------------------------------------------------------


-- Dump data of "vtiger_cv2group" --------------------------
-- ---------------------------------------------------------


-- Dump data of "vtiger_cv2users" --------------------------
-- ---------------------------------------------------------


-- Dump data of "vtiger_cvadvfilter" -----------------------
BEGIN;

INSERT INTO `vtiger_cvadvfilter`(`cvid`,`columnindex`,`columnname`,`comparator`,`value`,`groupid`,`column_condition`) VALUES 
( '2', '0', 'vtiger_leaddetails:leadstatus:leadstatus:Leads_Lead_Status:V', 'e', 'Cold', '1', 'and' ),
( '5', '0', 'vtiger_account:account_type:accounttype:Accounts_Type:V', 'e', 'Prospect', '1', 'and' ),
( '11', '0', 'vtiger_potential:sales_stage:sales_stage:Potentials_Sales_Stage:V', 'e', 'Closed Won', '1', 'and' ),
( '12', '0', 'vtiger_potential:sales_stage:sales_stage:Potentials_Sales_Stage:V', 'e', 'New', '1', 'and' ),
( '14', '0', 'vtiger_troubletickets:status:ticketstatus:HelpDesk_Status:V', 'n', 'Closed', '1', 'and' ),
( '15', '0', 'vtiger_troubletickets:priority:ticketpriorities:HelpDesk_Priority:V', 'e', 'High', '1', 'and' ),
( '17', '0', 'vtiger_quotes:quotestage:quotestage:Quotes_Quote_Stage:V', 'n', 'Accepted', '1', 'and' ),
( '17', '1', 'vtiger_quotes:quotestage:quotestage:Quotes_Quote_Stage:V', 'n', 'Rejected', '1', 'and' ),
( '18', '0', 'vtiger_quotes:quotestage:quotestage:Quotes_Quote_Stage:V', 'e', 'Rejected', '1', 'and' ),
( '31', '0', 'vtiger_faq:status:faqstatus:Faq_Status:V', 'e', 'Draft', '1', 'and' ),
( '32', '0', 'vtiger_faq:status:faqstatus:Faq_Status:V', 'e', 'Published', '1', 'and' ),
( '33', '0', 'vtiger_purchaseorder:postatus:postatus:PurchaseOrder_Status:V', 'e', 'Created, Approved, Delivered', '1', 'and' ),
( '34', '0', 'vtiger_purchaseorder:postatus:postatus:PurchaseOrder_Status:V', 'e', 'Received Shipment', '1', 'and' ),
( '35', '0', 'vtiger_invoice:invoicestatus:invoicestatus:Invoice_Status:V', 'e', 'Created, Approved, Sent', '1', 'and' ),
( '36', '0', 'vtiger_invoice:invoicestatus:invoicestatus:Invoice_Status:V', 'e', 'Paid', '1', 'and' ),
( '37', '0', 'vtiger_salesorder:sostatus:sostatus:SalesOrder_Status:V', 'e', 'Created, Approved', '1', 'and' );
COMMIT;
-- ---------------------------------------------------------


-- Dump data of "vtiger_cvadvfilter_grouping" --------------
BEGIN;

INSERT INTO `vtiger_cvadvfilter_grouping`(`groupid`,`cvid`,`group_condition`,`condition_expression`) VALUES 
( '1', '2', '', '' ),
( '1', '5', '', '' ),
( '1', '11', '', '' ),
( '1', '12', '', '' ),
( '1', '14', '', '' ),
( '1', '15', '', '' ),
( '1', '17', '', '' ),
( '1', '18', '', '' ),
( '1', '31', '', '' ),
( '1', '32', '', '' ),
( '1', '33', '', '' ),
( '1', '34', '', '' ),
( '1', '35', '', '' ),
( '1', '36', '', '' ),
( '1', '37', '', '' );
COMMIT;
-- ---------------------------------------------------------


-- Dump data of "vtiger_cvcolumnlist" ----------------------
BEGIN;

INSERT INTO `vtiger_cvcolumnlist`(`cvid`,`columnindex`,`columnname`) VALUES 
( '1', '0', 'vtiger_leaddetails:lead_no:lead_no:Leads_Lead_No:V' ),
( '1', '1', 'vtiger_leaddetails:firstname:firstname:Leads_First_Name:V' ),
( '1', '2', 'vtiger_leaddetails:lastname:lastname:Leads_Last_Name:V' ),
( '1', '3', 'vtiger_leadaddress:phone:phone:Leads_Phone:V' ),
( '1', '4', 'vtiger_leaddetails:email:email:Leads_Email:V' ),
( '1', '5', 'vtiger_crmentity:smownerid:assigned_user_id:Leads_Assigned_To:V' ),
( '1', '6', 'vtiger_leaddetails:leadstatus:leadstatus:Leads_Lead_Status:V' ),
( '2', '0', 'vtiger_leaddetails:firstname:firstname:Leads_First_Name:V' ),
( '2', '1', 'vtiger_leaddetails:lastname:lastname:Leads_Last_Name:V' ),
( '2', '2', 'vtiger_leaddetails:company:company:Leads_Company:V' ),
( '2', '3', 'vtiger_leaddetails:leadsource:leadsource:Leads_Lead_Source:V' ),
( '2', '4', 'vtiger_leadsubdetails:website:website:Leads_Website:V' ),
( '2', '5', 'vtiger_leaddetails:email:email:Leads_Email:E' ),
( '3', '0', 'vtiger_leaddetails:firstname:firstname:Leads_First_Name:V' ),
( '3', '1', 'vtiger_leaddetails:lastname:lastname:Leads_Last_Name:V' ),
( '3', '2', 'vtiger_leaddetails:company:company:Leads_Company:V' ),
( '3', '3', 'vtiger_leaddetails:leadsource:leadsource:Leads_Lead_Source:V' ),
( '3', '4', 'vtiger_leadsubdetails:website:website:Leads_Website:V' ),
( '3', '5', 'vtiger_leaddetails:email:email:Leads_Email:E' ),
( '4', '1', 'vtiger_account:accountname:accountname:Accounts_Account_Name:V' ),
( '4', '2', 'vtiger_accountbillads:bill_city:bill_city:Accounts_Billing_City:V' ),
( '4', '3', 'vtiger_account:website:website:Accounts_Website:V' ),
( '4', '4', 'vtiger_account:phone:phone:Accounts_Phone:V' ),
( '4', '5', 'vtiger_crmentity:smownerid:assigned_user_id:Accounts_Assigned_To:V' ),
( '5', '0', 'vtiger_account:accountname:accountname:Accounts_Account_Name:V' ),
( '5', '1', 'vtiger_account:phone:phone:Accounts_Phone:V' ),
( '5', '2', 'vtiger_account:website:website:Accounts_Website:V' ),
( '5', '3', 'vtiger_account:rating:rating:Accounts_Rating:V' ),
( '5', '4', 'vtiger_crmentity:smownerid:assigned_user_id:Accounts_Assigned_To:V' ),
( '6', '0', 'vtiger_account:accountname:accountname:Accounts_Account_Name:V' ),
( '6', '1', 'vtiger_account:phone:phone:Accounts_Phone:V' ),
( '6', '2', 'vtiger_account:website:website:Accounts_Website:V' ),
( '6', '3', 'vtiger_accountbillads:bill_city:bill_city:Accounts_City:V' ),
( '6', '4', 'vtiger_crmentity:smownerid:assigned_user_id:Accounts_Assigned_To:V' ),
( '7', '0', 'vtiger_contactscf:cf_931:cf_931:Contacts_Customer_No:I' ),
( '7', '1', 'vtiger_contactdetails:firstname:firstname:Contacts_First_Name:V' ),
( '7', '2', 'vtiger_contactdetails:lastname:lastname:Contacts_Last_Name:V' ),
( '7', '3', 'vtiger_contactdetails:email:email:Contacts_Email:V' ),
( '7', '4', 'vtiger_contactdetails:mobile:mobile:Contacts_Mobile:V' ),
( '7', '5', 'vtiger_contactdetails:isconvertedfromlead:isconvertedfromlead:Contacts_Is_Converted_From_Lead:C' ),
( '8', '0', 'vtiger_contactdetails:firstname:firstname:Contacts_First_Name:V' ),
( '8', '1', 'vtiger_contactdetails:lastname:lastname:Contacts_Last_Name:V' ),
( '8', '2', 'vtiger_contactaddress:mailingstreet:mailingstreet:Contacts_Mailing_Street:V' ),
( '8', '3', 'vtiger_contactaddress:mailingcity:mailingcity:Contacts_Mailing_City:V' ),
( '8', '4', 'vtiger_contactaddress:mailingstate:mailingstate:Contacts_Mailing_State:V' ),
( '8', '5', 'vtiger_contactaddress:mailingzip:mailingzip:Contacts_Mailing_Zip:V' ),
( '8', '6', 'vtiger_contactaddress:mailingcountry:mailingcountry:Contacts_Mailing_Country:V' ),
( '9', '0', 'vtiger_contactdetails:firstname:firstname:Contacts_First_Name:V' ),
( '9', '1', 'vtiger_contactdetails:lastname:lastname:Contacts_Last_Name:V' ),
( '9', '2', 'vtiger_contactdetails:title:title:Contacts_Title:V' ),
( '9', '3', 'vtiger_contactdetails:accountid:account_id:Contacts_Account_Name:I' ),
( '9', '4', 'vtiger_contactdetails:email:email:Contacts_Email:E' ),
( '9', '5', 'vtiger_contactsubdetails:otherphone:otherphone:Contacts_Phone:V' ),
( '9', '6', 'vtiger_crmentity:smownerid:assigned_user_id:Contacts_Assigned_To:V' ),
( '10', '0', 'vtiger_potential:potential_no:potential_no:Potentials_Potential_No:V' ),
( '10', '1', 'vtiger_potential:potentialname:potentialname:Potentials_Potential_Name:V' ),
( '10', '2', 'vtiger_potential:amount:amount:Potentials_Amount:N' ),
( '10', '3', 'vtiger_potential:sales_stage:sales_stage:Potentials_Sales_Stage:V' ),
( '10', '4', 'vtiger_potential:closingdate:closingdate:Potentials_Expected_Close_Date:D' ),
( '10', '5', 'vtiger_potential:contact_id:contact_id:Potentials_Contact_Name:V' ),
( '10', '6', 'vtiger_potential:potentialtype:opportunity_type:Potentials_Type:V' ),
( '11', '0', 'vtiger_potential:potential_no:potential_no:Potentials_Potential_No:V' ),
( '11', '1', 'vtiger_potential:potentialname:potentialname:Potentials_Potential_Name:V' ),
( '11', '2', 'vtiger_potential:amount:amount:Potentials_Amount:N' ),
( '11', '3', 'vtiger_potential:sales_stage:sales_stage:Potentials_Sales_Stage:V' ),
( '11', '4', 'vtiger_potential:closingdate:closingdate:Potentials_Expected_Close_Date:D' ),
( '11', '5', 'vtiger_potential:contact_id:contact_id:Potentials_Contact_Name:V' ),
( '11', '6', 'vtiger_potential:potentialtype:opportunity_type:Potentials_Type:V' ),
( '12', '0', 'vtiger_potential:potentialname:potentialname:Potentials_Potential_Name:V' ),
( '12', '1', 'vtiger_potential:related_to:related_to:Potentials_Related_To:V' ),
( '12', '2', 'vtiger_potential:amount:amount:Potentials_Amount:N' ),
( '12', '3', 'vtiger_potential:leadsource:leadsource:Potentials_Lead_Source:V' ),
( '12', '4', 'vtiger_potential:closingdate:closingdate:Potentials_Expected_Close_Date:D' ),
( '12', '5', 'vtiger_crmentity:smownerid:assigned_user_id:Potentials_Assigned_To:V' ),
( '12', '6', 'vtiger_potential:contact_id:contact_id:Potentials_Contact_Name:V' ),
( '13', '1', 'vtiger_troubletickets:title:ticket_title:HelpDesk_Title:V' ),
( '13', '2', 'vtiger_troubletickets:parent_id:parent_id:HelpDesk_Related_To:V' ),
( '13', '3', 'vtiger_troubletickets:status:ticketstatus:HelpDesk_Status:V' ),
( '13', '4', 'vtiger_troubletickets:priority:ticketpriorities:HelpDesk_Priority:V' ),
( '13', '5', 'vtiger_crmentity:smownerid:assigned_user_id:HelpDesk_Assigned_To:V' ),
( '13', '6', 'vtiger_troubletickets:contact_id:contact_id:HelpDesk_Contact_Name:V' ),
( '14', '0', 'vtiger_troubletickets:title:ticket_title:HelpDesk_Title:V' ),
( '14', '1', 'vtiger_troubletickets:parent_id:parent_id:HelpDesk_Related_To:I' ),
( '14', '2', 'vtiger_troubletickets:priority:ticketpriorities:HelpDesk_Priority:V' ),
( '14', '3', 'vtiger_troubletickets:product_id:product_id:HelpDesk_Product_Name:I' ),
( '14', '4', 'vtiger_crmentity:smownerid:assigned_user_id:HelpDesk_Assigned_To:V' ),
( '14', '5', 'vtiger_troubletickets:contact_id:contact_id:HelpDesk_Contact_Name:V' ),
( '15', '0', 'vtiger_troubletickets:title:ticket_title:HelpDesk_Title:V' ),
( '15', '1', 'vtiger_troubletickets:parent_id:parent_id:HelpDesk_Related_To:I' ),
( '15', '2', 'vtiger_troubletickets:status:ticketstatus:HelpDesk_Status:V' ),
( '15', '3', 'vtiger_troubletickets:product_id:product_id:HelpDesk_Product_Name:I' ),
( '15', '4', 'vtiger_crmentity:smownerid:assigned_user_id:HelpDesk_Assigned_To:V' ),
( '15', '5', 'vtiger_troubletickets:contact_id:contact_id:HelpDesk_Contact_Name:V' ),
( '16', '1', 'vtiger_quotes:subject:subject:Quotes_Subject:V' ),
( '16', '2', 'vtiger_quotes:quotestage:quotestage:Quotes_Quote_Stage:V' ),
( '16', '3', 'vtiger_quotes:potentialid:potential_id:Quotes_Potential_Name:V' ),
( '16', '4', 'vtiger_quotes:accountid:account_id:Quotes_Account_Name:V' ),
( '16', '5', 'vtiger_quotes:total:hdnGrandTotal:Quotes_Total:N' ),
( '16', '6', 'vtiger_crmentity:smownerid:assigned_user_id:Quotes_Assigned_To:V' ),
( '17', '0', 'vtiger_quotes:subject:subject:Quotes_Subject:V' ),
( '17', '1', 'vtiger_quotes:quotestage:quotestage:Quotes_Quote_Stage:V' ),
( '17', '2', 'vtiger_quotes:potentialid:potential_id:Quotes_Potential_Name:I' ),
( '17', '3', 'vtiger_quotes:accountid:account_id:Quotes_Account_Name:I' ),
( '17', '4', 'vtiger_quotes:validtill:validtill:Quotes_Valid_Till:D' ),
( '17', '5', 'vtiger_crmentity:smownerid:assigned_user_id:Quotes_Assigned_To:V' ),
( '18', '0', 'vtiger_quotes:subject:subject:Quotes_Subject:V' ),
( '18', '1', 'vtiger_quotes:potentialid:potential_id:Quotes_Potential_Name:I' ),
( '18', '2', 'vtiger_quotes:accountid:account_id:Quotes_Account_Name:I' ),
( '18', '3', 'vtiger_quotes:validtill:validtill:Quotes_Valid_Till:D' ),
( '18', '4', 'vtiger_crmentity:smownerid:assigned_user_id:Quotes_Assigned_To:V' ),
( '19', '0', 'vtiger_activity:status:taskstatus:Calendar_Status:V' ),
( '19', '1', 'vtiger_activity:activitytype:activitytype:Calendar_Activity_Type:V' ),
( '19', '2', 'vtiger_activity:subject:subject:Calendar_Subject:V' ),
( '19', '3', 'vtiger_seactivityrel:crmid:parent_id:Calendar_Related_To:V' ),
( '19', '4', 'vtiger_activity:date_start:date_start:Calendar_Start_Date_&_Time:DT' ),
( '19', '5', 'vtiger_activity:due_date:due_date:Calendar_Due_Date:D' ),
( '19', '6', 'vtiger_crmentity:smownerid:assigned_user_id:Calendar_Assigned_To:V' ),
( '20', '0', 'vtiger_activity:subject:subject:Emails_Subject:V' ),
( '20', '1', 'vtiger_emaildetails:to_email:saved_toid:Emails_To:V' ),
( '20', '2', 'vtiger_activity:date_start:date_start:Emails_Date_&_Time_Sent:DT' ),
( '21', '0', 'vtiger_invoice:invoice_no:invoice_no:Invoice_Invoice_No:V' ),
( '21', '1', 'vtiger_invoice:customerno:customerno:Invoice_Customer_No:V' ),
( '21', '2', 'vtiger_contactdetails:firstname:(contact_id ; (Contacts) firstname):Contacts_Contact_Name-First_Name:V' ),
( '21', '3', 'vtiger_contactdetails:lastname:(contact_id ; (Contacts) lastname):Contacts_Contact_Name-Last_Name:V' ),
( '21', '4', 'vtiger_invoice:total:hdnGrandTotal:Invoice_Total:N' ),
( '21', '5', 'vtiger_invoice:subject:subject:Invoice_Subject:V' ),
( '21', '6', 'vtiger_invoice:invoicedate:invoicedate:Invoice_Invoice_Date:D' ),
( '21', '7', 'vtiger_invoice:invoicestatus:invoicestatus:Invoice_Status:V' ),
( '21', '8', 'vtiger_invoicecf:cf_908:cf_908:Invoice_Payed:C' ),
( '21', '9', 'vtiger_invoice:salesorderid:salesorder_id:Invoice_Sales_Order:V' ),
( '21', '10', 'vtiger_crmentity:source:source:Invoice_Source:V' ),
( '22', '1', 'vtiger_notes:title:notes_title:Documents_Title:V' ),
( '22', '2', 'vtiger_notes:filename:filename:Documents_File_Name:V' ),
( '22', '3', 'vtiger_crmentity:modifiedtime:modifiedtime:Documents_Modified_Time:DT' ),
( '22', '4', 'vtiger_crmentity:smownerid:assigned_user_id:Documents_Assigned_To:V' ),
( '23', '1', 'vtiger_pricebook:bookname:bookname:PriceBooks_Price_Book_Name:V' ),
( '23', '2', 'vtiger_pricebook:active:active:PriceBooks_Active:C' ),
( '23', '3', 'vtiger_pricebook:currency_id:currency_id:PriceBooks_Currency:V' ),
( '24', '1', 'vtiger_products:productname:productname:Products_Product_Name:V' ),
( '24', '2', 'vtiger_products:productcode:productcode:Products_Part_Number:V' ),
( '24', '3', 'vtiger_products:commissionrate:commissionrate:Products_Commission_Rate:N' ),
( '24', '4', 'vtiger_products:qtyinstock:qtyinstock:Products_Qty_In_Stock:NN' ),
( '24', '5', 'vtiger_products:qty_per_unit:qty_per_unit:Products_Qty/Unit:N' ),
( '24', '6', 'vtiger_products:unit_price:unit_price:Products_Unit_Price:N' ),
( '25', '1', 'vtiger_purchaseorder:subject:subject:PurchaseOrder_Subject:V' ),
( '25', '2', 'vtiger_purchaseorder:vendorid:vendor_id:PurchaseOrder_Vendor_Name:V' ),
( '25', '3', 'vtiger_purchaseorder:tracking_no:tracking_no:PurchaseOrder_Tracking_Number:V' ),
( '25', '4', 'vtiger_purchaseorder:total:hdnGrandTotal:PurchaseOrder_Total:N' ),
( '25', '5', 'vtiger_crmentity:smownerid:assigned_user_id:PurchaseOrder_Assigned_To:V' ),
( '26', '1', 'vtiger_salesorder:subject:subject:SalesOrder_Subject:V' ),
( '26', '2', 'vtiger_salesorder:accountid:account_id:SalesOrder_Account_Name:V' ),
( '26', '3', 'vtiger_salesorder:quoteid:quote_id:SalesOrder_Quote_Name:V' ),
( '26', '4', 'vtiger_salesorder:total:hdnGrandTotal:SalesOrder_Total:N' ),
( '26', '5', 'vtiger_crmentity:smownerid:assigned_user_id:SalesOrder_Assigned_To:V' ),
( '27', '1', 'vtiger_vendor:vendorname:vendorname:Vendors_Vendor_Name:V' ),
( '27', '2', 'vtiger_vendor:phone:phone:Vendors_Phone:V' ),
( '27', '3', 'vtiger_vendor:email:email:Vendors_Email:V' ),
( '27', '4', 'vtiger_vendor:category:category:Vendors_Category:V' ),
( '27', '5', 'vtiger_crmentity:smownerid:assigned_user_id:Vendors_Assigned_To:V' ),
( '28', '1', 'vtiger_faq:question:question:Faq_Question:V' ),
( '28', '2', 'vtiger_faq:category:faqcategories:Faq_Category:V' ),
( '28', '3', 'vtiger_faq:product_id:product_id:Faq_Product_Name:V' ),
( '28', '4', 'vtiger_crmentity:createdtime:createdtime:Faq_Created_Time:DT' ),
( '28', '5', 'vtiger_crmentity:modifiedtime:modifiedtime:Faq_Modified_Time:DT' ),
( '29', '1', 'vtiger_campaign:campaignname:campaignname:Campaigns_Campaign_Name:V' ),
( '29', '2', 'vtiger_campaign:campaigntype:campaigntype:Campaigns_Campaign_Type:V' ),
( '29', '3', 'vtiger_campaign:campaignstatus:campaignstatus:Campaigns_Campaign_Status:V' ),
( '29', '4', 'vtiger_campaign:expectedrevenue:expectedrevenue:Campaigns_Expected_Revenue:N' ),
( '29', '5', 'vtiger_campaign:closingdate:closingdate:Campaigns_Expected_Close_Date:D' ),
( '29', '6', 'vtiger_crmentity:smownerid:assigned_user_id:Campaigns_Assigned_To:V' ),
( '30', '0', 'subject:subject:subject:Subject:V' ),
( '30', '1', 'from:fromname:fromname:From:N' ),
( '30', '2', 'to:tpname:toname:To:N' ),
( '30', '3', 'body:body:body:Body:V' ),
( '31', '0', 'vtiger_faq:question:question:Faq_Question:V' ),
( '31', '1', 'vtiger_faq:status:faqstatus:Faq_Status:V' ),
( '31', '2', 'vtiger_faq:product_id:product_id:Faq_Product_Name:I' ),
( '31', '3', 'vtiger_faq:category:faqcategories:Faq_Category:V' ),
( '31', '4', 'vtiger_crmentity:createdtime:createdtime:Faq_Created_Time:DT' ),
( '32', '0', 'vtiger_faq:question:question:Faq_Question:V' ),
( '32', '1', 'vtiger_faq:answer:faq_answer:Faq_Answer:V' ),
( '32', '2', 'vtiger_faq:status:faqstatus:Faq_Status:V' ),
( '32', '3', 'vtiger_faq:product_id:product_id:Faq_Product_Name:I' ),
( '32', '4', 'vtiger_faq:category:faqcategories:Faq_Category:V' ),
( '32', '5', 'vtiger_crmentity:createdtime:createdtime:Faq_Created_Time:DT' ),
( '33', '0', 'vtiger_purchaseorder:subject:subject:PurchaseOrder_Subject:V' ),
( '33', '1', 'vtiger_purchaseorder:postatus:postatus:PurchaseOrder_Status:V' ),
( '33', '2', 'vtiger_purchaseorder:vendorid:vendor_id:PurchaseOrder_Vendor_Name:I' ),
( '33', '3', 'vtiger_crmentity:smownerid:assigned_user_id:PurchaseOrder_Assigned_To:V' ),
( '33', '4', 'vtiger_purchaseorder:duedate:duedate:PurchaseOrder_Due_Date:V' ),
( '34', '0', 'vtiger_purchaseorder:subject:subject:PurchaseOrder_Subject:V' ),
( '34', '1', 'vtiger_purchaseorder:vendorid:vendor_id:PurchaseOrder_Vendor_Name:I' ),
( '34', '2', 'vtiger_crmentity:smownerid:assigned_user_id:PurchaseOrder_Assigned_To:V' ),
( '34', '3', 'vtiger_purchaseorder:postatus:postatus:PurchaseOrder_Status:V' ),
( '34', '4', 'vtiger_purchaseorder:carrier:carrier:PurchaseOrder_Carrier:V' ),
( '34', '5', 'vtiger_poshipads:ship_street:ship_street:PurchaseOrder_Shipping_Address:V' ),
( '35', '0', 'vtiger_invoice:invoice_no:invoice_no:Invoice_Invoice_No:V' ),
( '35', '1', 'vtiger_invoice:subject:subject:Invoice_Subject:V' ),
( '35', '2', 'vtiger_invoice:accountid:account_id:Invoice_Account_Name:I' ),
( '35', '3', 'vtiger_invoice:salesorderid:salesorder_id:Invoice_Sales_Order:I' ),
( '35', '4', 'vtiger_invoice:invoicestatus:invoicestatus:Invoice_Status:V' ),
( '35', '5', 'vtiger_crmentity:smownerid:assigned_user_id:Invoice_Assigned_To:V' ),
( '35', '6', 'vtiger_crmentity:createdtime:createdtime:Invoice_Created_Time:DT' ),
( '36', '0', 'vtiger_invoice:invoice_no:invoice_no:Invoice_Invoice_No:V' ),
( '36', '1', 'vtiger_invoice:subject:subject:Invoice_Subject:V' ),
( '36', '2', 'vtiger_invoice:accountid:account_id:Invoice_Account_Name:I' ),
( '36', '3', 'vtiger_invoice:salesorderid:salesorder_id:Invoice_Sales_Order:I' ),
( '36', '4', 'vtiger_invoice:invoicestatus:invoicestatus:Invoice_Status:V' ),
( '36', '5', 'vtiger_invoiceshipads:ship_street:ship_street:Invoice_Shipping_Address:V' ),
( '36', '6', 'vtiger_crmentity:smownerid:assigned_user_id:Invoice_Assigned_To:V' ),
( '37', '0', 'vtiger_salesorder:subject:subject:SalesOrder_Subject:V' ),
( '37', '1', 'vtiger_salesorder:accountid:account_id:SalesOrder_Account_Name:I' ),
( '37', '2', 'vtiger_salesorder:sostatus:sostatus:SalesOrder_Status:V' ),
( '37', '3', 'vtiger_crmentity:smownerid:assigned_user_id:SalesOrder_Assigned_To:V' ),
( '37', '4', 'vtiger_soshipads:ship_street:ship_street:SalesOrder_Shipping_Address:V' ),
( '37', '5', 'vtiger_salesorder:carrier:carrier:SalesOrder_Carrier:V' ),
( '38', '0', 'vtiger_pbxmanager:callstatus:callstatus:PBXManager_Call_Status:V' ),
( '38', '1', 'vtiger_pbxmanager:customernumber:customernumber:PBXManager_Customer_Number:V' ),
( '38', '2', 'vtiger_pbxmanager:customer:customer:PBXManager_Customer:V' ),
( '38', '3', 'vtiger_pbxmanager:user:user:PBXManager_User:V' ),
( '38', '4', 'vtiger_pbxmanager:recordingurl:recordingurl:PBXManager_Recording_URL:V' ),
( '38', '5', 'vtiger_pbxmanager:totalduration:totalduration:PBXManager_Total_Duration:I' ),
( '38', '6', 'vtiger_pbxmanager:starttime:starttime:PBXManager_Start_Time:DT' ),
( '39', '1', 'vtiger_servicecontracts:subject:subject:ServiceContracts_Subject:V' ),
( '39', '2', 'vtiger_servicecontracts:sc_related_to:sc_related_to:ServiceContracts_Related_to:V' ),
( '39', '3', 'vtiger_crmentity:smownerid:assigned_user_id:ServiceContracts_Assigned_To:V' ),
( '39', '4', 'vtiger_servicecontracts:start_date:start_date:ServiceContracts_Start_Date:D' ),
( '39', '5', 'vtiger_servicecontracts:due_date:due_date:ServiceContracts_Due_date:D' ),
( '39', '7', 'vtiger_servicecontracts:progress:progress:ServiceContracts_Progress:N' ),
( '39', '8', 'vtiger_servicecontracts:contract_status:contract_status:ServiceContracts_Status:V' ),
( '40', '1', 'vtiger_service:servicename:servicename:Services_Service_Name:V' ),
( '40', '2', 'vtiger_service:service_usageunit:service_usageunit:Services_Usage_Unit:V' ),
( '40', '3', 'vtiger_service:unit_price:unit_price:Services_Price:N' ),
( '40', '4', 'vtiger_service:qty_per_unit:qty_per_unit:Services_No_of_Units:N' ),
( '40', '5', 'vtiger_service:servicecategory:servicecategory:Services_Service_Category:V' ),
( '40', '6', 'vtiger_crmentity:smownerid:assigned_user_id:Services_Owner:I' ),
( '44', '0', 'vtiger_modcomments:commentcontent:commentcontent:ModComments_Comment:V' ),
( '44', '1', 'vtiger_modcomments:related_to:related_to:ModComments_Related_To:V' ),
( '44', '2', 'vtiger_crmentity:modifiedtime:modifiedtime:ModComments_Modified_Time:DT' ),
( '44', '3', 'vtiger_crmentity:smownerid:assigned_user_id:ModComments_Assigned_To:V' ),
( '45', '1', 'vtiger_assets:assetname:assetname:Assets_Asset_Name:V' ),
( '45', '2', 'vtiger_assets:account:account:Assets_Customer_Name:V' ),
( '45', '3', 'vtiger_assets:product:product:Assets_Product_Name:V' ),
( '46', '0', 'vtiger_smsnotifier:message:message:SMSNotifier_message:V' ),
( '46', '2', 'vtiger_crmentity:smownerid:assigned_user_id:SMSNotifier_Assigned_To:V' ),
( '46', '3', 'vtiger_crmentity:createdtime:createdtime:SMSNotifier_Created_Time:DT' ),
( '46', '4', 'vtiger_crmentity:modifiedtime:modifiedtime:SMSNotifier_Modified_Time:DT' ),
( '47', '0', 'vtiger_projectmilestone:projectmilestonename:projectmilestonename:ProjectMilestone_Project_Milestone_Name:V' ),
( '47', '1', 'vtiger_projectmilestone:projectmilestonedate:projectmilestonedate:ProjectMilestone_Milestone_Date:D' ),
( '47', '3', 'vtiger_crmentity:description:description:ProjectMilestone_description:V' );

INSERT INTO `vtiger_cvcolumnlist`(`cvid`,`columnindex`,`columnname`) VALUES 
( '47', '4', 'vtiger_crmentity:createdtime:createdtime:ProjectMilestone_Created_Time:DT' ),
( '47', '5', 'vtiger_crmentity:modifiedtime:modifiedtime:ProjectMilestone_Modified_Time:DT' ),
( '48', '2', 'vtiger_projecttask:projecttaskname:projecttaskname:ProjectTask_Project_Task_Name:V' ),
( '48', '3', 'vtiger_projecttask:projectid:projectid:ProjectTask_Related_to:V' ),
( '48', '4', 'vtiger_projecttask:projecttaskpriority:projecttaskpriority:ProjectTask_Priority:V' ),
( '48', '5', 'vtiger_projecttask:projecttaskprogress:projecttaskprogress:ProjectTask_Progress:V' ),
( '48', '6', 'vtiger_projecttask:projecttaskhours:projecttaskhours:ProjectTask_Worked_Hours:V' ),
( '48', '7', 'vtiger_projecttask:startdate:startdate:ProjectTask_Start_Date:D' ),
( '48', '8', 'vtiger_projecttask:enddate:enddate:ProjectTask_End_Date:D' ),
( '48', '9', 'vtiger_crmentity:smownerid:assigned_user_id:ProjectTask_Assigned_To:V' ),
( '49', '0', 'vtiger_project:projectname:projectname:Project_Project_Name:V' ),
( '49', '1', 'vtiger_project:linktoaccountscontacts:linktoaccountscontacts:Project_Related_to:V' ),
( '49', '2', 'vtiger_project:startdate:startdate:Project_Start_Date:D' ),
( '49', '3', 'vtiger_project:targetenddate:targetenddate:Project_Target_End_Date:D' ),
( '49', '4', 'vtiger_project:actualenddate:actualenddate:Project_Actual_End_Date:D' ),
( '49', '5', 'vtiger_project:targetbudget:targetbudget:Project_Target_Budget:V' ),
( '49', '6', 'vtiger_project:progress:progress:Project_Progress:V' ),
( '49', '7', 'vtiger_project:projectstatus:projectstatus:Project_Status:V' ),
( '49', '8', 'vtiger_crmentity:smownerid:assigned_user_id:Project_Assigned_To:V' ),
( '49', '19', 'vtiger_project:contactid:contactid:Project_Contact_Name:V' ),
( '51', '0', 'vtiger_custompayments:name:name:CustomPayments_Name:V' ),
( '51', '1', 'vtiger_crmentity:description:description:CustomPayments_Description:V' ),
( '51', '2', 'vtiger_crmentity:description:description:CustomPayments_Description:V' ),
( '51', '3', 'vtiger_crmentity:smownerid:assigned_user_id:CustomPayments_Assigned_To:V' ),
( '51', '4', 'vtiger_crmentity:createdtime:createdtime:CustomPayments_Created_Time:T' ),
( '52', '0', 'vtiger_custompayments:name:name:CustomPayments_Name:V' ),
( '52', '1', 'vtiger_crmentity:smownerid:assigned_user_id:CustomPayments_Assigned_To:V' ),
( '52', '2', 'vtiger_crmentity:createdtime:createdtime:CustomPayments_Created_Time:T' ),
( '53', '0', 'vtiger_payments:paymentno:paymentno:VTEPayments_Payment_No:V' ),
( '53', '1', 'vtiger_payments:potential:potential:VTEPayments_Potential:V' ),
( '53', '2', 'vtiger_payments:date:date:VTEPayments_Date:D' ),
( '53', '3', 'vtiger_payments:amount_paid:amount_paid:VTEPayments_Amount:N' ),
( '53', '4', 'vtiger_payments:payment_status:payment_status:VTEPayments_Status:V' ),
( '53', '5', 'vtiger_invoice:invoice_no:(invoice ; (Invoice) invoice_no):Invoice_Invoice-Invoice_No:V' ),
( '53', '6', 'vtiger_payments:invoice:invoice:VTEPayments_Invoice:V' ),
( '53', '7', 'vtiger_crmentity:createdtime:CreatedTime:VTEPayments_Created_Time:T' ),
( '53', '8', 'vtiger_crmentity:modifiedtime:ModifiedTime:VTEPayments_Modified_Time:T' ),
( '54', '0', 'vtiger_leadscf:cf_933:cf_933:Leads_View_Lead:V' ),
( '54', '1', 'vtiger_leaddetails:firstname:firstname:Leads_First_Name:V' ),
( '54', '2', 'vtiger_leaddetails:lastname:lastname:Leads_Last_Name:V' ),
( '54', '3', 'vtiger_leaddetails:email:email:Leads_Email:V' ),
( '54', '4', 'vtiger_leadaddress:phone:phone:Leads_Phone:V' ),
( '54', '5', 'vtiger_leadaddress:city:city:Leads_City:V' ),
( '54', '6', 'vtiger_leadaddress:country:country:Leads_Country:V' ),
( '54', '7', 'vtiger_leadscf:cf_871:cf_871:Leads_Date_Of_Birth:D' ),
( '54', '8', 'vtiger_leadscf:cf_873:cf_873:Leads_Passport_No:V' ),
( '54', '9', 'vtiger_leaddetails:leadstatus:leadstatus:Leads_Lead_Status:V' ),
( '54', '10', 'vtiger_leaddetails:leadsource:leadsource:Leads_Lead_Source:V' ),
( '57', '0', 'vtiger_payments:paymentno:paymentno:VTEPayments_Payment_No:V' ),
( '57', '1', 'vtiger_payments:potential:potential:VTEPayments_Potential:V' ),
( '57', '2', 'vtiger_payments:date:date:VTEPayments_Date:D' ),
( '57', '3', 'vtiger_payments:amount_paid:amount_paid:VTEPayments_Amount:N' ),
( '57', '4', 'vtiger_payments:payment_status:payment_status:VTEPayments_Status:V' ),
( '57', '5', 'vtiger_invoice:invoice_no:(invoice ; (Invoice) invoice_no):Invoice_Invoice-Invoice_No:V' ),
( '57', '6', 'vtiger_payments:payment_type:payment_type:VTEPayments_Type:V' ),
( '57', '7', 'vtiger_crmentity:createdtime:CreatedTime:VTEPayments_Created_Time:T' ),
( '57', '8', 'vtiger_contactdetails:firstname:(contact ; (Contacts) firstname):Contacts_Contact-First_Name:V' ),
( '57', '9', 'vtiger_contactdetails:lastname:(contact ; (Contacts) lastname):Contacts_Contact-Last_Name:V' ),
( '57', '10', 'vtiger_payments:invoice:invoice:VTEPayments_Invoice:V' ),
( '57', '11', 'vtiger_crmentity:modifiedtime:ModifiedTime:VTEPayments_Modified_Time:T' ),
( '57', '12', 'vtiger_crmentity:smownerid:assigned_user_id:VTEPayments_Assigned_To:V' );
COMMIT;
-- ---------------------------------------------------------


-- Dump data of "vtiger_cvstdfilter" -----------------------
BEGIN;

INSERT INTO `vtiger_cvstdfilter`(`cvid`,`columnname`,`stdfilter`,`startdate`,`enddate`) VALUES 
( '3', 'vtiger_crmentity:modifiedtime:modifiedtime:Leads_Modified_Time', 'thismonth', '2005-06-01', '2005-06-30' ),
( '6', 'vtiger_crmentity:createdtime:createdtime:Accounts_Created_Time', 'thisweek', '2005-06-19', '2005-06-25' ),
( '9', 'vtiger_contactsubdetails:birthday:birthday:Contacts_Birthdate', 'today', '2005-06-25', '2005-06-25' );
COMMIT;
-- ---------------------------------------------------------


-- Dump data of "vtiger_dashboard_tabs" --------------------
BEGIN;

INSERT INTO `vtiger_dashboard_tabs`(`id`,`tabname`,`isdefault`,`sequence`,`appname`,`modulename`,`userid`) VALUES 
( '1', 'Default', '0', '2', NULL, NULL, '1' ),
( '2', 'My Dashboard', '1', '1', '', '', '1' ),
( '5', 'My Dashboard', '1', '1', '', '', '7' );
COMMIT;
-- ---------------------------------------------------------


-- Dump data of "vtiger_datashare_grp2grp" -----------------
-- ---------------------------------------------------------


-- Dump data of "vtiger_datashare_grp2role" ----------------
-- ---------------------------------------------------------


-- Dump data of "vtiger_datashare_grp2rs" ------------------
-- ---------------------------------------------------------


-- Dump data of "vtiger_datashare_module_rel" --------------
-- ---------------------------------------------------------


-- Dump data of "vtiger_datashare_relatedmodule_permission" 
-- ---------------------------------------------------------


-- Dump data of "vtiger_datashare_relatedmodules" ----------
BEGIN;

INSERT INTO `vtiger_datashare_relatedmodules`(`datashare_relatedmodule_id`,`tabid`,`relatedto_tabid`) VALUES 
( '1', '6', '2' ),
( '2', '6', '13' ),
( '3', '6', '20' ),
( '4', '6', '22' ),
( '5', '6', '23' ),
( '6', '2', '20' ),
( '7', '2', '22' ),
( '8', '20', '22' ),
( '9', '22', '23' );
COMMIT;
-- ---------------------------------------------------------


-- Dump data of "vtiger_datashare_relatedmodules_seq" ------
BEGIN;

INSERT INTO `vtiger_datashare_relatedmodules_seq`(`id`) VALUES 
( '9' );
COMMIT;
-- ---------------------------------------------------------


-- Dump data of "vtiger_datashare_role2group" --------------
-- ---------------------------------------------------------


-- Dump data of "vtiger_datashare_role2role" ---------------
-- ---------------------------------------------------------


-- Dump data of "vtiger_datashare_role2rs" -----------------
-- ---------------------------------------------------------


-- Dump data of "vtiger_datashare_rs2grp" ------------------
-- ---------------------------------------------------------


-- Dump data of "vtiger_datashare_rs2role" -----------------
-- ---------------------------------------------------------


-- Dump data of "vtiger_datashare_rs2rs" -------------------
-- ---------------------------------------------------------


-- Dump data of "vtiger_date_format" -----------------------
BEGIN;

INSERT INTO `vtiger_date_format`(`date_formatid`,`date_format`,`sortorderid`,`presence`) VALUES 
( '1', 'dd-mm-yyyy', '0', '1' ),
( '2', 'mm-dd-yyyy', '1', '1' ),
( '3', 'yyyy-mm-dd', '2', '1' ),
( '4', 'dd.mm.yyyy', '3', '1' ),
( '5', 'dd/mm/yyyy', '4', '1' );
COMMIT;
-- ---------------------------------------------------------


-- Dump data of "vtiger_date_format_seq" -------------------
BEGIN;

INSERT INTO `vtiger_date_format_seq`(`id`) VALUES 
( '3' );
COMMIT;
-- ---------------------------------------------------------


-- Dump data of "vtiger_dayoftheweek" ----------------------
BEGIN;

INSERT INTO `vtiger_dayoftheweek`(`dayoftheweekid`,`dayoftheweek`,`sortorderid`,`presence`) VALUES 
( '1', 'Sunday', '0', '1' ),
( '2', 'Monday', '1', '1' ),
( '3', 'Tuesday', '2', '1' ),
( '4', 'Wednesday', '3', '1' ),
( '5', 'Thursday', '4', '1' ),
( '6', 'Friday', '5', '1' ),
( '7', 'Saturday', '6', '1' );
COMMIT;
-- ---------------------------------------------------------


-- Dump data of "vtiger_dayoftheweek_seq" ------------------
BEGIN;

INSERT INTO `vtiger_dayoftheweek_seq`(`id`) VALUES 
( '7' );
COMMIT;
-- ---------------------------------------------------------


-- Dump data of "vtiger_def_org_field" ---------------------
BEGIN;

INSERT INTO `vtiger_def_org_field`(`tabid`,`fieldid`,`visible`,`readonly`) VALUES 
( '6', '1', '0', '0' ),
( '6', '2', '0', '0' ),
( '6', '3', '0', '0' ),
( '6', '4', '0', '0' ),
( '6', '5', '0', '0' ),
( '6', '6', '0', '0' ),
( '6', '7', '0', '0' ),
( '6', '8', '0', '0' ),
( '6', '9', '0', '0' ),
( '6', '10', '0', '0' ),
( '6', '11', '0', '0' ),
( '6', '12', '0', '0' ),
( '6', '13', '0', '0' ),
( '6', '14', '0', '0' ),
( '6', '15', '0', '0' ),
( '6', '16', '0', '0' ),
( '6', '17', '0', '0' ),
( '6', '18', '0', '0' ),
( '6', '19', '0', '0' ),
( '6', '20', '0', '0' ),
( '6', '21', '0', '0' ),
( '6', '22', '0', '0' ),
( '6', '23', '0', '0' ),
( '6', '24', '0', '0' ),
( '6', '25', '0', '0' ),
( '6', '26', '0', '0' ),
( '6', '27', '0', '0' ),
( '6', '28', '0', '0' ),
( '6', '29', '0', '0' ),
( '6', '30', '0', '0' ),
( '6', '31', '0', '0' ),
( '6', '32', '0', '0' ),
( '6', '33', '0', '0' ),
( '6', '34', '0', '0' ),
( '6', '35', '0', '0' ),
( '6', '36', '0', '0' ),
( '7', '37', '0', '0' ),
( '7', '38', '0', '0' ),
( '7', '39', '0', '0' ),
( '7', '40', '0', '0' ),
( '7', '41', '0', '0' ),
( '7', '42', '0', '0' ),
( '7', '43', '0', '0' ),
( '7', '44', '0', '0' ),
( '7', '45', '0', '0' ),
( '7', '46', '0', '0' ),
( '7', '47', '0', '0' ),
( '7', '48', '0', '0' ),
( '7', '49', '0', '0' ),
( '7', '50', '0', '0' ),
( '7', '51', '0', '0' ),
( '7', '52', '0', '0' ),
( '7', '53', '0', '0' ),
( '7', '54', '0', '0' ),
( '7', '55', '0', '0' ),
( '7', '56', '0', '0' ),
( '7', '57', '0', '0' ),
( '7', '58', '0', '0' ),
( '7', '59', '0', '0' ),
( '7', '60', '0', '0' ),
( '7', '61', '0', '0' ),
( '7', '62', '0', '0' ),
( '7', '63', '0', '0' ),
( '7', '64', '0', '0' ),
( '7', '65', '0', '0' ),
( '4', '66', '0', '0' ),
( '4', '67', '0', '0' ),
( '4', '68', '0', '0' ),
( '4', '69', '0', '0' ),
( '4', '70', '0', '0' ),
( '4', '71', '0', '0' ),
( '4', '72', '0', '0' ),
( '4', '73', '0', '0' ),
( '4', '74', '0', '0' ),
( '4', '75', '0', '0' ),
( '4', '76', '0', '0' ),
( '4', '77', '0', '0' ),
( '4', '78', '0', '0' ),
( '4', '79', '0', '0' ),
( '4', '80', '0', '0' ),
( '4', '81', '0', '0' ),
( '4', '82', '0', '0' ),
( '4', '83', '0', '0' ),
( '4', '84', '0', '0' ),
( '4', '85', '0', '0' ),
( '4', '86', '0', '0' ),
( '4', '87', '0', '0' ),
( '4', '88', '0', '0' ),
( '4', '89', '0', '0' ),
( '4', '90', '0', '0' ),
( '4', '91', '0', '0' ),
( '4', '92', '0', '0' ),
( '4', '93', '0', '0' ),
( '4', '94', '0', '0' ),
( '4', '95', '0', '0' ),
( '4', '96', '0', '0' ),
( '4', '97', '0', '0' ),
( '4', '98', '0', '0' ),
( '4', '99', '0', '0' ),
( '4', '100', '0', '0' ),
( '4', '101', '0', '0' ),
( '4', '102', '0', '0' ),
( '4', '103', '0', '0' ),
( '4', '104', '0', '0' ),
( '4', '105', '0', '0' ),
( '4', '106', '0', '0' ),
( '4', '107', '0', '0' ),
( '4', '108', '0', '0' ),
( '4', '109', '0', '0' ),
( '2', '110', '0', '0' ),
( '2', '111', '0', '0' ),
( '2', '112', '0', '0' ),
( '2', '113', '0', '0' ),
( '2', '114', '0', '0' ),
( '2', '115', '0', '0' ),
( '2', '116', '0', '0' ),
( '2', '117', '0', '0' ),
( '2', '118', '0', '0' ),
( '2', '119', '0', '0' ),
( '2', '120', '0', '0' ),
( '2', '121', '0', '0' ),
( '2', '122', '0', '0' ),
( '2', '123', '0', '0' ),
( '2', '124', '0', '0' ),
( '2', '125', '0', '0' ),
( '26', '126', '0', '0' ),
( '26', '127', '0', '0' ),
( '26', '128', '0', '0' ),
( '26', '129', '0', '0' ),
( '26', '130', '0', '0' ),
( '26', '131', '0', '0' ),
( '26', '132', '0', '0' ),
( '26', '133', '0', '0' ),
( '26', '134', '0', '0' ),
( '26', '135', '0', '0' ),
( '26', '136', '0', '0' ),
( '26', '137', '0', '0' ),
( '26', '138', '0', '0' ),
( '26', '139', '0', '0' ),
( '26', '140', '0', '0' ),
( '26', '141', '0', '0' ),
( '26', '142', '0', '0' ),
( '26', '143', '0', '0' ),
( '26', '144', '0', '0' ),
( '26', '145', '0', '0' ),
( '26', '146', '0', '0' ),
( '26', '147', '0', '0' ),
( '26', '148', '0', '0' ),
( '26', '149', '0', '0' ),
( '26', '150', '0', '0' ),
( '4', '151', '0', '0' ),
( '6', '152', '0', '0' ),
( '7', '153', '0', '0' ),
( '26', '154', '0', '0' ),
( '13', '155', '0', '0' ),
( '13', '156', '0', '0' ),
( '13', '157', '0', '0' ),
( '13', '158', '0', '0' ),
( '13', '159', '0', '0' ),
( '13', '160', '0', '0' ),
( '13', '161', '0', '0' ),
( '13', '162', '0', '0' ),
( '13', '163', '0', '0' ),
( '13', '164', '0', '0' ),
( '13', '165', '0', '0' ),
( '13', '166', '0', '0' ),
( '13', '167', '0', '0' ),
( '13', '168', '0', '0' ),
( '13', '169', '0', '0' ),
( '13', '170', '0', '0' ),
( '13', '171', '0', '0' ),
( '13', '172', '0', '0' ),
( '13', '173', '0', '0' ),
( '14', '174', '0', '0' ),
( '14', '175', '0', '0' ),
( '14', '176', '0', '0' ),
( '14', '177', '0', '0' ),
( '14', '178', '0', '0' ),
( '14', '179', '0', '0' ),
( '14', '180', '0', '0' ),
( '14', '181', '0', '0' ),
( '14', '182', '0', '0' ),
( '14', '183', '0', '0' ),
( '14', '184', '0', '0' ),
( '14', '185', '0', '0' ),
( '14', '186', '0', '0' ),
( '14', '187', '0', '0' ),
( '14', '188', '0', '0' ),
( '14', '189', '0', '0' ),
( '14', '190', '0', '0' ),
( '14', '191', '0', '0' ),
( '14', '192', '0', '0' ),
( '14', '193', '0', '0' ),
( '14', '194', '0', '0' ),
( '14', '195', '0', '0' ),
( '14', '196', '0', '0' ),
( '14', '197', '0', '0' ),
( '14', '198', '0', '0' ),
( '14', '199', '0', '0' ),
( '14', '200', '0', '0' ),
( '14', '201', '0', '0' ),
( '14', '202', '0', '0' ),
( '14', '203', '0', '0' ),
( '14', '204', '0', '0' ),
( '8', '205', '0', '0' ),
( '8', '206', '0', '0' ),
( '8', '207', '0', '0' ),
( '8', '208', '0', '0' ),
( '8', '209', '0', '0' ),
( '8', '210', '0', '0' ),
( '8', '211', '0', '0' ),
( '8', '212', '0', '0' ),
( '8', '213', '0', '0' ),
( '8', '214', '0', '0' ),
( '8', '215', '0', '0' ),
( '8', '216', '0', '0' ),
( '8', '217', '0', '0' ),
( '8', '218', '0', '0' ),
( '8', '219', '0', '0' ),
( '10', '220', '0', '0' ),
( '10', '221', '0', '0' ),
( '10', '222', '0', '0' ),
( '10', '223', '0', '0' ),
( '10', '224', '0', '0' ),
( '10', '225', '0', '0' ),
( '10', '226', '0', '0' ),
( '10', '227', '0', '0' ),
( '10', '228', '0', '0' ),
( '10', '229', '0', '0' ),
( '10', '230', '0', '0' ),
( '10', '231', '0', '0' ),
( '9', '232', '0', '0' ),
( '9', '233', '0', '0' ),
( '9', '234', '0', '0' ),
( '9', '235', '0', '0' ),
( '9', '236', '0', '0' ),
( '9', '237', '0', '0' ),
( '9', '238', '0', '0' ),
( '9', '239', '0', '0' ),
( '9', '240', '0', '0' ),
( '9', '241', '0', '0' ),
( '9', '242', '0', '0' ),
( '9', '243', '0', '0' ),
( '9', '244', '0', '0' ),
( '9', '245', '0', '0' ),
( '9', '246', '0', '0' ),
( '9', '247', '0', '0' ),
( '9', '248', '0', '0' ),
( '9', '249', '0', '0' ),
( '9', '250', '0', '0' );

INSERT INTO `vtiger_def_org_field`(`tabid`,`fieldid`,`visible`,`readonly`) VALUES 
( '9', '251', '0', '0' ),
( '9', '252', '0', '0' ),
( '9', '253', '0', '0' ),
( '9', '254', '0', '0' ),
( '9', '255', '0', '0' ),
( '16', '256', '0', '0' ),
( '16', '257', '0', '0' ),
( '16', '258', '0', '0' ),
( '16', '259', '0', '0' ),
( '16', '260', '0', '0' ),
( '16', '261', '0', '0' ),
( '16', '262', '0', '0' ),
( '16', '263', '0', '0' ),
( '16', '264', '0', '0' ),
( '16', '265', '0', '0' ),
( '16', '266', '0', '0' ),
( '16', '267', '0', '0' ),
( '16', '268', '0', '0' ),
( '16', '269', '0', '0' ),
( '16', '270', '0', '0' ),
( '16', '271', '0', '0' ),
( '16', '272', '0', '0' ),
( '16', '273', '0', '0' ),
( '16', '274', '0', '0' ),
( '16', '275', '0', '0' ),
( '16', '276', '0', '0' ),
( '16', '277', '0', '0' ),
( '16', '278', '0', '0' ),
( '15', '279', '0', '0' ),
( '15', '280', '0', '0' ),
( '15', '281', '0', '0' ),
( '15', '282', '0', '0' ),
( '15', '283', '0', '0' ),
( '15', '284', '0', '0' ),
( '15', '285', '0', '0' ),
( '15', '286', '0', '0' ),
( '15', '287', '0', '0' ),
( '15', '288', '0', '0' ),
( '18', '289', '0', '0' ),
( '18', '290', '0', '0' ),
( '18', '291', '0', '0' ),
( '18', '292', '0', '0' ),
( '18', '293', '0', '0' ),
( '18', '294', '0', '0' ),
( '18', '295', '0', '0' ),
( '18', '296', '0', '0' ),
( '18', '297', '0', '0' ),
( '18', '298', '0', '0' ),
( '18', '299', '0', '0' ),
( '18', '300', '0', '0' ),
( '18', '301', '0', '0' ),
( '18', '302', '0', '0' ),
( '18', '303', '0', '0' ),
( '18', '304', '0', '0' ),
( '18', '305', '0', '0' ),
( '19', '306', '0', '0' ),
( '19', '307', '0', '0' ),
( '19', '308', '0', '0' ),
( '19', '309', '0', '0' ),
( '19', '310', '0', '0' ),
( '19', '311', '0', '0' ),
( '19', '312', '0', '0' ),
( '19', '313', '0', '0' ),
( '20', '314', '0', '0' ),
( '20', '315', '0', '0' ),
( '20', '316', '0', '0' ),
( '20', '317', '0', '0' ),
( '20', '318', '0', '0' ),
( '20', '319', '0', '0' ),
( '20', '320', '0', '0' ),
( '20', '321', '0', '0' ),
( '20', '322', '0', '0' ),
( '20', '323', '0', '0' ),
( '20', '324', '0', '0' ),
( '20', '325', '0', '0' ),
( '20', '326', '0', '0' ),
( '20', '327', '0', '0' ),
( '20', '328', '0', '0' ),
( '20', '329', '0', '0' ),
( '20', '330', '0', '0' ),
( '20', '331', '0', '0' ),
( '20', '332', '0', '0' ),
( '20', '333', '0', '0' ),
( '20', '334', '0', '0' ),
( '20', '335', '0', '0' ),
( '20', '336', '0', '0' ),
( '20', '337', '0', '0' ),
( '20', '338', '0', '0' ),
( '20', '339', '0', '0' ),
( '20', '340', '0', '0' ),
( '20', '341', '0', '0' ),
( '20', '342', '0', '0' ),
( '20', '343', '0', '0' ),
( '20', '344', '0', '0' ),
( '20', '345', '0', '0' ),
( '20', '346', '0', '0' ),
( '20', '347', '0', '0' ),
( '20', '348', '0', '0' ),
( '20', '349', '0', '0' ),
( '20', '350', '0', '0' ),
( '21', '351', '0', '0' ),
( '21', '352', '0', '0' ),
( '21', '353', '0', '0' ),
( '21', '354', '0', '0' ),
( '21', '355', '0', '0' ),
( '21', '356', '0', '0' ),
( '21', '357', '0', '0' ),
( '21', '358', '0', '0' ),
( '21', '359', '0', '0' ),
( '21', '360', '0', '0' ),
( '21', '361', '0', '0' ),
( '21', '362', '0', '0' ),
( '21', '363', '0', '0' ),
( '21', '364', '0', '0' ),
( '21', '365', '0', '0' ),
( '21', '366', '0', '0' ),
( '21', '367', '0', '0' ),
( '21', '368', '0', '0' ),
( '21', '369', '0', '0' ),
( '21', '370', '0', '0' ),
( '21', '371', '0', '0' ),
( '21', '372', '0', '0' ),
( '21', '373', '0', '0' ),
( '21', '374', '0', '0' ),
( '21', '375', '0', '0' ),
( '21', '376', '0', '0' ),
( '21', '377', '0', '0' ),
( '21', '378', '0', '0' ),
( '21', '379', '0', '0' ),
( '21', '380', '0', '0' ),
( '21', '381', '0', '0' ),
( '21', '382', '0', '0' ),
( '21', '383', '0', '0' ),
( '21', '384', '0', '0' ),
( '21', '385', '0', '0' ),
( '21', '386', '0', '0' ),
( '21', '387', '0', '0' ),
( '21', '388', '0', '0' ),
( '22', '389', '0', '0' ),
( '22', '390', '0', '0' ),
( '22', '391', '0', '0' ),
( '22', '392', '0', '0' ),
( '22', '393', '0', '0' ),
( '22', '394', '0', '0' ),
( '22', '395', '0', '0' ),
( '22', '396', '0', '0' ),
( '22', '397', '0', '0' ),
( '22', '398', '0', '0' ),
( '22', '399', '0', '0' ),
( '22', '400', '0', '0' ),
( '22', '401', '0', '0' ),
( '22', '402', '0', '0' ),
( '22', '403', '0', '0' ),
( '22', '404', '0', '0' ),
( '22', '405', '0', '0' ),
( '22', '406', '0', '0' ),
( '22', '407', '0', '0' ),
( '22', '408', '0', '0' ),
( '22', '409', '0', '0' ),
( '22', '410', '0', '0' ),
( '22', '411', '0', '0' ),
( '22', '412', '0', '0' ),
( '22', '413', '0', '0' ),
( '22', '414', '0', '0' ),
( '22', '415', '0', '0' ),
( '22', '416', '0', '0' ),
( '22', '417', '0', '0' ),
( '22', '418', '0', '0' ),
( '22', '419', '0', '0' ),
( '22', '420', '0', '0' ),
( '22', '421', '0', '0' ),
( '22', '422', '0', '0' ),
( '22', '423', '0', '0' ),
( '22', '424', '0', '0' ),
( '22', '425', '0', '0' ),
( '22', '426', '0', '0' ),
( '22', '427', '0', '0' ),
( '22', '428', '0', '0' ),
( '22', '429', '0', '0' ),
( '22', '430', '0', '0' ),
( '22', '431', '0', '0' ),
( '22', '432', '0', '0' ),
( '22', '433', '0', '0' ),
( '22', '434', '0', '0' ),
( '22', '435', '0', '0' ),
( '23', '436', '0', '0' ),
( '23', '437', '0', '0' ),
( '23', '438', '0', '0' ),
( '23', '439', '0', '0' ),
( '23', '440', '0', '0' ),
( '23', '441', '0', '0' ),
( '23', '442', '0', '0' ),
( '23', '443', '0', '0' ),
( '23', '444', '0', '0' ),
( '23', '445', '0', '0' ),
( '23', '446', '0', '0' ),
( '23', '447', '0', '0' ),
( '23', '448', '0', '0' ),
( '23', '449', '0', '0' ),
( '23', '450', '0', '0' ),
( '23', '451', '0', '0' ),
( '23', '452', '0', '0' ),
( '23', '453', '0', '0' ),
( '23', '454', '0', '0' ),
( '23', '455', '0', '0' ),
( '23', '456', '0', '0' ),
( '23', '457', '0', '0' ),
( '23', '458', '0', '0' ),
( '23', '459', '0', '0' ),
( '23', '460', '0', '0' ),
( '23', '461', '0', '0' ),
( '23', '462', '0', '0' ),
( '23', '463', '0', '0' ),
( '23', '464', '0', '0' ),
( '23', '465', '0', '0' ),
( '23', '466', '0', '0' ),
( '23', '467', '0', '0' ),
( '23', '468', '0', '0' ),
( '23', '469', '0', '0' ),
( '23', '470', '0', '0' ),
( '23', '471', '0', '0' ),
( '23', '472', '0', '0' ),
( '23', '473', '0', '0' ),
( '23', '474', '0', '0' ),
( '10', '520', '0', '0' ),
( '10', '521', '0', '0' ),
( '10', '522', '0', '0' ),
( '10', '523', '0', '0' ),
( '10', '524', '0', '0' ),
( '10', '525', '0', '0' ),
( '31', '526', '0', '0' ),
( '31', '527', '0', '0' ),
( '31', '528', '0', '0' ),
( '31', '529', '0', '0' ),
( '31', '530', '0', '0' ),
( '31', '531', '0', '0' ),
( '31', '532', '0', '0' ),
( '31', '533', '0', '0' ),
( '31', '534', '0', '0' ),
( '31', '535', '0', '0' ),
( '31', '536', '0', '0' ),
( '31', '537', '0', '0' ),
( '31', '538', '0', '0' ),
( '31', '539', '0', '0' ),
( '31', '540', '0', '0' ),
( '31', '541', '0', '0' ),
( '31', '542', '0', '0' ),
( '29', '543', '0', '0' ),
( '34', '544', '0', '0' ),
( '34', '545', '0', '0' );

INSERT INTO `vtiger_def_org_field`(`tabid`,`fieldid`,`visible`,`readonly`) VALUES 
( '34', '546', '0', '0' ),
( '34', '547', '0', '0' ),
( '34', '548', '0', '0' ),
( '34', '549', '0', '0' ),
( '34', '550', '0', '0' ),
( '34', '551', '0', '0' ),
( '34', '552', '0', '0' ),
( '34', '553', '0', '0' ),
( '34', '554', '0', '0' ),
( '34', '555', '0', '0' ),
( '34', '556', '0', '0' ),
( '34', '557', '0', '0' ),
( '34', '558', '0', '0' ),
( '34', '559', '0', '0' ),
( '34', '560', '0', '0' ),
( '34', '561', '0', '0' ),
( '34', '562', '0', '0' ),
( '34', '563', '0', '0' ),
( '34', '564', '0', '0' ),
( '34', '565', '0', '0' ),
( '35', '566', '0', '0' ),
( '35', '567', '0', '0' ),
( '35', '568', '0', '0' ),
( '35', '569', '0', '0' ),
( '35', '570', '0', '0' ),
( '35', '571', '0', '0' ),
( '35', '572', '0', '0' ),
( '35', '573', '0', '0' ),
( '35', '574', '0', '0' ),
( '35', '575', '0', '0' ),
( '35', '576', '0', '0' ),
( '35', '577', '0', '0' ),
( '35', '578', '0', '0' ),
( '35', '579', '0', '0' ),
( '35', '580', '0', '0' ),
( '35', '581', '0', '0' ),
( '35', '582', '0', '0' ),
( '35', '583', '0', '0' ),
( '35', '584', '0', '0' ),
( '35', '585', '0', '0' ),
( '35', '586', '0', '0' ),
( '35', '587', '0', '0' ),
( '39', '588', '0', '0' ),
( '39', '589', '0', '0' ),
( '39', '590', '0', '0' ),
( '39', '591', '0', '0' ),
( '39', '592', '0', '0' ),
( '39', '593', '0', '0' ),
( '39', '594', '0', '0' ),
( '39', '595', '0', '0' ),
( '39', '596', '0', '0' ),
( '39', '597', '0', '0' ),
( '39', '598', '0', '0' ),
( '39', '599', '0', '0' ),
( '39', '600', '0', '0' ),
( '40', '601', '0', '0' ),
( '40', '602', '0', '0' ),
( '40', '603', '0', '0' ),
( '40', '604', '0', '0' ),
( '40', '605', '0', '0' ),
( '40', '606', '0', '0' ),
( '40', '607', '0', '0' ),
( '40', '608', '0', '0' ),
( '40', '609', '0', '0' ),
( '40', '610', '0', '0' ),
( '40', '611', '0', '0' ),
( '40', '612', '0', '0' ),
( '40', '613', '0', '0' ),
( '40', '614', '0', '0' ),
( '40', '615', '0', '0' ),
( '40', '616', '0', '0' ),
( '40', '617', '0', '0' ),
( '40', '618', '0', '0' ),
( '41', '619', '0', '0' ),
( '41', '620', '0', '0' ),
( '41', '621', '0', '0' ),
( '41', '622', '0', '0' ),
( '41', '623', '0', '0' ),
( '41', '624', '0', '0' ),
( '41', '625', '0', '0' ),
( '41', '626', '0', '0' ),
( '41', '627', '0', '0' ),
( '41', '628', '0', '0' ),
( '41', '629', '0', '0' ),
( '41', '630', '0', '0' ),
( '41', '631', '0', '0' ),
( '41', '632', '0', '0' ),
( '41', '633', '0', '0' ),
( '41', '634', '0', '0' ),
( '41', '635', '0', '0' ),
( '41', '636', '0', '0' ),
( '41', '637', '0', '0' ),
( '41', '638', '0', '0' ),
( '46', '639', '0', '0' ),
( '46', '640', '0', '0' ),
( '46', '641', '0', '0' ),
( '46', '642', '0', '0' ),
( '46', '643', '0', '0' ),
( '46', '644', '0', '0' ),
( '46', '645', '0', '0' ),
( '46', '646', '0', '0' ),
( '47', '647', '0', '0' ),
( '47', '648', '0', '0' ),
( '47', '649', '0', '0' ),
( '47', '650', '0', '0' ),
( '47', '651', '0', '0' ),
( '47', '652', '0', '0' ),
( '47', '653', '0', '0' ),
( '47', '654', '0', '0' ),
( '47', '655', '0', '0' ),
( '47', '656', '0', '0' ),
( '47', '657', '0', '0' ),
( '47', '658', '0', '0' ),
( '47', '659', '0', '0' ),
( '47', '660', '0', '0' ),
( '47', '661', '0', '0' ),
( '47', '662', '0', '0' ),
( '47', '663', '0', '0' ),
( '47', '664', '0', '0' ),
( '47', '665', '0', '0' ),
( '47', '666', '0', '0' ),
( '47', '667', '0', '0' ),
( '48', '668', '0', '0' ),
( '48', '669', '0', '0' ),
( '48', '670', '0', '0' ),
( '48', '671', '0', '0' ),
( '48', '672', '0', '0' ),
( '48', '673', '0', '0' ),
( '2', '674', '0', '0' ),
( '29', '675', '0', '0' ),
( '23', '676', '0', '0' ),
( '23', '677', '0', '0' ),
( '23', '678', '0', '0' ),
( '23', '679', '0', '0' ),
( '23', '680', '0', '0' ),
( '23', '681', '0', '0' ),
( '23', '682', '0', '0' ),
( '23', '683', '0', '0' ),
( '23', '684', '0', '0' ),
( '22', '685', '0', '0' ),
( '22', '686', '0', '0' ),
( '22', '687', '0', '0' ),
( '22', '688', '0', '0' ),
( '22', '689', '0', '0' ),
( '22', '690', '0', '0' ),
( '22', '691', '0', '0' ),
( '22', '692', '0', '0' ),
( '22', '693', '0', '0' ),
( '21', '694', '0', '0' ),
( '21', '695', '0', '0' ),
( '21', '696', '0', '0' ),
( '21', '697', '0', '0' ),
( '21', '698', '0', '0' ),
( '21', '699', '0', '0' ),
( '21', '700', '0', '0' ),
( '21', '701', '0', '0' ),
( '21', '702', '0', '0' ),
( '20', '703', '0', '0' ),
( '20', '704', '0', '0' ),
( '20', '705', '0', '0' ),
( '20', '706', '0', '0' ),
( '20', '707', '0', '0' ),
( '20', '708', '0', '0' ),
( '20', '709', '0', '0' ),
( '20', '710', '0', '0' ),
( '20', '711', '0', '0' ),
( '29', '712', '0', '0' ),
( '40', '713', '0', '0' ),
( '46', '714', '0', '0' ),
( '29', '715', '0', '0' ),
( '29', '716', '0', '0' ),
( '29', '717', '0', '0' ),
( '23', '718', '0', '0' ),
( '22', '719', '0', '0' ),
( '21', '720', '0', '0' ),
( '20', '721', '0', '0' ),
( '29', '722', '0', '0' ),
( '6', '723', '0', '0' ),
( '4', '724', '0', '0' ),
( '2', '725', '0', '0' ),
( '29', '726', '0', '0' ),
( '23', '727', '0', '0' ),
( '23', '728', '0', '0' ),
( '21', '729', '0', '0' ),
( '21', '730', '0', '0' ),
( '18', '731', '0', '0' ),
( '7', '732', '0', '0' ),
( '46', '733', '0', '0' ),
( '46', '734', '0', '0' ),
( '23', '735', '0', '0' ),
( '20', '736', '0', '0' ),
( '21', '737', '0', '0' ),
( '22', '738', '0', '0' ),
( '29', '739', '0', '0' ),
( '2', '740', '0', '0' ),
( '13', '741', '0', '0' ),
( '29', '742', '0', '0' ),
( '29', '743', '0', '0' ),
( '29', '744', '0', '0' ),
( '29', '745', '0', '0' ),
( '14', '772', '0', '0' ),
( '35', '773', '0', '0' ),
( '23', '774', '0', '0' ),
( '29', '775', '0', '0' ),
( '23', '776', '0', '0' ),
( '23', '777', '0', '0' ),
( '23', '778', '0', '0' ),
( '20', '779', '0', '0' ),
( '20', '780', '0', '0' ),
( '20', '781', '0', '0' ),
( '21', '782', '0', '0' ),
( '22', '783', '0', '0' ),
( '22', '784', '0', '0' ),
( '22', '785', '0', '0' ),
( '46', '786', '0', '0' ),
( '46', '787', '0', '0' ),
( '46', '788', '0', '0' ),
( '2', '789', '0', '0' ),
( '4', '790', '0', '0' ),
( '6', '791', '0', '0' ),
( '7', '792', '0', '0' ),
( '8', '793', '0', '0' ),
( '9', '794', '0', '0' ),
( '10', '795', '0', '0' ),
( '13', '796', '0', '0' ),
( '14', '797', '0', '0' ),
( '15', '798', '0', '0' ),
( '16', '799', '0', '0' ),
( '18', '800', '0', '0' ),
( '19', '801', '0', '0' ),
( '20', '802', '0', '0' ),
( '21', '803', '0', '0' ),
( '22', '804', '0', '0' ),
( '23', '805', '0', '0' ),
( '26', '806', '0', '0' ),
( '10', '807', '0', '0' ),
( '2', '808', '0', '0' ),
( '4', '809', '0', '0' ),
( '6', '810', '0', '0' ),
( '7', '811', '0', '0' ),
( '8', '812', '0', '0' ),
( '9', '813', '0', '0' ),
( '10', '814', '0', '0' ),
( '13', '815', '0', '0' ),
( '14', '816', '0', '0' ),
( '15', '817', '0', '0' ),
( '16', '818', '0', '0' ),
( '18', '819', '0', '0' ),
( '19', '820', '0', '0' ),
( '20', '821', '0', '0' );

INSERT INTO `vtiger_def_org_field`(`tabid`,`fieldid`,`visible`,`readonly`) VALUES 
( '21', '822', '0', '0' ),
( '22', '823', '0', '0' ),
( '23', '824', '0', '0' ),
( '26', '825', '0', '0' ),
( '2', '826', '0', '0' ),
( '4', '827', '0', '0' ),
( '6', '828', '0', '0' ),
( '7', '829', '0', '0' ),
( '8', '830', '0', '0' ),
( '9', '831', '0', '0' ),
( '10', '832', '0', '0' ),
( '13', '833', '0', '0' ),
( '14', '834', '0', '0' ),
( '15', '835', '0', '0' ),
( '16', '836', '0', '0' ),
( '18', '837', '0', '0' ),
( '19', '838', '0', '0' ),
( '20', '839', '0', '0' ),
( '21', '840', '0', '0' ),
( '22', '841', '0', '0' ),
( '23', '842', '0', '0' ),
( '26', '843', '0', '0' ),
( '20', '844', '0', '0' ),
( '21', '845', '0', '0' ),
( '22', '846', '0', '0' ),
( '23', '847', '0', '0' ),
( '41', '848', '0', '0' ),
( '41', '849', '0', '0' ),
( '29', '850', '0', '0' ),
( '22', '851', '0', '0' ),
( '29', '852', '0', '0' ),
( '54', '853', '0', '0' ),
( '54', '854', '0', '0' ),
( '54', '855', '0', '0' ),
( '54', '856', '0', '0' ),
( '54', '857', '0', '0' ),
( '54', '858', '0', '0' ),
( '54', '859', '0', '0' ),
( '54', '860', '0', '0' ),
( '54', '861', '0', '0' ),
( '54', '862', '0', '0' ),
( '54', '863', '0', '0' ),
( '54', '864', '0', '0' ),
( '54', '865', '0', '0' ),
( '54', '866', '0', '0' ),
( '54', '867', '0', '0' ),
( '54', '868', '0', '0' ),
( '54', '869', '0', '0' ),
( '7', '872', '0', '0' ),
( '7', '874', '0', '0' ),
( '4', '876', '0', '0' ),
( '58', '877', '0', '0' ),
( '58', '878', '0', '0' ),
( '58', '879', '0', '0' ),
( '58', '880', '0', '0' ),
( '58', '881', '0', '0' ),
( '58', '882', '0', '0' ),
( '58', '883', '0', '0' ),
( '58', '884', '0', '0' ),
( '58', '885', '0', '0' ),
( '58', '886', '0', '0' ),
( '58', '887', '0', '0' ),
( '59', '888', '0', '0' ),
( '59', '889', '0', '0' ),
( '59', '890', '0', '0' ),
( '59', '891', '0', '0' ),
( '58', '892', '0', '0' ),
( '58', '894', '0', '0' ),
( '58', '898', '0', '0' ),
( '58', '900', '0', '0' ),
( '58', '902', '0', '0' ),
( '58', '905', '0', '0' ),
( '58', '907', '0', '0' ),
( '23', '909', '0', '0' ),
( '34', '912', '0', '0' ),
( '61', '913', '0', '0' ),
( '61', '914', '0', '0' ),
( '61', '915', '0', '0' ),
( '61', '916', '0', '0' ),
( '61', '917', '0', '0' ),
( '61', '918', '0', '0' ),
( '61', '919', '0', '0' ),
( '61', '920', '0', '0' ),
( '61', '921', '0', '0' ),
( '61', '922', '0', '0' ),
( '61', '923', '0', '0' ),
( '61', '924', '0', '0' ),
( '61', '925', '0', '0' ),
( '61', '926', '0', '0' ),
( '61', '927', '0', '0' ),
( '61', '928', '0', '0' ),
( '61', '929', '0', '0' ),
( '61', '930', '0', '0' ),
( '4', '932', '0', '0' ),
( '7', '934', '0', '0' ),
( '4', '938', '0', '0' ),
( '63', '939', '0', '0' ),
( '63', '940', '0', '0' ),
( '63', '941', '0', '0' ),
( '63', '942', '0', '0' ),
( '63', '943', '0', '0' ),
( '63', '944', '0', '0' ),
( '63', '945', '0', '0' ),
( '63', '946', '0', '0' ),
( '63', '947', '0', '0' ),
( '63', '948', '0', '0' ),
( '63', '949', '0', '0' ),
( '63', '950', '0', '0' ),
( '63', '951', '0', '0' ),
( '63', '952', '0', '0' ),
( '63', '953', '0', '0' ),
( '63', '954', '0', '0' ),
( '63', '955', '0', '0' ),
( '63', '956', '0', '0' ),
( '4', '960', '0', '0' );
COMMIT;
-- ---------------------------------------------------------


-- Dump data of "vtiger_def_org_share" ---------------------
BEGIN;

INSERT INTO `vtiger_def_org_share`(`ruleid`,`tabid`,`permission`,`editstatus`) VALUES 
( '1', '2', '2', '0' ),
( '2', '4', '2', '0' ),
( '3', '6', '2', '0' ),
( '4', '7', '2', '0' ),
( '5', '9', '3', '1' ),
( '6', '13', '2', '0' ),
( '7', '16', '3', '2' ),
( '8', '20', '2', '0' ),
( '9', '21', '2', '0' ),
( '10', '22', '2', '0' ),
( '11', '23', '2', '0' ),
( '12', '26', '2', '0' ),
( '13', '8', '2', '0' ),
( '14', '14', '2', '0' ),
( '15', '31', '3', '0' ),
( '16', '34', '2', '0' ),
( '17', '35', '2', '0' ),
( '18', '39', '2', '0' ),
( '19', '40', '2', '0' ),
( '20', '41', '2', '0' ),
( '21', '46', '2', '0' ),
( '22', '47', '2', '0' ),
( '23', '48', '2', '0' ),
( '24', '18', '2', '0' ),
( '25', '10', '2', '0' ),
( '26', '52', '2', '0' ),
( '27', '53', '2', '0' ),
( '28', '54', '3', '0' ),
( '29', '55', '2', '0' ),
( '30', '56', '2', '0' ),
( '31', '57', '2', '0' ),
( '32', '58', '2', '0' ),
( '33', '59', '2', '0' ),
( '34', '60', '2', '0' ),
( '35', '61', '3', '0' ),
( '36', '63', '2', '0' );
COMMIT;
-- ---------------------------------------------------------


-- Dump data of "vtiger_def_org_share_seq" -----------------
BEGIN;

INSERT INTO `vtiger_def_org_share_seq`(`id`) VALUES 
( '36' );
COMMIT;
-- ---------------------------------------------------------


-- Dump data of "vtiger_default_record_view" ---------------
BEGIN;

INSERT INTO `vtiger_default_record_view`(`default_record_viewid`,`default_record_view`,`sortorderid`,`presence`) VALUES 
( '1', 'Summary', '0', '1' ),
( '2', 'Detail', '1', '1' );
COMMIT;
-- ---------------------------------------------------------


-- Dump data of "vtiger_default_record_view_seq" -----------
BEGIN;

INSERT INTO `vtiger_default_record_view_seq`(`id`) VALUES 
( '2' );
COMMIT;
-- ---------------------------------------------------------


-- Dump data of "vtiger_defaultactivitytype" ---------------
BEGIN;

INSERT INTO `vtiger_defaultactivitytype`(`defaultactivitytypeid`,`defaultactivitytype`,`presence`,`picklist_valueid`,`sortorderid`) VALUES 
( '1', 'Call', '1', '299', '1' ),
( '2', 'Meeting', '1', '300', '2' );
COMMIT;
-- ---------------------------------------------------------


-- Dump data of "vtiger_defaultactivitytype_seq" -----------
BEGIN;

INSERT INTO `vtiger_defaultactivitytype_seq`(`id`) VALUES 
( '2' );
COMMIT;
-- ---------------------------------------------------------


-- Dump data of "vtiger_defaultcalendarview" ---------------
BEGIN;

INSERT INTO `vtiger_defaultcalendarview`(`defaultcalendarviewid`,`defaultcalendarview`,`sortorderid`,`presence`) VALUES 
( '1', 'ListView', '0', '1' ),
( '2', 'MyCalendar', '1', '1' ),
( '3', 'SharedCalendar', '2', '1' );
COMMIT;
-- ---------------------------------------------------------


-- Dump data of "vtiger_defaultcalendarview_seq" -----------
BEGIN;

INSERT INTO `vtiger_defaultcalendarview_seq`(`id`) VALUES 
( '3' );
COMMIT;
-- ---------------------------------------------------------


-- Dump data of "vtiger_defaultcv" -------------------------
-- ---------------------------------------------------------


-- Dump data of "vtiger_defaulteventstatus" ----------------
BEGIN;

INSERT INTO `vtiger_defaulteventstatus`(`defaulteventstatusid`,`defaulteventstatus`,`presence`,`picklist_valueid`,`sortorderid`) VALUES 
( '1', 'Planned', '1', '296', '1' ),
( '2', 'Held', '1', '297', '2' ),
( '3', 'Not Held', '1', '298', '3' );
COMMIT;
-- ---------------------------------------------------------


-- Dump data of "vtiger_defaulteventstatus_seq" ------------
BEGIN;

INSERT INTO `vtiger_defaulteventstatus_seq`(`id`) VALUES 
( '3' );
COMMIT;
-- ---------------------------------------------------------


-- Dump data of "vtiger_defaultlandingpage" ----------------
BEGIN;

INSERT INTO `vtiger_defaultlandingpage`(`defaultlandingpageid`,`defaultlandingpage`,`presence`,`picklist_valueid`,`sortorderid`,`color`) VALUES 
( '1', 'true', '1', '303', '1', NULL ),
( '2', 'false', '1', '304', '2', NULL );
COMMIT;
-- ---------------------------------------------------------


-- Dump data of "vtiger_defaultlandingpage_seq" ------------
BEGIN;

INSERT INTO `vtiger_defaultlandingpage_seq`(`id`) VALUES 
( '2' );
COMMIT;
-- ---------------------------------------------------------


-- Dump data of "vtiger_duration_minutes" ------------------
BEGIN;

INSERT INTO `vtiger_duration_minutes`(`minutesid`,`duration_minutes`,`sortorderid`,`presence`,`color`) VALUES 
( '1', '00', '0', '1', NULL ),
( '2', '15', '1', '1', NULL ),
( '3', '30', '2', '1', NULL ),
( '4', '45', '3', '1', NULL );
COMMIT;
-- ---------------------------------------------------------


-- Dump data of "vtiger_duration_minutes_seq" --------------
BEGIN;

INSERT INTO `vtiger_duration_minutes_seq`(`id`) VALUES 
( '4' );
COMMIT;
-- ---------------------------------------------------------


-- Dump data of "vtiger_durationhrs" -----------------------
-- ---------------------------------------------------------


-- Dump data of "vtiger_durationmins" ----------------------
-- ---------------------------------------------------------


-- Dump data of "vtiger_email_access" ----------------------
-- ---------------------------------------------------------


-- Dump data of "vtiger_email_track" -----------------------
BEGIN;

INSERT INTO `vtiger_email_track`(`crmid`,`mailid`,`access_count`,`click_count`) VALUES 
( '4', '9', '0', '0' ),
( '17', '18', '0', '0' ),
( '22', '23', '0', '0' ),
( '22', '24', '0', '0' ),
( '22', '25', '0', '0' ),
( '22', '26', '0', '0' ),
( '22', '27', '0', '0' ),
( '22', '28', '0', '0' ),
( '22', '30', '0', '0' ),
( '22', '31', '0', '0' ),
( '22', '32', '0', '0' ),
( '22', '33', '0', '0' ),
( '22', '34', '0', '0' ),
( '22', '35', '0', '0' ),
( '22', '36', '0', '0' ),
( '22', '37', '0', '0' ),
( '22', '38', '0', '0' ),
( '22', '39', '0', '0' ),
( '42', '45', '0', '0' ),
( '43', '46', '0', '0' ),
( '42', '48', '0', '0' ),
( '42', '49', '0', '0' ),
( '42', '50', '0', '0' ),
( '4', '51', '0', '0' ),
( '4', '52', '0', '0' ),
( '4', '53', '0', '0' ),
( '4', '54', '0', '0' ),
( '8', '56', '0', '0' ),
( '58', '59', '0', '0' ),
( '60', '61', '0', '0' ),
( '42', '65', '0', '0' ),
( '67', '69', '0', '0' ),
( '68', '70', '0', '0' ),
( '74', '77', '0', '0' ),
( '82', '83', '0', '0' ),
( '67', '86', '0', '0' ),
( '42', '87', '0', '0' ),
( '58', '88', '0', '0' ),
( '4', '89', '0', '0' ),
( '82', '107', '0', '0' ),
( '82', '108', '0', '0' ),
( '109', '110', '0', '0' ),
( '114', '116', '0', '0' ),
( '115', '117', '0', '0' ),
( '119', '120', '0', '0' ),
( '121', '124', '0', '0' ),
( '122', '125', '0', '0' ),
( '123', '126', '0', '0' ),
( '8', '129', '0', '0' ),
( '8', '130', '0', '0' ),
( '121', '131', '0', '0' ),
( '42', '132', '0', '0' ),
( '42', '133', '0', '0' ),
( '42', '134', '0', '0' ),
( '42', '136', '0', '0' ),
( '42', '137', '0', '0' ),
( '42', '138', '0', '0' ),
( '135', '139', '0', '0' ),
( '143', '144', '0', '0' );
COMMIT;
-- ---------------------------------------------------------


-- Dump data of "vtiger_emaildetails" ----------------------
BEGIN;

INSERT INTO `vtiger_emaildetails`(`emailid`,`from_email`,`to_email`,`cc_email`,`bcc_email`,`assigned_user_email`,`idlists`,`email_flag`) VALUES 
( '6', 'adm@local.com', '["adm@local.com"]', '[""]', '[""]', '', '4@1|', 'SENT' ),
( '9', 'se@sergeyem.ru', '["se@sergeyem.ru"]', '[""]', '[""]', '', '4@1|', 'SENT' ),
( '18', 'se@sergeyem.ru', '["se@sergeyem.ru"]', '[""]', '[""]', '', '17@1|', 'SENT' ),
( '23', 'info@x2tree.de', '["antrag@x2tree.de"]', '[""]', '[""]', '', '22@1|', 'SENT' ),
( '24', 'info@x2tree.de', '["antrag@x2tree.de"]', '[""]', '[""]', '', '22@1|', 'SENT' ),
( '25', 'info@x2tree.de', '["antrag@x2tree.de"]', '[""]', '[""]', '', '22@1|', 'SENT' ),
( '26', 'info@x2tree.de', '["antrag@x2tree.de"]', '[""]', '[""]', '', '22@1|', 'SENT' ),
( '27', 'info@x2tree.de', '["antrag@x2tree.de"]', '[""]', '[""]', '', '22@1|', 'SENT' ),
( '28', 'se@sergeyem.ru', '["it@itvolga.com"]', '[""]', '[""]', '', '22@1|', 'SENT' ),
( '30', 'info@x2tree.de', '["antrag@x2tree.de"]', '[""]', '[""]', '', '22@1|', 'SENT' ),
( '31', 'info@x2tree.de', '["antrag@x2tree.de"]', '[""]', '[""]', '', '22@1|', 'SENT' ),
( '32', 'info@x2tree.de', '["antrag@x2tree.de"]', '[""]', '[""]', '', '22@1|', 'SENT' ),
( '33', 'info@x2tree.de', '["antrag@x2tree.de"]', '[""]', '[""]', '', '22@1|', 'SENT' ),
( '34', 'info@x2tree.de', '["antrag@x2tree.de"]', '[""]', '[""]', '', '22@1|', 'SENT' ),
( '35', 'info@x2tree.de', '["antrag@x2tree.de"]', '[""]', '[""]', '', '22@1|', 'SENT' ),
( '36', 'info@x2tree.de', '["antrag@x2tree.de"]', '[""]', '[""]', '', '22@1|', 'SENT' ),
( '37', 'info@x2tree.de', '["","it@itvolga.com"]', '[""]', '[""]', '', '22@1|', 'SENT' ),
( '38', 'info@x2tree.de', '["","it@itvolga.com"]', '[""]', '[""]', '', '22@1|', 'SENT' ),
( '39', 'info@x2tree.de', '["","it@itvolga.com"]', '[""]', '[""]', '', '22@1|', 'SENT' ),
( '45', 'se@sergeyem.ru', '["se@sergeyem.ru"]', '[""]', '[""]', '', '42@1|', 'SENT' ),
( '46', 'se@sergeyem.ru', '["se@sergeyem.ru"]', '[""]', '[""]', '', '43@1|', 'SENT' ),
( '48', 'se@sergeyem.ru', '["se@sergeyem.ru"]', '[""]', '[""]', '', '42@1|', 'SENT' ),
( '49', 'se@sergeyem.ru', '["se@sergeyem.ru"]', '[""]', '[""]', '', '42@1|', 'SENT' ),
( '50', 'se@sergeyem.ru', '["se@sergeyem.ru"]', '[""]', '[""]', '', '42@1|', 'SENT' ),
( '51', 'se@sergeyem.ru', '["se@sergeyem.ru"]', '[""]', '[""]', '', '4@1|', 'SENT' ),
( '52', 'se@sergeyem.ru', '["se@sergeyem.ru"]', '[""]', '[""]', '', '4@1|', 'SENT' ),
( '53', 'se@sergeyem.ru', '["se@sergeyem.ru"]', '[""]', '[""]', '', '4@1|', 'SENT' ),
( '54', 'se@sergeyem.ru', '["se@sergeyem.ru"]', '[""]', '[""]', '', '4@1|', 'SENT' ),
( '56', 'info@x2tree.de', '["","sidor@mail.ru"]', '[""]', '[""]', '', '8@1|', 'SENT' ),
( '59', 'anton-felk@hotmail.de', '["anton-felk@hotmail.de"]', '[""]', '[""]', '', '58@1|', 'SENT' ),
( '61', 'anton-felk@hotmail.de', '["anton-felk@hotmail.de"]', '[""]', '[""]', '', '60@1|', 'SENT' ),
( '65', 'se@sergeyem.ru', '["se@sergeyem.ru"]', '[""]', '[""]', '', '42@1|', 'SENT' ),
( '69', 'anton-felk@hotmail.de', '["anton-felk@hotmail.de"]', '[""]', '[""]', '', '67@1|', 'SENT' ),
( '70', 'anton-felk@hotmail.de', '["anton-felk@hotmail.de"]', '[""]', '[""]', '', '68@1|', 'SENT' ),
( '77', 'adm@local.com', '["","anton-felk@hotmail.de"]', '[""]', '[""]', '', '74@1|', 'SENT' ),
( '83', 'anton-felk@hotmail.de', '["anton-felk@hotmail.de"]', '[""]', '[""]', '', '82@1|', 'SENT' ),
( '86', 'anton-felk@hotmail.de', '["anton-felk@hotmail.de"]', '[""]', '[""]', '', '67@1|', 'SENT' ),
( '87', 'se@sergeyem.ru', '["se@sergeyem.ru"]', '[""]', '[""]', '', '42@1|', 'SENT' ),
( '88', 'anton-felk@hotmail.de', '["anton-felk@hotmail.de"]', '[""]', '[""]', '', '58@1|', 'SENT' ),
( '89', 'se@sergeyem.ru', '["se@sergeyem.ru"]', '[""]', '[""]', '', '4@1|', 'SENT' ),
( '107', 'anton-felk@hotmail.de', '["anton-felk@hotmail.de"]', '[""]', '[""]', '', '82@1|', 'SENT' ),
( '108', 'anton-felk@hotmail.de', '["anton-felk@hotmail.de"]', '[""]', '[""]', '', '82@1|', 'SENT' ),
( '110', 'anton-felk@hotmail.de', '["anton-felk@hotmail.de"]', '[""]', '[""]', '', '109@1|', 'SENT' ),
( '116', 'anton-felk@hotmail.de', '["anton-felk@hotmail.de"]', '[""]', '[""]', '', '114@1|', 'SENT' ),
( '117', 'anton-felk@hotmail.de', '["anton-felk@hotmail.de"]', '[""]', '[""]', '', '115@1|', 'SENT' ),
( '120', 'info@x2tree.de', '["","aaa@gmail.com"]', '[""]', '[""]', '', '119@1|', 'SENT' ),
( '124', 'anton-felk@hotmail.de', '["anton-felk@hotmail.de"]', '[""]', '[""]', '', '121@1|', 'SENT' ),
( '125', 'anton-felk@hotmail.de', '["anton-felk@hotmail.de"]', '[""]', '[""]', '', '122@1|', 'SENT' ),
( '126', 'anton-felk@hotmail.de', '["anton-felk@hotmail.de"]', '[""]', '[""]', '', '123@1|', 'SENT' ),
( '129', 'info@x2tree.de', '["","sidor@mail.ru"]', '[""]', '[""]', '', '8@1|', 'SENT' ),
( '130', 'info@x2tree.de', '["","sidor@mail.ru"]', '[""]', '[""]', '', '8@1|', 'SENT' ),
( '131', 'anton-felk@hotmail.de', '["anton-felk@hotmail.de"]', '[""]', '[""]', '', '121@1|', 'SENT' ),
( '132', 'se@sergeyem.ru', '["se@sergeyem.ru"]', '[""]', '[""]', '', '42@1|', 'SENT' ),
( '133', 'se@sergeyem.ru', '["se@sergeyem.ru"]', '[""]', '[""]', '', '42@1|', 'SENT' ),
( '134', 'se@sergeyem.ru', '["se@sergeyem.ru"]', '[""]', '[""]', '', '42@1|', 'SENT' ),
( '136', 'se@sergeyem.ru', '["se@sergeyem.ru"]', '[""]', '[""]', '', '42@1|', 'SENT' ),
( '137', 'se@sergeyem.ru', '["se@sergeyem.ru"]', '[""]', '[""]', '', '42@1|', 'SENT' ),
( '138', 'se@sergeyem.ru', '["se@sergeyem.ru"]', '[""]', '[""]', '', '42@1|', 'SENT' ),
( '139', 'se@sergeyem.ru', '["se@sergeyem.ru"]', '[""]', '[""]', '', '135@1|', 'SENT' ),
( '144', 'se@sergeyem.ru', '["se@sergeyem.ru"]', '[""]', '[""]', '', '143@1|', 'SENT' );
COMMIT;
-- ---------------------------------------------------------


-- Dump data of "vtiger_emails_recipientprefs" -------------
-- ---------------------------------------------------------


-- Dump data of "vtiger_emailslookup" ----------------------
BEGIN;

INSERT INTO `vtiger_emailslookup`(`crmid`,`setype`,`value`,`fieldid`) VALUES 
( '8', 'Leads', 'sidor@mail.ru', '46' ),
( '4', 'Contacts', 'florian_co74@yahoo.com', '80' ),
( '22', 'Leads', 'it@itvolga.com', '46' ),
( '42', 'Contacts', 'it@itvolga.com', '80' ),
( '57', 'Leads', 'peter1mueller@gmail.com', '46' ),
( '58', 'Contacts', 'peter1mueller@gmail.com', '80' ),
( '66', 'Leads', 'janschmidt@gmai.com', '46' ),
( '67', 'Contacts', 'janschmidt@gmai.com', '80' ),
( '81', 'Leads', 'c.Ronaldo@gmail.com', '46' ),
( '82', 'Contacts', 'anton-felk@hotmail.de', '80' ),
( '119', 'Leads', 'aaa@gmail.com', '46' ),
( '121', 'Contacts', 'aaa@gmail.com', '80' );
COMMIT;
-- ---------------------------------------------------------


-- Dump data of "vtiger_emailtemplates" --------------------
BEGIN;

INSERT INTO `vtiger_emailtemplates`(`foldername`,`templatename`,`templatepath`,`subject`,`description`,`body`,`deleted`,`templateid`,`systemtemplate`,`module`) VALUES 
( 'Public', 'Announcement for Release', '', 'Announcement for Release', 'Announcement of a release', 'Hello!   <br />
	<br />
	On behalf of the vtiger team,  I am pleased to announce the release of vtiger crm4.2 . This is a feature packed release including the mass email template handling, custom view feature, vtiger_reports feature and a host of other utilities. vtiger runs on all platforms.    <br />
        <br />
	Notable Features of vtiger are :   <br />
	<br />
	-Email Client Integration    <br />
	-Trouble Ticket Integration   <br />
	-Invoice Management Integration   <br />
	-Reports Integration   <br />
	-Portal Integration   <br />
	-Enhanced Word Plugin Support   <br />
	-Custom View Integration   <br />
	<br />
	Known Issues:   <br />
	-ABCD   <br />
	-EFGH   <br />
	-IJKL   <br />
	-MNOP   <br />
	-QRST', '0', '1', '0', 'Contacts' ),
( 'Public', 'Pending Invoices', '', 'Invoices Pending', 'Payment Due', 'name <br />
street, <br />
city, <br />
state, <br />
 zip) <br />
  <br />
 Dear <br />
 <br />
 Please check the following invoices that are yet to be paid by you: <br />
 <br />
 No. Date      Amount <br />
 1   1/1/01    $4000 <br />
 2   2/2//01   $5000 <br />
 3   3/3/01    $10000 <br />
 4   7/4/01    $23560 <br />
 <br />
 Kindly let us know if there are any issues that you feel are pending to be discussed. <br />
 We will be more than happy to give you a call. <br />
 We would like to continue our business with you.', '0', '2', '0', 'Contacts' ),
( 'Public', 'Acceptance Proposal', '', 'Acceptance Proposal', 'Acceptance of Proposal', ' Dear <br />
 <br />
Your proposal on the project XYZW has been reviewed by us <br />
and is acceptable in its entirety. <br />
 <br />
We are eagerly looking forward to this project <br />
and are pleased about having the opportunity to work <br />
together. We look forward to a long standing relationship <br />
with your esteemed firm. <br />
<br />
I would like to take this opportunity to invite you <br />
to a game of golf on Wednesday morning 9am at the <br />
Cuff Links Ground. We will be waiting for you in the <br />
Executive Lounge. <br />
<br />
Looking forward to seeing you there.', '0', '3', '0', 'Contacts' ),
( 'Public', 'Goods received acknowledgement', '', 'Goods received acknowledgement', 'Acknowledged Receipt of Goods', ' The undersigned hereby acknowledges receipt and delivery of the goods. <br />
The undersigned will release the payment subject to the goods being discovered not satisfactory. <br />
<br />
Signed under seal this <date>', '0', '4', '0', 'Contacts' ),
( 'Public', 'Accept Order', '', 'Accept Order', 'Acknowledgement/Acceptance of Order', ' Dear <br />
         We are in receipt of your order as contained in the <br />
   purchase order form.We consider this to be final and binding on both sides. <br />
If there be any exceptions noted, we shall consider them <br />
only if the objection is received within ten days of receipt of <br />
this notice. <br />
 <br />
Thank you for your patronage.', '0', '5', '0', 'Contacts' ),
( 'Public', 'Address Change', '', 'Change of Address', 'Address Change', 'Dear <br />
 <br />
We are relocating our office to <br />
11111,XYZDEF Cross, <br />
UVWWX Circle <br />
The telephone number for this new location is (101) 1212-1328. <br />
<br />
Our Manufacturing Division will continue operations <br />
at 3250 Lovedale Square Avenue, in Frankfurt. <br />
<br />
We hope to keep in touch with you all. <br />
Please update your addressbooks.', '0', '6', '0', 'Contacts' ),
( 'Public', 'Follow Up', '', 'Follow Up', 'Follow Up of meeting', 'Dear <br />
<br />
Thank you for extending us the opportunity to meet with <br />
you and members of your staff. <br />
<br />
I know that John Doe serviced your account <br />
for many years and made many friends at your firm. He has personally <br />
discussed with me the deep relationship that he had with your firm. <br />
While his presence will be missed, I can promise that we will <br />
continue to provide the fine service that was accorded by <br />
John to your firm. <br />
<br />
I was genuinely touched to receive such fine hospitality. <br />
<br />
Thank you once again.', '0', '7', '0', 'Contacts' ),
( 'Public', 'Target Crossed!', '', 'Target Crossed!', 'Fantastic Sales Spree!', 'Congratulations! <br />
<br />
The numbers are in and I am proud to inform you that our <br />
total sales for the previous quarter <br />
amounts to $100,000,00.00!. This is the first time <br />
we have exceeded the target by almost 30%. <br />
We have also beat the previous quarter record by a <br />
whopping 75%! <br />
<br />
Let us meet at Smoking Joe for a drink in the evening! <br />

C you all there guys!', '0', '8', '0', 'Contacts' ),
( 'Public', 'Thanks Note', '', 'Thanks Note', 'Note of thanks', 'Dear <br />
<br />
Thank you for your confidence in our ability to serve you. <br />
We are glad to be given the chance to serve you.I look <br />
forward to establishing a long term partnership with you. <br />
Consider me as a friend. <br />
Should any need arise,please do give us a call.', '0', '9', '0', 'Contacts' ),
( 'Public', 'Customer Login Details', '', 'Customer Portal Login Details', 'Send Portal login details to customer', '<!DOCTYPE HTML PUBLIC "-//W3C//DTD HTML 4.01//EN" "http://www.w3.org/TR/html4/strict.dtd">
        <html>
        <head>
          <title></title>
        </head>
        <body class="scayt-enabled">
          <!-- <center> -->
            <table border="0" cellpadding="0" cellspacing="0" class="borderGrey" width="600px" style="margin-left:0px;">
              <tbody>
                <tr>
                  <td colspan="6"><!-- Begin Pre header --><!-- // End Pre header \\ --></td>
                </tr>
                <tr style="height:50px;">
                  <td colspan="6" style="
                  font-family: Helvetica,Verdana,sans-serif">
                  <div style="margin-bottom:10px;color: rgb(34, 34, 34); font-family: arial, sans-serif; font-size: 14px; background-color: rgb(255, 255, 255);"><br />
                    Dear $contacts-firstname$ $contacts-lastname$,</div>

                    <div style="margin-top:20px;margin-bottom:20px; color: rgb(34, 34, 34); font-family: arial, sans-serif; font-size: 14px; background-color: rgb(255, 255, 255);">As our customer, you can be assured of getting excellent support from our team. I would like to take this opportunity to introduce the portal we have setup for valuable customers like you. You can submit questions/issues via the portal, see past issues and responses. In addition, Portal provides you access to our knowledge base and documents we shared with you in the past.
                    </div>

                    <div style="margin-top:10px;color: rgb(34, 34, 34); font-family: arial, sans-serif; font-size: 14px; background-color: rgb(255, 255, 255);">$URL$ to login to the portal, with the credentials below.</div>

                    <div style="margin-top:20px;color: rgb(34, 34, 34); font-family: arial, sans-serif; font-size: 14px; background-color: rgb(255, 255, 255);">Your Username: $login_name$</div>

                    <div style="margin-bottom:20px;color: rgb(34, 34, 34); font-family: arial, sans-serif; font-size: 14px; background-color: rgb(255, 255, 255);">Your Password: $password$</div>
                    <div class="gmail_extra" style="margin-top:10px;color: rgb(34, 34, 34); font-family: arial, sans-serif; font-size: 14px; background-color: rgb(255, 255, 255);">Thank you,<br />
                      $contacts-smownerid$</div>

                    </td>
                  </tr>
                  <tr>
                    <td colspan="6" style="font-family: Helvetica,Verdana,sans-serif;font-size: 11px;color: #666666;">
                      <table border="0" cellpadding="4" cellspacing="0" width="100%">
                        <tbody>
                          <!--copy right data-->
                          <tr>
                            <td valign="top" style="
                            padding-left: 0px;
                            padding-right: 0px;
                            width:350px">
                                <div style="margin-top:20px;"><em>Powered By <a href="www.vtiger.com">Vtiger</a><div>
                            </td>
                          </tr>
                          <!--subscribers links-->
                        </tbody>
                      </table>
                    </td>
                  </tr>
                </tbody>
              </table>
            <!-- </center> -->
          </body>
          </html>', '0', '10', '0', 'Contacts' ),
( 'Public', 'Support end notification before a week', '', 'VtigerCRM Support Notification', 'Send Notification mail to customer before a week of support end date', '<table width="700" cellspacing="0" cellpadding="0" border="0" align="center" style="font-family: Arial,Helvetica,sans-serif; font-size: 12px; font-weight: normal; text-decoration: none; background-color: rgb(122, 122, 254);">
        <tr>
            <td> </td>
            <td> </td>
            <td> </td>
        </tr>
        <tr>
            <td> </td>
            <td> </td>
            <td> </td>
        </tr>
        <tr>
            <td> </td>
            <td> </td>
            <td> </td>
        </tr>
        <tr>
            <td width="50"> </td>
            <td>
            <table width="100%" cellspacing="0" cellpadding="0" border="0">
                    <tr>
                        <td>
                        <table width="100%" cellspacing="0" cellpadding="0" border="0" style="background-color: rgb(27, 77, 140); font-family: Arial,Helvetica,sans-serif; font-size: 14px; color: rgb(255, 255, 255); font-weight: normal; line-height: 25px;">
                                <tr>
                                    <td align="center" rowspan="4">$logo$</td>
                                    <td align="center"> </td>
                                </tr>
                                <tr>
                                    <td align="left" style="background-color: rgb(27, 77, 140); font-family: Arial,Helvetica,sans-serif; font-size: 24px; color: rgb(255, 255, 255); font-weight: bolder; line-height: 35px;">vtiger CRM </td>
                                </tr>
                                <tr>
                                    <td align="right" style="padding-right: 100px;">The honest Open Source CRM </td>
                                </tr>
                                <tr>
                                    <td> </td>
                                </tr>
                        </table>
                        </td>
                    </tr>
                    <tr>
                        <td>
                        <table width="100%" cellspacing="0" cellpadding="0" border="0" style="font-family: Arial,Helvetica,sans-serif; font-size: 12px; font-weight: normal; color: rgb(0, 0, 0); background-color: rgb(255, 255, 255);">
                                <tr>
                                    <td valign="top">
                                    <table width="100%" cellspacing="0" cellpadding="5" border="0">
                                            <tr>
                                                <td align="right" style="font-family: Arial,Helvetica,sans-serif; font-size: 12px; font-weight: bolder; text-decoration: none; color: rgb(66, 66, 253);"> </td>
                                            </tr>
                                            <tr>
                                                <td> </td>
                                            </tr>
                                            <tr>
                                                <td style="font-family: Arial,Helvetica,sans-serif; font-size: 14px; color: rgb(22, 72, 134); font-weight: bolder; line-height: 15px;">Dear $contacts-lastname$, </td>
                                            </tr>
                                            <tr>
                                                <td style="font-family: Arial,Helvetica,sans-serif; font-size: 12px; color: rgb(0, 0, 0); font-weight: normal; text-align: justify; line-height: 20px;">This is just a notification mail regarding your support end.<br /><span style="font-weight: bold;">Priority:</span> Urgent<br />Your Support is going to expire on next week<br />Please contact support@vtiger.com.<br /><br /><br /></td>
                                            </tr>
                                            <tr>
                                                <td align="center"><br /></td>
                                            </tr>
                                            <tr>
                                                <td align="right"><strong style="padding: 2px; font-family: Arial,Helvetica,sans-serif; font-size: 12px; color: rgb(0, 0, 0); font-weight: bold;"><br /><br />Sincerly</strong></td>
                                            </tr>
                                            <tr>
                                                <td align="right" style="font-family: Arial,Helvetica,sans-serif; font-size: 12px; color: rgb(0, 0, 0); font-weight: normal; line-height: 20px;">Support Team </td>
                                            </tr>
                                            <tr>
                                                <td align="right"><a style="font-family: Arial,Helvetica,sans-serif; font-size: 12px; font-weight: bolder; text-decoration: none; color: rgb(66, 66, 253);" href="http://www.vtiger.com">www.vtiger.com</a></td>
                                            </tr>
                                            <tr>
                                                <td> </td>
                                            </tr>
                                    </table>
                                    </td>
                                    <td width="1%" valign="top"> </td>
                                </tr>
                        </table>
                        </td>
                    </tr>
                    <tr>
                        <td>
                        <table width="100%" cellspacing="0" cellpadding="5" border="0" style="font-family: Arial,Helvetica,sans-serif; font-size: 12px; color: rgb(255, 255, 255); font-weight: normal; line-height: 15px; background-color: rgb(51, 51, 51);">
                                <tr>
                                    <td align="center">Shree Narayana Complex, No 11 Sarathy Nagar, Vijaya Nagar , Velachery, Chennai - 600 042 India </td>
                                </tr>
                                <tr>
                                    <td align="center">Telephone No: +91 - 44 - 4202 - 1990     Toll Free No: +1 877 788 4437</td>
                                </tr>
                                <tr>
                                    <td align="center">Email Id: <a style="font-family: Arial,Helvetica,sans-serif; font-size: 12px; font-weight: bolder; text-decoration: none; color: rgb(255, 255, 255);" href="mailto:info@vtiger.com">info@vtiger.com</a></td>
                                </tr>
                        </table>
                        </td>
                    </tr>
            </table>
            </td>
            <td width="50"> </td>
        </tr>
        <tr>
            <td> </td>
            <td> </td>
            <td> </td>
        </tr>
        <tr>
            <td> </td>
            <td> </td>
            <td> </td>
        </tr>
        <tr>
            <td> </td>
            <td> </td>
            <td> </td>
        </tr>
</table>', '0', '11', '0', 'Contacts' ),
( 'Public', 'Support end notification before a month', '', 'VtigerCRM Support Notification', 'Send Notification mail to customer before a month of support end date', '<table width="700" cellspacing="0" cellpadding="0" border="0" align="center" style="font-family: Arial,Helvetica,sans-serif; font-size: 12px; font-weight: normal; text-decoration: none; background-color: rgb(122, 122, 254);">
        <tr>
            <td> </td>
            <td> </td>
            <td> </td>
        </tr>
        <tr>
            <td> </td>
            <td> </td>
            <td> </td>
        </tr>
        <tr>
            <td> </td>
            <td> </td>
            <td> </td>
        </tr>
        <tr>
            <td width="50"> </td>
            <td>
            <table width="100%" cellspacing="0" cellpadding="0" border="0">
                    <tr>
                        <td>
                        <table width="100%" cellspacing="0" cellpadding="0" border="0" style="background-color: rgb(27, 77, 140); font-family: Arial,Helvetica,sans-serif; font-size: 14px; color: rgb(255, 255, 255); font-weight: normal; line-height: 25px;">
                                <tr>
                                    <td align="center" rowspan="4">$logo$</td>
                                    <td align="center"> </td>
                                </tr>
                                <tr>
                                    <td align="left" style="background-color: rgb(27, 77, 140); font-family: Arial,Helvetica,sans-serif; font-size: 24px; color: rgb(255, 255, 255); font-weight: bolder; line-height: 35px;">vtiger CRM </td>
                                </tr>
                                <tr>
                                    <td align="right" style="padding-right: 100px;">The honest Open Source CRM </td>
                                </tr>
                                <tr>
                                    <td> </td>
                                </tr>
                        </table>
                        </td>
                    </tr>
                    <tr>
                        <td>
                        <table width="100%" cellspacing="0" cellpadding="0" border="0" style="font-family: Arial,Helvetica,sans-serif; font-size: 12px; font-weight: normal; color: rgb(0, 0, 0); background-color: rgb(255, 255, 255);">
                                <tr>
                                    <td valign="top">
                                    <table width="100%" cellspacing="0" cellpadding="5" border="0">
                                            <tr>
                                                <td align="right" style="font-family: Arial,Helvetica,sans-serif; font-size: 12px; font-weight: bolder; text-decoration: none; color: rgb(66, 66, 253);"> </td>
                                            </tr>
                                            <tr>
                                                <td> </td>
                                            </tr>
                                            <tr>
                                                <td style="font-family: Arial,Helvetica,sans-serif; font-size: 14px; color: rgb(22, 72, 134); font-weight: bolder; line-height: 15px;">Dear $contacts-lastname$, </td>
                                            </tr>
                                            <tr>
                                                <td style="font-family: Arial,Helvetica,sans-serif; font-size: 12px; color: rgb(0, 0, 0); font-weight: normal; text-align: justify; line-height: 20px;">This is just a notification mail regarding your support end.<br /><span style="font-weight: bold;">Priority:</span> Normal<br />Your Support is going to expire on next month.<br />Please contact support@vtiger.com<br /><br /><br /></td>
                                            </tr>
                                            <tr>
                                                <td align="center"><br /></td>
                                            </tr>
                                            <tr>
                                                <td align="right"><strong style="padding: 2px; font-family: Arial,Helvetica,sans-serif; font-size: 12px; color: rgb(0, 0, 0); font-weight: bold;"><br /><br />Sincerly</strong></td>
                                            </tr>
                                            <tr>
                                                <td align="right" style="font-family: Arial,Helvetica,sans-serif; font-size: 12px; color: rgb(0, 0, 0); font-weight: normal; line-height: 20px;">Support Team </td>
                                            </tr>
                                            <tr>
                                                <td align="right"><a href="http://www.vtiger.com" style="font-family: Arial,Helvetica,sans-serif; font-size: 12px; font-weight: bolder; text-decoration: none; color: rgb(66, 66, 253);">www.vtiger.com</a></td>
                                            </tr>
                                            <tr>
                                                <td> </td>
                                            </tr>
                                    </table>
                                    </td>
                                    <td width="1%" valign="top"> </td>
                                </tr>
                        </table>
                        </td>
                    </tr>
                    <tr>
                        <td>
                        <table width="100%" cellspacing="0" cellpadding="5" border="0" style="font-family: Arial,Helvetica,sans-serif; font-size: 12px; color: rgb(255, 255, 255); font-weight: normal; line-height: 15px; background-color: rgb(51, 51, 51);">
                                <tr>
                                    <td align="center">Shree Narayana Complex, No 11 Sarathy Nagar, Vijaya Nagar , Velachery, Chennai - 600 042 India </td>
                                </tr>
                                <tr>
                                    <td align="center">Telephone No: +91 - 44 - 4202 - 1990     Toll Free No: +1 877 788 4437</td>
                                </tr>
                                <tr>
                                    <td align="center">Email Id: <a href="mailto:info@vtiger.com" style="font-family: Arial,Helvetica,sans-serif; font-size: 12px; font-weight: bolder; text-decoration: none; color: rgb(255, 255, 255);">info@vtiger.com</a></td>
                                </tr>
                        </table>
                        </td>
                    </tr>
            </table>
            </td>
            <td width="50"> </td>
        </tr>
        <tr>
            <td> </td>
            <td> </td>
            <td> </td>
        </tr>
        <tr>
            <td> </td>
            <td> </td>
            <td> </td>
        </tr>
        <tr>
            <td> </td>
            <td> </td>
            <td> </td>
        </tr>
</table>', '0', '12', '0', 'Contacts' ),
( 'Public', 'Activity Reminder', NULL, 'Reminder', 'Reminder', '<p>This is a reminder notification for the Activity<br/>The details are :<br/> 
							&nbsp; Subject : $events-subject$<br/> 
							&nbsp; Start Date & Time : $events-date_start$<br/>
							&nbsp; End Date & Time : $events-due_date$<br/> 
							&nbsp; Status : $events-eventstatus$<br/> 
							&nbsp; Location : $events-location$<br/> 
							&nbsp; Description : $events-description$<br/><br/> 
							<p/>', '0', '14', '1', 'Events' ),
( 'Public', 'ToDo Reminder', NULL, 'Activity Reminder', 'Reminder', '<p>This is a reminder notification for the Activity<br/>The details are :<br/>
								&nbsp; Subject : $calendar-subject$<br/>
								&nbsp; Start Date & Time : $calendar-date_start$<br/>
								&nbsp; Due Date : $calendar-due_date$<br/>
								&nbsp; Status : $calendar-status$<br/>
								&nbsp; Location : $calendar-location$<br/>
								&nbsp; Description : $calendar-description$<br/><br/>
								<p/>', '0', '15', '1', 'Events' ),
( 'Public', 'Invite Users', NULL, 'Invitation', 'Invite Users', '<p>$invitee_name$,<br/><br/>You have been invited for an activity<br/><br/>The details are :<br/>
								&nbsp; Subject : $events-subject$<br/>
								&nbsp; Start Date & Time : $events-date_start$<br/> 
								&nbsp; End Date & Time : $events-due_date$<br/>
								&nbsp; Status : $events-eventstatus$<br/>
								&nbsp; Priority : $events-priority$<br/>
								&nbsp; Related To : $events-crmid$<br/>
								&nbsp; Contact List : $events-contactid$<br/>
								&nbsp; Location : $events-location$<br/>
								&nbsp; Description : $events-description$<br/><br/>
								Thanks & Regards,<br/>
								$current_user_name$
								<p/>', '0', '16', '1', 'Events' );
COMMIT;
-- ---------------------------------------------------------


-- Dump data of "vtiger_emailtemplates_seq" ----------------
BEGIN;

INSERT INTO `vtiger_emailtemplates_seq`(`id`) VALUES 
( '16' );
COMMIT;
-- ---------------------------------------------------------


-- Dump data of "vtiger_entityname" ------------------------
BEGIN;

INSERT INTO `vtiger_entityname`(`tabid`,`modulename`,`tablename`,`fieldname`,`entityidfield`,`entityidcolumn`) VALUES 
( '2', 'Potentials', 'vtiger_potential', 'potentialname', 'potentialid', 'potential_id' ),
( '4', 'Contacts', 'vtiger_contactdetails', 'firstname,lastname', 'contactid', 'contact_id' ),
( '6', 'Accounts', 'vtiger_account', 'accountname', 'accountid', 'account_id' ),
( '7', 'Leads', 'vtiger_leaddetails', 'firstname,lastname', 'leadid', 'leadid' ),
( '8', 'Documents', 'vtiger_notes', 'title', 'notesid', 'notesid' ),
( '9', 'Calendar', 'vtiger_activity', 'subject', 'activityid', 'activityid' ),
( '10', 'Emails', 'vtiger_activity', 'subject', 'activityid', 'activityid' ),
( '13', 'HelpDesk', 'vtiger_troubletickets', 'title', 'ticketid', 'ticketid' ),
( '14', 'Products', 'vtiger_products', 'productname', 'productid', 'product_id' ),
( '15', 'Faq', 'vtiger_faq', 'question', 'id', 'id' ),
( '18', 'Vendors', 'vtiger_vendor', 'vendorname', 'vendorid', 'vendor_id' ),
( '19', 'PriceBooks', 'vtiger_pricebook', 'bookname', 'pricebookid', 'pricebookid' ),
( '20', 'Quotes', 'vtiger_quotes', 'subject', 'quoteid', 'quote_id' ),
( '21', 'PurchaseOrder', 'vtiger_purchaseorder', 'subject', 'purchaseorderid', 'purchaseorderid' ),
( '22', 'SalesOrder', 'vtiger_salesorder', 'subject', 'salesorderid', 'salesorder_id' ),
( '23', 'Invoice', 'vtiger_invoice', 'subject', 'invoiceid', 'invoiceid' ),
( '26', 'Campaigns', 'vtiger_campaign', 'campaignname', 'campaignid', 'campaignid' ),
( '29', 'Users', 'vtiger_users', 'first_name,last_name', 'id', 'id' ),
( '31', 'PBXManager', 'vtiger_pbxmanager', 'customernumber', 'pbxmanagerid', 'pbxmanagerid' ),
( '34', 'ServiceContracts', 'vtiger_servicecontracts', 'subject', 'servicecontractsid', 'servicecontractsid' ),
( '35', 'Services', 'vtiger_service', 'servicename', 'serviceid', 'serviceid' ),
( '39', 'ProjectMilestone', 'vtiger_projectmilestone', 'projectmilestonename', 'projectmilestoneid', 'projectmilestoneid' ),
( '40', 'ProjectTask', 'vtiger_projecttask', 'projecttaskname', 'projecttaskid', 'projecttaskid' ),
( '41', 'Project', 'vtiger_project', 'projectname', 'projectid', 'projectid' ),
( '46', 'ModComments', 'vtiger_modcomments', 'commentcontent', 'modcommentsid', 'modcommentsid' ),
( '47', 'Assets', 'vtiger_assets', 'assetname', 'assetsid', 'assetsid' ),
( '48', 'SMSNotifier', 'vtiger_smsnotifier', 'message', 'smsnotifierid', 'smsnotifierid' ),
( '58', 'CustomPayments', 'vtiger_custompayments', 'name', 'custompaymentsid', 'custompaymentsid' ),
( '61', 'VTEPayments', 'vtiger_payments', 'amount_paid', 'paymentid', 'paymentid' );
COMMIT;
-- ---------------------------------------------------------


-- Dump data of "vtiger_eventhandler_module" ---------------
BEGIN;

INSERT INTO `vtiger_eventhandler_module`(`eventhandler_module_id`,`module_name`,`handler_class`) VALUES 
( '1', 'ServiceContracts', 'ServiceContractsHandler' ),
( '2', 'ModTracker', 'ModTrackerHandler' ),
( '3', 'Invoice', 'InvoiceHandler' ),
( '4', 'PurchaseOrder', 'PurchaseOrderHandler' );
COMMIT;
-- ---------------------------------------------------------


-- Dump data of "vtiger_eventhandler_module_seq" -----------
BEGIN;

INSERT INTO `vtiger_eventhandler_module_seq`(`id`) VALUES 
( '5' );
COMMIT;
-- ---------------------------------------------------------


-- Dump data of "vtiger_eventhandlers" ---------------------
BEGIN;

INSERT INTO `vtiger_eventhandlers`(`eventhandler_id`,`event_name`,`handler_path`,`handler_class`,`cond`,`is_active`,`dependent_on`) VALUES 
( '1', 'vtiger.entity.aftersave', 'modules/SalesOrder/RecurringInvoiceHandler.php', 'RecurringInvoiceHandler', '', '1', '[]' ),
( '2', 'vtiger.entity.beforesave', 'data/VTEntityDelta.php', 'VTEntityDelta', '', '1', '[]' ),
( '3', 'vtiger.entity.aftersave', 'data/VTEntityDelta.php', 'VTEntityDelta', '', '1', '[]' ),
( '4', 'vtiger.entity.aftersave', 'modules/com_vtiger_workflow/VTEventHandler.inc', 'VTWorkflowEventHandler', '', '1', '["VTEntityDelta"]' ),
( '5', 'vtiger.entity.afterrestore', 'modules/com_vtiger_workflow/VTEventHandler.inc', 'VTWorkflowEventHandler', '', '1', '[]' ),
( '6', 'vtiger.entity.aftersave.final', 'modules/HelpDesk/HelpDeskHandler.php', 'HelpDeskHandler', '', '1', '[]' ),
( '13', 'vtiger.entity.aftersave', 'modules/WSAPP/WorkFlowHandlers/WSAPPAssignToTracker.php', 'WSAPPAssignToTracker', '', '1', '["VTEntityDelta"]' ),
( '14', 'vtiger.entity.beforesave', 'modules/ServiceContracts/ServiceContractsHandler.php', 'ServiceContractsHandler', '', '1', '[]' ),
( '15', 'vtiger.entity.aftersave', 'modules/ServiceContracts/ServiceContractsHandler.php', 'ServiceContractsHandler', '', '1', '[]' ),
( '16', 'vtiger.entity.aftersave.final', 'modules/ModTracker/ModTrackerHandler.php', 'ModTrackerHandler', '', '1', '[]' ),
( '17', 'vtiger.entity.beforedelete', 'modules/ModTracker/ModTrackerHandler.php', 'ModTrackerHandler', '', '1', '[]' ),
( '18', 'vtiger.entity.afterrestore', 'modules/ModTracker/ModTrackerHandler.php', 'ModTrackerHandler', '', '1', '[]' ),
( '19', 'vtiger.entity.aftersave', 'modules/Invoice/InvoiceHandler.php', 'InvoiceHandler', '', '1', '[]' ),
( '20', 'vtiger.entity.aftersave', 'modules/PurchaseOrder/PurchaseOrderHandler.php', 'PurchaseOrderHandler', '', '1', '[]' ),
( '21', 'vtiger.entity.aftersave', 'modules/ModComments/ModCommentsHandler.php', 'ModCommentsHandler', '', '1', '[]' ),
( '22', 'vtiger.picklist.afterrename', 'modules/Settings/Picklist/handlers/PickListHandler.php', 'PickListHandler', '', '1', '[]' ),
( '23', 'vtiger.picklist.afterdelete', 'modules/Settings/Picklist/handlers/PickListHandler.php', 'PickListHandler', '', '1', '[]' ),
( '24', 'vtiger.entity.aftersave', 'modules/Vtiger/handlers/EmailLookupHandler.php', 'EmailLookupHandler', '', '1', '["VTEntityDelta"]' ),
( '25', 'vtiger.entity.afterdelete', 'modules/Vtiger/handlers/EmailLookupHandler.php', 'EmailLookupHandler', '', '1', '[]' ),
( '26', 'vtiger.entity.afterrestore', 'modules/Vtiger/handlers/EmailLookupHandler.php', 'EmailLookupHandler', '', '1', '[]' ),
( '27', 'vtiger.batchevent.save', 'modules/Vtiger/handlers/EmailLookupHandler.php', 'EmailLookupBatchHandler', '', '1', '[]' ),
( '28', 'vtiger.lead.convertlead', 'modules/Leads/handlers/LeadHandler.php', 'LeadHandler', '', '1', '[]' ),
( '29', 'vtiger.entity.beforesave', 'modules/Vtiger/handlers/CheckDuplicateHandler.php', 'CheckDuplicateHandler', '', '1', '[]' ),
( '30', 'vtiger.entity.beforerestore', 'modules/Vtiger/handlers/CheckDuplicateHandler.php', 'CheckDuplicateHandler', '', '1', '[]' ),
( '31', 'vtiger.entity.aftersave', 'modules/Vtiger/handlers/FollowRecordHandler.php', 'FollowRecordHandler', '', '1', '[]' ),
( '32', 'vtiger.field.afterdelete', 'modules/Vtiger/handlers/FieldEventHandler.php', 'FieldEventHandler', '', '1', '[]' ),
( '33', 'vtiger.entity.beforerelate', 'modules/Vtiger/handlers/RelateEntitesHandler.php', 'RelateEntitesHandler', '', '1', '[]' ),
( '34', 'vtiger.entity.afterrelate', 'modules/Vtiger/handlers/RelateEntitesHandler.php', 'RelateEntitesHandler', '', '1', '[]' ),
( '50', 'vtiger.entity.aftersave', 'modules/VTEPayments/VTEPaymentsHandler.php', 'VTEPaymentsHandler', '', '1', '[]' ),
( '51', 'vtiger.entity.afterdelete', 'modules/VTEPayments/VTEPaymentsHandler.php', 'VTEPaymentsHandler', '', '1', '[]' ),
( '52', 'vtiger.entity.aftersave.final', 'modules/VTEPayments/VTEPaymentsHandler.php', 'VTEPaymentsHandler', '', '1', '[]' );
COMMIT;
-- ---------------------------------------------------------


-- Dump data of "vtiger_eventhandlers_seq" -----------------
BEGIN;

INSERT INTO `vtiger_eventhandlers_seq`(`id`) VALUES 
( '52' );
COMMIT;
-- ---------------------------------------------------------


-- Dump data of "vtiger_eventstatus" -----------------------
BEGIN;

INSERT INTO `vtiger_eventstatus`(`eventstatusid`,`eventstatus`,`presence`,`picklist_valueid`,`sortorderid`,`color`) VALUES 
( '1', 'Planned', '0', '38', '0', NULL ),
( '2', 'Held', '0', '39', '1', NULL ),
( '3', 'Not Held', '0', '40', '2', NULL );
COMMIT;
-- ---------------------------------------------------------


-- Dump data of "vtiger_eventstatus_seq" -------------------
BEGIN;

INSERT INTO `vtiger_eventstatus_seq`(`id`) VALUES 
( '3' );
COMMIT;
-- ---------------------------------------------------------


-- Dump data of "vtiger_expectedresponse" ------------------
BEGIN;

INSERT INTO `vtiger_expectedresponse`(`expectedresponseid`,`expectedresponse`,`presence`,`picklist_valueid`,`sortorderid`,`color`) VALUES 
( '2', 'Excellent', '1', '42', '1', NULL ),
( '3', 'Good', '1', '43', '2', NULL ),
( '4', 'Average', '1', '44', '3', NULL ),
( '5', 'Poor', '1', '45', '4', NULL );
COMMIT;
-- ---------------------------------------------------------


-- Dump data of "vtiger_expectedresponse_seq" --------------
BEGIN;

INSERT INTO `vtiger_expectedresponse_seq`(`id`) VALUES 
( '5' );
COMMIT;
-- ---------------------------------------------------------


-- Dump data of "vtiger_extnstore_users" -------------------
BEGIN;

INSERT INTO `vtiger_extnstore_users`(`id`,`username`,`password`,`instanceurl`,`createdon`,`deleted`) VALUES 
( '2', 'info@x2tree.de', '2b272897ae05422cd422d186c89e81ec', NULL, '2024-06-14 15:37:15', '0' );
COMMIT;
-- ---------------------------------------------------------


-- Dump data of "vtiger_faq" -------------------------------
-- ---------------------------------------------------------


-- Dump data of "vtiger_faqcategories" ---------------------
BEGIN;

INSERT INTO `vtiger_faqcategories`(`faqcategories_id`,`faqcategories`,`presence`,`picklist_valueid`,`sortorderid`,`color`) VALUES 
( '1', 'General', '1', '46', '0', NULL );
COMMIT;
-- ---------------------------------------------------------


-- Dump data of "vtiger_faqcategories_seq" -----------------
BEGIN;

INSERT INTO `vtiger_faqcategories_seq`(`id`) VALUES 
( '1' );
COMMIT;
-- ---------------------------------------------------------


-- Dump data of "vtiger_faqcf" -----------------------------
-- ---------------------------------------------------------


-- Dump data of "vtiger_faqcomments" -----------------------
-- ---------------------------------------------------------


-- Dump data of "vtiger_faqstatus" -------------------------
BEGIN;

INSERT INTO `vtiger_faqstatus`(`faqstatus_id`,`faqstatus`,`presence`,`picklist_valueid`,`sortorderid`,`color`) VALUES 
( '1', 'Draft', '0', '47', '0', NULL ),
( '2', 'Reviewed', '0', '48', '1', NULL ),
( '3', 'Published', '0', '49', '2', NULL ),
( '4', 'Obsolete', '0', '50', '3', NULL );
COMMIT;
-- ---------------------------------------------------------


-- Dump data of "vtiger_faqstatus_seq" ---------------------
BEGIN;

INSERT INTO `vtiger_faqstatus_seq`(`id`) VALUES 
( '4' );
COMMIT;
-- ---------------------------------------------------------


-- Dump data of "vtiger_feedback" --------------------------
-- ---------------------------------------------------------


-- Dump data of "vtiger_field" -----------------------------
BEGIN;

INSERT INTO `vtiger_field`(`tabid`,`fieldid`,`columnname`,`tablename`,`generatedtype`,`uitype`,`fieldname`,`fieldlabel`,`readonly`,`presence`,`defaultvalue`,`maximumlength`,`sequence`,`block`,`displaytype`,`typeofdata`,`quickcreate`,`quickcreatesequence`,`info_type`,`masseditable`,`helpinfo`,`summaryfield`,`headerfield`,`isunique`) VALUES 
( '6', '1', 'accountname', 'vtiger_account', '1', '2', 'accountname', 'Account Name', '1', '0', '', '100', '1', '9', '1', 'V~M', '0', '1', 'BAS', '1', NULL, '1', '0', '1' ),
( '6', '2', 'account_no', 'vtiger_account', '1', '4', 'account_no', 'Account No', '1', '0', '', '100', '2', '9', '1', 'V~O', '3', NULL, 'BAS', '0', NULL, '0', '0', '0' ),
( '6', '3', 'phone', 'vtiger_account', '1', '11', 'phone', 'Phone', '1', '2', '', '100', '4', '9', '1', 'V~O', '2', '2', 'BAS', '1', NULL, '0', '1', '0' ),
( '6', '4', 'website', 'vtiger_account', '1', '17', 'website', 'Website', '1', '2', '', '100', '3', '9', '1', 'V~O', '2', '3', 'BAS', '1', NULL, '0', '1', '0' ),
( '6', '5', 'fax', 'vtiger_account', '1', '11', 'fax', 'Fax', '1', '2', '', '100', '6', '9', '1', 'V~O', '1', NULL, 'BAS', '1', NULL, '0', '0', '0' ),
( '6', '6', 'tickersymbol', 'vtiger_account', '1', '1', 'tickersymbol', 'Ticker Symbol', '1', '2', '', '100', '5', '9', '1', 'V~O', '1', NULL, 'BAS', '1', NULL, '0', '0', '0' ),
( '6', '7', 'otherphone', 'vtiger_account', '1', '11', 'otherphone', 'Other Phone', '1', '2', '', '100', '8', '9', '1', 'V~O', '1', NULL, 'ADV', '1', NULL, '0', '0', '0' ),
( '6', '8', 'parentid', 'vtiger_account', '1', '51', 'account_id', 'Member Of', '1', '2', '', '100', '7', '9', '1', 'I~O', '1', NULL, 'BAS', '0', NULL, '0', '0', '0' ),
( '6', '9', 'email1', 'vtiger_account', '1', '13', 'email1', 'Email', '1', '2', '', '100', '10', '9', '1', 'E~O', '1', NULL, 'BAS', '1', NULL, '0', '1', '0' ),
( '6', '10', 'employees', 'vtiger_account', '1', '7', 'employees', 'Employees', '1', '2', '', '100', '9', '9', '1', 'I~O', '1', NULL, 'ADV', '1', NULL, '0', '0', '0' ),
( '6', '11', 'email2', 'vtiger_account', '1', '13', 'email2', 'Other Email', '1', '2', '', '100', '11', '9', '1', 'E~O', '1', NULL, 'ADV', '1', NULL, '0', '0', '0' ),
( '6', '12', 'ownership', 'vtiger_account', '1', '1', 'ownership', 'Ownership', '1', '2', '', '100', '12', '9', '1', 'V~O', '1', NULL, 'ADV', '1', NULL, '0', '0', '0' ),
( '6', '13', 'rating', 'vtiger_account', '1', '15', 'rating', 'Rating', '1', '2', '', '100', '14', '9', '1', 'V~O', '1', NULL, 'ADV', '1', NULL, '0', '0', '0' ),
( '6', '14', 'industry', 'vtiger_account', '1', '15', 'industry', 'industry', '1', '2', '', '100', '13', '9', '1', 'V~O', '1', NULL, 'ADV', '1', NULL, '0', '0', '0' ),
( '6', '15', 'siccode', 'vtiger_account', '1', '1', 'siccode', 'SIC Code', '1', '2', '', '100', '16', '9', '1', 'V~O', '1', NULL, 'ADV', '1', NULL, '0', '0', '0' ),
( '6', '16', 'account_type', 'vtiger_account', '1', '15', 'accounttype', 'Type', '1', '2', '', '100', '15', '9', '1', 'V~O', '1', NULL, 'ADV', '1', NULL, '0', '0', '0' ),
( '6', '17', 'annualrevenue', 'vtiger_account', '1', '71', 'annual_revenue', 'Annual Revenue', '1', '2', '', '100', '18', '9', '1', 'N~O', '1', NULL, 'ADV', '1', NULL, '0', '0', '0' ),
( '6', '18', 'emailoptout', 'vtiger_account', '1', '56', 'emailoptout', 'Email Opt Out', '1', '0', '', '100', '17', '9', '1', 'C~O', '1', NULL, 'ADV', '1', NULL, '0', '0', '0' ),
( '6', '19', 'notify_owner', 'vtiger_account', '1', '56', 'notify_owner', 'Notify Owner', '1', '2', '', '10', '20', '9', '1', 'C~O', '1', NULL, 'ADV', '1', NULL, '0', '0', '0' ),
( '6', '20', 'smownerid', 'vtiger_crmentity', '1', '53', 'assigned_user_id', 'Assigned To', '1', '0', '', '100', '19', '9', '1', 'V~M', '0', '4', 'BAS', '1', NULL, '1', '0', '0' ),
( '6', '21', 'createdtime', 'vtiger_crmentity', '1', '70', 'createdtime', 'Created Time', '1', '0', '', '100', '22', '9', '2', 'DT~O', '3', NULL, 'BAS', '0', NULL, '0', '0', '0' ),
( '6', '22', 'modifiedtime', 'vtiger_crmentity', '1', '70', 'modifiedtime', 'Modified Time', '1', '0', '', '100', '21', '9', '2', 'DT~O', '3', NULL, 'BAS', '0', NULL, '0', '0', '0' ),
( '6', '23', 'modifiedby', 'vtiger_crmentity', '1', '52', 'modifiedby', 'Last Modified By', '1', '0', '', '100', '23', '9', '3', 'V~O', '3', NULL, 'BAS', '0', NULL, '0', '0', '0' ),
( '6', '24', 'bill_street', 'vtiger_accountbillads', '1', '21', 'bill_street', 'Billing Address', '1', '2', '', '100', '1', '11', '1', 'V~O', '1', NULL, 'BAS', '1', NULL, '0', '0', '0' ),
( '6', '25', 'ship_street', 'vtiger_accountshipads', '1', '21', 'ship_street', 'Shipping Address', '1', '2', '', '100', '2', '11', '1', 'V~O', '1', NULL, 'BAS', '1', NULL, '0', '0', '0' ),
( '6', '26', 'bill_city', 'vtiger_accountbillads', '1', '1', 'bill_city', 'Billing City', '1', '2', '', '100', '5', '11', '1', 'V~O', '1', NULL, 'BAS', '1', NULL, '1', '0', '0' ),
( '6', '27', 'ship_city', 'vtiger_accountshipads', '1', '1', 'ship_city', 'Shipping City', '1', '2', '', '100', '6', '11', '1', 'V~O', '1', NULL, 'BAS', '1', NULL, '0', '0', '0' ),
( '6', '28', 'bill_state', 'vtiger_accountbillads', '1', '1', 'bill_state', 'Billing State', '1', '2', '', '100', '7', '11', '1', 'V~O', '1', NULL, 'BAS', '1', NULL, '0', '0', '0' ),
( '6', '29', 'ship_state', 'vtiger_accountshipads', '1', '1', 'ship_state', 'Shipping State', '1', '2', '', '100', '8', '11', '1', 'V~O', '1', NULL, 'BAS', '1', NULL, '0', '0', '0' ),
( '6', '30', 'bill_code', 'vtiger_accountbillads', '1', '1', 'bill_code', 'Billing Code', '1', '2', '', '100', '9', '11', '1', 'V~O', '1', NULL, 'BAS', '1', NULL, '0', '0', '0' ),
( '6', '31', 'ship_code', 'vtiger_accountshipads', '1', '1', 'ship_code', 'Shipping Code', '1', '2', '', '100', '10', '11', '1', 'V~O', '1', NULL, 'BAS', '1', NULL, '0', '0', '0' ),
( '6', '32', 'bill_country', 'vtiger_accountbillads', '1', '1', 'bill_country', 'Billing Country', '1', '2', '', '100', '11', '11', '1', 'V~O', '1', NULL, 'BAS', '1', NULL, '1', '0', '0' ),
( '6', '33', 'ship_country', 'vtiger_accountshipads', '1', '1', 'ship_country', 'Shipping Country', '1', '2', '', '100', '12', '11', '1', 'V~O', '1', NULL, 'BAS', '1', NULL, '0', '0', '0' ),
( '6', '34', 'bill_pobox', 'vtiger_accountbillads', '1', '1', 'bill_pobox', 'Billing Po Box', '1', '2', '', '100', '3', '11', '1', 'V~O', '1', NULL, 'BAS', '1', NULL, '0', '0', '0' ),
( '6', '35', 'ship_pobox', 'vtiger_accountshipads', '1', '1', 'ship_pobox', 'Shipping Po Box', '1', '2', '', '100', '4', '11', '1', 'V~O', '1', NULL, 'BAS', '1', NULL, '0', '0', '0' ),
( '6', '36', 'description', 'vtiger_crmentity', '1', '19', 'description', 'Description', '1', '2', '', '100', '1', '12', '1', 'V~O', '1', NULL, 'BAS', '1', NULL, '0', '0', '0' ),
( '7', '37', 'salutation', 'vtiger_leaddetails', '1', '55', 'salutationtype', 'Salutation', '1', '0', '', '100', '1', '13', '3', 'V~O', '1', NULL, 'BAS', '1', NULL, '0', '0', '0' ),
( '7', '38', 'firstname', 'vtiger_leaddetails', '1', '55', 'firstname', 'First Name', '1', '0', '', '100', '1', '13', '1', 'V~M', '2', '1', 'BAS', '1', NULL, '1', '0', '0' ),
( '7', '39', 'lead_no', 'vtiger_leaddetails', '1', '4', 'lead_no', 'Lead No', '1', '0', '', '100', '2', '13', '1', 'V~O', '3', NULL, 'BAS', '0', NULL, '1', '0', '0' ),
( '7', '40', 'phone', 'vtiger_leadaddress', '1', '11', 'phone', 'Phone', '1', '2', '', '100', '4', '13', '1', 'V~M', '2', '4', 'BAS', '1', NULL, '0', '1', '0' ),
( '7', '41', 'lastname', 'vtiger_leaddetails', '1', '255', 'lastname', 'Last Name', '1', '0', '', '100', '3', '13', '1', 'V~M', '0', '2', 'BAS', '1', NULL, '1', '0', '0' ),
( '7', '42', 'mobile', 'vtiger_leadaddress', '1', '11', 'mobile', 'Mobile', '1', '1', '', '100', '5', '13', '1', 'V~O', '1', NULL, 'BAS', '1', NULL, '0', '0', '0' ),
( '7', '43', 'company', 'vtiger_leaddetails', '1', '2', 'company', 'Company', '1', '1', '', '100', '6', '13', '1', 'V~O', '2', '3', 'BAS', '1', NULL, '1', '0', '0' ),
( '7', '44', 'fax', 'vtiger_leadaddress', '1', '11', 'fax', 'Fax', '1', '1', '', '100', '9', '13', '1', 'V~O', '1', NULL, 'BAS', '1', NULL, '0', '0', '0' ),
( '7', '45', 'designation', 'vtiger_leaddetails', '1', '1', 'designation', 'Designation', '1', '2', '', '100', '6', '13', '1', 'V~O', '1', NULL, 'BAS', '1', NULL, '0', '0', '0' ),
( '7', '46', 'email', 'vtiger_leaddetails', '1', '13', 'email', 'Email', '1', '2', '', '100', '5', '13', '1', 'E~M', '2', '5', 'BAS', '1', NULL, '0', '1', '0' ),
( '7', '47', 'leadsource', 'vtiger_leaddetails', '1', '15', 'leadsource', 'Lead Source', '1', '2', '', '100', '8', '13', '1', 'V~O', '1', NULL, 'BAS', '1', NULL, '1', '0', '0' ),
( '7', '48', 'website', 'vtiger_leadsubdetails', '1', '17', 'website', 'Website', '1', '1', '', '100', '13', '13', '1', 'V~O', '1', NULL, 'ADV', '1', NULL, '0', '0', '0' ),
( '7', '49', 'industry', 'vtiger_leaddetails', '1', '15', 'industry', 'Industry', '1', '1', '', '100', '12', '13', '1', 'V~O', '1', NULL, 'ADV', '1', NULL, '0', '0', '0' ),
( '7', '50', 'leadstatus', 'vtiger_leaddetails', '1', '15', 'leadstatus', 'Lead Status', '1', '2', 'Cold', '100', '9', '13', '1', 'V~M', '2', NULL, 'BAS', '1', NULL, '1', '0', '0' ),
( '7', '51', 'annualrevenue', 'vtiger_leaddetails', '1', '71', 'annualrevenue', 'Annual Revenue', '1', '1', '', '100', '14', '13', '1', 'N~O', '1', NULL, 'ADV', '1', NULL, '0', '0', '0' ),
( '7', '52', 'rating', 'vtiger_leaddetails', '1', '15', 'rating', 'Rating', '1', '2', '', '100', '12', '13', '1', 'V~O', '1', NULL, 'ADV', '1', NULL, '0', '0', '0' ),
( '7', '53', 'noofemployees', 'vtiger_leaddetails', '1', '1', 'noofemployees', 'No Of Employees', '1', '1', '', '100', '16', '13', '1', 'I~O', '1', NULL, 'ADV', '1', NULL, '0', '0', '0' ),
( '7', '54', 'smownerid', 'vtiger_crmentity', '1', '53', 'assigned_user_id', 'Assigned To', '1', '0', '', '100', '14', '13', '1', 'V~M', '0', '6', 'BAS', '1', NULL, '1', '0', '0' ),
( '7', '55', 'secondaryemail', 'vtiger_leaddetails', '1', '13', 'secondaryemail', 'Secondary Email', '1', '1', '', '100', '18', '13', '1', 'E~O', '1', NULL, 'ADV', '1', NULL, '0', '0', '0' ),
( '7', '56', 'createdtime', 'vtiger_crmentity', '1', '70', 'createdtime', 'Created Time', '1', '0', '', '100', '16', '13', '2', 'DT~O', '3', NULL, 'BAS', '0', NULL, '0', '0', '0' ),
( '7', '57', 'modifiedtime', 'vtiger_crmentity', '1', '70', 'modifiedtime', 'Modified Time', '1', '0', '', '100', '11', '13', '2', 'DT~O', '3', NULL, 'BAS', '0', NULL, '0', '0', '0' ),
( '7', '58', 'modifiedby', 'vtiger_crmentity', '1', '52', 'modifiedby', 'Last Modified By', '1', '0', '', '100', '23', '13', '3', 'V~O', '3', NULL, 'BAS', '0', NULL, '0', '0', '0' ),
( '7', '59', 'lane', 'vtiger_leadaddress', '1', '21', 'lane', 'Street', '1', '2', '', '100', '1', '15', '1', 'V~M', '2', NULL, 'BAS', '1', NULL, '0', '0', '0' ),
( '7', '60', 'code', 'vtiger_leadaddress', '1', '1', 'code', 'Postal Code', '1', '2', '', '100', '3', '15', '1', 'V~M', '2', NULL, 'BAS', '1', NULL, '0', '0', '0' ),
( '7', '61', 'city', 'vtiger_leadaddress', '1', '1', 'city', 'City', '1', '2', '', '100', '4', '15', '1', 'V~M', '2', NULL, 'BAS', '1', NULL, '1', '0', '0' ),
( '7', '62', 'country', 'vtiger_leadaddress', '1', '1', 'country', 'Country', '1', '2', 'Deutschland', '100', '5', '15', '1', 'V~M', '2', NULL, 'BAS', '1', NULL, '1', '0', '0' ),
( '7', '63', 'state', 'vtiger_leadaddress', '1', '1', 'state', 'State', '1', '2', '', '100', '6', '15', '1', 'V~O', '1', NULL, 'BAS', '1', NULL, '0', '0', '0' ),
( '7', '64', 'pobox', 'vtiger_leadaddress', '1', '1', 'pobox', 'Po Box', '1', '2', '', '100', '2', '15', '1', 'V~O', '1', NULL, 'BAS', '1', NULL, '0', '0', '0' ),
( '7', '65', 'description', 'vtiger_crmentity', '1', '19', 'description', 'Description', '1', '2', '', '100', '1', '16', '1', 'V~O', '1', NULL, 'BAS', '1', NULL, '0', '0', '0' ),
( '4', '66', 'salutation', 'vtiger_contactdetails', '1', '55', 'salutationtype', 'Salutation', '1', '0', '', '100', '1', '4', '3', 'V~O', '1', NULL, 'BAS', '1', NULL, '0', '0', '0' ),
( '4', '67', 'firstname', 'vtiger_contactdetails', '1', '55', 'firstname', 'First Name', '1', '0', '', '100', '1', '4', '1', 'V~M', '2', '1', 'BAS', '1', NULL, '1', '0', '0' ),
( '4', '68', 'contact_no', 'vtiger_contactdetails', '1', '4', 'contact_no', 'Contact Id', '1', '0', '', '100', '2', '4', '1', 'V~O', '3', NULL, 'BAS', '0', NULL, '0', '0', '0' ),
( '4', '69', 'phone', 'vtiger_contactdetails', '1', '11', 'phone', 'Office Phone', '1', '1', '', '100', '5', '4', '1', 'V~O', '2', '4', 'BAS', '1', NULL, '0', '1', '0' ),
( '4', '70', 'lastname', 'vtiger_contactdetails', '1', '255', 'lastname', 'Last Name', '1', '0', '', '100', '3', '4', '1', 'V~M', '0', '2', 'BAS', '1', NULL, '1', '0', '0' ),
( '4', '71', 'mobile', 'vtiger_contactdetails', '1', '11', 'mobile', 'Mobile', '1', '2', '', '100', '5', '4', '1', 'V~M', '2', NULL, 'BAS', '1', NULL, '0', '0', '0' ),
( '4', '72', 'accountid', 'vtiger_contactdetails', '1', '51', 'account_id', 'Account Name', '1', '0', '', '100', '19', '4', '1', 'I~O', '1', '3', 'BAS', '1', NULL, '0', '0', '0' ),
( '4', '73', 'homephone', 'vtiger_contactsubdetails', '1', '11', 'homephone', 'Home Phone', '1', '1', '', '100', '9', '4', '1', 'V~O', '1', NULL, 'ADV', '1', NULL, '0', '0', '0' ),
( '4', '74', 'leadsource', 'vtiger_contactsubdetails', '1', '15', 'leadsource', 'Lead Source', '1', '2', '', '100', '8', '4', '1', 'V~O', '1', NULL, 'BAS', '1', NULL, '0', '0', '0' ),
( '4', '75', 'otherphone', 'vtiger_contactsubdetails', '1', '11', 'otherphone', 'Other Phone', '1', '1', '', '100', '11', '4', '1', 'V~O', '1', NULL, 'ADV', '1', NULL, '0', '0', '0' ),
( '4', '76', 'title', 'vtiger_contactdetails', '1', '1', 'title', 'Title', '1', '2', '', '100', '14', '4', '1', 'V~O', '1', NULL, 'BAS', '1', NULL, '0', '0', '0' ),
( '4', '77', 'fax', 'vtiger_contactdetails', '1', '11', 'fax', 'Fax', '1', '1', '', '100', '8', '4', '1', 'V~O', '1', NULL, 'BAS', '1', NULL, '0', '0', '0' ),
( '4', '78', 'department', 'vtiger_contactdetails', '1', '1', 'department', 'Department', '1', '1', '', '100', '12', '4', '1', 'V~O', '1', NULL, 'ADV', '1', NULL, '0', '0', '0' ),
( '4', '79', 'birthday', 'vtiger_contactsubdetails', '1', '5', 'birthday', 'Birthdate', '1', '2', '', '100', '10', '4', '1', 'D~M', '2', NULL, 'ADV', '1', NULL, '0', '0', '0' ),
( '4', '80', 'email', 'vtiger_contactdetails', '1', '13', 'email', 'Email', '1', '2', '', '100', '7', '4', '1', 'E~M', '2', '5', 'BAS', '1', NULL, '0', '1', '0' ),
( '4', '81', 'reportsto', 'vtiger_contactdetails', '1', '57', 'contact_id', 'Reports To', '1', '2', '', '100', '12', '4', '1', 'V~O', '1', NULL, 'ADV', '0', NULL, '0', '0', '0' ),
( '4', '82', 'assistant', 'vtiger_contactsubdetails', '1', '1', 'assistant', 'Assistant', '1', '1', '', '100', '9', '4', '1', 'V~O', '1', NULL, 'ADV', '1', NULL, '0', '0', '0' ),
( '4', '83', 'secondaryemail', 'vtiger_contactdetails', '1', '13', 'secondaryemail', 'Secondary Email', '1', '2', '', '100', '16', '4', '1', 'E~O', '1', NULL, 'ADV', '1', NULL, '0', '0', '0' ),
( '4', '84', 'assistantphone', 'vtiger_contactsubdetails', '1', '11', 'assistantphone', 'Assistant Phone', '1', '1', '', '100', '11', '4', '1', 'V~O', '1', NULL, 'ADV', '1', NULL, '0', '0', '0' ),
( '4', '85', 'donotcall', 'vtiger_contactdetails', '1', '56', 'donotcall', 'Do Not Call', '1', '2', '', '100', '18', '4', '1', 'C~O', '1', NULL, 'ADV', '1', NULL, '0', '0', '0' ),
( '4', '86', 'emailoptout', 'vtiger_contactdetails', '1', '56', 'emailoptout', 'Email Opt Out', '1', '0', '', '100', '9', '4', '1', 'C~O', '1', NULL, 'ADV', '1', NULL, '0', '0', '0' ),
( '4', '87', 'smownerid', 'vtiger_crmentity', '1', '53', 'assigned_user_id', 'Assigned To', '1', '0', '', '100', '20', '4', '1', 'V~M', '0', '6', 'BAS', '1', NULL, '1', '0', '0' ),
( '4', '88', 'reference', 'vtiger_contactdetails', '1', '56', 'reference', 'Reference', '1', '2', '', '10', '11', '4', '1', 'C~O', '1', NULL, 'ADV', '1', NULL, '0', '0', '0' ),
( '4', '89', 'notify_owner', 'vtiger_contactdetails', '1', '56', 'notify_owner', 'Notify Owner', '1', '2', '', '10', '22', '4', '1', 'C~O', '1', NULL, 'ADV', '1', NULL, '0', '0', '0' ),
( '4', '90', 'createdtime', 'vtiger_crmentity', '1', '70', 'createdtime', 'Created Time', '1', '0', '', '100', '13', '4', '2', 'DT~O', '3', NULL, 'BAS', '0', NULL, '0', '0', '0' ),
( '4', '91', 'modifiedtime', 'vtiger_crmentity', '1', '70', 'modifiedtime', 'Modified Time', '1', '0', '', '100', '15', '4', '2', 'DT~O', '3', NULL, 'BAS', '0', NULL, '0', '0', '0' ),
( '4', '92', 'modifiedby', 'vtiger_crmentity', '1', '52', 'modifiedby', 'Last Modified By', '1', '0', '', '100', '28', '4', '3', 'V~O', '3', NULL, 'BAS', '0', NULL, '0', '0', '0' ),
( '4', '93', 'portal', 'vtiger_customerdetails', '1', '56', 'portal', 'Portal User', '1', '2', '', '100', '1', '6', '1', 'C~O', '1', NULL, 'ADV', '1', NULL, '0', '0', '0' ),
( '4', '94', 'support_start_date', 'vtiger_customerdetails', '1', '5', 'support_start_date', 'Support Start Date', '1', '2', '', '100', '2', '6', '1', 'D~O', '1', NULL, 'ADV', '1', NULL, '0', '0', '0' ),
( '4', '95', 'support_end_date', 'vtiger_customerdetails', '1', '5', 'support_end_date', 'Support End Date', '1', '2', '', '100', '3', '6', '1', 'D~O~OTH~GE~support_start_date~Support Start Date', '1', NULL, 'ADV', '1', NULL, '0', '0', '0' ),
( '4', '96', 'mailingstreet', 'vtiger_contactaddress', '1', '21', 'mailingstreet', 'Mailing Street', '1', '2', '', '100', '1', '7', '1', 'V~M', '2', NULL, 'BAS', '1', NULL, '0', '0', '0' ),
( '4', '97', 'otherstreet', 'vtiger_contactaddress', '1', '21', 'otherstreet', 'Other Street', '1', '2', '', '100', '2', '7', '1', 'V~O', '1', NULL, 'BAS', '1', NULL, '0', '0', '0' ),
( '4', '98', 'mailingcity', 'vtiger_contactaddress', '1', '1', 'mailingcity', 'Mailing City', '1', '2', '', '100', '5', '7', '1', 'V~M', '2', NULL, 'BAS', '1', NULL, '1', '0', '0' ),
( '4', '99', 'othercity', 'vtiger_contactaddress', '1', '1', 'othercity', 'Other City', '1', '2', '', '100', '6', '7', '1', 'V~O', '1', NULL, 'BAS', '1', NULL, '0', '0', '0' ),
( '4', '100', 'mailingstate', 'vtiger_contactaddress', '1', '1', 'mailingstate', 'Mailing State', '1', '2', '', '100', '7', '7', '1', 'V~M', '2', NULL, 'BAS', '1', NULL, '0', '0', '0' ),
( '4', '101', 'otherstate', 'vtiger_contactaddress', '1', '1', 'otherstate', 'Other State', '1', '2', '', '100', '8', '7', '1', 'V~O', '1', NULL, 'BAS', '1', NULL, '0', '0', '0' ),
( '4', '102', 'mailingzip', 'vtiger_contactaddress', '1', '1', 'mailingzip', 'Mailing Zip', '1', '2', '', '100', '9', '7', '1', 'V~M', '2', NULL, 'BAS', '1', NULL, '0', '0', '0' ),
( '4', '103', 'otherzip', 'vtiger_contactaddress', '1', '1', 'otherzip', 'Other Zip', '1', '2', '', '100', '10', '7', '1', 'V~O', '1', NULL, 'BAS', '1', NULL, '0', '0', '0' ),
( '4', '104', 'mailingcountry', 'vtiger_contactaddress', '1', '1', 'mailingcountry', 'Mailing Country', '1', '2', 'Deutschland', '100', '11', '7', '1', 'V~M', '2', NULL, 'BAS', '1', NULL, '1', '0', '0' ),
( '4', '105', 'othercountry', 'vtiger_contactaddress', '1', '1', 'othercountry', 'Other Country', '1', '2', '', '100', '12', '7', '1', 'V~O', '1', NULL, 'BAS', '1', NULL, '0', '0', '0' ),
( '4', '106', 'mailingpobox', 'vtiger_contactaddress', '1', '1', 'mailingpobox', 'Mailing Po Box', '1', '2', '', '100', '3', '7', '1', 'V~O', '1', NULL, 'BAS', '1', NULL, '0', '0', '0' ),
( '4', '107', 'otherpobox', 'vtiger_contactaddress', '1', '1', 'otherpobox', 'Other Po Box', '1', '2', '', '100', '4', '7', '1', 'V~O', '1', NULL, 'BAS', '1', NULL, '0', '0', '0' ),
( '4', '108', 'imagename', 'vtiger_contactdetails', '1', '69', 'imagename', 'Contact Image', '1', '2', '', '100', '1', '73', '1', 'V~O', '3', NULL, 'ADV', '0', NULL, '0', '0', '0' ),
( '4', '109', 'description', 'vtiger_crmentity', '1', '19', 'description', 'Description', '1', '2', '', '100', '1', '8', '1', 'V~O', '1', NULL, 'BAS', '1', NULL, '0', '0', '0' ),
( '2', '110', 'potentialname', 'vtiger_potential', '1', '2', 'potentialname', 'Potential Name', '1', '0', '', '100', '1', '1', '1', 'V~M', '0', '1', 'BAS', '1', NULL, '1', '0', '0' ),
( '2', '111', 'potential_no', 'vtiger_potential', '1', '4', 'potential_no', 'Potential No', '1', '0', '', '100', '2', '1', '1', 'V~O', '3', NULL, 'BAS', '0', NULL, '0', '0', '0' ),
( '2', '112', 'amount', 'vtiger_potential', '1', '71', 'amount', 'Amount', '1', '2', '0', '100', '5', '1', '1', 'N~M', '2', '5', 'BAS', '1', NULL, '0', '1', '0' ),
( '2', '113', 'related_to', 'vtiger_potential', '1', '10', 'related_to', 'Related To', '1', '0', '', '100', '3', '1', '1', 'V~O', '0', '2', 'BAS', '1', NULL, '0', '1', '0' ),
( '2', '114', 'closingdate', 'vtiger_potential', '1', '23', 'closingdate', 'Expected Close Date', '1', '2', '', '100', '8', '1', '1', 'D~O', '2', '3', 'BAS', '1', NULL, '1', '0', '0' ),
( '2', '115', 'potentialtype', 'vtiger_potential', '1', '15', 'opportunity_type', 'Type', '1', '2', '', '100', '7', '1', '1', 'V~O', '1', NULL, 'BAS', '1', NULL, '0', '0', '0' ),
( '2', '116', 'nextstep', 'vtiger_potential', '1', '1', 'nextstep', 'Next Step', '1', '2', '', '100', '10', '1', '1', 'V~O', '1', NULL, 'BAS', '1', NULL, '0', '0', '0' ),
( '2', '117', 'leadsource', 'vtiger_potential', '1', '15', 'leadsource', 'Lead Source', '1', '2', '', '100', '9', '1', '1', 'V~O', '1', NULL, 'BAS', '1', NULL, '0', '0', '0' ),
( '2', '118', 'sales_stage', 'vtiger_potential', '1', '15', 'sales_stage', 'Sales Stage', '1', '2', 'New', '100', '12', '1', '1', 'V~M', '2', '4', 'BAS', '1', NULL, '0', '1', '0' ),
( '2', '119', 'smownerid', 'vtiger_crmentity', '1', '53', 'assigned_user_id', 'Assigned To', '1', '2', '', '100', '11', '1', '1', 'V~M', '0', '6', 'BAS', '1', NULL, '1', '0', '0' ),
( '2', '120', 'probability', 'vtiger_potential', '1', '9', 'probability', 'Probability', '1', '2', '', '100', '14', '1', '1', 'N~O', '1', NULL, 'BAS', '1', NULL, '0', '0', '0' ),
( '2', '121', 'campaignid', 'vtiger_potential', '1', '58', 'campaignid', 'Campaign Source', '1', '2', '', '100', '13', '1', '1', 'N~O', '1', NULL, 'BAS', '1', NULL, '0', '0', '0' ),
( '2', '122', 'createdtime', 'vtiger_crmentity', '1', '70', 'createdtime', 'Created Time', '1', '0', '', '100', '16', '1', '2', 'DT~O', '3', NULL, 'BAS', '0', NULL, '0', '0', '0' ),
( '2', '123', 'modifiedtime', 'vtiger_crmentity', '1', '70', 'modifiedtime', 'Modified Time', '1', '0', '', '100', '15', '1', '2', 'DT~O', '3', NULL, 'BAS', '0', NULL, '0', '0', '0' ),
( '2', '124', 'modifiedby', 'vtiger_crmentity', '1', '52', 'modifiedby', 'Last Modified By', '1', '0', '', '100', '17', '1', '3', 'V~O', '3', NULL, 'BAS', '0', NULL, '0', '0', '0' ),
( '2', '125', 'description', 'vtiger_crmentity', '1', '19', 'description', 'Description', '1', '2', '', '100', '1', '3', '1', 'V~O', '1', NULL, 'BAS', '1', NULL, '0', '0', '0' ),
( '26', '126', 'campaignname', 'vtiger_campaign', '1', '2', 'campaignname', 'Campaign Name', '1', '0', '', '100', '1', '74', '1', 'V~M', '0', '1', 'BAS', '1', NULL, '1', '0', '0' ),
( '26', '127', 'campaign_no', 'vtiger_campaign', '1', '4', 'campaign_no', 'Campaign No', '1', '0', '', '100', '2', '74', '1', 'V~O', '3', NULL, 'BAS', '0', NULL, '0', '0', '0' ),
( '26', '128', 'campaigntype', 'vtiger_campaign', '1', '15', 'campaigntype', 'Campaign Type', '1', '2', '', '100', '5', '74', '1', 'V~O', '2', '3', 'BAS', '1', NULL, '1', '0', '0' ),
( '26', '129', 'product_id', 'vtiger_campaign', '1', '59', 'product_id', 'Product', '1', '2', '', '100', '6', '74', '1', 'I~O', '2', '5', 'BAS', '1', NULL, '0', '0', '0' ),
( '26', '130', 'campaignstatus', 'vtiger_campaign', '1', '15', 'campaignstatus', 'Campaign Status', '1', '2', '', '100', '4', '74', '1', 'V~O', '2', '6', 'BAS', '1', NULL, '1', '0', '0' ),
( '26', '131', 'closingdate', 'vtiger_campaign', '1', '23', 'closingdate', 'Expected Close Date', '1', '2', '', '100', '8', '74', '1', 'D~M', '2', '2', 'BAS', '1', NULL, '1', '0', '0' ),
( '26', '132', 'smownerid', 'vtiger_crmentity', '1', '53', 'assigned_user_id', 'Assigned To', '1', '0', '', '100', '3', '74', '1', 'V~M', '0', '7', 'BAS', '1', NULL, '1', '0', '0' ),
( '26', '133', 'numsent', 'vtiger_campaign', '1', '9', 'numsent', 'Num Sent', '1', '2', '', '100', '12', '74', '1', 'N~O', '1', NULL, 'BAS', '1', NULL, '0', '0', '0' ),
( '26', '134', 'sponsor', 'vtiger_campaign', '1', '1', 'sponsor', 'Sponsor', '1', '2', '', '100', '9', '74', '1', 'V~O', '1', NULL, 'BAS', '1', NULL, '0', '0', '0' ),
( '26', '135', 'targetaudience', 'vtiger_campaign', '1', '1', 'targetaudience', 'Target Audience', '1', '2', '', '100', '7', '74', '1', 'V~O', '1', NULL, 'BAS', '1', NULL, '0', '0', '0' ),
( '26', '136', 'targetsize', 'vtiger_campaign', '1', '1', 'targetsize', 'TargetSize', '1', '2', '', '100', '10', '74', '1', 'I~O', '1', NULL, 'BAS', '1', NULL, '0', '0', '0' ),
( '26', '137', 'createdtime', 'vtiger_crmentity', '1', '70', 'createdtime', 'Created Time', '1', '0', '', '100', '11', '74', '2', 'DT~O', '3', NULL, 'BAS', '0', NULL, '0', '0', '0' ),
( '26', '138', 'modifiedtime', 'vtiger_crmentity', '1', '70', 'modifiedtime', 'Modified Time', '1', '0', '', '100', '13', '74', '2', 'DT~O', '3', NULL, 'BAS', '0', NULL, '0', '0', '0' ),
( '26', '139', 'modifiedby', 'vtiger_crmentity', '1', '52', 'modifiedby', 'Last Modified By', '1', '0', '', '100', '16', '74', '3', 'V~O', '3', NULL, 'BAS', '0', NULL, '0', '0', '0' ),
( '26', '140', 'expectedresponse', 'vtiger_campaign', '1', '15', 'expectedresponse', 'Expected Response', '1', '2', '', '100', '3', '76', '1', 'V~O', '2', '4', 'BAS', '1', NULL, '0', '0', '0' ),
( '26', '141', 'expectedrevenue', 'vtiger_campaign', '1', '71', 'expectedrevenue', 'Expected Revenue', '1', '2', '', '100', '4', '76', '1', 'N~O', '1', NULL, 'BAS', '1', NULL, '1', '0', '0' ),
( '26', '142', 'budgetcost', 'vtiger_campaign', '1', '71', 'budgetcost', 'Budget Cost', '1', '2', '', '100', '1', '76', '1', 'N~O', '1', NULL, 'BAS', '1', NULL, '0', '0', '0' ),
( '26', '143', 'actualcost', 'vtiger_campaign', '1', '71', 'actualcost', 'Actual Cost', '1', '2', '', '100', '2', '76', '1', 'N~O', '1', NULL, 'BAS', '1', NULL, '0', '0', '0' ),
( '26', '144', 'expectedresponsecount', 'vtiger_campaign', '1', '1', 'expectedresponsecount', 'Expected Response Count', '1', '2', '', '100', '7', '76', '1', 'I~O', '1', NULL, 'BAS', '1', NULL, '0', '0', '0' ),
( '26', '145', 'expectedsalescount', 'vtiger_campaign', '1', '1', 'expectedsalescount', 'Expected Sales Count', '1', '2', '', '100', '5', '76', '1', 'I~O', '1', NULL, 'BAS', '1', NULL, '0', '0', '0' ),
( '26', '146', 'expectedroi', 'vtiger_campaign', '1', '71', 'expectedroi', 'Expected ROI', '1', '2', '', '100', '9', '76', '1', 'N~O', '1', NULL, 'BAS', '1', NULL, '0', '0', '0' ),
( '26', '147', 'actualresponsecount', 'vtiger_campaign', '1', '1', 'actualresponsecount', 'Actual Response Count', '1', '2', '', '100', '8', '76', '1', 'I~O', '1', NULL, 'BAS', '1', NULL, '0', '0', '0' ),
( '26', '148', 'actualsalescount', 'vtiger_campaign', '1', '1', 'actualsalescount', 'Actual Sales Count', '1', '2', '', '100', '6', '76', '1', 'I~O', '1', NULL, 'BAS', '1', NULL, '0', '0', '0' ),
( '26', '149', 'actualroi', 'vtiger_campaign', '1', '71', 'actualroi', 'Actual ROI', '1', '2', '', '100', '10', '76', '1', 'N~O', '1', NULL, 'BAS', '1', NULL, '0', '0', '0' ),
( '26', '150', 'description', 'vtiger_crmentity', '1', '19', 'description', 'Description', '1', '2', '', '100', '1', '81', '1', 'V~O', '1', NULL, 'BAS', '1', NULL, '0', '0', '0' ),
( '4', '151', 'campaignrelstatus', 'vtiger_campaignrelstatus', '1', '16', 'campaignrelstatus', 'Status', '1', '0', '0', '100', '1', NULL, '1', 'V~O', '1', NULL, 'BAS', '0', NULL, '0', '0', '0' ),
( '6', '152', 'campaignrelstatus', 'vtiger_campaignrelstatus', '1', '16', 'campaignrelstatus', 'Status', '1', '0', '0', '100', '1', NULL, '1', 'V~O', '1', NULL, 'BAS', '0', NULL, '0', '0', '0' ),
( '7', '153', 'campaignrelstatus', 'vtiger_campaignrelstatus', '1', '16', 'campaignrelstatus', 'Status', '1', '0', '0', '100', '1', NULL, '1', 'V~O', '1', NULL, 'BAS', '0', NULL, '0', '0', '0' ),
( '26', '154', 'campaignrelstatus', 'vtiger_campaignrelstatus', '1', '16', 'campaignrelstatus', 'Status', '1', '0', '0', '100', '1', NULL, '1', 'V~O', '1', NULL, 'BAS', '0', NULL, '0', '0', '0' ),
( '13', '155', 'ticket_no', 'vtiger_troubletickets', '1', '4', 'ticket_no', 'Ticket No', '1', '0', '', '100', '14', '25', '1', 'V~O', '3', NULL, 'BAS', '0', NULL, '1', '0', '0' ),
( '13', '156', 'smownerid', 'vtiger_crmentity', '1', '53', 'assigned_user_id', 'Assigned To', '1', '0', '', '100', '5', '25', '1', 'V~M', '0', '4', 'BAS', '1', NULL, '1', '0', '0' ),
( '13', '157', 'parent_id', 'vtiger_troubletickets', '1', '10', 'parent_id', 'Related To', '1', '0', '', '100', '2', '25', '1', 'I~O', '1', NULL, 'BAS', '1', NULL, '1', '0', '0' ),
( '13', '158', 'priority', 'vtiger_troubletickets', '1', '15', 'ticketpriorities', 'Priority', '1', '2', '', '100', '7', '25', '1', 'V~M', '2', '3', 'BAS', '1', NULL, '1', '0', '0' ),
( '13', '159', 'product_id', 'vtiger_troubletickets', '1', '59', 'product_id', 'Product Name', '1', '2', '', '100', '6', '25', '1', 'I~O', '1', NULL, 'BAS', '1', NULL, '0', '0', '0' ),
( '13', '160', 'severity', 'vtiger_troubletickets', '1', '15', 'ticketseverities', 'Severity', '1', '2', '', '100', '9', '25', '1', 'V~O', '1', NULL, 'BAS', '1', NULL, '1', '0', '0' ),
( '13', '161', 'status', 'vtiger_troubletickets', '1', '15', 'ticketstatus', 'Status', '1', '2', '', '100', '8', '25', '1', 'V~M', '1', '2', 'BAS', '1', NULL, '1', '0', '0' ),
( '13', '162', 'category', 'vtiger_troubletickets', '1', '15', 'ticketcategories', 'Category', '1', '2', '', '100', '11', '25', '1', 'V~O', '1', NULL, 'BAS', '1', NULL, '0', '0', '0' ),
( '13', '163', 'update_log', 'vtiger_troubletickets', '1', '19', 'update_log', 'Update History', '1', '1', '', '100', '12', '25', '3', 'V~O', '1', NULL, 'BAS', '0', NULL, '0', '0', '0' ),
( '13', '164', 'hours', 'vtiger_troubletickets', '1', '1', 'hours', 'Hours', '1', '2', '', '100', '10', '25', '1', 'N~O', '1', NULL, 'BAS', '1', 'This gives the estimated hours for the Ticket.<br>When the same ticket is added to a Service Contract,based on the Tracking Unit of the Service Contract,Used units is updated whenever a ticket is Closed.', '0', '0', '0' ),
( '13', '165', 'days', 'vtiger_troubletickets', '1', '1', 'days', 'Days', '1', '2', '', '100', '11', '25', '1', 'N~O', '1', NULL, 'BAS', '1', 'This gives the estimated days for the Ticket.<br>When the same ticket is added to a Service Contract,based on the Tracking Unit of the Service Contract,Used units is updated whenever a ticket is Closed.', '0', '0', '0' ),
( '13', '166', 'createdtime', 'vtiger_crmentity', '1', '70', 'createdtime', 'Created Time', '1', '0', '', '100', '10', '25', '2', 'DT~O', '3', NULL, 'BAS', '0', NULL, '0', '0', '0' ),
( '13', '167', 'modifiedtime', 'vtiger_crmentity', '1', '70', 'modifiedtime', 'Modified Time', '1', '0', '', '100', '13', '25', '2', 'DT~O', '3', NULL, 'BAS', '0', NULL, '0', '0', '0' ),
( '13', '168', 'from_portal', 'vtiger_ticketcf', '1', '56', 'from_portal', 'From Portal', '1', '0', '', '100', '14', '25', '3', 'C~O', '3', NULL, 'BAS', '0', NULL, '0', '0', '0' ),
( '13', '169', 'modifiedby', 'vtiger_crmentity', '1', '52', 'modifiedby', 'Last Modified By', '1', '0', '', '100', '17', '25', '3', 'V~O', '3', NULL, 'BAS', '0', NULL, '0', '0', '0' ),
( '13', '170', 'title', 'vtiger_troubletickets', '1', '22', 'ticket_title', 'Title', '1', '0', '', '100', '1', '25', '1', 'V~M', '0', '1', 'BAS', '1', NULL, '1', '0', '0' ),
( '13', '171', 'description', 'vtiger_crmentity', '1', '19', 'description', 'Description', '1', '2', '', '100', '1', '28', '1', 'V~O', '2', '4', 'BAS', '1', NULL, '1', '0', '0' ),
( '13', '172', 'solution', 'vtiger_troubletickets', '1', '19', 'solution', 'Solution', '1', '0', '', '100', '1', '29', '1', 'V~O', '3', NULL, 'BAS', '0', NULL, '0', '0', '0' ),
( '13', '173', 'comments', 'vtiger_ticketcomments', '1', '19', 'comments', 'Add Comment', '1', '1', '', '100', '1', '30', '1', 'V~O', '3', NULL, 'BAS', '0', NULL, '0', '0', '0' ),
( '14', '174', 'productname', 'vtiger_products', '1', '2', 'productname', 'Product Name', '1', '0', '', '100', '1', '31', '1', 'V~M', '0', '1', 'BAS', '1', NULL, '1', '0', '0' ),
( '14', '175', 'product_no', 'vtiger_products', '1', '4', 'product_no', 'Product No', '1', '0', '', '100', '2', '31', '1', 'V~O', '3', NULL, 'BAS', '0', NULL, '0', '1', '0' ),
( '14', '176', 'productcode', 'vtiger_products', '1', '1', 'productcode', 'Part Number', '1', '2', '', '100', '4', '31', '1', 'V~O', '1', NULL, 'BAS', '1', NULL, '1', '0', '0' ),
( '14', '177', 'discontinued', 'vtiger_products', '1', '56', 'discontinued', 'Product Active', '1', '2', '1', '100', '3', '31', '1', 'V~O', '2', '2', 'BAS', '1', NULL, '0', '1', '0' ),
( '14', '178', 'manufacturer', 'vtiger_products', '1', '15', 'manufacturer', 'Manufacturer', '1', '2', '', '100', '6', '31', '1', 'V~O', '1', NULL, 'BAS', '1', NULL, '0', '0', '0' ),
( '14', '179', 'productcategory', 'vtiger_products', '1', '15', 'productcategory', 'Product Category', '1', '2', '', '100', '6', '31', '1', 'V~O', '1', NULL, 'BAS', '1', NULL, '0', '1', '0' ),
( '14', '180', 'sales_start_date', 'vtiger_products', '1', '5', 'sales_start_date', 'Sales Start Date', '1', '2', '', '100', '5', '31', '1', 'D~O', '1', NULL, 'BAS', '1', NULL, '0', '0', '0' ),
( '14', '181', 'sales_end_date', 'vtiger_products', '1', '5', 'sales_end_date', 'Sales End Date', '1', '2', '', '100', '8', '31', '1', 'D~O~OTH~GE~sales_start_date~Sales Start Date', '1', NULL, 'BAS', '1', NULL, '0', '0', '0' ),
( '14', '182', 'start_date', 'vtiger_products', '1', '5', 'start_date', 'Support Start Date', '1', '2', '', '100', '7', '31', '1', 'D~O', '1', NULL, 'BAS', '1', NULL, '0', '0', '0' ),
( '14', '183', 'expiry_date', 'vtiger_products', '1', '5', 'expiry_date', 'Support Expiry Date', '1', '2', '', '100', '10', '31', '1', 'D~O~OTH~GE~start_date~Start Date', '1', NULL, 'BAS', '1', NULL, '0', '0', '0' ),
( '14', '184', 'website', 'vtiger_products', '1', '17', 'website', 'Website', '1', '2', '', '100', '14', '31', '1', 'V~O', '1', NULL, 'BAS', '1', NULL, '0', '0', '0' ),
( '14', '185', 'vendor_id', 'vtiger_products', '1', '75', 'vendor_id', 'Vendor Name', '1', '2', '', '100', '13', '31', '1', 'I~O', '1', NULL, 'BAS', '1', NULL, '0', '0', '0' ),
( '14', '186', 'mfr_part_no', 'vtiger_products', '1', '1', 'mfr_part_no', 'Mfr PartNo', '1', '2', '', '100', '16', '31', '1', 'V~O', '1', NULL, 'BAS', '1', NULL, '0', '0', '0' ),
( '14', '187', 'vendor_part_no', 'vtiger_products', '1', '1', 'vendor_part_no', 'Vendor PartNo', '1', '2', '', '100', '15', '31', '1', 'V~O', '1', NULL, 'BAS', '1', NULL, '0', '0', '0' ),
( '14', '188', 'serialno', 'vtiger_products', '1', '1', 'serial_no', 'Serial No', '1', '2', '', '100', '18', '31', '1', 'V~O', '1', NULL, 'BAS', '1', NULL, '0', '0', '0' ),
( '14', '189', 'productsheet', 'vtiger_products', '1', '1', 'productsheet', 'Product Sheet', '1', '2', '', '100', '17', '31', '1', 'V~O', '1', NULL, 'BAS', '1', NULL, '0', '0', '0' ),
( '14', '190', 'glacct', 'vtiger_products', '1', '15', 'glacct', 'GL Account', '1', '2', '', '100', '20', '31', '1', 'V~O', '1', NULL, 'BAS', '1', NULL, '0', '0', '0' ),
( '14', '191', 'createdtime', 'vtiger_crmentity', '1', '70', 'createdtime', 'Created Time', '1', '0', '', '100', '19', '31', '2', 'DT~O', '3', NULL, 'BAS', '0', NULL, '0', '0', '0' ),
( '14', '192', 'modifiedtime', 'vtiger_crmentity', '1', '70', 'modifiedtime', 'Modified Time', '1', '0', '', '100', '21', '31', '2', 'DT~O', '3', NULL, 'BAS', '0', NULL, '0', '0', '0' ),
( '14', '193', 'modifiedby', 'vtiger_crmentity', '1', '52', 'modifiedby', 'Last Modified By', '1', '0', '', '100', '22', '31', '3', 'V~O', '3', NULL, 'BAS', '0', NULL, '0', '0', '0' ),
( '14', '194', 'unit_price', 'vtiger_products', '1', '72', 'unit_price', 'Unit Price', '1', '0', '', '100', '1', '32', '1', 'N~O', '2', '3', 'BAS', '0', NULL, '1', '0', '0' ),
( '14', '195', 'commissionrate', 'vtiger_products', '1', '9', 'commissionrate', 'Commission Rate', '1', '2', '', '100', '2', '32', '1', 'N~O', '1', NULL, 'BAS', '1', NULL, '1', '0', '0' ),
( '14', '196', 'taxclass', 'vtiger_products', '1', '83', 'taxclass', 'Taxes', '1', '2', '', '100', '4', '32', '1', 'V~O', '2', NULL, 'BAS', '1', NULL, '0', '0', '0' ),
( '14', '197', 'usageunit', 'vtiger_products', '1', '15', 'usageunit', 'Usage Unit', '1', '2', '', '100', '1', '33', '1', 'V~O', '1', NULL, 'ADV', '1', NULL, '0', '0', '0' ),
( '14', '198', 'qty_per_unit', 'vtiger_products', '1', '1', 'qty_per_unit', 'Qty/Unit', '1', '2', '', '100', '2', '33', '1', 'N~O', '1', NULL, 'ADV', '1', NULL, '1', '0', '0' ),
( '14', '199', 'qtyinstock', 'vtiger_products', '1', '1', 'qtyinstock', 'Qty In Stock', '1', '2', '', '100', '3', '33', '1', 'NN~O', '0', '4', 'ADV', '1', NULL, '0', '1', '0' ),
( '14', '200', 'reorderlevel', 'vtiger_products', '1', '1', 'reorderlevel', 'Reorder Level', '1', '2', '', '100', '4', '33', '1', 'I~O', '1', NULL, 'ADV', '1', NULL, '0', '0', '0' ),
( '14', '201', 'smownerid', 'vtiger_crmentity', '1', '53', 'assigned_user_id', 'Handler', '1', '0', '', '100', '5', '33', '1', 'V~M', '0', '5', 'BAS', '1', NULL, '0', '0', '0' ),
( '14', '202', 'qtyindemand', 'vtiger_products', '1', '1', 'qtyindemand', 'Qty In Demand', '1', '2', '', '100', '6', '33', '1', 'I~O', '1', NULL, 'ADV', '1', NULL, '0', '0', '0' ),
( '14', '203', 'imagename', 'vtiger_products', '1', '69', 'imagename', 'Product Image', '1', '2', '', '100', '1', '35', '1', 'V~O', '3', NULL, 'ADV', '0', NULL, '0', '0', '0' ),
( '14', '204', 'description', 'vtiger_crmentity', '1', '19', 'description', 'Description', '1', '2', '', '100', '1', '36', '1', 'V~O', '1', NULL, 'BAS', '1', NULL, '0', '0', '0' ),
( '8', '205', 'title', 'vtiger_notes', '1', '2', 'notes_title', 'Title', '1', '0', '', '100', '1', '17', '1', 'V~M', '0', '1', 'BAS', '1', NULL, '1', '0', '0' ),
( '8', '206', 'createdtime', 'vtiger_crmentity', '1', '70', 'createdtime', 'Created Time', '1', '0', '', '100', '5', '17', '2', 'DT~O', '3', NULL, 'BAS', '0', NULL, '0', '0', '0' ),
( '8', '207', 'modifiedtime', 'vtiger_crmentity', '1', '70', 'modifiedtime', 'Modified Time', '1', '0', '', '100', '6', '17', '2', 'DT~O', '3', NULL, 'BAS', '0', NULL, '1', '0', '0' ),
( '8', '208', 'filename', 'vtiger_notes', '1', '28', 'filename', 'File Name', '1', '2', '', '100', '3', '18', '1', 'V~O', '0', NULL, 'BAS', '0', NULL, '1', '0', '0' ),
( '8', '209', 'smownerid', 'vtiger_crmentity', '1', '53', 'assigned_user_id', 'Assigned To', '1', '0', '', '100', '4', '17', '1', 'V~M', '0', '3', 'BAS', '1', NULL, '1', '0', '0' ),
( '8', '210', 'notecontent', 'vtiger_notes', '1', '19', 'notecontent', 'Note', '1', '2', '', '100', '1', '84', '1', 'V~O', '1', NULL, 'BAS', '0', NULL, '0', '0', '0' ),
( '8', '211', 'filetype', 'vtiger_notes', '1', '1', 'filetype', 'File Type', '1', '2', NULL, '100', '5', '18', '2', 'V~O', '3', NULL, 'BAS', '0', NULL, '0', '0', '0' ),
( '8', '212', 'filesize', 'vtiger_notes', '1', '1', 'filesize', 'File Size', '1', '2', NULL, '100', '4', '18', '2', 'I~O', '3', NULL, 'BAS', '0', NULL, '0', '0', '0' ),
( '8', '213', 'filelocationtype', 'vtiger_notes', '1', '27', 'filelocationtype', 'Download Type', '1', '0', NULL, '100', '1', '18', '1', 'V~O', '0', NULL, 'BAS', '0', NULL, '0', '0', '0' ),
( '8', '214', 'fileversion', 'vtiger_notes', '1', '1', 'fileversion', 'Version', '1', '2', NULL, '100', '6', '18', '1', 'V~O', '1', NULL, 'BAS', '1', NULL, '0', '0', '0' ),
( '8', '215', 'filestatus', 'vtiger_notes', '1', '56', 'filestatus', 'Active', '1', '2', '1', '100', '2', '18', '1', 'V~O', '1', NULL, 'BAS', '1', NULL, '0', '0', '0' ),
( '8', '216', 'filedownloadcount', 'vtiger_notes', '1', '1', 'filedownloadcount', 'Download Count', '1', '2', NULL, '100', '7', '18', '2', 'I~O', '3', NULL, 'BAS', '0', NULL, '0', '0', '0' ),
( '8', '217', 'folderid', 'vtiger_notes', '1', '26', 'folderid', 'Folder Name', '1', '2', '', '100', '2', '17', '1', 'V~O', '2', '2', 'BAS', '1', NULL, '1', '0', '0' ),
( '8', '218', 'note_no', 'vtiger_notes', '1', '4', 'note_no', 'Document No', '1', '0', '', '100', '3', '17', '1', 'V~O', '3', NULL, 'BAS', '0', NULL, '0', '0', '0' ),
( '8', '219', 'modifiedby', 'vtiger_crmentity', '1', '52', 'modifiedby', 'Last Modified By', '1', '0', '', '100', '12', '17', '3', 'V~O', '3', NULL, 'BAS', '0', NULL, '0', '0', '0' ),
( '10', '220', 'date_start', 'vtiger_activity', '1', '6', 'date_start', 'Date & Time Sent', '1', '0', '', '100', '1', '21', '1', 'DT~M~time_start~Time Start', '1', NULL, 'BAS', '1', NULL, '0', '0', '0' ),
( '10', '221', 'semodule', 'vtiger_activity', '1', '2', 'parent_type', 'Sales Enity Module', '1', '0', '', '100', '2', '21', '3', '', '1', NULL, 'BAS', '1', NULL, '0', '0', '0' ),
( '10', '222', 'activitytype', 'vtiger_activity', '1', '2', 'activitytype', 'Activtiy Type', '1', '0', '', '100', '3', '21', '3', 'V~O', '1', NULL, 'BAS', '1', NULL, '0', '0', '0' ),
( '10', '223', 'smownerid', 'vtiger_crmentity', '1', '53', 'assigned_user_id', 'Assigned To', '1', '0', '', '100', '5', '21', '1', 'V~M', '1', NULL, 'BAS', '1', NULL, '0', '0', '0' ),
( '10', '224', 'subject', 'vtiger_activity', '1', '2', 'subject', 'Subject', '1', '0', '', '100', '1', '23', '1', 'V~M', '1', NULL, 'BAS', '1', NULL, '0', '0', '0' ),
( '10', '225', 'name', 'vtiger_attachments', '1', '61', 'filename', 'Attachment', '1', '0', '', '100', '2', '23', '1', 'V~O', '1', NULL, 'BAS', '1', NULL, '0', '0', '0' ),
( '10', '226', 'description', 'vtiger_crmentity', '1', '19', 'description', 'Description', '1', '0', '', '100', '1', '24', '1', 'V~O', '1', NULL, 'BAS', '1', NULL, '0', '0', '0' ),
( '10', '227', 'time_start', 'vtiger_activity', '1', '2', 'time_start', 'Time Start', '1', '0', '', '100', '9', '23', '1', 'T~O', '1', NULL, 'BAS', '1', NULL, '0', '0', '0' ),
( '10', '228', 'createdtime', 'vtiger_crmentity', '1', '70', 'createdtime', 'Created Time', '1', '0', '', '100', '10', '22', '1', 'DT~O', '3', NULL, 'BAS', '0', NULL, '0', '0', '0' ),
( '10', '229', 'modifiedtime', 'vtiger_crmentity', '1', '70', 'modifiedtime', 'Modified Time', '1', '0', '', '100', '11', '21', '2', 'DT~O', '3', NULL, 'BAS', '0', NULL, '0', '0', '0' ),
( '10', '230', 'access_count', 'vtiger_email_track', '1', '25', 'access_count', 'Access Count', '1', '0', '0', '100', '6', '21', '3', 'I~O', '1', NULL, 'BAS', '0', NULL, '0', '0', '0' ),
( '10', '231', 'modifiedby', 'vtiger_crmentity', '1', '52', 'modifiedby', 'Last Modified By', '1', '0', '', '100', '12', '21', '3', 'V~O', '3', NULL, 'BAS', '0', NULL, '0', '0', '0' ),
( '9', '232', 'subject', 'vtiger_activity', '1', '2', 'subject', 'Subject', '1', '0', '', '100', '1', '19', '1', 'V~M', '0', '1', 'BAS', '1', NULL, '1', '0', '0' ),
( '9', '233', 'smownerid', 'vtiger_crmentity', '1', '53', 'assigned_user_id', 'Assigned To', '1', '0', '', '100', '2', '19', '1', 'V~M', '0', '4', 'BAS', '1', NULL, '1', '0', '0' ),
( '9', '234', 'date_start', 'vtiger_activity', '1', '6', 'date_start', 'Start Date & Time', '1', '0', '', '100', '3', '19', '1', 'DT~M~time_start', '0', '2', 'BAS', '1', NULL, '1', '0', '0' ),
( '9', '235', 'time_start', 'vtiger_activity', '1', '2', 'time_start', 'Time Start', '1', '0', '', '100', '4', '19', '3', 'T~M', '1', NULL, 'BAS', '1', NULL, '1', '0', '0' ),
( '9', '236', 'time_end', 'vtiger_activity', '1', '2', 'time_end', 'End Time', '1', '0', '', '100', '4', '19', '3', 'T~O', '1', NULL, 'BAS', '1', NULL, '1', '0', '0' ),
( '9', '237', 'due_date', 'vtiger_activity', '1', '23', 'due_date', 'Due Date', '1', '0', '', '100', '5', '19', '1', 'D~M~OTH~GE~date_start~Start Date & Time', '1', NULL, 'BAS', '1', NULL, '1', '0', '0' ),
( '9', '238', 'crmid', 'vtiger_seactivityrel', '1', '66', 'parent_id', 'Related To', '1', '0', '', '100', '7', '19', '1', 'I~O', '1', NULL, 'BAS', '1', NULL, '1', '0', '0' ),
( '9', '239', 'contactid', 'vtiger_cntactivityrel', '1', '57', 'contact_id', 'Contact Name', '1', '0', '', '100', '8', '19', '1', 'I~O', '1', NULL, 'BAS', '1', NULL, '0', '0', '0' ),
( '9', '240', 'status', 'vtiger_activity', '1', '15', 'taskstatus', 'Status', '1', '0', '', '100', '8', '19', '1', 'V~M', '0', '3', 'BAS', '1', NULL, '0', '0', '0' ),
( '9', '241', 'eventstatus', 'vtiger_activity', '1', '15', 'eventstatus', 'Status', '1', '0', '', '100', '9', '19', '3', 'V~O', '1', NULL, 'BAS', '1', NULL, '0', '0', '0' ),
( '9', '242', 'priority', 'vtiger_activity', '1', '15', 'taskpriority', 'Priority', '1', '0', '', '100', '10', '19', '1', 'V~O', '1', NULL, 'BAS', '1', NULL, '0', '0', '0' ),
( '9', '243', 'sendnotification', 'vtiger_activity', '1', '56', 'sendnotification', 'Send Notification', '1', '0', '', '100', '11', '19', '1', 'C~O', '1', NULL, 'BAS', '1', NULL, '0', '0', '0' ),
( '9', '244', 'createdtime', 'vtiger_crmentity', '1', '70', 'createdtime', 'Created Time', '1', '0', '', '100', '14', '19', '2', 'DT~O', '3', NULL, 'BAS', '0', NULL, '0', '0', '0' ),
( '9', '245', 'modifiedtime', 'vtiger_crmentity', '1', '70', 'modifiedtime', 'Modified Time', '1', '0', '', '100', '15', '19', '2', 'DT~O', '3', NULL, 'BAS', '0', NULL, '0', '0', '0' ),
( '9', '246', 'activitytype', 'vtiger_activity', '1', '15', 'activitytype', 'Activity Type', '1', '0', '', '100', '16', '19', '3', 'V~O', '1', NULL, 'BAS', '1', NULL, '1', '0', '0' ),
( '9', '247', 'visibility', 'vtiger_activity', '1', '16', 'visibility', 'Visibility', '1', '0', '', '100', '17', '19', '3', 'V~O', '1', NULL, 'BAS', '1', NULL, '0', '0', '0' ),
( '9', '248', 'description', 'vtiger_crmentity', '1', '19', 'description', 'Description', '1', '0', '', '100', '1', '20', '1', 'V~O', '1', NULL, 'BAS', '1', NULL, '0', '0', '0' ),
( '9', '249', 'duration_hours', 'vtiger_activity', '1', '63', 'duration_hours', 'Duration', '1', '0', '', '100', '17', '19', '3', 'T~O', '1', NULL, 'BAS', '1', NULL, '0', '0', '0' ),
( '9', '250', 'duration_minutes', 'vtiger_activity', '1', '16', 'duration_minutes', 'Duration Minutes', '1', '0', '', '100', '18', '19', '3', 'T~O', '1', NULL, 'BAS', '1', NULL, '0', '0', '0' );

INSERT INTO `vtiger_field`(`tabid`,`fieldid`,`columnname`,`tablename`,`generatedtype`,`uitype`,`fieldname`,`fieldlabel`,`readonly`,`presence`,`defaultvalue`,`maximumlength`,`sequence`,`block`,`displaytype`,`typeofdata`,`quickcreate`,`quickcreatesequence`,`info_type`,`masseditable`,`helpinfo`,`summaryfield`,`headerfield`,`isunique`) VALUES 
( '9', '251', 'location', 'vtiger_activity', '1', '1', 'location', 'Location', '1', '0', '', '100', '19', '19', '1', 'V~O', '1', NULL, 'BAS', '1', NULL, '0', '0', '0' ),
( '9', '252', 'reminder_time', 'vtiger_activity_reminder', '1', '30', 'reminder_time', 'Send Reminder', '1', '0', '', '100', '1', '120', '1', 'I~O', '1', NULL, 'BAS', '1', NULL, '0', '0', '0' ),
( '9', '253', 'recurringtype', 'vtiger_activity', '1', '16', 'recurringtype', 'Recurrence', '1', '0', '', '100', '6', '19', '3', 'O~O', '1', NULL, 'BAS', '1', NULL, '1', '0', '0' ),
( '9', '254', 'notime', 'vtiger_activity', '1', '56', 'notime', 'No Time', '1', '0', '', '100', '20', '19', '3', 'C~O', '1', NULL, 'BAS', '1', NULL, '0', '0', '0' ),
( '9', '255', 'modifiedby', 'vtiger_crmentity', '1', '52', 'modifiedby', 'Last Modified By', '1', '0', '', '100', '22', '19', '3', 'V~O', '3', NULL, 'BAS', '0', NULL, '0', '0', '0' ),
( '16', '256', 'subject', 'vtiger_activity', '1', '2', 'subject', 'Subject', '1', '0', '', '100', '1', '39', '1', 'V~M', '0', '1', 'BAS', '1', NULL, '1', '0', '0' ),
( '16', '257', 'smownerid', 'vtiger_crmentity', '1', '53', 'assigned_user_id', 'Assigned To', '1', '0', '', '100', '2', '39', '1', 'V~M', '0', '6', 'BAS', '1', NULL, '1', '0', '0' ),
( '16', '258', 'date_start', 'vtiger_activity', '1', '6', 'date_start', 'Start Date & Time', '1', '0', '', '100', '3', '39', '1', 'DT~M~time_start', '0', '2', 'BAS', '1', NULL, '1', '0', '0' ),
( '16', '259', 'time_start', 'vtiger_activity', '1', '2', 'time_start', 'Time Start', '1', '0', '', '100', '4', '39', '3', 'T~M', '1', NULL, 'BAS', '1', NULL, '1', '0', '0' ),
( '16', '260', 'due_date', 'vtiger_activity', '1', '23', 'due_date', 'End Date', '1', '0', '', '100', '5', '39', '1', 'D~M~OTH~GE~date_start~Start Date & Time', '0', '5', 'BAS', '1', NULL, '1', '0', '0' ),
( '16', '261', 'time_end', 'vtiger_activity', '1', '2', 'time_end', 'End Time', '1', '0', '', '100', '5', '39', '3', 'T~M', '1', NULL, 'BAS', '1', NULL, '1', '0', '0' ),
( '16', '262', 'recurringtype', 'vtiger_activity', '1', '16', 'recurringtype', 'Recurrence', '1', '0', '', '100', '6', '117', '1', 'O~O', '1', NULL, 'BAS', '1', NULL, '1', '0', '0' ),
( '16', '263', 'duration_hours', 'vtiger_activity', '1', '63', 'duration_hours', 'Duration', '1', '0', '', '100', '7', '39', '3', 'I~M', '1', NULL, 'BAS', '1', NULL, '0', '0', '0' ),
( '16', '264', 'duration_minutes', 'vtiger_activity', '1', '16', 'duration_minutes', 'Duration Minutes', '1', '0', '', '100', '8', '39', '3', 'O~O', '1', NULL, 'BAS', '1', NULL, '0', '0', '0' ),
( '16', '265', 'crmid', 'vtiger_seactivityrel', '1', '66', 'parent_id', 'Related To', '1', '0', '', '100', '9', '119', '1', 'I~O', '1', NULL, 'BAS', '1', NULL, '1', '0', '0' ),
( '16', '266', 'eventstatus', 'vtiger_activity', '1', '15', 'eventstatus', 'Status', '1', '0', '', '100', '10', '39', '1', 'V~M', '0', '3', 'BAS', '1', NULL, '0', '0', '0' ),
( '16', '267', 'sendnotification', 'vtiger_activity', '1', '56', 'sendnotification', 'Send Notification', '1', '0', '', '100', '11', '39', '1', 'C~O', '1', NULL, 'BAS', '1', NULL, '0', '0', '0' ),
( '16', '268', 'activitytype', 'vtiger_activity', '1', '15', 'activitytype', 'Activity Type', '1', '0', '', '100', '12', '39', '1', 'V~M', '0', '4', 'BAS', '1', NULL, '1', '0', '0' ),
( '16', '269', 'location', 'vtiger_activity', '1', '1', 'location', 'Location', '1', '0', '', '100', '13', '39', '1', 'V~O', '1', NULL, 'BAS', '1', NULL, '0', '0', '0' ),
( '16', '270', 'createdtime', 'vtiger_crmentity', '1', '70', 'createdtime', 'Created Time', '1', '0', '', '100', '14', '39', '2', 'DT~O', '3', NULL, 'BAS', '0', NULL, '0', '0', '0' ),
( '16', '271', 'modifiedtime', 'vtiger_crmentity', '1', '70', 'modifiedtime', 'Modified Time', '1', '0', '', '100', '15', '39', '2', 'DT~O', '3', NULL, 'BAS', '0', NULL, '0', '0', '0' ),
( '16', '272', 'priority', 'vtiger_activity', '1', '15', 'taskpriority', 'Priority', '1', '0', '', '100', '16', '39', '1', 'V~O', '1', NULL, 'BAS', '1', NULL, '0', '0', '0' ),
( '16', '273', 'notime', 'vtiger_activity', '1', '56', 'notime', 'No Time', '1', '0', '', '100', '17', '39', '3', 'C~O', '1', NULL, 'BAS', '1', NULL, '0', '0', '0' ),
( '16', '274', 'visibility', 'vtiger_activity', '1', '16', 'visibility', 'Visibility', '1', '0', '', '100', '18', '39', '1', 'V~O', '1', NULL, 'BAS', '1', NULL, '0', '0', '0' ),
( '16', '275', 'modifiedby', 'vtiger_crmentity', '1', '52', 'modifiedby', 'Last Modified By', '1', '0', '', '100', '22', '39', '3', 'V~O', '3', NULL, 'BAS', '0', NULL, '0', '0', '0' ),
( '16', '276', 'description', 'vtiger_crmentity', '1', '19', 'description', 'Description', '1', '0', '', '100', '1', '41', '1', 'V~O', '1', NULL, 'BAS', '1', NULL, '0', '0', '0' ),
( '16', '277', 'reminder_time', 'vtiger_activity_reminder', '1', '30', 'reminder_time', 'Send Reminder', '1', '0', '', '100', '1', '40', '1', 'I~O', '1', NULL, 'BAS', '1', NULL, '0', '0', '0' ),
( '16', '278', 'contactid', 'vtiger_cntactivityrel', '1', '57', 'contact_id', 'Contact Name', '1', '0', '', '100', '1', '119', '1', 'I~O', '1', NULL, 'BAS', '1', NULL, '0', '0', '0' ),
( '15', '279', 'product_id', 'vtiger_faq', '1', '59', 'product_id', 'Product Name', '1', '2', '', '100', '1', '37', '1', 'I~O', '3', NULL, 'BAS', '1', NULL, '1', '0', '0' ),
( '15', '280', 'faq_no', 'vtiger_faq', '1', '4', 'faq_no', 'Faq No', '1', '0', '', '100', '2', '37', '1', 'V~O', '3', NULL, 'BAS', '0', NULL, '0', '0', '0' ),
( '15', '281', 'category', 'vtiger_faq', '1', '15', 'faqcategories', 'Category', '1', '2', '', '100', '4', '37', '1', 'V~O', '3', NULL, 'BAS', '1', NULL, '1', '0', '0' ),
( '15', '282', 'status', 'vtiger_faq', '1', '15', 'faqstatus', 'Status', '1', '2', '', '100', '3', '37', '1', 'V~M', '3', NULL, 'BAS', '1', NULL, '0', '0', '0' ),
( '15', '283', 'question', 'vtiger_faq', '1', '20', 'question', 'Question', '1', '2', '', '100', '7', '37', '1', 'V~M', '3', NULL, 'BAS', '1', NULL, '1', '0', '0' ),
( '15', '284', 'answer', 'vtiger_faq', '1', '20', 'faq_answer', 'Answer', '1', '2', '', '100', '8', '37', '1', 'V~M', '3', NULL, 'BAS', '1', NULL, '0', '0', '0' ),
( '15', '285', 'comments', 'vtiger_faqcomments', '1', '19', 'comments', 'Add Comment', '1', '1', '', '100', '1', '38', '1', 'V~O', '3', NULL, 'BAS', '0', NULL, '0', '0', '0' ),
( '15', '286', 'createdtime', 'vtiger_crmentity', '1', '70', 'createdtime', 'Created Time', '1', '0', '', '100', '5', '37', '2', 'DT~O', '3', NULL, 'BAS', '0', NULL, '1', '0', '0' ),
( '15', '287', 'modifiedtime', 'vtiger_crmentity', '1', '70', 'modifiedtime', 'Modified Time', '1', '0', '', '100', '6', '37', '2', 'DT~O', '3', NULL, 'BAS', '0', NULL, '1', '0', '0' ),
( '15', '288', 'modifiedby', 'vtiger_crmentity', '1', '52', 'modifiedby', 'Last Modified By', '1', '0', '', '100', '7', '37', '3', 'V~O', '3', NULL, 'BAS', '0', NULL, '0', '0', '0' ),
( '18', '289', 'vendorname', 'vtiger_vendor', '1', '2', 'vendorname', 'Vendor Name', '1', '0', '', '100', '1', '42', '1', 'V~M', '0', '1', 'BAS', '1', NULL, '1', '0', '0' ),
( '18', '290', 'vendor_no', 'vtiger_vendor', '1', '4', 'vendor_no', 'Vendor No', '1', '0', '', '100', '2', '42', '1', 'V~O', '3', NULL, 'BAS', '0', NULL, '0', '0', '0' ),
( '18', '291', 'phone', 'vtiger_vendor', '1', '1', 'phone', 'Phone', '1', '2', '', '100', '4', '42', '1', 'V~O', '2', '2', 'BAS', '1', NULL, '0', '1', '0' ),
( '18', '292', 'email', 'vtiger_vendor', '1', '13', 'email', 'Email', '1', '2', '', '100', '3', '42', '1', 'E~O', '2', '3', 'BAS', '1', NULL, '0', '1', '0' ),
( '18', '293', 'website', 'vtiger_vendor', '1', '17', 'website', 'Website', '1', '2', '', '100', '6', '42', '1', 'V~O', '1', NULL, 'BAS', '1', NULL, '0', '1', '0' ),
( '18', '294', 'glacct', 'vtiger_vendor', '1', '15', 'glacct', 'GL Account', '1', '2', '', '100', '5', '42', '1', 'V~O', '1', NULL, 'BAS', '1', NULL, '0', '0', '0' ),
( '18', '295', 'category', 'vtiger_vendor', '1', '1', 'category', 'Category', '1', '2', '', '100', '8', '42', '1', 'V~O', '1', NULL, 'BAS', '1', NULL, '1', '0', '0' ),
( '18', '296', 'createdtime', 'vtiger_crmentity', '1', '70', 'createdtime', 'Created Time', '1', '0', '', '100', '7', '42', '2', 'DT~O', '3', NULL, 'BAS', '0', NULL, '0', '0', '0' ),
( '18', '297', 'modifiedtime', 'vtiger_crmentity', '1', '70', 'modifiedtime', 'Modified Time', '1', '0', '', '100', '9', '42', '2', 'DT~O', '3', NULL, 'BAS', '0', NULL, '0', '0', '0' ),
( '18', '298', 'modifiedby', 'vtiger_crmentity', '1', '52', 'modifiedby', 'Last Modified By', '1', '0', '', '100', '12', '42', '3', 'V~O', '3', NULL, 'BAS', '0', NULL, '0', '0', '0' ),
( '18', '299', 'street', 'vtiger_vendor', '1', '21', 'street', 'Street', '1', '2', '', '100', '1', '44', '1', 'V~O', '1', NULL, 'ADV', '1', NULL, '0', '0', '0' ),
( '18', '300', 'pobox', 'vtiger_vendor', '1', '1', 'pobox', 'Po Box', '1', '2', '', '100', '2', '44', '1', 'V~O', '1', NULL, 'ADV', '1', NULL, '0', '0', '0' ),
( '18', '301', 'city', 'vtiger_vendor', '1', '1', 'city', 'City', '1', '2', '', '100', '3', '44', '1', 'V~O', '1', NULL, 'ADV', '1', NULL, '0', '0', '0' ),
( '18', '302', 'state', 'vtiger_vendor', '1', '1', 'state', 'State', '1', '2', '', '100', '4', '44', '1', 'V~O', '1', NULL, 'ADV', '1', NULL, '0', '0', '0' ),
( '18', '303', 'postalcode', 'vtiger_vendor', '1', '1', 'postalcode', 'Postal Code', '1', '2', '', '100', '5', '44', '1', 'V~O', '1', NULL, 'ADV', '1', NULL, '0', '0', '0' ),
( '18', '304', 'country', 'vtiger_vendor', '1', '1', 'country', 'Country', '1', '2', '', '100', '6', '44', '1', 'V~O', '1', NULL, 'ADV', '1', NULL, '0', '0', '0' ),
( '18', '305', 'description', 'vtiger_crmentity', '1', '19', 'description', 'Description', '1', '2', '', '100', '1', '45', '1', 'V~O', '1', NULL, 'ADV', '1', NULL, '0', '0', '0' ),
( '19', '306', 'bookname', 'vtiger_pricebook', '1', '2', 'bookname', 'Price Book Name', '1', '0', '', '100', '1', '46', '1', 'V~M', '0', '1', 'BAS', '1', NULL, '1', '0', '0' ),
( '19', '307', 'pricebook_no', 'vtiger_pricebook', '1', '4', 'pricebook_no', 'PriceBook No', '1', '0', '', '100', '3', '46', '1', 'V~O', '3', NULL, 'BAS', '0', NULL, '0', '0', '0' ),
( '19', '308', 'active', 'vtiger_pricebook', '1', '56', 'active', 'Active', '1', '2', '1', '100', '2', '46', '1', 'C~O', '2', '2', 'BAS', '1', NULL, '1', '0', '0' ),
( '19', '309', 'createdtime', 'vtiger_crmentity', '1', '70', 'createdtime', 'Created Time', '1', '0', '', '100', '4', '46', '2', 'DT~O', '3', NULL, 'BAS', '0', NULL, '0', '0', '0' ),
( '19', '310', 'modifiedtime', 'vtiger_crmentity', '1', '70', 'modifiedtime', 'Modified Time', '1', '0', '', '100', '5', '46', '2', 'DT~O', '3', NULL, 'BAS', '0', NULL, '0', '0', '0' ),
( '19', '311', 'currency_id', 'vtiger_pricebook', '1', '117', 'currency_id', 'Currency', '1', '0', '', '100', '5', '46', '1', 'I~M', '0', '3', 'BAS', '0', NULL, '0', '0', '0' ),
( '19', '312', 'modifiedby', 'vtiger_crmentity', '1', '52', 'modifiedby', 'Last Modified By', '1', '0', '', '100', '7', '46', '3', 'V~O', '3', NULL, 'BAS', '0', NULL, '0', '0', '0' ),
( '19', '313', 'description', 'vtiger_crmentity', '1', '19', 'description', 'Description', '1', '2', '', '100', '1', '48', '1', 'V~O', '1', NULL, 'BAS', '1', NULL, '0', '0', '0' ),
( '20', '314', 'quote_no', 'vtiger_quotes', '1', '4', 'quote_no', 'Quote No', '1', '0', '', '100', '3', '49', '1', 'V~O', '3', NULL, 'BAS', '0', NULL, '1', '0', '0' ),
( '20', '315', 'subject', 'vtiger_quotes', '1', '2', 'subject', 'Subject', '1', '0', '', '100', '1', '49', '1', 'V~M', '1', NULL, 'BAS', '1', NULL, '1', '0', '0' ),
( '20', '316', 'potentialid', 'vtiger_quotes', '1', '76', 'potential_id', 'Potential Name', '1', '2', '', '100', '2', '49', '1', 'I~O', '3', NULL, 'BAS', '1', NULL, '1', '0', '0' ),
( '20', '317', 'quotestage', 'vtiger_quotes', '1', '15', 'quotestage', 'Quote Stage', '1', '2', '', '100', '4', '49', '1', 'V~M', '3', NULL, 'BAS', '1', NULL, '0', '1', '0' ),
( '20', '318', 'validtill', 'vtiger_quotes', '1', '5', 'validtill', 'Valid Till', '1', '2', '', '100', '5', '49', '1', 'D~O', '3', NULL, 'BAS', '1', NULL, '0', '0', '0' ),
( '20', '319', 'contactid', 'vtiger_quotes', '1', '57', 'contact_id', 'Contact Name', '1', '2', '', '100', '6', '49', '1', 'V~O', '3', NULL, 'BAS', '1', NULL, '0', '1', '0' ),
( '20', '320', 'carrier', 'vtiger_quotes', '1', '15', 'carrier', 'Carrier', '1', '2', '', '100', '8', '49', '1', 'V~O', '3', NULL, 'BAS', '1', NULL, '0', '0', '0' ),
( '20', '321', 'subtotal', 'vtiger_quotes', '1', '72', 'hdnSubTotal', 'Sub Total', '1', '2', '', '100', '9', '49', '3', 'N~O', '3', NULL, 'BAS', '1', NULL, '0', '0', '0' ),
( '20', '322', 'shipping', 'vtiger_quotes', '1', '1', 'shipping', 'Shipping', '1', '2', '', '100', '10', '49', '1', 'V~O', '3', NULL, 'BAS', '1', NULL, '0', '0', '0' ),
( '20', '323', 'inventorymanager', 'vtiger_quotes', '1', '77', 'assigned_user_id1', 'Inventory Manager', '1', '2', '', '100', '11', '49', '1', 'I~O', '3', NULL, 'BAS', '1', NULL, '0', '0', '0' ),
( '20', '324', 'adjustment', 'vtiger_quotes', '1', '72', 'txtAdjustment', 'Adjustment', '1', '2', '', '100', '20', '49', '3', 'NN~O', '3', NULL, 'BAS', '1', NULL, '0', '0', '0' ),
( '20', '325', 'total', 'vtiger_quotes', '1', '72', 'hdnGrandTotal', 'Total', '1', '2', '', '100', '14', '49', '3', 'N~O', '3', NULL, 'BAS', '1', NULL, '0', '1', '0' ),
( '20', '326', 'taxtype', 'vtiger_quotes', '1', '16', 'hdnTaxType', 'Tax Type', '1', '2', '', '100', '14', '49', '3', 'V~O', '3', NULL, 'BAS', '1', NULL, '0', '0', '0' ),
( '20', '327', 'discount_percent', 'vtiger_quotes', '1', '1', 'hdnDiscountPercent', 'Discount Percent', '1', '2', '', '100', '14', '116', '5', 'N~O', '3', NULL, 'BAS', '1', NULL, '0', '0', '0' ),
( '20', '328', 'discount_amount', 'vtiger_quotes', '1', '72', 'hdnDiscountAmount', 'Discount Amount', '1', '2', '', '100', '14', '116', '5', 'N~O', '3', NULL, 'BAS', '1', NULL, '0', '0', '0' ),
( '20', '329', 's_h_amount', 'vtiger_quotes', '1', '72', 'hdnS_H_Amount', 'S&H Amount', '1', '2', '', '100', '14', '49', '3', 'N~O', '3', NULL, 'BAS', '1', NULL, '0', '0', '0' ),
( '20', '330', 'accountid', 'vtiger_quotes', '1', '73', 'account_id', 'Account Name', '1', '2', '', '100', '16', '49', '1', 'I~O', '3', NULL, 'BAS', '1', NULL, '0', '1', '0' ),
( '20', '331', 'smownerid', 'vtiger_crmentity', '1', '53', 'assigned_user_id', 'Assigned To', '1', '0', '', '100', '17', '49', '1', 'V~M', '3', NULL, 'BAS', '1', NULL, '1', '0', '0' ),
( '20', '332', 'createdtime', 'vtiger_crmentity', '1', '70', 'createdtime', 'Created Time', '1', '0', '', '100', '18', '49', '2', 'DT~O', '3', NULL, 'BAS', '0', NULL, '0', '0', '0' ),
( '20', '333', 'modifiedtime', 'vtiger_crmentity', '1', '70', 'modifiedtime', 'Modified Time', '1', '0', '', '100', '19', '49', '2', 'DT~O', '3', NULL, 'BAS', '0', NULL, '0', '0', '0' ),
( '20', '334', 'modifiedby', 'vtiger_crmentity', '1', '52', 'modifiedby', 'Last Modified By', '1', '0', '', '100', '22', '49', '3', 'V~O', '3', NULL, 'BAS', '0', NULL, '0', '0', '0' ),
( '20', '335', 'currency_id', 'vtiger_quotes', '1', '117', 'currency_id', 'Currency', '1', '2', '1', '100', '20', '49', '3', 'I~O', '3', NULL, 'BAS', '1', NULL, '0', '0', '0' ),
( '20', '336', 'conversion_rate', 'vtiger_quotes', '1', '1', 'conversion_rate', 'Conversion Rate', '1', '2', '1', '100', '21', '49', '3', 'N~O', '3', NULL, 'BAS', '1', NULL, '0', '0', '0' ),
( '20', '337', 'bill_street', 'vtiger_quotesbillads', '1', '24', 'bill_street', 'Billing Address', '1', '2', '', '100', '1', '51', '1', 'V~M', '3', NULL, 'BAS', '1', NULL, '0', '0', '0' ),
( '20', '338', 'ship_street', 'vtiger_quotesshipads', '1', '24', 'ship_street', 'Shipping Address', '1', '2', '', '100', '2', '51', '1', 'V~M', '3', NULL, 'BAS', '1', NULL, '0', '0', '0' ),
( '20', '339', 'bill_city', 'vtiger_quotesbillads', '1', '1', 'bill_city', 'Billing City', '1', '2', '', '100', '5', '51', '1', 'V~O', '3', NULL, 'BAS', '1', NULL, '0', '0', '0' ),
( '20', '340', 'ship_city', 'vtiger_quotesshipads', '1', '1', 'ship_city', 'Shipping City', '1', '2', '', '100', '6', '51', '1', 'V~O', '3', NULL, 'BAS', '1', NULL, '0', '0', '0' ),
( '20', '341', 'bill_state', 'vtiger_quotesbillads', '1', '1', 'bill_state', 'Billing State', '1', '2', '', '100', '7', '51', '1', 'V~O', '3', NULL, 'BAS', '1', NULL, '0', '0', '0' ),
( '20', '342', 'ship_state', 'vtiger_quotesshipads', '1', '1', 'ship_state', 'Shipping State', '1', '2', '', '100', '8', '51', '1', 'V~O', '3', NULL, 'BAS', '1', NULL, '0', '0', '0' ),
( '20', '343', 'bill_code', 'vtiger_quotesbillads', '1', '1', 'bill_code', 'Billing Code', '1', '2', '', '100', '9', '51', '1', 'V~O', '3', NULL, 'BAS', '1', NULL, '0', '0', '0' ),
( '20', '344', 'ship_code', 'vtiger_quotesshipads', '1', '1', 'ship_code', 'Shipping Code', '1', '2', '', '100', '10', '51', '1', 'V~O', '3', NULL, 'BAS', '1', NULL, '0', '0', '0' ),
( '20', '345', 'bill_country', 'vtiger_quotesbillads', '1', '1', 'bill_country', 'Billing Country', '1', '2', '', '100', '11', '51', '1', 'V~O', '3', NULL, 'BAS', '1', NULL, '0', '0', '0' ),
( '20', '346', 'ship_country', 'vtiger_quotesshipads', '1', '1', 'ship_country', 'Shipping Country', '1', '2', '', '100', '12', '51', '1', 'V~O', '3', NULL, 'BAS', '1', NULL, '0', '0', '0' ),
( '20', '347', 'bill_pobox', 'vtiger_quotesbillads', '1', '1', 'bill_pobox', 'Billing Po Box', '1', '2', '', '100', '3', '51', '1', 'V~O', '3', NULL, 'BAS', '1', NULL, '0', '0', '0' ),
( '20', '348', 'ship_pobox', 'vtiger_quotesshipads', '1', '1', 'ship_pobox', 'Shipping Po Box', '1', '2', '', '100', '4', '51', '1', 'V~O', '3', NULL, 'BAS', '1', NULL, '0', '0', '0' ),
( '20', '349', 'description', 'vtiger_crmentity', '1', '19', 'description', 'Description', '1', '2', '', '100', '1', '54', '1', 'V~O', '3', NULL, 'ADV', '1', NULL, '0', '0', '0' ),
( '20', '350', 'terms_conditions', 'vtiger_quotes', '1', '19', 'terms_conditions', 'Terms & Conditions', '1', '2', '', '100', '1', '53', '1', 'V~O', '3', NULL, 'ADV', '1', NULL, '0', '0', '0' ),
( '21', '351', 'purchaseorder_no', 'vtiger_purchaseorder', '1', '4', 'purchaseorder_no', 'PurchaseOrder No', '1', '0', '', '100', '2', '55', '1', 'V~O', '3', NULL, 'BAS', '0', NULL, '1', '0', '0' ),
( '21', '352', 'subject', 'vtiger_purchaseorder', '1', '2', 'subject', 'Subject', '1', '0', '', '100', '1', '55', '1', 'V~M', '3', NULL, 'BAS', '1', NULL, '1', '0', '0' ),
( '21', '353', 'vendorid', 'vtiger_purchaseorder', '1', '81', 'vendor_id', 'Vendor Name', '1', '0', '', '100', '3', '55', '1', 'I~M', '3', NULL, 'BAS', '1', NULL, '1', '0', '0' ),
( '21', '354', 'requisition_no', 'vtiger_purchaseorder', '1', '1', 'requisition_no', 'Requisition No', '1', '2', '', '100', '4', '55', '1', 'V~O', '3', NULL, 'BAS', '1', NULL, '0', '0', '0' ),
( '21', '355', 'tracking_no', 'vtiger_purchaseorder', '1', '1', 'tracking_no', 'Tracking Number', '1', '2', '', '100', '5', '55', '1', 'V~O', '3', NULL, 'BAS', '1', NULL, '1', '0', '0' ),
( '21', '356', 'contactid', 'vtiger_purchaseorder', '1', '57', 'contact_id', 'Contact Name', '1', '2', '', '100', '6', '55', '1', 'I~O', '3', NULL, 'BAS', '1', NULL, '0', '1', '0' ),
( '21', '357', 'duedate', 'vtiger_purchaseorder', '1', '5', 'duedate', 'Due Date', '1', '2', '', '100', '7', '55', '1', 'D~O', '3', NULL, 'BAS', '1', NULL, '0', '0', '0' ),
( '21', '358', 'carrier', 'vtiger_purchaseorder', '1', '15', 'carrier', 'Carrier', '1', '2', '', '100', '8', '55', '1', 'V~O', '3', NULL, 'BAS', '1', NULL, '0', '0', '0' ),
( '21', '359', 'adjustment', 'vtiger_purchaseorder', '1', '72', 'txtAdjustment', 'Adjustment', '1', '2', '', '100', '10', '55', '3', 'NN~O', '3', NULL, 'BAS', '1', NULL, '0', '0', '0' ),
( '21', '360', 'salescommission', 'vtiger_purchaseorder', '1', '1', 'salescommission', 'Sales Commission', '1', '2', '', '100', '11', '55', '1', 'N~O', '3', NULL, 'BAS', '1', NULL, '0', '0', '0' ),
( '21', '361', 'exciseduty', 'vtiger_purchaseorder', '1', '1', 'exciseduty', 'Excise Duty', '1', '2', '', '100', '12', '55', '1', 'N~O', '3', NULL, 'BAS', '1', NULL, '0', '0', '0' ),
( '21', '362', 'total', 'vtiger_purchaseorder', '1', '72', 'hdnGrandTotal', 'Total', '1', '2', '', '100', '13', '55', '3', 'N~O', '3', NULL, 'BAS', '1', NULL, '1', '0', '0' ),
( '21', '363', 'subtotal', 'vtiger_purchaseorder', '1', '72', 'hdnSubTotal', 'Sub Total', '1', '2', '', '100', '14', '55', '3', 'N~O', '3', NULL, 'BAS', '1', NULL, '0', '0', '0' ),
( '21', '364', 'taxtype', 'vtiger_purchaseorder', '1', '16', 'hdnTaxType', 'Tax Type', '1', '2', '', '100', '14', '55', '3', 'V~O', '3', NULL, 'BAS', '1', NULL, '0', '0', '0' ),
( '21', '365', 'discount_percent', 'vtiger_purchaseorder', '1', '1', 'hdnDiscountPercent', 'Discount Percent', '1', '2', '', '100', '14', '115', '5', 'N~O', '3', NULL, 'BAS', '1', NULL, '0', '0', '0' ),
( '21', '366', 'discount_amount', 'vtiger_purchaseorder', '1', '72', 'hdnDiscountAmount', 'Discount Amount', '1', '0', '', '100', '14', '115', '5', 'N~O', '3', NULL, 'BAS', '1', NULL, '0', '0', '0' ),
( '21', '367', 's_h_amount', 'vtiger_purchaseorder', '1', '72', 'hdnS_H_Amount', 'S&H Amount', '1', '2', '', '100', '14', '55', '3', 'N~O', '3', NULL, 'BAS', '1', NULL, '0', '0', '0' ),
( '21', '368', 'postatus', 'vtiger_purchaseorder', '1', '15', 'postatus', 'Status', '1', '2', '', '100', '15', '55', '1', 'V~M', '3', NULL, 'BAS', '1', NULL, '0', '1', '0' ),
( '21', '369', 'smownerid', 'vtiger_crmentity', '1', '53', 'assigned_user_id', 'Assigned To', '1', '0', '', '100', '16', '55', '1', 'V~M', '3', NULL, 'BAS', '1', NULL, '0', '1', '0' ),
( '21', '370', 'createdtime', 'vtiger_crmentity', '1', '70', 'createdtime', 'Created Time', '1', '0', '', '100', '17', '55', '2', 'DT~O', '3', NULL, 'BAS', '0', NULL, '0', '0', '0' ),
( '21', '371', 'modifiedtime', 'vtiger_crmentity', '1', '70', 'modifiedtime', 'Modified Time', '1', '0', '', '100', '18', '55', '2', 'DT~O', '3', NULL, 'BAS', '0', NULL, '0', '0', '0' ),
( '21', '372', 'modifiedby', 'vtiger_crmentity', '1', '52', 'modifiedby', 'Last Modified By', '1', '0', '', '100', '22', '55', '3', 'V~O', '3', NULL, 'BAS', '0', NULL, '0', '0', '0' ),
( '21', '373', 'currency_id', 'vtiger_purchaseorder', '1', '117', 'currency_id', 'Currency', '1', '2', '1', '100', '19', '55', '3', 'I~O', '3', NULL, 'BAS', '1', NULL, '0', '0', '0' ),
( '21', '374', 'conversion_rate', 'vtiger_purchaseorder', '1', '1', 'conversion_rate', 'Conversion Rate', '1', '2', '1', '100', '20', '55', '3', 'N~O', '3', NULL, 'BAS', '1', NULL, '0', '0', '0' ),
( '21', '375', 'bill_street', 'vtiger_pobillads', '1', '24', 'bill_street', 'Billing Address', '1', '2', '', '100', '1', '57', '1', 'V~M', '3', NULL, 'BAS', '1', NULL, '0', '0', '0' ),
( '21', '376', 'ship_street', 'vtiger_poshipads', '1', '24', 'ship_street', 'Shipping Address', '1', '2', '', '100', '2', '57', '1', 'V~M', '3', NULL, 'BAS', '1', NULL, '0', '0', '0' ),
( '21', '377', 'bill_city', 'vtiger_pobillads', '1', '1', 'bill_city', 'Billing City', '1', '2', '', '100', '5', '57', '1', 'V~O', '3', NULL, 'BAS', '1', NULL, '0', '0', '0' ),
( '21', '378', 'ship_city', 'vtiger_poshipads', '1', '1', 'ship_city', 'Shipping City', '1', '2', '', '100', '6', '57', '1', 'V~O', '3', NULL, 'BAS', '1', NULL, '0', '0', '0' ),
( '21', '379', 'bill_state', 'vtiger_pobillads', '1', '1', 'bill_state', 'Billing State', '1', '2', '', '100', '7', '57', '1', 'V~O', '3', NULL, 'BAS', '1', NULL, '0', '0', '0' ),
( '21', '380', 'ship_state', 'vtiger_poshipads', '1', '1', 'ship_state', 'Shipping State', '1', '2', '', '100', '8', '57', '1', 'V~O', '3', NULL, 'BAS', '1', NULL, '0', '0', '0' ),
( '21', '381', 'bill_code', 'vtiger_pobillads', '1', '1', 'bill_code', 'Billing Code', '1', '2', '', '100', '9', '57', '1', 'V~O', '3', NULL, 'BAS', '1', NULL, '0', '0', '0' ),
( '21', '382', 'ship_code', 'vtiger_poshipads', '1', '1', 'ship_code', 'Shipping Code', '1', '2', '', '100', '10', '57', '1', 'V~O', '3', NULL, 'BAS', '1', NULL, '0', '0', '0' ),
( '21', '383', 'bill_country', 'vtiger_pobillads', '1', '1', 'bill_country', 'Billing Country', '1', '2', '', '100', '11', '57', '1', 'V~O', '3', NULL, 'BAS', '1', NULL, '0', '0', '0' ),
( '21', '384', 'ship_country', 'vtiger_poshipads', '1', '1', 'ship_country', 'Shipping Country', '1', '2', '', '100', '12', '57', '1', 'V~O', '3', NULL, 'BAS', '1', NULL, '0', '0', '0' ),
( '21', '385', 'bill_pobox', 'vtiger_pobillads', '1', '1', 'bill_pobox', 'Billing Po Box', '1', '2', '', '100', '3', '57', '1', 'V~O', '3', NULL, 'BAS', '1', NULL, '0', '0', '0' ),
( '21', '386', 'ship_pobox', 'vtiger_poshipads', '1', '1', 'ship_pobox', 'Shipping Po Box', '1', '2', '', '100', '4', '57', '1', 'V~O', '3', NULL, 'BAS', '1', NULL, '0', '0', '0' ),
( '21', '387', 'description', 'vtiger_crmentity', '1', '19', 'description', 'Description', '1', '2', '', '100', '1', '60', '1', 'V~O', '3', NULL, 'ADV', '1', NULL, '0', '0', '0' ),
( '21', '388', 'terms_conditions', 'vtiger_purchaseorder', '1', '19', 'terms_conditions', 'Terms & Conditions', '1', '2', '', '100', '1', '59', '1', 'V~O', '3', NULL, 'ADV', '1', NULL, '0', '0', '0' ),
( '22', '389', 'salesorder_no', 'vtiger_salesorder', '1', '4', 'salesorder_no', 'SalesOrder No', '1', '0', '', '100', '4', '61', '1', 'V~O', '3', NULL, 'BAS', '0', NULL, '1', '0', '0' ),
( '22', '390', 'subject', 'vtiger_salesorder', '1', '2', 'subject', 'Subject', '1', '0', '', '100', '1', '61', '1', 'V~M', '3', NULL, 'BAS', '1', NULL, '1', '0', '0' ),
( '22', '391', 'potentialid', 'vtiger_salesorder', '1', '76', 'potential_id', 'Potential Name', '1', '2', '', '100', '2', '61', '1', 'I~O', '3', NULL, 'BAS', '1', NULL, '0', '0', '0' ),
( '22', '392', 'customerno', 'vtiger_salesorder', '1', '1', 'customerno', 'Customer No', '1', '2', '', '100', '3', '61', '1', 'V~O', '3', NULL, 'BAS', '1', NULL, '0', '0', '0' ),
( '22', '393', 'quoteid', 'vtiger_salesorder', '1', '78', 'quote_id', 'Quote Name', '1', '2', '', '100', '5', '61', '1', 'I~O', '3', NULL, 'BAS', '0', NULL, '1', '0', '0' ),
( '22', '394', 'purchaseorder', 'vtiger_salesorder', '1', '1', 'vtiger_purchaseorder', 'Purchase Order', '1', '2', '', '100', '5', '61', '1', 'V~O', '3', NULL, 'BAS', '1', NULL, '0', '0', '0' ),
( '22', '395', 'contactid', 'vtiger_salesorder', '1', '57', 'contact_id', 'Contact Name', '1', '2', '', '100', '6', '61', '1', 'I~O', '3', NULL, 'BAS', '1', NULL, '0', '1', '0' ),
( '22', '396', 'duedate', 'vtiger_salesorder', '1', '5', 'duedate', 'Due Date', '1', '2', '', '100', '8', '61', '1', 'D~O', '3', NULL, 'BAS', '1', NULL, '0', '0', '0' ),
( '22', '397', 'carrier', 'vtiger_salesorder', '1', '15', 'carrier', 'Carrier', '1', '2', '', '100', '9', '61', '1', 'V~O', '3', NULL, 'BAS', '1', NULL, '0', '0', '0' ),
( '22', '398', 'pending', 'vtiger_salesorder', '1', '1', 'pending', 'Pending', '1', '2', '', '100', '10', '61', '1', 'V~O', '3', NULL, 'BAS', '1', NULL, '0', '0', '0' ),
( '22', '399', 'sostatus', 'vtiger_salesorder', '1', '15', 'sostatus', 'Status', '1', '2', '', '100', '11', '61', '1', 'V~M', '3', NULL, 'BAS', '1', NULL, '0', '1', '0' ),
( '22', '400', 'adjustment', 'vtiger_salesorder', '1', '72', 'txtAdjustment', 'Adjustment', '1', '2', '', '100', '12', '61', '3', 'NN~O', '3', NULL, 'BAS', '1', NULL, '0', '0', '0' ),
( '22', '401', 'salescommission', 'vtiger_salesorder', '1', '1', 'salescommission', 'Sales Commission', '1', '2', '', '100', '13', '61', '1', 'N~O', '3', NULL, 'BAS', '1', NULL, '0', '0', '0' ),
( '22', '402', 'exciseduty', 'vtiger_salesorder', '1', '1', 'exciseduty', 'Excise Duty', '1', '2', '', '100', '13', '61', '1', 'N~O', '3', NULL, 'BAS', '1', NULL, '0', '0', '0' ),
( '22', '403', 'total', 'vtiger_salesorder', '1', '72', 'hdnGrandTotal', 'Total', '1', '2', '', '100', '14', '61', '3', 'N~O', '3', NULL, 'BAS', '1', NULL, '1', '0', '0' ),
( '22', '404', 'subtotal', 'vtiger_salesorder', '1', '72', 'hdnSubTotal', 'Sub Total', '1', '2', '', '100', '15', '61', '3', 'N~O', '3', NULL, 'BAS', '1', NULL, '0', '0', '0' ),
( '22', '405', 'taxtype', 'vtiger_salesorder', '1', '16', 'hdnTaxType', 'Tax Type', '1', '2', '', '100', '15', '61', '3', 'V~O', '3', NULL, 'BAS', '1', NULL, '0', '0', '0' ),
( '22', '406', 'discount_percent', 'vtiger_salesorder', '1', '1', 'hdnDiscountPercent', 'Discount Percent', '1', '2', '', '100', '15', '114', '5', 'N~O', '3', NULL, 'BAS', '1', NULL, '0', '0', '0' ),
( '22', '407', 'discount_amount', 'vtiger_salesorder', '1', '72', 'hdnDiscountAmount', 'Discount Amount', '1', '0', '', '100', '15', '114', '5', 'N~O', '3', NULL, 'BAS', '1', NULL, '0', '0', '0' ),
( '22', '408', 's_h_amount', 'vtiger_salesorder', '1', '72', 'hdnS_H_Amount', 'S&H Amount', '1', '2', '', '100', '15', '61', '3', 'N~O', '3', NULL, 'BAS', '1', NULL, '0', '0', '0' ),
( '22', '409', 'accountid', 'vtiger_salesorder', '1', '73', 'account_id', 'Account Name', '1', '2', '', '100', '16', '61', '1', 'I~M', '3', NULL, 'BAS', '1', NULL, '0', '1', '0' ),
( '22', '410', 'smownerid', 'vtiger_crmentity', '1', '53', 'assigned_user_id', 'Assigned To', '1', '0', '', '100', '17', '61', '1', 'V~M', '3', NULL, 'BAS', '1', NULL, '0', '1', '0' ),
( '22', '411', 'createdtime', 'vtiger_crmentity', '1', '70', 'createdtime', 'Created Time', '1', '0', '', '100', '18', '61', '2', 'DT~O', '3', NULL, 'BAS', '0', NULL, '0', '0', '0' ),
( '22', '412', 'modifiedtime', 'vtiger_crmentity', '1', '70', 'modifiedtime', 'Modified Time', '1', '0', '', '100', '19', '61', '2', 'DT~O', '3', NULL, 'BAS', '0', NULL, '0', '0', '0' ),
( '22', '413', 'modifiedby', 'vtiger_crmentity', '1', '52', 'modifiedby', 'Last Modified By', '1', '0', '', '100', '22', '61', '3', 'V~O', '3', NULL, 'BAS', '0', NULL, '0', '0', '0' ),
( '22', '414', 'currency_id', 'vtiger_salesorder', '1', '117', 'currency_id', 'Currency', '1', '2', '1', '100', '20', '61', '3', 'I~O', '3', NULL, 'BAS', '1', NULL, '0', '0', '0' ),
( '22', '415', 'conversion_rate', 'vtiger_salesorder', '1', '1', 'conversion_rate', 'Conversion Rate', '1', '2', '1', '100', '21', '61', '3', 'N~O', '3', NULL, 'BAS', '1', NULL, '0', '0', '0' ),
( '22', '416', 'bill_street', 'vtiger_sobillads', '1', '24', 'bill_street', 'Billing Address', '1', '2', '', '100', '1', '63', '1', 'V~M', '3', NULL, 'BAS', '1', NULL, '0', '0', '0' ),
( '22', '417', 'ship_street', 'vtiger_soshipads', '1', '24', 'ship_street', 'Shipping Address', '1', '2', '', '100', '2', '63', '1', 'V~M', '3', NULL, 'BAS', '1', NULL, '0', '0', '0' ),
( '22', '418', 'bill_city', 'vtiger_sobillads', '1', '1', 'bill_city', 'Billing City', '1', '2', '', '100', '5', '63', '1', 'V~O', '3', NULL, 'BAS', '1', NULL, '0', '0', '0' ),
( '22', '419', 'ship_city', 'vtiger_soshipads', '1', '1', 'ship_city', 'Shipping City', '1', '2', '', '100', '6', '63', '1', 'V~O', '3', NULL, 'BAS', '1', NULL, '0', '0', '0' ),
( '22', '420', 'bill_state', 'vtiger_sobillads', '1', '1', 'bill_state', 'Billing State', '1', '2', '', '100', '7', '63', '1', 'V~O', '3', NULL, 'BAS', '1', NULL, '0', '0', '0' ),
( '22', '421', 'ship_state', 'vtiger_soshipads', '1', '1', 'ship_state', 'Shipping State', '1', '2', '', '100', '8', '63', '1', 'V~O', '3', NULL, 'BAS', '1', NULL, '0', '0', '0' ),
( '22', '422', 'bill_code', 'vtiger_sobillads', '1', '1', 'bill_code', 'Billing Code', '1', '2', '', '100', '9', '63', '1', 'V~O', '3', NULL, 'BAS', '1', NULL, '0', '0', '0' ),
( '22', '423', 'ship_code', 'vtiger_soshipads', '1', '1', 'ship_code', 'Shipping Code', '1', '2', '', '100', '10', '63', '1', 'V~O', '3', NULL, 'BAS', '1', NULL, '0', '0', '0' ),
( '22', '424', 'bill_country', 'vtiger_sobillads', '1', '1', 'bill_country', 'Billing Country', '1', '2', '', '100', '11', '63', '1', 'V~O', '3', NULL, 'BAS', '1', NULL, '0', '0', '0' ),
( '22', '425', 'ship_country', 'vtiger_soshipads', '1', '1', 'ship_country', 'Shipping Country', '1', '2', '', '100', '12', '63', '1', 'V~O', '3', NULL, 'BAS', '1', NULL, '0', '0', '0' ),
( '22', '426', 'bill_pobox', 'vtiger_sobillads', '1', '1', 'bill_pobox', 'Billing Po Box', '1', '2', '', '100', '3', '63', '1', 'V~O', '3', NULL, 'BAS', '1', NULL, '0', '0', '0' ),
( '22', '427', 'ship_pobox', 'vtiger_soshipads', '1', '1', 'ship_pobox', 'Shipping Po Box', '1', '2', '', '100', '4', '63', '1', 'V~O', '3', NULL, 'BAS', '1', NULL, '0', '0', '0' ),
( '22', '428', 'description', 'vtiger_crmentity', '1', '19', 'description', 'Description', '1', '2', '', '100', '1', '66', '1', 'V~O', '3', NULL, 'ADV', '1', NULL, '0', '0', '0' ),
( '22', '429', 'terms_conditions', 'vtiger_salesorder', '1', '19', 'terms_conditions', 'Terms & Conditions', '1', '2', '', '100', '1', '65', '1', 'V~O', '3', NULL, 'ADV', '1', NULL, '0', '0', '0' ),
( '22', '430', 'enable_recurring', 'vtiger_salesorder', '1', '56', 'enable_recurring', 'Enable Recurring', '1', '0', '', '100', '1', '85', '1', 'C~O', '3', NULL, 'BAS', '0', NULL, '0', '0', '0' ),
( '22', '431', 'recurring_frequency', 'vtiger_invoice_recurring_info', '1', '16', 'recurring_frequency', 'Frequency', '1', '0', '', '100', '2', '85', '1', 'V~O', '3', NULL, 'BAS', '0', NULL, '0', '0', '0' ),
( '22', '432', 'start_period', 'vtiger_invoice_recurring_info', '1', '5', 'start_period', 'Start Period', '1', '0', '', '100', '3', '85', '1', 'D~O', '3', NULL, 'BAS', '0', NULL, '0', '0', '0' ),
( '22', '433', 'end_period', 'vtiger_invoice_recurring_info', '1', '5', 'end_period', 'End Period', '1', '0', '', '100', '4', '85', '1', 'D~O~OTH~G~start_period~Start Period', '3', NULL, 'BAS', '0', NULL, '0', '0', '0' ),
( '22', '434', 'payment_duration', 'vtiger_invoice_recurring_info', '1', '16', 'payment_duration', 'Payment Duration', '1', '0', '', '100', '5', '85', '1', 'V~O', '3', NULL, 'BAS', '0', NULL, '0', '0', '0' ),
( '22', '435', 'invoice_status', 'vtiger_invoice_recurring_info', '1', '15', 'invoicestatus', 'Invoice Status', '1', '0', '', '100', '6', '85', '1', 'V~M', '3', NULL, 'BAS', '0', NULL, '0', '0', '0' ),
( '23', '436', 'subject', 'vtiger_invoice', '1', '2', 'subject', 'Subject', '1', '0', '', '100', '1', '67', '1', 'V~M', '3', NULL, 'BAS', '1', NULL, '1', '0', '0' ),
( '23', '437', 'salesorderid', 'vtiger_invoice', '1', '80', 'salesorder_id', 'Sales Order', '1', '2', '', '100', '2', '132', '1', 'I~O', '3', NULL, 'BAS', '0', NULL, '1', '0', '0' ),
( '23', '438', 'customerno', 'vtiger_invoice', '1', '1', 'customerno', 'Customer No', '1', '2', '', '100', '3', '67', '1', 'V~O', '3', NULL, 'BAS', '1', NULL, '0', '0', '0' ),
( '23', '439', 'contactid', 'vtiger_invoice', '1', '57', 'contact_id', 'Contact Name', '1', '2', '', '100', '4', '67', '1', 'I~M', '2', NULL, 'BAS', '1', NULL, '0', '1', '0' ),
( '23', '440', 'invoicedate', 'vtiger_invoice', '1', '5', 'invoicedate', 'Invoice Date', '1', '2', '', '100', '5', '67', '1', 'D~O', '3', NULL, 'BAS', '1', NULL, '0', '0', '0' ),
( '23', '441', 'duedate', 'vtiger_invoice', '1', '5', 'duedate', 'Due Date', '1', '2', '', '100', '6', '67', '1', 'D~O', '3', NULL, 'BAS', '1', NULL, '0', '0', '0' ),
( '23', '442', 'purchaseorder', 'vtiger_invoice', '1', '1', 'vtiger_purchaseorder', 'Purchase Order', '1', '2', '', '100', '8', '67', '1', 'V~O', '3', NULL, 'BAS', '1', NULL, '0', '0', '0' ),
( '23', '443', 'adjustment', 'vtiger_invoice', '1', '72', 'txtAdjustment', 'Adjustment', '1', '2', '', '100', '9', '67', '3', 'NN~O', '3', NULL, 'BAS', '1', NULL, '0', '0', '0' ),
( '23', '444', 'salescommission', 'vtiger_invoice', '1', '1', 'salescommission', 'Sales Commission', '1', '2', '', '10', '13', '67', '1', 'N~O', '3', NULL, 'BAS', '1', NULL, '0', '0', '0' ),
( '23', '445', 'exciseduty', 'vtiger_invoice', '1', '1', 'exciseduty', 'Excise Duty', '1', '2', '', '100', '11', '67', '1', 'N~O', '3', NULL, 'BAS', '1', NULL, '0', '0', '0' ),
( '23', '446', 'subtotal', 'vtiger_invoice', '1', '72', 'hdnSubTotal', 'Sub Total', '1', '2', '', '100', '12', '67', '3', 'N~O', '3', NULL, 'BAS', '1', NULL, '0', '0', '0' ),
( '23', '447', 'total', 'vtiger_invoice', '1', '72', 'hdnGrandTotal', 'Total', '1', '2', '', '100', '13', '67', '3', 'N~O', '3', NULL, 'BAS', '1', NULL, '1', '0', '0' ),
( '23', '448', 'taxtype', 'vtiger_invoice', '1', '16', 'hdnTaxType', 'Tax Type', '1', '2', '', '100', '13', '67', '3', 'V~O', '3', NULL, 'BAS', '1', NULL, '0', '0', '0' ),
( '23', '449', 'discount_percent', 'vtiger_invoice', '1', '1', 'hdnDiscountPercent', 'Discount Percent', '1', '2', '', '100', '13', '113', '5', 'N~O', '3', NULL, 'BAS', '1', NULL, '0', '0', '0' ),
( '23', '450', 'discount_amount', 'vtiger_invoice', '1', '72', 'hdnDiscountAmount', 'Discount Amount', '1', '2', '', '100', '13', '113', '5', 'N~O', '3', NULL, 'BAS', '1', NULL, '0', '0', '0' ),
( '23', '451', 's_h_amount', 'vtiger_invoice', '1', '72', 'hdnS_H_Amount', 'S&H Amount', '1', '2', '', '100', '14', '69', '3', 'N~O', '3', NULL, 'BAS', '1', NULL, '0', '0', '0' ),
( '23', '452', 'accountid', 'vtiger_invoice', '1', '73', 'account_id', 'Account Name', '1', '2', '', '100', '1', '132', '1', 'I~O', '3', NULL, 'BAS', '1', NULL, '0', '1', '0' ),
( '23', '453', 'invoicestatus', 'vtiger_invoice', '1', '15', 'invoicestatus', 'Status', '1', '2', 'Created', '100', '15', '67', '1', 'V~M', '2', NULL, 'BAS', '1', NULL, '0', '1', '0' ),
( '23', '454', 'smownerid', 'vtiger_crmentity', '1', '53', 'assigned_user_id', 'Assigned To', '1', '0', '', '100', '16', '67', '1', 'V~M', '3', NULL, 'BAS', '1', NULL, '0', '1', '0' ),
( '23', '455', 'createdtime', 'vtiger_crmentity', '1', '70', 'createdtime', 'Created Time', '1', '0', '', '100', '17', '67', '2', 'DT~O', '3', NULL, 'BAS', '0', NULL, '0', '0', '0' ),
( '23', '456', 'modifiedtime', 'vtiger_crmentity', '1', '70', 'modifiedtime', 'Modified Time', '1', '0', '', '100', '18', '67', '2', 'DT~O', '3', NULL, 'BAS', '0', NULL, '0', '0', '0' ),
( '23', '457', 'modifiedby', 'vtiger_crmentity', '1', '52', 'modifiedby', 'Last Modified By', '1', '0', '', '100', '22', '67', '3', 'V~O', '3', NULL, 'BAS', '0', NULL, '0', '0', '0' ),
( '23', '458', 'currency_id', 'vtiger_invoice', '1', '117', 'currency_id', 'Currency', '1', '2', '1', '100', '19', '67', '3', 'I~O', '3', NULL, 'BAS', '1', NULL, '0', '0', '0' ),
( '23', '459', 'conversion_rate', 'vtiger_invoice', '1', '1', 'conversion_rate', 'Conversion Rate', '1', '2', '1', '100', '20', '67', '3', 'N~O', '3', NULL, 'BAS', '1', NULL, '0', '0', '0' ),
( '23', '460', 'bill_street', 'vtiger_invoicebillads', '1', '24', 'bill_street', 'Billing Address', '1', '2', '', '100', '1', '69', '1', 'V~M', '3', NULL, 'BAS', '1', NULL, '0', '0', '0' ),
( '23', '461', 'ship_street', 'vtiger_invoiceshipads', '1', '24', 'ship_street', 'Shipping Address', '1', '2', '', '100', '5', '132', '1', 'V~O', '3', NULL, 'BAS', '1', NULL, '0', '0', '0' ),
( '23', '462', 'bill_city', 'vtiger_invoicebillads', '1', '1', 'bill_city', 'Billing City', '1', '2', '', '100', '5', '69', '1', 'V~M', '3', NULL, 'BAS', '1', NULL, '0', '0', '0' ),
( '23', '463', 'ship_city', 'vtiger_invoiceshipads', '1', '1', 'ship_city', 'Shipping City', '1', '2', '', '100', '4', '132', '1', 'V~O', '3', NULL, 'BAS', '1', NULL, '0', '0', '0' ),
( '23', '464', 'bill_state', 'vtiger_invoicebillads', '1', '1', 'bill_state', 'Billing State', '1', '2', '', '100', '7', '69', '1', 'V~M', '3', NULL, 'BAS', '1', NULL, '0', '0', '0' ),
( '23', '465', 'ship_state', 'vtiger_invoiceshipads', '1', '1', 'ship_state', 'Shipping State', '1', '2', '', '100', '7', '132', '1', 'V~O', '3', NULL, 'BAS', '1', NULL, '0', '0', '0' ),
( '23', '466', 'bill_code', 'vtiger_invoicebillads', '1', '1', 'bill_code', 'Billing Code', '1', '2', '', '100', '9', '69', '1', 'V~M', '3', NULL, 'BAS', '1', NULL, '0', '0', '0' ),
( '23', '467', 'ship_code', 'vtiger_invoiceshipads', '1', '1', 'ship_code', 'Shipping Code', '1', '2', '', '100', '9', '132', '1', 'V~O', '3', NULL, 'BAS', '1', NULL, '0', '0', '0' ),
( '23', '468', 'bill_country', 'vtiger_invoicebillads', '1', '1', 'bill_country', 'Billing Country', '1', '2', '', '100', '11', '69', '1', 'V~M', '3', NULL, 'BAS', '1', NULL, '0', '0', '0' ),
( '23', '469', 'ship_country', 'vtiger_invoiceshipads', '1', '1', 'ship_country', 'Shipping Country', '1', '2', '', '100', '8', '132', '1', 'V~O', '3', NULL, 'BAS', '1', NULL, '0', '0', '0' ),
( '23', '470', 'bill_pobox', 'vtiger_invoicebillads', '1', '1', 'bill_pobox', 'Billing Po Box', '1', '2', '', '100', '3', '69', '1', 'V~O', '3', NULL, 'BAS', '1', NULL, '0', '0', '0' ),
( '23', '471', 'ship_pobox', 'vtiger_invoiceshipads', '1', '1', 'ship_pobox', 'Shipping Po Box', '1', '2', '', '100', '6', '132', '1', 'V~O', '3', NULL, 'BAS', '1', NULL, '0', '0', '0' ),
( '23', '472', 'description', 'vtiger_crmentity', '1', '19', 'description', 'Description', '1', '2', '', '100', '1', '72', '1', 'V~O', '3', NULL, 'ADV', '1', NULL, '0', '0', '0' ),
( '23', '473', 'terms_conditions', 'vtiger_invoice', '1', '19', 'terms_conditions', 'Terms & Conditions', '1', '2', '', '100', '1', '71', '1', 'V~O', '3', NULL, 'ADV', '1', NULL, '0', '0', '0' ),
( '23', '474', 'invoice_no', 'vtiger_invoice', '1', '4', 'invoice_no', 'Invoice No', '1', '0', '', '100', '3', '67', '1', 'V~O', '3', NULL, 'BAS', '0', NULL, '1', '0', '0' ),
( '29', '475', 'user_name', 'vtiger_users', '1', '106', 'user_name', 'User Name', '1', '0', '', '11', '1', '77', '1', 'V~M', '1', NULL, 'BAS', '1', NULL, '0', '0', '0' ),
( '29', '476', 'is_admin', 'vtiger_users', '1', '156', 'is_admin', 'Admin', '1', '0', '', '3', '7', '77', '1', 'V~O', '1', NULL, 'BAS', '1', NULL, '0', '0', '0' ),
( '29', '477', 'user_password', 'vtiger_users', '1', '99', 'user_password', 'Password', '1', '0', '', '30', '5', '77', '4', 'P~M', '1', NULL, 'BAS', '1', NULL, '0', '0', '0' ),
( '29', '478', 'confirm_password', 'vtiger_users', '1', '99', 'confirm_password', 'Confirm Password', '1', '0', '', '30', '6', '77', '4', 'P~M', '1', NULL, 'BAS', '1', NULL, '0', '0', '0' ),
( '29', '479', 'first_name', 'vtiger_users', '1', '1', 'first_name', 'First Name', '1', '0', '', '30', '3', '77', '1', 'V~O', '1', NULL, 'BAS', '1', NULL, '0', '0', '0' ),
( '29', '480', 'last_name', 'vtiger_users', '1', '2', 'last_name', 'Last Name', '1', '0', '', '30', '4', '77', '1', 'V~M', '1', NULL, 'BAS', '1', NULL, '0', '0', '0' ),
( '29', '481', 'roleid', 'vtiger_user2role', '1', '98', 'roleid', 'Role', '1', '0', '', '200', '8', '77', '1', 'V~M', '1', NULL, 'BAS', '1', NULL, '0', '0', '0' ),
( '29', '482', 'email1', 'vtiger_users', '1', '104', 'email1', 'Email', '1', '0', '', '100', '2', '77', '1', 'E~M', '1', NULL, 'BAS', '1', NULL, '0', '0', '0' ),
( '29', '483', 'status', 'vtiger_users', '1', '115', 'status', 'Status', '1', '0', 'Active', '100', '10', '77', '1', 'V~O', '1', NULL, 'BAS', '1', NULL, '0', '0', '0' ),
( '29', '484', 'activity_view', 'vtiger_users', '1', '16', 'activity_view', 'Default Activity View', '1', '0', '', '100', '6', '118', '1', 'V~O', '1', NULL, 'BAS', '1', NULL, '0', '0', '0' ),
( '29', '485', 'lead_view', 'vtiger_users', '1', '16', 'lead_view', 'Default Lead View', '1', '0', '', '100', '9', '77', '1', 'V~O', '1', NULL, 'BAS', '1', NULL, '0', '0', '0' ),
( '29', '486', 'hour_format', 'vtiger_users', '1', '16', 'hour_format', 'Calendar Hour Format', '1', '0', '12', '100', '4', '118', '1', 'V~O', '1', NULL, 'BAS', '1', NULL, '0', '0', '0' ),
( '29', '487', 'end_hour', 'vtiger_users', '1', '116', 'end_hour', 'Day ends at', '1', '0', '', '100', '11', '77', '3', 'V~O', '1', NULL, 'BAS', '1', NULL, '0', '0', '0' ),
( '29', '488', 'start_hour', 'vtiger_users', '1', '16', 'start_hour', 'Day starts at', '1', '0', '', '100', '2', '118', '1', 'V~O', '1', NULL, 'BAS', '1', NULL, '0', '0', '0' ),
( '29', '489', 'is_owner', 'vtiger_users', '1', '1', 'is_owner', 'Account Owner', '0', '2', '0', '100', '12', '77', '5', 'V~O', '0', '1', 'BAS', '0', NULL, '0', '0', '0' ),
( '29', '490', 'title', 'vtiger_users', '1', '1', 'title', 'Title', '1', '0', '', '50', '1', '79', '1', 'V~O', '1', NULL, 'BAS', '1', NULL, '0', '0', '0' ),
( '29', '491', 'phone_work', 'vtiger_users', '1', '11', 'phone_work', 'Office Phone', '1', '0', '', '50', '5', '79', '1', 'V~O', '1', NULL, 'BAS', '1', NULL, '0', '0', '0' ),
( '29', '492', 'department', 'vtiger_users', '1', '1', 'department', 'Department', '1', '0', '', '50', '3', '79', '1', 'V~O', '1', NULL, 'BAS', '1', NULL, '0', '0', '0' ),
( '29', '493', 'phone_mobile', 'vtiger_users', '1', '11', 'phone_mobile', 'Mobile', '1', '0', '', '50', '7', '79', '1', 'V~O', '1', NULL, 'BAS', '1', NULL, '0', '0', '0' ),
( '29', '494', 'reports_to_id', 'vtiger_users', '1', '101', 'reports_to_id', 'Reports To', '1', '0', '', '50', '8', '79', '1', 'V~O', '1', NULL, 'BAS', '1', NULL, '0', '0', '0' ),
( '29', '495', 'phone_other', 'vtiger_users', '1', '11', 'phone_other', 'Other Phone', '1', '0', '', '50', '11', '79', '1', 'V~O', '1', NULL, 'BAS', '1', NULL, '0', '0', '0' ),
( '29', '496', 'email2', 'vtiger_users', '1', '13', 'email2', 'Other Email', '1', '0', '', '100', '4', '79', '1', 'E~O', '1', NULL, 'BAS', '1', NULL, '0', '0', '0' ),
( '29', '497', 'phone_fax', 'vtiger_users', '1', '11', 'phone_fax', 'Fax', '1', '0', '', '50', '2', '79', '1', 'V~O', '1', NULL, 'BAS', '1', NULL, '0', '0', '0' ),
( '29', '498', 'secondaryemail', 'vtiger_users', '1', '13', 'secondaryemail', 'Secondary Email', '1', '0', '', '100', '6', '79', '1', 'E~O', '1', NULL, 'BAS', '1', NULL, '0', '0', '0' ),
( '29', '499', 'phone_home', 'vtiger_users', '1', '11', 'phone_home', 'Home Phone', '1', '0', '', '50', '9', '79', '1', 'V~O', '1', NULL, 'BAS', '1', NULL, '0', '0', '0' ),
( '29', '500', 'date_format', 'vtiger_users', '1', '16', 'date_format', 'Date Format', '1', '0', '', '30', '3', '118', '1', 'V~O', '1', NULL, 'BAS', '1', NULL, '0', '0', '0' );

INSERT INTO `vtiger_field`(`tabid`,`fieldid`,`columnname`,`tablename`,`generatedtype`,`uitype`,`fieldname`,`fieldlabel`,`readonly`,`presence`,`defaultvalue`,`maximumlength`,`sequence`,`block`,`displaytype`,`typeofdata`,`quickcreate`,`quickcreatesequence`,`info_type`,`masseditable`,`helpinfo`,`summaryfield`,`headerfield`,`isunique`) VALUES 
( '29', '501', 'signature', 'vtiger_users', '1', '21', 'signature', 'Signature', '1', '0', '', '250', '13', '79', '1', 'V~O', '1', NULL, 'BAS', '1', NULL, '0', '0', '0' ),
( '29', '502', 'description', 'vtiger_users', '1', '21', 'description', 'Documents', '1', '0', '', '250', '14', '79', '1', 'V~O', '1', NULL, 'BAS', '1', NULL, '0', '0', '0' ),
( '29', '503', 'address_street', 'vtiger_users', '1', '21', 'address_street', 'Street Address', '1', '0', '', '250', '1', '80', '1', 'V~O', '1', NULL, 'BAS', '1', NULL, '0', '0', '0' ),
( '29', '504', 'address_city', 'vtiger_users', '1', '1', 'address_city', 'City', '1', '0', '', '100', '3', '80', '1', 'V~O', '1', NULL, 'BAS', '1', NULL, '0', '0', '0' ),
( '29', '505', 'address_state', 'vtiger_users', '1', '1', 'address_state', 'State', '1', '0', '', '100', '5', '80', '1', 'V~O', '1', NULL, 'BAS', '1', NULL, '0', '0', '0' ),
( '29', '506', 'address_postalcode', 'vtiger_users', '1', '1', 'address_postalcode', 'Postal Code', '1', '0', '', '100', '4', '80', '1', 'V~O', '1', NULL, 'BAS', '1', NULL, '0', '0', '0' ),
( '29', '507', 'address_country', 'vtiger_users', '1', '1', 'address_country', 'Country', '1', '0', '', '100', '2', '80', '1', 'V~O', '1', NULL, 'BAS', '1', NULL, '0', '0', '0' ),
( '29', '508', 'accesskey', 'vtiger_users', '1', '3', 'accesskey', 'Webservice Access Key', '1', '0', '', '100', '2', '83', '2', 'V~O', '1', NULL, 'BAS', '1', NULL, '0', '0', '0' ),
( '29', '509', 'time_zone', 'vtiger_users', '1', '16', 'time_zone', 'Time Zone', '1', '0', '', '200', '5', '118', '1', 'V~O', '1', NULL, 'BAS', '1', NULL, '0', '0', '0' ),
( '29', '510', 'currency_id', 'vtiger_users', '1', '117', 'currency_id', 'Currency', '1', '0', '', '100', '1', '78', '1', 'I~O', '1', NULL, 'BAS', '1', NULL, '0', '0', '0' ),
( '29', '511', 'currency_grouping_pattern', 'vtiger_users', '1', '16', 'currency_grouping_pattern', 'Digit Grouping Pattern', '1', '0', '', '100', '2', '78', '1', 'V~O', '1', NULL, 'BAS', '1', '<b>Currency - Digit Grouping Pattern</b> <br/><br/>This pattern specifies the format in which the currency separator will be placed.', '0', '0', '0' ),
( '29', '512', 'currency_decimal_separator', 'vtiger_users', '1', '16', 'currency_decimal_separator', 'Decimal Separator', '1', '0', '.', '2', '3', '78', '1', 'V~O', '1', NULL, 'BAS', '1', '<b>Currency - Decimal Separator</b> <br/><br/>Decimal separator specifies the separator to be used to separate the fractional values from the whole number part. <br/><b>Eg:</b> <br/>. => 123.45 <br/>, => 123,45 <br/>\' => 123\'45 <br/>  => 123 45 <br/>$ => 123$45 <br/>', '0', '0', '0' ),
( '29', '513', 'currency_grouping_separator', 'vtiger_users', '1', '16', 'currency_grouping_separator', 'Digit Grouping Separator', '1', '0', ',', '2', '4', '78', '1', 'V~O', '1', NULL, 'BAS', '1', '<b>Currency - Grouping Separator</b> <br/><br/>Grouping separator specifies the separator to be used to group the whole number part into hundreds, thousands etc. <br/><b>Eg:</b> <br/>. => 123.456.789 <br/>, => 123,456,789 <br/>\' => 123\'456\'789 <br/>  => 123 456 789 <br/>$ => 123$456$789 <br/>', '0', '0', '0' ),
( '29', '514', 'currency_symbol_placement', 'vtiger_users', '1', '16', 'currency_symbol_placement', 'Symbol Placement', '1', '0', '', '20', '5', '78', '1', 'V~O', '1', NULL, 'BAS', '1', '<b>Currency - Symbol Placement</b> <br/><br/>Symbol Placement allows you to configure the position of the currency symbol with respect to the currency value.<br/><b>Eg:</b> <br/>$1.0 => $123,456,789.50 <br/>1.0$ => 123,456,789.50$ <br/>', '0', '0', '0' ),
( '29', '515', 'imagename', 'vtiger_users', '1', '105', 'imagename', 'User Image', '1', '0', '', '250', '10', '82', '1', 'V~O', '1', NULL, 'BAS', '1', NULL, '0', '0', '0' ),
( '29', '516', 'internal_mailer', 'vtiger_users', '1', '56', 'internal_mailer', 'INTERNAL_MAIL_COMPOSER', '1', '0', '', '50', '15', '79', '1', 'V~O', '1', NULL, 'BAS', '1', NULL, '0', '0', '0' ),
( '29', '517', 'theme', 'vtiger_users', '1', '31', 'theme', 'Theme', '1', '0', 'softed', '100', '16', '79', '1', 'V~O', '1', NULL, 'BAS', '1', NULL, '0', '0', '0' ),
( '29', '518', 'language', 'vtiger_users', '1', '32', 'language', 'Language', '1', '0', 'en_us', '100', '17', '79', '1', 'V~O', '1', NULL, 'BAS', '1', NULL, '0', '0', '0' ),
( '29', '519', 'reminder_interval', 'vtiger_users', '1', '16', 'reminder_interval', 'Reminder Interval', '1', '0', '', '100', '11', '118', '1', 'V~O', '1', NULL, 'BAS', '1', NULL, '0', '0', '0' ),
( '10', '520', 'from_email', 'vtiger_emaildetails', '1', '12', 'from_email', 'From', '1', '2', '', '100', '1', '21', '3', 'V~M', '3', NULL, 'BAS', '0', NULL, '0', '0', '0' ),
( '10', '521', 'to_email', 'vtiger_emaildetails', '1', '8', 'saved_toid', 'To', '1', '2', '', '100', '2', '21', '1', 'V~M', '3', NULL, 'BAS', '0', NULL, '0', '0', '0' ),
( '10', '522', 'cc_email', 'vtiger_emaildetails', '1', '8', 'ccmail', 'CC', '1', '2', '', '1000', '3', '21', '1', 'V~O', '3', NULL, 'BAS', '0', NULL, '0', '0', '0' ),
( '10', '523', 'bcc_email', 'vtiger_emaildetails', '1', '8', 'bccmail', 'BCC', '1', '2', '', '1000', '4', '21', '1', 'V~O', '3', NULL, 'BAS', '0', NULL, '0', '0', '0' ),
( '10', '524', 'idlists', 'vtiger_emaildetails', '1', '357', 'parent_id', 'Parent ID', '1', '2', '', '1000', '5', '21', '1', 'V~O', '3', NULL, 'BAS', '0', NULL, '0', '0', '0' ),
( '10', '525', 'email_flag', 'vtiger_emaildetails', '1', '16', 'email_flag', 'Email Flag', '1', '2', '', '1000', '6', '21', '3', 'V~O', '3', NULL, 'BAS', '0', NULL, '0', '0', '0' ),
( '31', '526', 'direction', 'vtiger_pbxmanager', '1', '1', 'direction', 'Direction', '1', '2', '', '100', '1', '88', '1', 'V~O', '1', '0', 'BAS', '1', '', '0', '0', '0' ),
( '31', '527', 'callstatus', 'vtiger_pbxmanager', '1', '1', 'callstatus', 'Call Status', '1', '2', '', '100', '2', '88', '1', 'V~O', '1', '0', 'BAS', '1', '', '1', '0', '0' ),
( '31', '528', 'starttime', 'vtiger_pbxmanager', '1', '70', 'starttime', 'Start Time', '1', '2', '', '100', '7', '88', '1', 'DT~O', '1', '0', 'BAS', '1', '', '1', '0', '0' ),
( '31', '529', 'endtime', 'vtiger_pbxmanager', '1', '70', 'endtime', 'End Time', '1', '2', '', '100', '8', '88', '1', 'DT~O', '1', '0', 'BAS', '1', '', '0', '0', '0' ),
( '31', '530', 'totalduration', 'vtiger_pbxmanager', '1', '7', 'totalduration', 'Total Duration', '1', '2', '', '100', '10', '88', '1', 'I~O', '1', '0', 'BAS', '1', '', '0', '0', '0' ),
( '31', '531', 'billduration', 'vtiger_pbxmanager', '1', '7', 'billduration', 'Bill Duration', '1', '2', '', '100', '11', '88', '1', 'I~O', '1', '0', 'BAS', '1', '', '0', '0', '0' ),
( '31', '532', 'recordingurl', 'vtiger_pbxmanager', '1', '17', 'recordingurl', 'Recording URL', '1', '2', '', '100', '9', '88', '1', 'V~O', '1', '0', 'BAS', '1', '', '1', '0', '0' ),
( '31', '533', 'sourceuuid', 'vtiger_pbxmanager', '1', '1', 'sourceuuid', 'Source UUID', '1', '2', '', '100', '12', '88', '1', 'V~O', '1', '0', 'BAS', '1', '', '0', '0', '0' ),
( '31', '534', 'gateway', 'vtiger_pbxmanager', '1', '1', 'gateway', 'Gateway', '1', '2', '', '100', '13', '88', '1', 'V~O', '1', '0', 'BAS', '1', '', '0', '0', '0' ),
( '31', '535', 'customer', 'vtiger_pbxmanager', '1', '10', 'customer', 'Customer', '1', '2', '', '100', '3', '88', '1', 'V~O', '1', '0', 'BAS', '1', '', '1', '0', '0' ),
( '31', '536', 'user', 'vtiger_pbxmanager', '1', '52', 'user', 'User', '1', '2', '', '100', '4', '88', '1', 'V~O', '1', '0', 'BAS', '1', '', '1', '0', '0' ),
( '31', '537', 'customernumber', 'vtiger_pbxmanager', '1', '11', 'customernumber', 'Customer Number', '1', '2', '', '100', '5', '88', '1', 'V~M', '1', '0', 'BAS', '1', '', '0', '0', '0' ),
( '31', '538', 'customertype', 'vtiger_pbxmanager', '1', '1', 'customertype', 'Customer Type', '1', '2', '', '100', '6', '88', '1', 'V~O', '1', '0', 'BAS', '1', '', '0', '0', '0' ),
( '31', '539', 'smownerid', 'vtiger_crmentity', '1', '53', 'assigned_user_id', 'Assigned To', '1', '2', '', '100', '14', '88', '1', 'V~M', '1', '0', 'BAS', '1', '', '0', '0', '0' ),
( '31', '540', 'createdtime', 'vtiger_crmentity', '1', '70', 'CreatedTime', 'Created Time', '1', '2', '', '100', '15', '88', '2', 'DT~O', '1', '0', 'BAS', '0', '', '0', '0', '0' ),
( '31', '541', 'modifiedtime', 'vtiger_crmentity', '1', '70', 'ModifiedTime', 'Modified Time', '1', '2', '', '100', '16', '88', '2', 'DT~O', '1', '0', 'BAS', '0', '', '0', '0', '0' ),
( '31', '542', 'source', 'vtiger_crmentity', '1', '1', 'source', 'Source', '1', '2', '', '100', '17', '88', '2', 'V~O', '3', '1', 'BAS', '0', '', '0', '0', '0' ),
( '29', '543', 'phone_crm_extension', 'vtiger_users', '1', '11', 'phone_crm_extension', 'CRM Phone Extension', '1', '2', '', '100', '18', '79', '1', 'V~O', '1', '0', 'BAS', '1', '', '0', '0', '0' ),
( '34', '544', 'smownerid', 'vtiger_crmentity', '1', '53', 'assigned_user_id', 'Assigned To', '1', '2', '', '100', '6', '89', '1', 'V~M', '2', '2', 'BAS', '1', '', '1', '0', '0' ),
( '34', '545', 'createdtime', 'vtiger_crmentity', '1', '70', 'createdtime', 'Created Time', '1', '0', '', '100', '17', '89', '2', 'DT~O', '3', '0', 'BAS', '0', '', '0', '0', '0' ),
( '34', '546', 'modifiedtime', 'vtiger_crmentity', '1', '70', 'modifiedtime', 'Modified Time', '1', '0', '', '100', '20', '89', '2', 'DT~O', '3', '0', 'BAS', '0', '', '0', '0', '0' ),
( '34', '547', 'start_date', 'vtiger_servicecontracts', '1', '5', 'start_date', 'Start Date', '1', '2', '', '100', '7', '89', '1', 'D~O', '2', '4', 'BAS', '1', '', '0', '0', '0' ),
( '34', '548', 'end_date', 'vtiger_servicecontracts', '1', '5', 'end_date', 'End Date', '1', '2', '', '100', '11', '89', '2', 'D~O', '3', '0', 'BAS', '0', '', '0', '0', '0' ),
( '34', '549', 'sc_related_to', 'vtiger_servicecontracts', '1', '10', 'sc_related_to', 'Related to', '1', '2', '', '100', '3', '89', '1', 'V~M', '2', '6', 'BAS', '1', '', '0', '0', '0' ),
( '34', '550', 'tracking_unit', 'vtiger_servicecontracts', '1', '15', 'tracking_unit', 'Tracking Unit', '1', '2', 'Incidents', '100', '8', '89', '1', 'V~O', '2', '7', 'BAS', '1', '', '0', '0', '0' ),
( '34', '551', 'total_units', 'vtiger_servicecontracts', '1', '7', 'total_units', 'Total Units', '1', '2', '', '100', '10', '89', '1', 'NN~O', '2', '8', 'BAS', '1', '', '1', '0', '0' ),
( '34', '552', 'used_units', 'vtiger_servicecontracts', '1', '7', 'used_units', 'Used Units', '1', '2', '', '100', '12', '89', '1', 'NN~O', '2', '9', 'BAS', '1', '', '1', '0', '0' ),
( '34', '553', 'subject', 'vtiger_servicecontracts', '1', '1', 'subject', 'Subject', '1', '0', '', '100', '1', '89', '1', 'V~M', '0', '1', 'BAS', '1', '', '1', '0', '0' ),
( '34', '554', 'due_date', 'vtiger_servicecontracts', '1', '23', 'due_date', 'Due date', '1', '2', '', '100', '9', '89', '1', 'D~O', '2', '5', 'BAS', '1', '', '0', '0', '0' ),
( '34', '555', 'planned_duration', 'vtiger_servicecontracts', '1', '1', 'planned_duration', 'Planned Duration', '1', '2', '', '100', '13', '89', '2', 'V~O', '3', '0', 'BAS', '0', '', '0', '0', '0' ),
( '34', '556', 'actual_duration', 'vtiger_servicecontracts', '1', '1', 'actual_duration', 'Actual Duration', '1', '2', '', '100', '15', '89', '2', 'V~O', '3', '0', 'BAS', '0', '', '0', '0', '0' ),
( '34', '557', 'contract_status', 'vtiger_servicecontracts', '1', '15', 'contract_status', 'Status', '1', '2', 'In Planning', '100', '14', '89', '1', 'V~O', '1', '0', 'BAS', '1', '', '0', '0', '0' ),
( '34', '558', 'priority', 'vtiger_servicecontracts', '1', '15', 'contract_priority', 'Priority', '1', '2', 'Normal', '100', '16', '89', '1', 'V~O', '1', '0', 'BAS', '1', '', '0', '0', '0' ),
( '34', '559', 'contract_type', 'vtiger_servicecontracts', '1', '15', 'contract_type', 'Type', '1', '2', 'Services', '100', '5', '89', '1', 'V~O', '1', '0', 'BAS', '1', '', '0', '0', '0' ),
( '34', '560', 'progress', 'vtiger_servicecontracts', '1', '9', 'progress', 'Progress', '1', '2', '', '100', '18', '89', '2', 'N~O~2~2', '3', '3', 'BAS', '0', '', '0', '0', '0' ),
( '34', '561', 'contract_no', 'vtiger_servicecontracts', '1', '4', 'contract_no', 'Contract No', '1', '0', '', '100', '2', '89', '1', 'V~O', '3', '0', 'BAS', '0', '', '1', '0', '0' ),
( '34', '562', 'modifiedby', 'vtiger_crmentity', '1', '52', 'modifiedby', 'Last Modified By', '1', '0', '', '100', '17', '89', '3', 'V~O', '3', '0', 'BAS', '0', '', '0', '0', '0' ),
( '34', '563', 'source', 'vtiger_crmentity', '1', '1', 'source', 'Source', '1', '2', '', '100', '19', '89', '2', 'V~O', '3', '10', 'BAS', '0', '', '0', '0', '0' ),
( '34', '564', 'starred', 'vtiger_crmentity_user_field', '1', '56', 'starred', 'starred', '1', '2', '', '100', '20', '89', '6', 'C~O', '3', '11', 'BAS', '0', '', '0', '0', '0' ),
( '34', '565', 'tags', 'vtiger_servicecontracts', '1', '1', 'tags', 'tags', '1', '2', '', '100', '21', '89', '6', 'V~O', '3', '12', 'BAS', '0', '', '0', '0', '0' ),
( '35', '566', 'servicename', 'vtiger_service', '1', '2', 'servicename', 'Service Name', '1', '0', '', '100', '1', '91', '1', 'V~M', '0', '1', 'BAS', '1', '', '1', '0', '0' ),
( '35', '567', 'service_no', 'vtiger_service', '1', '4', 'service_no', 'Service No', '1', '0', '', '100', '2', '91', '1', 'V~O', '3', '0', 'BAS', '0', '', '1', '0', '0' ),
( '35', '568', 'discontinued', 'vtiger_service', '1', '56', 'discontinued', 'Service Active', '1', '2', '1', '100', '4', '91', '1', 'V~O', '2', '3', 'BAS', '1', '', '0', '0', '0' ),
( '35', '569', 'sales_start_date', 'vtiger_service', '1', '5', 'sales_start_date', 'Sales Start Date', '1', '2', '', '100', '9', '91', '1', 'D~O', '1', '0', 'BAS', '1', '', '0', '0', '0' ),
( '35', '570', 'sales_end_date', 'vtiger_service', '1', '5', 'sales_end_date', 'Sales End Date', '1', '2', '', '100', '10', '91', '1', 'D~O~OTH~GE~sales_start_date~Sales Start Date', '1', '0', 'BAS', '1', '', '0', '0', '0' ),
( '35', '571', 'start_date', 'vtiger_service', '1', '5', 'start_date', 'Support Start Date', '1', '2', '', '100', '11', '91', '1', 'D~O', '1', '0', 'BAS', '1', '', '0', '0', '0' ),
( '35', '572', 'expiry_date', 'vtiger_service', '1', '5', 'expiry_date', 'Support Expiry Date', '1', '2', '', '100', '12', '91', '1', 'D~O~OTH~GE~start_date~Start Date', '1', '0', 'BAS', '1', '', '0', '0', '0' ),
( '35', '573', 'website', 'vtiger_service', '1', '17', 'website', 'Website', '1', '2', '', '100', '6', '91', '1', 'V~O', '1', '0', 'BAS', '1', '', '0', '0', '0' ),
( '35', '574', 'createdtime', 'vtiger_crmentity', '1', '70', 'createdtime', 'Created Time', '1', '0', '', '100', '13', '91', '2', 'DT~O', '3', '0', 'BAS', '0', '', '0', '0', '0' ),
( '35', '575', 'modifiedtime', 'vtiger_crmentity', '1', '70', 'modifiedtime', 'Modified Time', '1', '0', '', '100', '14', '91', '2', 'DT~O', '3', '0', 'BAS', '0', '', '0', '0', '0' ),
( '35', '576', 'modifiedby', 'vtiger_crmentity', '1', '52', 'modifiedby', 'Last Modified By', '1', '0', '', '100', '16', '91', '3', 'V~O', '3', '0', 'BAS', '0', '', '0', '0', '0' ),
( '35', '577', 'service_usageunit', 'vtiger_service', '1', '15', 'service_usageunit', 'Usage Unit', '1', '2', '', '100', '3', '91', '1', 'V~O', '1', '0', 'BAS', '1', '', '0', '0', '0' ),
( '35', '578', 'qty_per_unit', 'vtiger_service', '1', '1', 'qty_per_unit', 'No of Units', '1', '2', '', '100', '5', '91', '1', 'N~O', '1', '0', 'BAS', '1', '', '1', '0', '0' ),
( '35', '579', 'smownerid', 'vtiger_crmentity', '1', '53', 'assigned_user_id', 'Owner', '1', '0', '', '100', '8', '91', '1', 'I~O', '1', '0', 'BAS', '1', '', '0', '0', '0' ),
( '35', '580', 'servicecategory', 'vtiger_service', '1', '15', 'servicecategory', 'Service Category', '1', '2', '', '100', '7', '91', '1', 'V~O', '1', '0', 'BAS', '1', '', '0', '0', '0' ),
( '35', '581', 'unit_price', 'vtiger_service', '1', '72', 'unit_price', 'Price', '1', '0', '', '100', '1', '92', '1', 'N~O', '2', '2', 'BAS', '0', '', '1', '0', '0' ),
( '35', '582', 'taxclass', 'vtiger_service', '1', '83', 'taxclass', 'Taxes', '1', '2', '', '100', '4', '92', '1', 'V~O', '2', '0', 'BAS', '1', '', '0', '0', '0' ),
( '35', '583', 'commissionrate', 'vtiger_service', '1', '9', 'commissionrate', 'Commission Rate', '1', '2', '', '100', '2', '92', '1', 'N~O', '1', '0', 'BAS', '1', '', '1', '0', '0' ),
( '35', '584', 'description', 'vtiger_crmentity', '1', '19', 'description', 'Description', '1', '2', '', '100', '1', '94', '1', 'V~O', '1', '0', 'BAS', '1', '', '0', '0', '0' ),
( '35', '585', 'source', 'vtiger_crmentity', '1', '1', 'source', 'Source', '1', '2', '', '100', '17', '91', '2', 'V~O', '3', '4', 'BAS', '0', '', '0', '0', '0' ),
( '35', '586', 'starred', 'vtiger_crmentity_user_field', '1', '56', 'starred', 'starred', '1', '2', '', '100', '18', '91', '6', 'C~O', '3', '5', 'BAS', '0', '', '0', '0', '0' ),
( '35', '587', 'tags', 'vtiger_service', '1', '1', 'tags', 'tags', '1', '2', '', '100', '19', '91', '6', 'V~O', '3', '6', 'BAS', '0', '', '0', '0', '0' ),
( '39', '588', 'projectmilestonename', 'vtiger_projectmilestone', '1', '2', 'projectmilestonename', 'Project Milestone Name', '1', '2', '', '100', '1', '95', '1', 'V~M', '0', '1', 'BAS', '1', '', '1', '0', '0' ),
( '39', '589', 'projectmilestonedate', 'vtiger_projectmilestone', '1', '5', 'projectmilestonedate', 'Milestone Date', '1', '2', '', '100', '5', '95', '1', 'D~O', '0', '3', 'BAS', '1', '', '1', '0', '0' ),
( '39', '590', 'projectid', 'vtiger_projectmilestone', '1', '10', 'projectid', 'Related to', '1', '0', '', '100', '4', '95', '1', 'V~M', '0', '4', 'BAS', '1', '', '0', '0', '0' ),
( '39', '591', 'projectmilestonetype', 'vtiger_projectmilestone', '1', '15', 'projectmilestonetype', 'Type', '1', '2', '', '100', '7', '95', '1', 'V~O', '1', '0', 'BAS', '1', '', '1', '0', '0' ),
( '39', '592', 'smownerid', 'vtiger_crmentity', '1', '53', 'assigned_user_id', 'Assigned To', '1', '2', '', '100', '6', '95', '1', 'V~M', '0', '2', 'BAS', '1', '', '0', '0', '0' ),
( '39', '593', 'projectmilestone_no', 'vtiger_projectmilestone', '2', '4', 'projectmilestone_no', 'Project Milestone No', '1', '0', '', '100', '2', '95', '1', 'V~O', '3', '4', 'BAS', '0', '', '0', '0', '0' ),
( '39', '594', 'createdtime', 'vtiger_crmentity', '1', '70', 'createdtime', 'Created Time', '1', '2', '', '100', '1', '96', '2', 'DT~O', '1', '0', 'BAS', '0', '', '0', '0', '0' ),
( '39', '595', 'modifiedtime', 'vtiger_crmentity', '1', '70', 'modifiedtime', 'Modified Time', '1', '2', '', '100', '2', '96', '2', 'DT~O', '1', '0', 'BAS', '0', '', '0', '0', '0' ),
( '39', '596', 'modifiedby', 'vtiger_crmentity', '1', '52', 'modifiedby', 'Last Modified By', '1', '0', '', '100', '3', '96', '3', 'V~O', '3', '0', 'BAS', '0', '', '0', '0', '0' ),
( '39', '597', 'description', 'vtiger_crmentity', '1', '19', 'description', 'Description', '1', '2', '', '100', '1', '97', '1', 'V~O', '1', '0', 'BAS', '1', '', '0', '0', '0' ),
( '39', '598', 'source', 'vtiger_crmentity', '1', '1', 'source', 'Source', '1', '2', '', '100', '8', '95', '2', 'V~O', '3', '5', 'BAS', '0', '', '0', '0', '0' ),
( '39', '599', 'starred', 'vtiger_crmentity_user_field', '1', '56', 'starred', 'starred', '1', '2', '', '100', '9', '95', '6', 'C~O', '3', '6', 'BAS', '0', '', '0', '0', '0' ),
( '39', '600', 'tags', 'vtiger_projectmilestone', '1', '1', 'tags', 'tags', '1', '2', '', '100', '10', '95', '6', 'V~O', '3', '7', 'BAS', '0', '', '0', '0', '0' ),
( '40', '601', 'projecttaskname', 'vtiger_projecttask', '1', '2', 'projecttaskname', 'Project Task Name', '1', '2', '', '100', '1', '98', '1', 'V~M', '0', '1', 'BAS', '1', '', '1', '0', '0' ),
( '40', '602', 'projecttasktype', 'vtiger_projecttask', '1', '15', 'projecttasktype', 'Type', '1', '2', '', '100', '4', '98', '1', 'V~O', '1', '0', 'BAS', '1', '', '1', '0', '0' ),
( '40', '603', 'projecttaskpriority', 'vtiger_projecttask', '1', '15', 'projecttaskpriority', 'Priority', '1', '2', '', '100', '3', '98', '1', 'V~O', '1', '0', 'BAS', '1', '', '0', '0', '0' ),
( '40', '604', 'projectid', 'vtiger_projecttask', '1', '10', 'projectid', 'Related to', '1', '0', '', '100', '6', '98', '1', 'V~M', '0', '5', 'BAS', '1', '', '0', '0', '0' ),
( '40', '605', 'smownerid', 'vtiger_crmentity', '1', '53', 'assigned_user_id', 'Assigned To', '1', '2', '', '100', '7', '98', '1', 'V~M', '0', '2', 'BAS', '1', '', '1', '0', '0' ),
( '40', '606', 'projecttasknumber', 'vtiger_projecttask', '1', '7', 'projecttasknumber', 'Project Task Number', '1', '2', '', '100', '5', '98', '1', 'I~O', '1', '0', 'BAS', '1', '', '0', '0', '0' ),
( '40', '607', 'projecttask_no', 'vtiger_projecttask', '2', '4', 'projecttask_no', 'Project Task No', '1', '0', '', '100', '2', '98', '1', 'V~O', '3', '4', 'BAS', '0', '', '0', '0', '0' ),
( '40', '608', 'projecttaskprogress', 'vtiger_projecttask', '1', '15', 'projecttaskprogress', 'Progress', '1', '2', '', '100', '1', '99', '1', 'V~O', '1', '0', 'BAS', '1', '', '1', '0', '0' ),
( '40', '609', 'projecttaskhours', 'vtiger_projecttask', '1', '7', 'projecttaskhours', 'Worked Hours', '1', '2', '', '100', '2', '99', '1', 'V~O', '1', '0', 'BAS', '1', '', '0', '0', '0' ),
( '40', '610', 'startdate', 'vtiger_projecttask', '1', '5', 'startdate', 'Start Date', '1', '2', '', '100', '3', '99', '1', 'D~O', '0', '3', 'BAS', '1', '', '1', '0', '0' ),
( '40', '611', 'enddate', 'vtiger_projecttask', '1', '5', 'enddate', 'End Date', '1', '2', '', '100', '4', '99', '1', 'D~O~OTH~GE~startdate~Start Date', '1', '0', 'BAS', '1', '', '1', '0', '0' ),
( '40', '612', 'createdtime', 'vtiger_crmentity', '1', '70', 'createdtime', 'Created Time', '1', '2', '', '100', '5', '99', '2', 'DT~O', '1', '0', 'BAS', '0', '', '0', '0', '0' ),
( '40', '613', 'modifiedtime', 'vtiger_crmentity', '1', '70', 'modifiedtime', 'Modified Time', '1', '2', '', '100', '6', '99', '2', 'DT~O', '1', '0', 'BAS', '0', '', '0', '0', '0' ),
( '40', '614', 'modifiedby', 'vtiger_crmentity', '1', '52', 'modifiedby', 'Last Modified By', '1', '0', '', '100', '7', '99', '3', 'V~O', '3', '0', 'BAS', '0', '', '0', '0', '0' ),
( '40', '615', 'description', 'vtiger_crmentity', '1', '19', 'description', 'description', '1', '2', '', '100', '1', '100', '1', 'V~O', '1', '0', 'BAS', '1', '', '0', '0', '0' ),
( '40', '616', 'source', 'vtiger_crmentity', '1', '1', 'source', 'Source', '1', '2', '', '100', '8', '98', '2', 'V~O', '3', '6', 'BAS', '0', '', '0', '0', '0' ),
( '40', '617', 'starred', 'vtiger_crmentity_user_field', '1', '56', 'starred', 'starred', '1', '2', '', '100', '9', '98', '6', 'C~O', '3', '7', 'BAS', '0', '', '0', '0', '0' ),
( '40', '618', 'tags', 'vtiger_projecttask', '1', '1', 'tags', 'tags', '1', '2', '', '100', '10', '98', '6', 'V~O', '3', '8', 'BAS', '0', '', '0', '0', '0' ),
( '41', '619', 'projectname', 'vtiger_project', '1', '2', 'projectname', 'Project Name', '1', '2', '', '100', '1', '101', '1', 'V~M', '0', '1', 'BAS', '1', '', '1', '0', '0' ),
( '41', '620', 'startdate', 'vtiger_project', '1', '23', 'startdate', 'Start Date', '1', '2', '', '100', '3', '101', '1', 'D~O', '0', '3', 'BAS', '1', '', '1', '0', '0' ),
( '41', '621', 'targetenddate', 'vtiger_project', '1', '23', 'targetenddate', 'Target End Date', '1', '2', '', '100', '5', '101', '1', 'D~O~OTH~GE~startdate~Start Date', '0', '4', 'BAS', '1', '', '1', '0', '0' ),
( '41', '622', 'actualenddate', 'vtiger_project', '1', '23', 'actualenddate', 'Actual End Date', '1', '2', '', '100', '6', '101', '1', 'D~O~OTH~GE~startdate~Start Date', '1', '0', 'BAS', '1', '', '0', '0', '0' ),
( '41', '623', 'projectstatus', 'vtiger_project', '1', '15', 'projectstatus', 'Status', '1', '2', '', '100', '7', '101', '1', 'V~O', '1', '0', 'BAS', '1', '', '1', '0', '0' ),
( '41', '624', 'projecttype', 'vtiger_project', '1', '15', 'projecttype', 'Type', '1', '2', '', '100', '8', '101', '1', 'V~O', '1', '0', 'BAS', '1', '', '1', '0', '0' ),
( '41', '625', 'linktoaccountscontacts', 'vtiger_project', '1', '10', 'linktoaccountscontacts', 'Related to', '1', '2', '', '100', '9', '101', '1', 'V~O', '1', '0', 'BAS', '1', '', '0', '1', '0' ),
( '41', '626', 'smownerid', 'vtiger_crmentity', '1', '53', 'assigned_user_id', 'Assigned To', '1', '2', '', '100', '4', '101', '1', 'V~M', '0', '2', 'BAS', '1', '', '1', '0', '0' ),
( '41', '627', 'project_no', 'vtiger_project', '2', '4', 'project_no', 'Project No', '1', '0', '', '100', '2', '101', '1', 'V~O', '3', '0', 'BAS', '0', '', '0', '0', '0' ),
( '41', '628', 'targetbudget', 'vtiger_project', '1', '7', 'targetbudget', 'Target Budget', '1', '2', '', '100', '1', '102', '1', 'V~O', '1', '0', 'BAS', '1', '', '0', '0', '0' ),
( '41', '629', 'projecturl', 'vtiger_project', '1', '17', 'projecturl', 'Project Url', '1', '2', '', '100', '2', '102', '1', 'V~O', '1', '0', 'BAS', '1', '', '0', '0', '0' ),
( '41', '630', 'projectpriority', 'vtiger_project', '1', '15', 'projectpriority', 'Priority', '1', '2', '', '100', '3', '102', '1', 'V~O', '1', '0', 'BAS', '1', '', '0', '0', '0' ),
( '41', '631', 'progress', 'vtiger_project', '1', '15', 'progress', 'Progress', '1', '2', '', '100', '4', '102', '1', 'V~O', '1', '0', 'BAS', '1', '', '0', '0', '0' ),
( '41', '632', 'createdtime', 'vtiger_crmentity', '1', '70', 'createdtime', 'Created Time', '1', '2', '', '100', '5', '102', '2', 'DT~O', '1', '0', 'BAS', '0', '', '0', '0', '0' ),
( '41', '633', 'modifiedtime', 'vtiger_crmentity', '1', '70', 'modifiedtime', 'Modified Time', '1', '2', '', '100', '6', '102', '2', 'DT~O', '1', '0', 'BAS', '0', '', '0', '0', '0' ),
( '41', '634', 'modifiedby', 'vtiger_crmentity', '1', '52', 'modifiedby', 'Last Modified By', '1', '0', '', '100', '7', '102', '3', 'V~O', '3', '0', 'BAS', '0', '', '0', '0', '0' ),
( '41', '635', 'description', 'vtiger_crmentity', '1', '19', 'description', 'Description', '1', '2', '', '100', '1', '103', '1', 'V~O', '1', '0', 'BAS', '1', '', '0', '0', '0' ),
( '41', '636', 'source', 'vtiger_crmentity', '1', '1', 'source', 'Source', '1', '2', '', '100', '10', '101', '2', 'V~O', '3', '5', 'BAS', '0', '', '0', '0', '0' ),
( '41', '637', 'starred', 'vtiger_crmentity_user_field', '1', '56', 'starred', 'starred', '1', '2', '', '100', '11', '101', '6', 'C~O', '3', '6', 'BAS', '0', '', '0', '0', '0' ),
( '41', '638', 'tags', 'vtiger_project', '1', '1', 'tags', 'tags', '1', '2', '', '100', '12', '101', '6', 'V~O', '3', '7', 'BAS', '0', '', '0', '0', '0' ),
( '46', '639', 'commentcontent', 'vtiger_modcomments', '1', '19', 'commentcontent', 'Comment', '1', '0', '', '100', '4', '104', '1', 'V~M', '0', '4', 'BAS', '2', '', '1', '0', '0' ),
( '46', '640', 'smownerid', 'vtiger_crmentity', '1', '53', 'assigned_user_id', 'Assigned To', '1', '0', '', '100', '1', '105', '1', 'V~M', '0', '1', 'BAS', '2', '', '1', '0', '0' ),
( '46', '641', 'createdtime', 'vtiger_crmentity', '1', '70', 'createdtime', 'Created Time', '1', '0', '', '100', '5', '105', '2', 'DT~O', '0', '2', 'BAS', '0', '', '0', '0', '0' ),
( '46', '642', 'modifiedtime', 'vtiger_crmentity', '1', '70', 'modifiedtime', 'Modified Time', '1', '0', '', '100', '6', '105', '2', 'DT~O', '0', '3', 'BAS', '0', '', '0', '0', '0' ),
( '46', '643', 'related_to', 'vtiger_modcomments', '1', '10', 'related_to', 'Related To', '1', '2', '', '100', '2', '105', '1', 'V~M', '2', '5', 'BAS', '2', '', '0', '0', '0' ),
( '46', '644', 'smcreatorid', 'vtiger_crmentity', '1', '52', 'creator', 'Creator', '1', '2', '', '100', '4', '105', '2', 'V~O', '1', '0', 'BAS', '1', '', '0', '0', '0' ),
( '46', '645', 'parent_comments', 'vtiger_modcomments', '1', '10', 'parent_comments', 'Related To Comments', '1', '2', '', '100', '7', '105', '1', 'V~O', '1', '0', 'BAS', '1', '', '0', '0', '0' ),
( '46', '646', 'source', 'vtiger_crmentity', '1', '1', 'source', 'Source', '1', '2', '', '100', '5', '104', '2', 'V~O', '3', '6', 'BAS', '0', '', '0', '0', '0' ),
( '47', '647', 'asset_no', 'vtiger_assets', '1', '4', 'asset_no', 'Asset No', '1', '0', '', '100', '2', '107', '1', 'V~O', '3', '0', 'BAS', '0', '
					', '1', '0', '0' ),
( '47', '648', 'product', 'vtiger_assets', '1', '10', 'product', 'Product Name', '1', '2', '', '100', '3', '107', '1', 'V~M', '0', '3', 'BAS', '1', '
					', '1', '0', '0' ),
( '47', '649', 'serialnumber', 'vtiger_assets', '1', '2', 'serialnumber', 'Serial Number', '1', '2', '', '100', '4', '107', '1', 'V~M', '0', '5', 'BAS', '1', '
					', '0', '0', '0' ),
( '47', '650', 'datesold', 'vtiger_assets', '1', '5', 'datesold', 'Date Sold', '1', '2', '', '100', '5', '107', '1', 'D~M~OTH~GE~datesold~Date Sold', '0', '0', 'BAS', '1', '
					', '0', '0', '0' ),
( '47', '651', 'dateinservice', 'vtiger_assets', '1', '5', 'dateinservice', 'Date in Service', '1', '2', '', '100', '6', '107', '1', 'D~M~OTH~GE~dateinservice~Date in Service', '0', '4', 'BAS', '1', '
					', '0', '0', '0' ),
( '47', '652', 'assetstatus', 'vtiger_assets', '1', '15', 'assetstatus', 'Status', '1', '2', '', '100', '7', '107', '1', 'V~M', '0', '0', 'BAS', '1', '
					', '0', '0', '0' ),
( '47', '653', 'tagnumber', 'vtiger_assets', '1', '2', 'tagnumber', 'Tag Number', '1', '2', '', '100', '8', '107', '1', 'V~O', '1', '0', 'BAS', '1', '
					', '0', '0', '0' ),
( '47', '654', 'invoiceid', 'vtiger_assets', '1', '10', 'invoiceid', 'Invoice Name', '1', '2', '', '100', '9', '107', '1', 'V~O', '1', '0', 'BAS', '1', '
					', '0', '0', '0' ),
( '47', '655', 'shippingmethod', 'vtiger_assets', '1', '2', 'shippingmethod', 'Shipping Method', '1', '2', '', '100', '10', '107', '1', 'V~O', '1', '0', 'BAS', '1', '
					', '0', '0', '0' ),
( '47', '656', 'shippingtrackingnumber', 'vtiger_assets', '1', '2', 'shippingtrackingnumber', 'Shipping Tracking Number', '1', '2', '', '100', '11', '107', '1', 'V~O', '1', '0', 'BAS', '1', '
					', '0', '0', '0' ),
( '47', '657', 'smownerid', 'vtiger_crmentity', '1', '53', 'assigned_user_id', 'Assigned To', '1', '2', '', '100', '4', '107', '1', 'V~M', '0', '2', 'BAS', '1', '
					', '0', '0', '0' ),
( '47', '658', 'assetname', 'vtiger_assets', '1', '1', 'assetname', 'Asset Name', '1', '0', '', '100', '12', '107', '1', 'V~M', '0', '6', 'BAS', '1', '
					', '1', '0', '0' ),
( '47', '659', 'account', 'vtiger_assets', '1', '10', 'account', 'Customer Name', '1', '2', '', '100', '13', '107', '1', 'V~M', '0', '0', 'BAS', '1', '
					', '1', '0', '0' ),
( '47', '660', 'contact', 'vtiger_assets', '1', '10', 'contact', 'Contact Name', '1', '2', '', '100', '14', '107', '1', 'V~O', '0', '0', 'BAS', '1', '
					', '0', '0', '0' ),
( '47', '661', 'createdtime', 'vtiger_crmentity', '1', '70', 'createdtime', 'Created Time', '1', '0', '', '100', '14', '107', '2', 'DT~O', '3', '0', 'BAS', '0', '
					', '0', '0', '0' ),
( '47', '662', 'modifiedtime', 'vtiger_crmentity', '1', '70', 'modifiedtime', 'Modified Time', '1', '0', '', '100', '15', '107', '2', 'DT~O', '3', '0', 'BAS', '0', '
					', '0', '0', '0' ),
( '47', '663', 'modifiedby', 'vtiger_crmentity', '1', '52', 'modifiedby', 'Last Modified By', '1', '0', '', '100', '16', '107', '3', 'V~O', '3', '0', 'BAS', '0', '
					', '0', '0', '0' ),
( '47', '664', 'description', 'vtiger_crmentity', '1', '19', 'description', 'Notes', '1', '2', '', '100', '1', '109', '1', 'V~O', '1', '0', 'BAS', '1', '
					', '0', '0', '0' ),
( '47', '665', 'source', 'vtiger_crmentity', '1', '1', 'source', 'Source', '1', '2', '', '100', '17', '107', '2', 'V~O', '3', '7', 'BAS', '0', '', '0', '0', '0' ),
( '47', '666', 'starred', 'vtiger_crmentity_user_field', '1', '56', 'starred', 'starred', '1', '2', '', '100', '18', '107', '6', 'C~O', '3', '8', 'BAS', '0', '', '0', '0', '0' ),
( '47', '667', 'tags', 'vtiger_assets', '1', '1', 'tags', 'tags', '1', '2', '', '100', '19', '107', '6', 'V~O', '3', '9', 'BAS', '0', '', '0', '0', '0' ),
( '48', '668', 'smownerid', 'vtiger_crmentity', '1', '53', 'assigned_user_id', 'Assigned To', '1', '0', '', '100', '2', '110', '1', 'V~M', '1', '0', 'BAS', '1', '', '1', '0', '0' ),
( '48', '669', 'createdtime', 'vtiger_crmentity', '1', '70', 'createdtime', 'Created Time', '1', '0', '', '100', '5', '110', '2', 'DT~O', '1', '0', 'BAS', '0', '', '0', '0', '0' ),
( '48', '670', 'modifiedtime', 'vtiger_crmentity', '1', '70', 'modifiedtime', 'Modified Time', '1', '0', '', '100', '6', '110', '2', 'DT~O', '1', '0', 'BAS', '0', '', '0', '0', '0' ),
( '48', '671', 'message', 'vtiger_smsnotifier', '1', '21', 'message', 'message', '1', '0', '', '100', '1', '110', '1', 'V~M', '1', '0', 'BAS', '1', '', '1', '0', '0' ),
( '48', '672', 'modifiedby', 'vtiger_crmentity', '1', '52', 'modifiedby', 'Last Modified By', '1', '0', '', '100', '7', '110', '3', 'V~O', '1', '0', 'BAS', '0', '', '0', '0', '0' ),
( '48', '673', 'source', 'vtiger_crmentity', '1', '1', 'source', 'Source', '1', '2', '', '100', '8', '110', '2', 'V~O', '3', '1', 'BAS', '0', '', '0', '0', '0' ),
( '2', '674', 'forecast_amount', 'vtiger_potential', '1', '71', 'forecast_amount', 'Forecast Amount', '1', '2', '', '100', '18', '1', '1', 'N~O', '1', '0', 'BAS', '0', '', '0', '0', '0' ),
( '29', '675', 'no_of_currency_decimals', 'vtiger_users', '1', '16', 'no_of_currency_decimals', 'Number Of Currency Decimals', '1', '2', '2', '100', '6', '78', '1', 'V~O', '1', '0', 'BAS', '1', '<b>Currency - Number of Decimal places</b> <br/><br/>Number of decimal places specifies how many number of decimals will be shown after decimal separator.<br/><b>Eg:</b> 123.00', '0', '0', '0' ),
( '23', '676', 'productid', 'vtiger_inventoryproductrel', '1', '10', 'productid', 'Item Name', '0', '2', '', '100', '1', '113', '5', 'V~M', '1', '0', 'BAS', '0', '', '0', '0', '0' ),
( '23', '677', 'quantity', 'vtiger_inventoryproductrel', '1', '7', 'quantity', 'Quantity', '0', '2', '', '100', '2', '113', '5', 'N~O', '1', '0', 'BAS', '0', '', '0', '0', '0' ),
( '23', '678', 'listprice', 'vtiger_inventoryproductrel', '1', '71', 'listprice', 'List Price', '0', '2', '', '100', '3', '113', '5', 'N~O', '1', '0', 'BAS', '0', '', '0', '0', '0' ),
( '23', '679', 'comment', 'vtiger_inventoryproductrel', '1', '19', 'comment', 'Item Comment', '0', '2', '', '100', '4', '113', '5', 'V~O', '1', '0', 'BAS', '0', '', '0', '0', '0' ),
( '23', '680', 'discount_amount', 'vtiger_inventoryproductrel', '1', '71', 'discount_amount', 'Item Discount Amount', '0', '2', '', '100', '5', '113', '5', 'N~O', '1', '0', 'BAS', '0', '', '0', '0', '0' ),
( '23', '681', 'discount_percent', 'vtiger_inventoryproductrel', '1', '7', 'discount_percent', 'Item Discount Percent', '0', '2', '', '100', '6', '113', '5', 'V~O', '1', '0', 'BAS', '0', '', '0', '0', '0' ),
( '23', '682', 'tax1', 'vtiger_inventoryproductrel', '1', '83', 'tax1', 'VAT', '0', '2', '', '100', '7', '113', '5', 'V~O', '1', '0', 'BAS', '0', '', '0', '0', '0' ),
( '23', '683', 'tax2', 'vtiger_inventoryproductrel', '1', '83', 'tax2', 'Sales', '0', '2', '', '100', '8', '113', '5', 'V~O', '1', '0', 'BAS', '0', '', '0', '0', '0' ),
( '23', '684', 'tax3', 'vtiger_inventoryproductrel', '1', '83', 'tax3', 'Service', '0', '2', '', '100', '9', '113', '5', 'V~O', '1', '0', 'BAS', '0', '', '0', '0', '0' ),
( '22', '685', 'productid', 'vtiger_inventoryproductrel', '1', '10', 'productid', 'Item Name', '0', '2', '', '100', '1', '114', '5', 'V~M', '1', '0', 'BAS', '0', '', '0', '0', '0' ),
( '22', '686', 'quantity', 'vtiger_inventoryproductrel', '1', '7', 'quantity', 'Quantity', '0', '2', '', '100', '2', '114', '5', 'N~O', '1', '0', 'BAS', '0', '', '0', '0', '0' ),
( '22', '687', 'listprice', 'vtiger_inventoryproductrel', '1', '71', 'listprice', 'List Price', '0', '2', '', '100', '3', '114', '5', 'N~O', '1', '0', 'BAS', '0', '', '0', '0', '0' ),
( '22', '688', 'comment', 'vtiger_inventoryproductrel', '1', '19', 'comment', 'Item Comment', '0', '2', '', '100', '4', '114', '5', 'V~O', '1', '0', 'BAS', '0', '', '0', '0', '0' ),
( '22', '689', 'discount_amount', 'vtiger_inventoryproductrel', '1', '71', 'discount_amount', 'Item Discount Amount', '0', '2', '', '100', '5', '114', '5', 'N~O', '1', '0', 'BAS', '0', '', '0', '0', '0' ),
( '22', '690', 'discount_percent', 'vtiger_inventoryproductrel', '1', '7', 'discount_percent', 'Item Discount Percent', '0', '2', '', '100', '6', '114', '5', 'V~O', '1', '0', 'BAS', '0', '', '0', '0', '0' ),
( '22', '691', 'tax1', 'vtiger_inventoryproductrel', '1', '83', 'tax1', 'VAT', '0', '2', '', '100', '7', '114', '5', 'V~O', '1', '0', 'BAS', '0', '', '0', '0', '0' ),
( '22', '692', 'tax2', 'vtiger_inventoryproductrel', '1', '83', 'tax2', 'Sales', '0', '2', '', '100', '8', '114', '5', 'V~O', '1', '0', 'BAS', '0', '', '0', '0', '0' ),
( '22', '693', 'tax3', 'vtiger_inventoryproductrel', '1', '83', 'tax3', 'Service', '0', '2', '', '100', '9', '114', '5', 'V~O', '1', '0', 'BAS', '0', '', '0', '0', '0' ),
( '21', '694', 'productid', 'vtiger_inventoryproductrel', '1', '10', 'productid', 'Item Name', '0', '2', '', '100', '1', '115', '5', 'V~M', '1', '0', 'BAS', '0', '', '0', '0', '0' ),
( '21', '695', 'quantity', 'vtiger_inventoryproductrel', '1', '7', 'quantity', 'Quantity', '0', '2', '', '100', '2', '115', '5', 'N~O', '1', '0', 'BAS', '0', '', '0', '0', '0' ),
( '21', '696', 'listprice', 'vtiger_inventoryproductrel', '1', '71', 'listprice', 'List Price', '0', '2', '', '100', '3', '115', '5', 'N~O', '1', '0', 'BAS', '0', '', '0', '0', '0' ),
( '21', '697', 'comment', 'vtiger_inventoryproductrel', '1', '19', 'comment', 'Item Comment', '0', '2', '', '100', '4', '115', '5', 'V~O', '1', '0', 'BAS', '0', '', '0', '0', '0' ),
( '21', '698', 'discount_amount', 'vtiger_inventoryproductrel', '1', '71', 'discount_amount', 'Item Discount Amount', '0', '2', '', '100', '5', '115', '5', 'N~O', '1', '0', 'BAS', '0', '', '0', '0', '0' ),
( '21', '699', 'discount_percent', 'vtiger_inventoryproductrel', '1', '7', 'discount_percent', 'Item Discount Percent', '0', '2', '', '100', '6', '115', '5', 'V~O', '1', '0', 'BAS', '0', '', '0', '0', '0' ),
( '21', '700', 'tax1', 'vtiger_inventoryproductrel', '1', '83', 'tax1', 'VAT', '0', '2', '', '100', '7', '115', '5', 'V~O', '1', '0', 'BAS', '0', '', '0', '0', '0' ),
( '21', '701', 'tax2', 'vtiger_inventoryproductrel', '1', '83', 'tax2', 'Sales', '0', '2', '', '100', '8', '115', '5', 'V~O', '1', '0', 'BAS', '0', '', '0', '0', '0' ),
( '21', '702', 'tax3', 'vtiger_inventoryproductrel', '1', '83', 'tax3', 'Service', '0', '2', '', '100', '9', '115', '5', 'V~O', '1', '0', 'BAS', '0', '', '0', '0', '0' ),
( '20', '703', 'productid', 'vtiger_inventoryproductrel', '1', '10', 'productid', 'Item Name', '0', '2', '', '100', '1', '116', '5', 'V~M', '1', '0', 'BAS', '0', '', '0', '0', '0' ),
( '20', '704', 'quantity', 'vtiger_inventoryproductrel', '1', '7', 'quantity', 'Quantity', '0', '2', '', '100', '2', '116', '5', 'N~O', '1', '0', 'BAS', '0', '', '0', '0', '0' ),
( '20', '705', 'listprice', 'vtiger_inventoryproductrel', '1', '71', 'listprice', 'List Price', '0', '2', '', '100', '3', '116', '5', 'N~O', '1', '0', 'BAS', '0', '', '0', '0', '0' ),
( '20', '706', 'comment', 'vtiger_inventoryproductrel', '1', '19', 'comment', 'Item Comment', '0', '2', '', '100', '4', '116', '5', 'V~O', '1', '0', 'BAS', '0', '', '0', '0', '0' ),
( '20', '707', 'discount_amount', 'vtiger_inventoryproductrel', '1', '71', 'discount_amount', 'Item Discount Amount', '0', '2', '', '100', '5', '116', '5', 'N~O', '1', '0', 'BAS', '0', '', '0', '0', '0' ),
( '20', '708', 'discount_percent', 'vtiger_inventoryproductrel', '1', '7', 'discount_percent', 'Item Discount Percent', '0', '2', '', '100', '6', '116', '5', 'V~O', '1', '0', 'BAS', '0', '', '0', '0', '0' ),
( '20', '709', 'tax1', 'vtiger_inventoryproductrel', '1', '83', 'tax1', 'VAT', '0', '2', '', '100', '7', '116', '5', 'V~O', '1', '0', 'BAS', '0', '', '0', '0', '0' ),
( '20', '710', 'tax2', 'vtiger_inventoryproductrel', '1', '83', 'tax2', 'Sales', '0', '2', '', '100', '8', '116', '5', 'V~O', '1', '0', 'BAS', '0', '', '0', '0', '0' ),
( '20', '711', 'tax3', 'vtiger_inventoryproductrel', '1', '83', 'tax3', 'Service', '0', '2', '', '100', '9', '116', '5', 'V~O', '1', '0', 'BAS', '0', '', '0', '0', '0' ),
( '29', '712', 'truncate_trailing_zeros', 'vtiger_users', '1', '56', 'truncate_trailing_zeros', 'Truncate Trailing Zeros', '1', '2', '0', '100', '7', '78', '1', 'V~O', '1', '0', 'BAS', '1', '<b> Truncate Trailing Zeros </b> <br/><br/>It truncated trailing 0s in any of Currency, Decimal and Percentage Field types<br/><br/><b>Ex:</b><br/>If value is 89.00000 then <br/>decimal and Percentage fields were shows 89<br/>currency field type - shows 89.00<br/>', '0', '0', '0' ),
( '40', '713', 'projecttaskstatus', 'vtiger_projecttask', '1', '15', 'projecttaskstatus', 'Status', '1', '2', '', '100', '11', '98', '1', 'V~O', '0', '9', 'BAS', '1', '', '0', '0', '0' ),
( '46', '714', 'customer', 'vtiger_modcomments', '1', '10', 'customer', 'Customer', '1', '2', '', '100', '6', '104', '3', 'V~O', '1', '0', 'BAS', '1', '', '0', '0', '0' ),
( '29', '715', 'dayoftheweek', 'vtiger_users', '1', '16', 'dayoftheweek', 'Starting Day of the week', '1', '2', 'Monday', '100', '1', '118', '1', 'V~O', '1', '0', 'BAS', '1', '', '0', '0', '0' ),
( '29', '716', 'callduration', 'vtiger_users', '1', '16', 'callduration', 'Default Call Duration', '1', '2', '5', '100', '7', '118', '1', 'V~O', '1', '0', 'BAS', '1', '', '0', '0', '0' ),
( '29', '717', 'othereventduration', 'vtiger_users', '1', '16', 'othereventduration', 'Other Event Duration', '1', '2', '5', '100', '8', '118', '1', 'V~O', '1', '0', 'BAS', '1', '', '0', '0', '0' ),
( '23', '718', 'pre_tax_total', 'vtiger_invoice', '1', '72', 'pre_tax_total', 'Pre Tax Total', '1', '2', '', '100', '23', '67', '3', 'N~O', '1', '0', 'BAS', '1', '', '0', '0', '0' ),
( '22', '719', 'pre_tax_total', 'vtiger_salesorder', '1', '72', 'pre_tax_total', 'Pre Tax Total', '1', '2', '', '100', '23', '61', '3', 'N~O', '1', '0', 'BAS', '1', '', '0', '0', '0' ),
( '21', '720', 'pre_tax_total', 'vtiger_purchaseorder', '1', '72', 'pre_tax_total', 'Pre Tax Total', '1', '2', '', '100', '23', '55', '3', 'N~O', '1', '0', 'BAS', '1', '', '0', '0', '0' ),
( '20', '721', 'pre_tax_total', 'vtiger_quotes', '1', '72', 'pre_tax_total', 'Pre Tax Total', '1', '2', '', '100', '23', '49', '3', 'N~O', '1', '0', 'BAS', '1', '', '0', '0', '0' ),
( '29', '722', 'calendarsharedtype', 'vtiger_users', '1', '16', 'calendarsharedtype', 'Calendar Shared Type', '1', '2', 'Public', '100', '12', '118', '3', 'V~O', '1', '0', 'BAS', '1', '', '0', '0', '0' ),
( '6', '723', 'isconvertedfromlead', 'vtiger_account', '1', '56', 'isconvertedfromlead', 'Is Converted From Lead', '1', '2', 'no', '100', '24', '9', '1', 'C~O', '1', '0', 'BAS', '1', '', '0', '0', '0' ),
( '4', '724', 'isconvertedfromlead', 'vtiger_contactdetails', '1', '56', 'isconvertedfromlead', 'Is Converted From Lead', '1', '2', 'no', '100', '24', '4', '1', 'C~O', '1', '0', 'BAS', '1', '', '0', '0', '0' ),
( '2', '725', 'isconvertedfromlead', 'vtiger_potential', '1', '56', 'isconvertedfromlead', 'Is Converted From Lead', '1', '2', 'no', '100', '19', '1', '1', 'C~O', '1', '0', 'BAS', '1', '', '0', '0', '0' ),
( '29', '726', 'default_record_view', 'vtiger_users', '1', '16', 'default_record_view', 'Default Record View', '1', '2', 'Summary', '100', '19', '79', '1', 'V~O', '1', '0', 'BAS', '1', '', '0', '0', '0' ),
( '23', '727', 'received', 'vtiger_invoice', '1', '72', 'received', 'Received', '1', '2', '0', '100', '24', '67', '3', 'N~O', '1', '0', 'BAS', '1', '', '0', '0', '0' ),
( '23', '728', 'balance', 'vtiger_invoice', '1', '72', 'balance', 'Balance', '1', '2', '0', '100', '25', '67', '3', 'N~O', '1', '0', 'BAS', '1', '', '0', '0', '0' ),
( '21', '729', 'paid', 'vtiger_purchaseorder', '1', '72', 'paid', 'Paid', '1', '2', '0', '100', '24', '55', '3', 'N~O', '1', '0', 'BAS', '1', '', '0', '0', '0' ),
( '21', '730', 'balance', 'vtiger_purchaseorder', '1', '72', 'balance', 'Balance', '1', '2', '0', '100', '25', '55', '3', 'N~O', '1', '0', 'BAS', '1', '', '0', '0', '0' ),
( '18', '731', 'smownerid', 'vtiger_crmentity', '1', '53', 'assigned_user_id', 'Assigned To', '1', '2', '', '100', '13', '42', '1', 'V~M', '1', '0', 'BAS', '1', '', '0', '0', '0' ),
( '7', '732', 'emailoptout', 'vtiger_leaddetails', '1', '56', 'emailoptout', 'Email Opt Out', '1', '0', '', '100', '13', '13', '1', 'C~O', '1', '0', 'BAS', '1', '', '0', '0', '0' ),
( '46', '733', 'userid', 'vtiger_modcomments', '1', '10', 'userid', 'UserId', '1', '2', '', '100', '7', '104', '3', 'V~O', '1', '0', 'BAS', '1', '', '0', '0', '0' ),
( '46', '734', 'reasontoedit', 'vtiger_modcomments', '1', '19', 'reasontoedit', 'ReasonToEdit', '1', '2', '', '100', '8', '104', '1', 'V~O', '1', '0', 'BAS', '1', '', '0', '0', '0' ),
( '23', '735', 's_h_percent', 'vtiger_invoice', '1', '1', 'hdnS_H_Percent', 'S&H Percent', '0', '2', '', '100', '10', '113', '5', 'N~O', '0', '1', 'BAS', '0', '', '0', '0', '0' ),
( '20', '736', 's_h_percent', 'vtiger_quotes', '1', '1', 'hdnS_H_Percent', 'S&H Percent', '0', '2', '', '100', '10', '116', '5', 'N~O', '0', '1', 'BAS', '0', '', '0', '0', '0' ),
( '21', '737', 's_h_percent', 'vtiger_purchaseorder', '1', '1', 'hdnS_H_Percent', 'S&H Percent', '0', '2', '', '100', '10', '115', '5', 'N~O', '0', '1', 'BAS', '0', '', '0', '0', '0' ),
( '22', '738', 's_h_percent', 'vtiger_salesorder', '1', '1', 'hdnS_H_Percent', 'S&H Percent', '0', '2', '', '100', '10', '114', '5', 'N~O', '0', '1', 'BAS', '0', '', '0', '0', '0' ),
( '29', '739', 'leftpanelhide', 'vtiger_users', '1', '56', 'leftpanelhide', 'Left Panel Hide', '1', '2', '0', '100', '20', '79', '1', 'V~O', '1', '0', 'BAS', '1', '', '0', '0', '0' ),
( '2', '740', 'contact_id', 'vtiger_potential', '1', '10', 'contact_id', 'Contact Name', '1', '2', '', '100', '4', '1', '1', 'V~O', '1', '0', 'BAS', '1', '', '1', '0', '0' ),
( '13', '741', 'contact_id', 'vtiger_troubletickets', '1', '10', 'contact_id', 'Contact Name', '1', '2', '', '100', '3', '25', '1', 'V~O', '1', '0', 'BAS', '1', '', '1', '0', '0' ),
( '29', '742', 'rowheight', 'vtiger_users', '1', '16', 'rowheight', 'Row Height', '1', '2', 'medium', '100', '21', '79', '1', 'V~O', '1', '0', 'BAS', '1', '', '0', '0', '0' ),
( '29', '743', 'defaulteventstatus', 'vtiger_users', '1', '15', 'defaulteventstatus', 'Default Event Status', '1', '2', 'Planned', '100', '9', '118', '1', 'V~O', '1', '0', 'BAS', '1', '', '0', '0', '0' ),
( '29', '744', 'defaultactivitytype', 'vtiger_users', '1', '15', 'defaultactivitytype', 'Default Activity Type', '1', '2', 'Call', '100', '10', '118', '1', 'V~O', '1', '0', 'BAS', '1', '', '0', '0', '0' ),
( '29', '745', 'hidecompletedevents', 'vtiger_users', '1', '56', 'hidecompletedevents', 'LBL_HIDE_COMPLETED_EVENTS', '1', '2', '0', '100', '13', '118', '1', 'C~O', '1', '0', 'BAS', '1', '', '0', '0', '0' ),
( '14', '772', 'purchase_cost', 'vtiger_products', '1', '71', 'purchase_cost', 'Purchase Cost', '1', '0', '', '100', '5', '32', '1', 'N~O', '1', '0', 'BAS', '1', '', '0', '0', '0' ),
( '35', '773', 'purchase_cost', 'vtiger_service', '1', '71', 'purchase_cost', 'Purchase Cost', '1', '0', '', '100', '5', '92', '1', 'N~O', '1', '0', 'BAS', '1', '', '0', '0', '0' ),
( '23', '774', 'potential_id', 'vtiger_invoice', '1', '10', 'potential_id', 'Potential Name', '1', '2', '', '100', '26', '67', '1', 'I~M', '2', '0', 'BAS', '1', '', '0', '0', '0' ),
( '29', '775', 'defaultcalendarview', 'vtiger_users', '1', '16', 'defaultcalendarview', 'Default Calendar View', '1', '0', 'MyCalendar', '100', '14', '118', '1', 'V~O', '1', '0', 'BAS', '1', '', '0', '0', '0' ),
( '23', '776', 'image', 'vtiger_inventoryproductrel', '1', '56', 'image', 'Image', '0', '1', '', '100', '14', '113', '5', 'V~O', '1', '0', 'BAS', '0', '', '0', '0', '0' );

INSERT INTO `vtiger_field`(`tabid`,`fieldid`,`columnname`,`tablename`,`generatedtype`,`uitype`,`fieldname`,`fieldlabel`,`readonly`,`presence`,`defaultvalue`,`maximumlength`,`sequence`,`block`,`displaytype`,`typeofdata`,`quickcreate`,`quickcreatesequence`,`info_type`,`masseditable`,`helpinfo`,`summaryfield`,`headerfield`,`isunique`) VALUES 
( '23', '777', 'purchase_cost', 'vtiger_inventoryproductrel', '1', '71', 'purchase_cost', 'Purchase Cost', '0', '1', '', '100', '15', '113', '5', 'N~O', '1', '0', 'BAS', '0', '', '0', '0', '0' ),
( '23', '778', 'margin', 'vtiger_inventoryproductrel', '1', '71', 'margin', 'Margin', '0', '1', '', '100', '16', '113', '5', 'N~O', '1', '0', 'BAS', '0', '', '0', '0', '0' ),
( '20', '779', 'image', 'vtiger_inventoryproductrel', '1', '56', 'image', 'Image', '0', '1', '', '100', '15', '116', '5', 'V~O', '1', '0', 'BAS', '0', '', '0', '0', '0' ),
( '20', '780', 'purchase_cost', 'vtiger_inventoryproductrel', '1', '71', 'purchase_cost', 'Purchase Cost', '0', '1', '', '100', '16', '116', '5', 'N~O', '1', '0', 'BAS', '0', '', '0', '0', '0' ),
( '20', '781', 'margin', 'vtiger_inventoryproductrel', '1', '71', 'margin', 'Margin', '0', '1', '', '100', '17', '116', '5', 'N~O', '1', '0', 'BAS', '0', '', '0', '0', '0' ),
( '21', '782', 'image', 'vtiger_inventoryproductrel', '1', '56', 'image', 'Image', '0', '1', '', '100', '15', '115', '5', 'V~O', '1', '0', 'BAS', '0', '', '0', '0', '0' ),
( '22', '783', 'image', 'vtiger_inventoryproductrel', '1', '56', 'image', 'Image', '0', '1', '', '100', '16', '114', '5', 'V~O', '1', '0', 'BAS', '0', '', '0', '0', '0' ),
( '22', '784', 'purchase_cost', 'vtiger_inventoryproductrel', '1', '71', 'purchase_cost', 'Purchase Cost', '0', '1', '', '100', '17', '114', '5', 'N~O', '1', '0', 'BAS', '0', '', '0', '0', '0' ),
( '22', '785', 'margin', 'vtiger_inventoryproductrel', '1', '71', 'margin', 'Margin', '0', '1', '', '100', '18', '114', '5', 'N~O', '1', '0', 'BAS', '0', '', '0', '0', '0' ),
( '46', '786', 'is_private', 'vtiger_modcomments', '1', '7', 'is_private', 'Is Private', '1', '2', '', '100', '9', '104', '1', 'I~O', '1', '0', 'BAS', '1', '', '0', '0', '0' ),
( '46', '787', 'filename', 'vtiger_modcomments', '1', '61', 'filename', 'Attachment', '1', '0', '', '100', '10', '104', '1', 'V~O', '1', '0', 'BAS', '1', '', '0', '0', '0' ),
( '46', '788', 'related_email_id', 'vtiger_modcomments', '1', '1', 'related_email_id', 'Related Email Id', '1', '2', '0', '100', '11', '104', '1', 'I~O', '1', '0', 'BAS', '1', '', '0', '0', '0' ),
( '2', '789', 'source', 'vtiger_crmentity', '1', '1', 'source', 'Source', '1', '2', '', '100', '20', '1', '2', 'V~O', '3', '7', 'BAS', '0', '', '0', '0', '0' ),
( '4', '790', 'source', 'vtiger_crmentity', '1', '1', 'source', 'Source', '1', '2', '', '100', '17', '4', '2', 'V~O', '3', '7', 'BAS', '0', '', '0', '0', '0' ),
( '6', '791', 'source', 'vtiger_crmentity', '1', '1', 'source', 'Source', '1', '2', '', '100', '25', '9', '2', 'V~O', '3', '5', 'BAS', '0', '', '0', '0', '0' ),
( '7', '792', 'source', 'vtiger_crmentity', '1', '1', 'source', 'Source', '1', '2', '', '100', '15', '13', '2', 'V~O', '3', '7', 'BAS', '0', '', '0', '0', '0' ),
( '8', '793', 'source', 'vtiger_crmentity', '1', '1', 'source', 'Source', '1', '2', '', '100', '13', '17', '2', 'V~O', '3', '4', 'BAS', '0', '', '0', '0', '0' ),
( '9', '794', 'source', 'vtiger_crmentity', '1', '1', 'source', 'Source', '1', '2', '', '100', '23', '19', '2', 'V~O', '3', '5', 'BAS', '0', '', '0', '0', '0' ),
( '10', '795', 'source', 'vtiger_crmentity', '1', '1', 'source', 'Source', '1', '2', '', '100', '13', '21', '2', 'V~O', '3', '1', 'BAS', '0', '', '0', '0', '0' ),
( '13', '796', 'source', 'vtiger_crmentity', '1', '1', 'source', 'Source', '1', '2', '', '100', '18', '25', '2', 'V~O', '3', '5', 'BAS', '0', '', '0', '0', '0' ),
( '14', '797', 'source', 'vtiger_crmentity', '1', '1', 'source', 'Source', '1', '2', '', '100', '23', '31', '2', 'V~O', '3', '6', 'BAS', '0', '', '0', '0', '0' ),
( '15', '798', 'source', 'vtiger_crmentity', '1', '1', 'source', 'Source', '1', '2', '', '100', '9', '37', '2', 'V~O', '3', '1', 'BAS', '0', '', '0', '0', '0' ),
( '16', '799', 'source', 'vtiger_crmentity', '1', '1', 'source', 'Source', '1', '2', '', '100', '23', '39', '2', 'V~O', '3', '7', 'BAS', '0', '', '0', '0', '0' ),
( '18', '800', 'source', 'vtiger_crmentity', '1', '1', 'source', 'Source', '1', '2', '', '100', '14', '42', '2', 'V~O', '3', '4', 'BAS', '0', '', '0', '0', '0' ),
( '19', '801', 'source', 'vtiger_crmentity', '1', '1', 'source', 'Source', '1', '2', '', '100', '8', '46', '2', 'V~O', '3', '4', 'BAS', '0', '', '0', '0', '0' ),
( '20', '802', 'source', 'vtiger_crmentity', '1', '1', 'source', 'Source', '1', '2', '', '100', '24', '49', '2', 'V~O', '3', '2', 'BAS', '0', '', '0', '0', '0' ),
( '21', '803', 'source', 'vtiger_crmentity', '1', '1', 'source', 'Source', '1', '2', '', '100', '26', '55', '2', 'V~O', '3', '2', 'BAS', '0', '', '0', '0', '0' ),
( '22', '804', 'source', 'vtiger_crmentity', '1', '1', 'source', 'Source', '1', '2', '', '100', '24', '61', '2', 'V~O', '3', '2', 'BAS', '0', '', '0', '0', '0' ),
( '23', '805', 'source', 'vtiger_crmentity', '1', '1', 'source', 'Source', '1', '2', '', '100', '27', '67', '2', 'V~O', '3', '2', 'BAS', '0', '', '0', '0', '0' ),
( '26', '806', 'source', 'vtiger_crmentity', '1', '1', 'source', 'Source', '1', '2', '', '100', '17', '74', '2', 'V~O', '3', '8', 'BAS', '0', '', '0', '0', '0' ),
( '10', '807', 'click_count', 'vtiger_email_track', '1', '25', 'click_count', 'Click Count', '1', '2', '0', '100', '14', '21', '3', 'I~O', '0', '2', 'BAS', '0', '', '0', '0', '0' ),
( '2', '808', 'starred', 'vtiger_crmentity_user_field', '1', '56', 'starred', 'starred', '1', '2', '', '100', '21', '1', '6', 'C~O', '3', '8', 'BAS', '0', '', '0', '0', '0' ),
( '4', '809', 'starred', 'vtiger_crmentity_user_field', '1', '56', 'starred', 'starred', '1', '2', '', '100', '31', '4', '6', 'C~O', '3', '8', 'BAS', '0', '', '0', '0', '0' ),
( '6', '810', 'starred', 'vtiger_crmentity_user_field', '1', '56', 'starred', 'starred', '1', '2', '', '100', '26', '9', '6', 'C~O', '3', '6', 'BAS', '0', '', '0', '0', '0' ),
( '7', '811', 'starred', 'vtiger_crmentity_user_field', '1', '56', 'starred', 'starred', '1', '2', '', '100', '26', '13', '6', 'C~O', '3', '8', 'BAS', '0', '', '0', '0', '0' ),
( '8', '812', 'starred', 'vtiger_crmentity_user_field', '1', '56', 'starred', 'starred', '1', '2', '', '100', '14', '17', '6', 'C~O', '3', '5', 'BAS', '0', '', '0', '0', '0' ),
( '9', '813', 'starred', 'vtiger_crmentity_user_field', '1', '56', 'starred', 'starred', '1', '2', '', '100', '24', '19', '6', 'C~O', '3', '6', 'BAS', '0', '', '0', '0', '0' ),
( '10', '814', 'starred', 'vtiger_crmentity_user_field', '1', '56', 'starred', 'starred', '1', '2', '', '100', '15', '21', '6', 'C~O', '3', '3', 'BAS', '0', '', '0', '0', '0' ),
( '13', '815', 'starred', 'vtiger_crmentity_user_field', '1', '56', 'starred', 'starred', '1', '2', '', '100', '19', '25', '6', 'C~O', '3', '6', 'BAS', '0', '', '0', '0', '0' ),
( '14', '816', 'starred', 'vtiger_crmentity_user_field', '1', '56', 'starred', 'starred', '1', '2', '', '100', '24', '31', '6', 'C~O', '3', '7', 'BAS', '0', '', '0', '0', '0' ),
( '15', '817', 'starred', 'vtiger_crmentity_user_field', '1', '56', 'starred', 'starred', '1', '2', '', '100', '10', '37', '6', 'C~O', '3', '2', 'BAS', '0', '', '0', '0', '0' ),
( '16', '818', 'starred', 'vtiger_crmentity_user_field', '1', '56', 'starred', 'starred', '1', '2', '', '100', '24', '39', '6', 'C~O', '3', '8', 'BAS', '0', '', '0', '0', '0' ),
( '18', '819', 'starred', 'vtiger_crmentity_user_field', '1', '56', 'starred', 'starred', '1', '2', '', '100', '15', '42', '6', 'C~O', '3', '5', 'BAS', '0', '', '0', '0', '0' ),
( '19', '820', 'starred', 'vtiger_crmentity_user_field', '1', '56', 'starred', 'starred', '1', '2', '', '100', '9', '46', '6', 'C~O', '3', '5', 'BAS', '0', '', '0', '0', '0' ),
( '20', '821', 'starred', 'vtiger_crmentity_user_field', '1', '56', 'starred', 'starred', '1', '2', '', '100', '25', '49', '6', 'C~O', '3', '3', 'BAS', '0', '', '0', '0', '0' ),
( '21', '822', 'starred', 'vtiger_crmentity_user_field', '1', '56', 'starred', 'starred', '1', '2', '', '100', '27', '55', '6', 'C~O', '3', '3', 'BAS', '0', '', '0', '0', '0' ),
( '22', '823', 'starred', 'vtiger_crmentity_user_field', '1', '56', 'starred', 'starred', '1', '2', '', '100', '25', '61', '6', 'C~O', '3', '3', 'BAS', '0', '', '0', '0', '0' ),
( '23', '824', 'starred', 'vtiger_crmentity_user_field', '1', '56', 'starred', 'starred', '1', '2', '', '100', '28', '67', '6', 'C~O', '3', '3', 'BAS', '0', '', '0', '0', '0' ),
( '26', '825', 'starred', 'vtiger_crmentity_user_field', '1', '56', 'starred', 'starred', '1', '2', '', '100', '18', '74', '6', 'C~O', '3', '9', 'BAS', '0', '', '0', '0', '0' ),
( '2', '826', 'tags', 'vtiger_potential', '1', '1', 'tags', 'tags', '1', '2', '', '100', '22', '1', '6', 'V~O', '3', '9', 'BAS', '0', '', '0', '0', '0' ),
( '4', '827', 'tags', 'vtiger_contactdetails', '1', '1', 'tags', 'tags', '1', '2', '', '100', '32', '4', '6', 'V~O', '3', '9', 'BAS', '0', '', '0', '0', '0' ),
( '6', '828', 'tags', 'vtiger_account', '1', '1', 'tags', 'tags', '1', '2', '', '100', '27', '9', '6', 'V~O', '3', '7', 'BAS', '0', '', '0', '0', '0' ),
( '7', '829', 'tags', 'vtiger_leaddetails', '1', '1', 'tags', 'tags', '1', '2', '', '100', '27', '13', '6', 'V~O', '3', '9', 'BAS', '0', '', '0', '0', '0' ),
( '8', '830', 'tags', 'vtiger_notes', '1', '1', 'tags', 'tags', '1', '2', '', '100', '15', '17', '6', 'V~O', '3', '6', 'BAS', '0', '', '0', '0', '0' ),
( '9', '831', 'tags', 'vtiger_activity', '1', '1', 'tags', 'tags', '1', '2', '', '100', '25', '19', '6', 'V~O', '3', '7', 'BAS', '0', '', '0', '0', '0' ),
( '10', '832', 'tags', 'vtiger_activity', '1', '1', 'tags', 'tags', '1', '2', '', '100', '16', '21', '6', 'V~O', '3', '4', 'BAS', '0', '', '0', '0', '0' ),
( '13', '833', 'tags', 'vtiger_troubletickets', '1', '1', 'tags', 'tags', '1', '2', '', '100', '20', '25', '6', 'V~O', '3', '7', 'BAS', '0', '', '0', '0', '0' ),
( '14', '834', 'tags', 'vtiger_products', '1', '1', 'tags', 'tags', '1', '2', '', '100', '25', '31', '6', 'V~O', '3', '8', 'BAS', '0', '', '0', '0', '0' ),
( '15', '835', 'tags', 'vtiger_faq', '1', '1', 'tags', 'tags', '1', '2', '', '100', '11', '37', '6', 'V~O', '3', '3', 'BAS', '0', '', '0', '0', '0' ),
( '16', '836', 'tags', 'vtiger_activity', '1', '1', 'tags', 'tags', '1', '2', '', '100', '25', '39', '6', 'V~O', '3', '9', 'BAS', '0', '', '0', '0', '0' ),
( '18', '837', 'tags', 'vtiger_vendor', '1', '1', 'tags', 'tags', '1', '2', '', '100', '16', '42', '6', 'V~O', '3', '6', 'BAS', '0', '', '0', '0', '0' ),
( '19', '838', 'tags', 'vtiger_pricebook', '1', '1', 'tags', 'tags', '1', '2', '', '100', '10', '46', '6', 'V~O', '3', '6', 'BAS', '0', '', '0', '0', '0' ),
( '20', '839', 'tags', 'vtiger_quotes', '1', '1', 'tags', 'tags', '1', '2', '', '100', '26', '49', '6', 'V~O', '3', '4', 'BAS', '0', '', '0', '0', '0' ),
( '21', '840', 'tags', 'vtiger_purchaseorder', '1', '1', 'tags', 'tags', '1', '2', '', '100', '28', '55', '6', 'V~O', '3', '4', 'BAS', '0', '', '0', '0', '0' ),
( '22', '841', 'tags', 'vtiger_salesorder', '1', '1', 'tags', 'tags', '1', '2', '', '100', '26', '61', '6', 'V~O', '3', '4', 'BAS', '0', '', '0', '0', '0' ),
( '23', '842', 'tags', 'vtiger_invoice', '1', '1', 'tags', 'tags', '1', '2', '', '100', '29', '67', '6', 'V~O', '3', '4', 'BAS', '0', '', '0', '0', '0' ),
( '26', '843', 'tags', 'vtiger_campaign', '1', '1', 'tags', 'tags', '1', '2', '', '100', '19', '74', '6', 'V~O', '3', '10', 'BAS', '0', '', '0', '0', '0' ),
( '20', '844', 'region_id', 'vtiger_quotes', '1', '16', 'region_id', 'Tax Region', '0', '2', '', '100', '18', '116', '5', 'N~O', '1', '0', 'BAS', '0', '', '0', '0', '0' ),
( '21', '845', 'region_id', 'vtiger_purchaseorder', '1', '16', 'region_id', 'Tax Region', '0', '2', '', '100', '16', '115', '5', 'N~O', '1', '0', 'BAS', '0', '', '0', '0', '0' ),
( '22', '846', 'region_id', 'vtiger_salesorder', '1', '16', 'region_id', 'Tax Region', '0', '2', '', '100', '19', '114', '5', 'N~O', '1', '0', 'BAS', '0', '', '0', '0', '0' ),
( '23', '847', 'region_id', 'vtiger_invoice', '1', '16', 'region_id', 'Tax Region', '0', '2', '', '100', '17', '113', '5', 'N~O', '1', '0', 'BAS', '0', '', '0', '0', '0' ),
( '41', '848', 'isconvertedfrompotential', 'vtiger_project', '1', '56', 'isconvertedfrompotential', 'Is Converted From Opportunity', '1', '2', '', '100', '13', '101', '1', 'C~O', '1', '0', 'BAS', '1', '', '0', '0', '0' ),
( '41', '849', 'potentialid', 'vtiger_project', '1', '10', 'potentialid', 'Potential Name', '1', '2', '', '100', '14', '101', '1', 'I~O', '1', '0', 'BAS', '1', '', '0', '0', '0' ),
( '29', '850', 'defaultlandingpage', 'vtiger_users', '1', '32', 'defaultlandingpage', 'Default Landing Page', '1', '0', 'Home', '100', '22', '79', '1', 'V~O', '1', '0', 'BAS', '1', '', '0', '0', '0' ),
( '22', '851', 'last_recurring_date', 'vtiger_invoice_recurring_info', '1', '5', 'last_recurring_date', 'Next Invoice Date', '1', '2', '', '100', '7', '85', '2', 'D~O', '1', '0', 'BAS', '1', '', '0', '0', '0' ),
( '29', '852', 'userlabel', 'vtiger_users', '1', '1', 'userlabel', 'User Label', '1', '2', '', '100', '23', '79', '3', 'V~O', '1', '0', 'BAS', '1', '', '0', '0', '0' ),
( '7', '872', 'cf_871', 'vtiger_leadscf', '2', '5', 'cf_871', 'Date Of Birth', '1', '2', '', '100', '7', '13', '1', 'D~M', '2', '0', 'BAS', '1', '', '0', '0', '0' ),
( '7', '874', 'cf_873', 'vtiger_leadscf', '2', '1', 'cf_873', 'Passport No', '1', '2', '', '100', '10', '13', '1', 'V~M~LE~100', '2', '10', 'BAS', '1', '', '0', '0', '0' ),
( '4', '876', 'cf_875', 'vtiger_contactscf', '2', '1', 'cf_875', 'Passport No', '1', '2', '', '100', '21', '4', '1', 'V~M~LE~100', '2', '10', 'BAS', '1', '', '0', '0', '0' ),
( '58', '877', 'name', 'vtiger_custompayments', '1', '2', 'name', 'Name', '1', '2', '', '100', '1', '124', '1', 'V~M', '1', '0', 'BAS', '1', '', '1', '0', '0' ),
( '58', '878', 'smownerid', 'vtiger_crmentity', '1', '53', 'assigned_user_id', 'Assigned To', '1', '2', '', '100', '2', '124', '1', 'V~M', '1', '0', 'BAS', '1', '', '0', '0', '0' ),
( '58', '879', 'createdtime', 'vtiger_crmentity', '1', '70', 'createdtime', 'Created Time', '1', '2', '', '100', '3', '124', '2', 'T~O', '1', '0', 'BAS', '1', '', '0', '0', '0' ),
( '58', '880', 'modifiedtime', 'vtiger_crmentity', '1', '70', 'modifiedtime', 'Modified Time', '1', '2', '', '100', '4', '124', '2', 'T~O', '1', '0', 'BAS', '1', '', '0', '0', '0' ),
( '58', '881', 'custompaymentsno', 'vtiger_custompayments', '1', '4', 'custompaymentsno', 'CustomPayments No', '1', '2', '', '100', '1', '124', '1', 'V~O', '1', '0', 'BAS', '0', '', '0', '0', '0' ),
( '58', '882', 'smcreatorid', 'vtiger_crmentity', '1', '52', 'created_user_id', 'Created By', '1', '2', '', '100', '2', '124', '2', 'V~O', '1', '0', 'BAS', '0', '', '0', '0', '0' ),
( '58', '883', 'modifiedby', 'vtiger_crmentity', '1', '52', 'modifiedby', 'Modified By', '1', '0', '', '100', '3', '124', '2', 'V~O', '1', '0', 'BAS', '0', '', '0', '0', '0' ),
( '58', '884', 'tags', 'vtiger_custompayments', '1', '1', 'tags', 'tags', '1', '2', '', '100', '4', '124', '6', 'V~O', '3', '1', 'BAS', '0', '', '0', '0', '0' ),
( '58', '885', 'starred', 'vtiger_crmentity_user_field', '1', '56', 'starred', 'starred', '1', '2', '', '100', '5', '124', '6', 'C~O', '3', '2', 'BAS', '0', '', '0', '0', '0' ),
( '58', '886', 'source', 'vtiger_crmentity', '1', '1', 'source', 'Source', '1', '2', '', '100', '6', '124', '2', 'V~O', '3', '3', 'BAS', '0', '', '0', '0', '0' ),
( '58', '887', 'description', 'vtiger_crmentity', '1', '19', 'description', 'Description', '1', '2', '', '100', '1', '126', '1', 'V~O', '0', '3', 'BAS', '1', '', '1', '0', '0' ),
( '58', '892', 'cf_quotes_id', 'vtiger_custompayments', '2', '10', 'cf_quotes_id', 'Quotes', '1', '2', '', '100', '7', '124', '1', 'I~O', '1', '0', 'BAS', '1', '', '1', '0', '0' ),
( '58', '894', 'cf_893', 'vtiger_custompaymentscf', '2', '7', 'cf_893', 'Amount', '1', '2', '0', '100', '8', '124', '1', 'NN~M', '2', '0', 'BAS', '2', '', '1', '0', '0' ),
( '58', '898', 'cf_897', 'vtiger_custompaymentscf', '2', '16', 'cf_897', 'Status', '1', '2', '', '100', '9', '124', '1', 'V~O', '2', '0', 'BAS', '1', '', '0', '1', '0' ),
( '58', '900', 'cf_899', 'vtiger_custompaymentscf', '2', '16', 'cf_899', 'Type', '1', '2', '', '100', '10', '124', '1', 'V~O', '2', '0', 'BAS', '1', '', '0', '0', '0' ),
( '58', '902', 'cf_901', 'vtiger_custompaymentscf', '2', '5', 'cf_901', 'Date payment', '1', '2', '', '100', '11', '124', '1', 'D~M', '2', '0', 'BAS', '1', '', '1', '0', '0' ),
( '58', '905', 'cf_potentials_id', 'vtiger_custompayments', '2', '10', 'cf_potentials_id', 'Opportunity', '1', '2', '', '100', '12', '124', '1', 'I~O', '1', '0', 'BAS', '1', '', '1', '0', '0' ),
( '58', '907', 'cf_906', 'vtiger_custompaymentscf', '2', '14', 'cf_906', 'Time Payment', '1', '2', '', '100', '13', '124', '1', 'T~M', '2', '4', 'BAS', '1', '', '1', '0', '0' ),
( '23', '909', 'cf_908', 'vtiger_invoicecf', '2', '56', 'cf_908', 'Payed', '1', '2', '', '100', '3', '132', '1', 'C~O', '3', '5', 'BAS', '2', '', '0', '0', '0' ),
( '34', '912', 'cf_potentials_id', 'vtiger_servicecontracts', '2', '10', 'cf_potentials_id', 'Opportunity', '1', '2', '', '100', '4', '89', '1', 'I~M', '2', '0', 'BAS', '1', '', '1', '0', '0' ),
( '61', '913', 'paymentno', 'vtiger_payments', '1', '4', 'paymentno', 'Payment No', '1', '2', '', '100', '1', '129', '1', 'V~M', '1', '0', 'BAS', '1', '', '0', '0', '0' ),
( '61', '914', 'amount_paid', 'vtiger_payments', '1', '71', 'amount_paid', 'Amount', '1', '2', '', '100', '2', '129', '1', 'N~M', '2', '0', 'BAS', '0', '', '0', '0', '0' ),
( '61', '915', 'invoice', 'vtiger_payments', '1', '10', 'invoice', 'Invoice', '1', '2', '', '100', '1', '131', '1', 'V~O', '2', '0', 'BAS', '0', '', '0', '0', '0' ),
( '61', '916', 'potential', 'vtiger_payments', '1', '10', 'potential', 'Potential', '1', '2', '', '100', '5', '129', '1', 'V~M', '2', '0', 'BAS', '0', '', '0', '0', '0' ),
( '61', '917', 'reference', 'vtiger_payments', '1', '2', 'reference', 'Reference', '1', '2', '', '255', '4', '129', '1', 'V~O', '1', '0', 'BAS', '0', '', '0', '0', '0' ),
( '61', '918', 'organization', 'vtiger_payments', '1', '10', 'organization', 'Organization', '1', '2', '', '100', '2', '131', '1', 'V~O', '1', '0', 'BAS', '0', '', '0', '0', '0' ),
( '61', '919', 'payment_type', 'vtiger_payments', '1', '16', 'payment_type', 'Type', '1', '2', 'Cash', '100', '6', '129', '1', 'V~M', '2', '0', 'BAS', '0', '', '0', '0', '0' ),
( '61', '920', 'contact', 'vtiger_payments', '1', '10', 'contact', 'Contact', '1', '2', '', '100', '7', '129', '1', 'V~O', '1', '0', 'BAS', '0', '', '0', '0', '0' ),
( '61', '921', 'payment_status', 'vtiger_payments', '1', '16', 'payment_status', 'Status', '1', '2', 'Pending', '100', '8', '129', '1', 'V~M', '2', '0', 'BAS', '0', '', '0', '0', '0' ),
( '61', '922', 'smownerid', 'vtiger_crmentity', '1', '53', 'assigned_user_id', 'Assigned To', '1', '2', '', '100', '9', '129', '1', 'V~M', '1', '0', 'BAS', '1', '', '0', '0', '0' ),
( '61', '923', 'date', 'vtiger_payments', '1', '5', 'date', 'Date', '1', '2', '', '100', '10', '129', '1', 'D~O', '1', '0', 'BAS', '0', '', '0', '0', '0' ),
( '61', '924', 'createdtime', 'vtiger_crmentity', '1', '70', 'CreatedTime', 'Created Time', '1', '2', '', '100', '11', '129', '2', 'T~O', '1', '0', 'BAS', '1', '', '0', '0', '0' ),
( '61', '925', 'modifiedtime', 'vtiger_crmentity', '1', '70', 'ModifiedTime', 'Modified Time', '1', '2', '', '100', '12', '129', '2', 'T~O', '1', '0', 'BAS', '1', '', '0', '0', '0' ),
( '61', '926', 'description', 'vtiger_crmentity', '1', '19', 'description', 'Description', '1', '2', '', '250', '1', '130', '1', 'V~O', '1', '0', 'BAS', '0', '', '0', '0', '0' ),
( '61', '927', 'source', 'vtiger_crmentity', '1', '1', 'source', 'Source', '1', '2', '', '100', '13', '129', '2', 'V~O', '3', '1', 'BAS', '0', '', '0', '0', '0' ),
( '61', '928', 'starred', 'vtiger_crmentity_user_field', '1', '56', 'starred', 'starred', '1', '2', '', '100', '13', '129', '6', 'C~O', '3', '2', 'BAS', '0', '', '0', '0', '0' ),
( '61', '929', 'tags', 'vtiger_payments', '1', '1', 'tags', 'tags', '1', '2', '', '100', '14', '129', '6', 'V~O', '3', '3', 'BAS', '0', '', '0', '0', '0' ),
( '61', '930', 'auth_net_invoice_no', 'vtiger_payments', '1', '2', 'auth_net_invoice_no', 'AuthNet Invoice No', '1', '2', '', '100', '3', '129', '1', 'V~O', '1', '0', 'BAS', '1', '', '0', '0', '0' ),
( '4', '932', 'cf_931', 'vtiger_contactscf', '2', '7', 'cf_931', 'Customer No', '1', '2', '', '100', '23', '4', '1', 'I~O', '1', '0', 'BAS', '1', '', '0', '0', '1' ),
( '7', '934', 'cf_933', 'vtiger_leadscf', '2', '16', 'cf_933', 'View Lead', '1', '2', 'Not Vieved', '100', '28', '13', '1', 'V~O', '1', '0', 'BAS', '1', '', '0', '0', '0' ),
( '4', '938', 'cf_937', 'vtiger_contactscf', '2', '16', 'cf_937', 'Contact Status', '1', '2', ' ', '100', '4', '4', '1', 'V~O', '1', '0', 'BAS', '1', '', '0', '0', '0' ),
( '4', '960', 'cf_959', 'vtiger_contactscf', '2', '71', 'cf_959', 'Amount__contact', '1', '2', '0', '100', '6', '4', '1', 'N~O', '1', '0', 'BAS', '2', '', '0', '0', '0' );
COMMIT;
-- ---------------------------------------------------------


-- Dump data of "vtiger_field_seq" -------------------------
BEGIN;

INSERT INTO `vtiger_field_seq`(`id`) VALUES 
( '960' );
COMMIT;
-- ---------------------------------------------------------


-- Dump data of "vtiger_fieldmodulerel" --------------------
BEGIN;

INSERT INTO `vtiger_fieldmodulerel`(`fieldid`,`module`,`relmodule`,`status`,`sequence`) VALUES 
( '113', 'Potentials', 'Accounts', NULL, '0' ),
( '535', 'PBXManager', 'Leads', NULL, NULL ),
( '535', 'PBXManager', 'Contacts', NULL, NULL ),
( '535', 'PBXManager', 'Accounts', NULL, NULL ),
( '549', 'ServiceContracts', 'Contacts', NULL, NULL ),
( '549', 'ServiceContracts', 'Accounts', NULL, NULL ),
( '590', 'ProjectMilestone', 'Project', NULL, NULL ),
( '604', 'ProjectTask', 'Project', NULL, NULL ),
( '625', 'Project', 'Accounts', NULL, NULL ),
( '625', 'Project', 'Contacts', NULL, NULL ),
( '643', 'ModComments', 'Leads', NULL, NULL ),
( '643', 'ModComments', 'Contacts', NULL, NULL ),
( '643', 'ModComments', 'Accounts', NULL, NULL ),
( '645', 'ModComments', 'ModComments', NULL, NULL ),
( '643', 'ModComments', 'Potentials', NULL, NULL ),
( '643', 'ModComments', 'Project', NULL, NULL ),
( '643', 'ModComments', 'ProjectTask', NULL, NULL ),
( '648', 'Assets', 'Products', NULL, NULL ),
( '654', 'Assets', 'Invoice', NULL, NULL ),
( '659', 'Assets', 'Accounts', NULL, NULL ),
( '660', 'Assets', 'Contacts', NULL, NULL ),
( '676', 'Invoice', 'Products', NULL, NULL ),
( '676', 'Invoice', 'Services', NULL, NULL ),
( '685', 'SalesOrder', 'Products', NULL, NULL ),
( '685', 'SalesOrder', 'Services', NULL, NULL ),
( '694', 'PurchaseOrder', 'Products', NULL, NULL ),
( '694', 'PurchaseOrder', 'Services', NULL, NULL ),
( '703', 'Quotes', 'Products', NULL, NULL ),
( '703', 'Quotes', 'Services', NULL, NULL ),
( '714', 'ModComments', 'Contacts', NULL, NULL ),
( '643', 'ModComments', 'HelpDesk', NULL, NULL ),
( '643', 'ModComments', 'Faq', NULL, NULL ),
( '740', 'Potentials', 'Contacts', NULL, NULL ),
( '157', 'HelpDesk', 'Accounts', NULL, NULL ),
( '741', 'HelpDesk', 'Contacts', NULL, NULL ),
( '238', 'Accounts', 'Calendar', NULL, NULL ),
( '238', 'Leads', 'Calendar', NULL, NULL ),
( '238', 'HelpDesk', 'Calendar', NULL, NULL ),
( '238', 'Campaigns', 'Calendar', NULL, NULL ),
( '238', 'Potentials', 'Calendar', NULL, NULL ),
( '238', 'PurchaseOrder', 'Calendar', NULL, NULL ),
( '238', 'SalesOrder', 'Calendar', NULL, NULL ),
( '238', 'Quotes', 'Calendar', NULL, NULL ),
( '238', 'Invoice', 'Calendar', NULL, NULL ),
( '239', 'Contacts', 'Calendar', NULL, NULL ),
( '774', 'Invoice', 'Potentials', NULL, NULL ),
( '643', 'ModComments', 'Invoice', NULL, NULL ),
( '643', 'ModComments', 'Quotes', NULL, NULL ),
( '643', 'ModComments', 'PurchaseOrder', NULL, NULL ),
( '643', 'ModComments', 'SalesOrder', NULL, NULL ),
( '849', 'Project', 'Potentials', NULL, NULL ),
( '643', 'ModComments', 'CustomPayments', NULL, NULL ),
( '238', 'CustomPayments', 'Calendar', NULL, NULL ),
( '238', 'CustomPayments', 'Calendar', NULL, NULL ),
( '892', 'CustomPayments', 'Quotes', NULL, NULL ),
( '905', 'CustomPayments', 'Potentials', NULL, NULL ),
( '912', 'ServiceContracts', 'Potentials', NULL, NULL ),
( '915', 'VTEPayments', 'Invoice', NULL, NULL ),
( '916', 'VTEPayments', 'Potentials', NULL, NULL ),
( '918', 'VTEPayments', 'Accounts', NULL, NULL ),
( '920', 'VTEPayments', 'Contacts', NULL, NULL );
COMMIT;
-- ---------------------------------------------------------


-- Dump data of "vtiger_freetagged_objects" ----------------
-- ---------------------------------------------------------


-- Dump data of "vtiger_freetags" --------------------------
-- ---------------------------------------------------------


-- Dump data of "vtiger_freetags_seq" ----------------------
BEGIN;

INSERT INTO `vtiger_freetags_seq`(`id`) VALUES 
( '1' );
COMMIT;
-- ---------------------------------------------------------


-- Dump data of "vtiger_glacct" ----------------------------
BEGIN;

INSERT INTO `vtiger_glacct`(`glacctid`,`glacct`,`presence`,`picklist_valueid`,`sortorderid`,`color`) VALUES 
( '1', '300-Sales-Software', '1', '51', '0', NULL ),
( '2', '301-Sales-Hardware', '1', '52', '1', NULL ),
( '3', '302-Rental-Income', '1', '53', '2', NULL ),
( '4', '303-Interest-Income', '1', '54', '3', NULL ),
( '5', '304-Sales-Software-Support', '1', '55', '4', NULL ),
( '6', '305-Sales Other', '1', '56', '5', NULL ),
( '7', '306-Internet Sales', '1', '57', '6', NULL ),
( '8', '307-Service-Hardware Labor', '1', '58', '7', NULL ),
( '9', '308-Sales-Books', '1', '59', '8', NULL );
COMMIT;
-- ---------------------------------------------------------


-- Dump data of "vtiger_glacct_seq" ------------------------
BEGIN;

INSERT INTO `vtiger_glacct_seq`(`id`) VALUES 
( '9' );
COMMIT;
-- ---------------------------------------------------------


-- Dump data of "vtiger_google_event_calendar_mapping" -----
-- ---------------------------------------------------------


-- Dump data of "vtiger_google_oauth2" ---------------------
-- ---------------------------------------------------------


-- Dump data of "vtiger_google_sync_fieldmapping" ----------
-- ---------------------------------------------------------


-- Dump data of "vtiger_google_sync_settings" --------------
-- ---------------------------------------------------------


-- Dump data of "vtiger_group2grouprel" --------------------
-- ---------------------------------------------------------


-- Dump data of "vtiger_group2role" ------------------------
BEGIN;

INSERT INTO `vtiger_group2role`(`groupid`,`roleid`) VALUES 
( '3', 'H2' ),
( '4', 'H3' ),
( '2', 'H4' );
COMMIT;
-- ---------------------------------------------------------


-- Dump data of "vtiger_group2rs" --------------------------
BEGIN;

INSERT INTO `vtiger_group2rs`(`groupid`,`roleandsubid`) VALUES 
( '3', 'H3' ),
( '4', 'H3' ),
( '2', 'H5' );
COMMIT;
-- ---------------------------------------------------------


-- Dump data of "vtiger_groups" ----------------------------
BEGIN;

INSERT INTO `vtiger_groups`(`groupid`,`groupname`,`description`) VALUES 
( '2', 'Team Selling', 'Group Related to Sales' ),
( '3', 'Marketing Group', 'Group Related to Marketing Activities' ),
( '4', 'Support Group', 'Group Related to providing Support to Customers' );
COMMIT;
-- ---------------------------------------------------------


-- Dump data of "vtiger_home_layout" -----------------------
-- ---------------------------------------------------------


-- Dump data of "vtiger_homedashbd" ------------------------
-- ---------------------------------------------------------


-- Dump data of "vtiger_homedefault" -----------------------
BEGIN;

INSERT INTO `vtiger_homedefault`(`stuffid`,`hometype`,`maxentries`,`setype`) VALUES 
( '1', 'ALVT', '5', 'Accounts' ),
( '2', 'HDB', '5', 'Dashboard' ),
( '3', 'PLVT', '5', 'Potentials' ),
( '4', 'QLTQ', '5', 'Quotes' ),
( '5', 'CVLVT', '5', 'NULL' ),
( '6', 'HLT', '5', 'HelpDesk' ),
( '7', 'UA', '5', 'Calendar' ),
( '8', 'GRT', '5', 'NULL' ),
( '9', 'OLTSO', '5', 'SalesOrder' ),
( '10', 'ILTI', '5', 'Invoice' ),
( '11', 'MNL', '5', 'Leads' ),
( '12', 'OLTPO', '5', 'PurchaseOrder' ),
( '13', 'PA', '5', 'Calendar' ),
( '14', 'LTFAQ', '5', 'Faq' ),
( '16', 'ALVT', '5', 'Accounts' ),
( '17', 'HDB', '5', 'Dashboard' ),
( '18', 'PLVT', '5', 'Potentials' ),
( '19', 'QLTQ', '5', 'Quotes' ),
( '20', 'CVLVT', '5', 'NULL' ),
( '21', 'HLT', '5', 'HelpDesk' ),
( '22', 'UA', '5', 'Calendar' ),
( '23', 'GRT', '5', 'NULL' ),
( '24', 'OLTSO', '5', 'SalesOrder' ),
( '25', 'ILTI', '5', 'Invoice' ),
( '26', 'MNL', '5', 'Leads' ),
( '27', 'OLTPO', '5', 'PurchaseOrder' ),
( '28', 'PA', '5', 'Calendar' ),
( '29', 'LTFAQ', '5', 'Faq' );
COMMIT;
-- ---------------------------------------------------------


-- Dump data of "vtiger_homemodule" ------------------------
-- ---------------------------------------------------------


-- Dump data of "vtiger_homemoduleflds" --------------------
-- ---------------------------------------------------------


-- Dump data of "vtiger_homereportchart" -------------------
-- ---------------------------------------------------------


-- Dump data of "vtiger_homerss" ---------------------------
-- ---------------------------------------------------------


-- Dump data of "vtiger_homestuff" -------------------------
BEGIN;

INSERT INTO `vtiger_homestuff`(`stuffid`,`stuffsequence`,`stufftype`,`userid`,`visible`,`stufftitle`) VALUES 
( '1', '1', 'Default', '1', '1', 'Top Accounts' ),
( '2', '2', 'Default', '1', '1', 'Home Page Dashboard' ),
( '3', '3', 'Default', '1', '1', 'Top Potentials' ),
( '4', '4', 'Default', '1', '1', 'Top Quotes' ),
( '5', '5', 'Default', '1', '1', 'Key Metrics' ),
( '6', '6', 'Default', '1', '1', 'Top Trouble Tickets' ),
( '7', '7', 'Default', '1', '1', 'Upcoming Activities' ),
( '8', '8', 'Default', '1', '1', 'My Group Allocation' ),
( '9', '9', 'Default', '1', '1', 'Top Sales Orders' ),
( '10', '10', 'Default', '1', '1', 'Top Invoices' ),
( '11', '11', 'Default', '1', '1', 'My New Leads' ),
( '12', '12', 'Default', '1', '1', 'Top Purchase Orders' ),
( '13', '13', 'Default', '1', '1', 'Pending Activities' ),
( '14', '14', 'Default', '1', '1', 'My Recent FAQs' ),
( '15', '15', 'Tag Cloud', '1', '0', 'Tag Cloud' ),
( '16', '1', 'Default', '7', '1', 'Top Accounts' ),
( '17', '2', 'Default', '7', '1', 'Home Page Dashboard' ),
( '18', '3', 'Default', '7', '1', 'Top Potentials' ),
( '19', '4', 'Default', '7', '1', 'Top Quotes' ),
( '20', '5', 'Default', '7', '1', 'Key Metrics' ),
( '21', '6', 'Default', '7', '1', 'Top Trouble Tickets' ),
( '22', '7', 'Default', '7', '1', 'Upcoming Activities' ),
( '23', '8', 'Default', '7', '1', 'My Group Allocation' ),
( '24', '9', 'Default', '7', '1', 'Top Sales Orders' ),
( '25', '10', 'Default', '7', '1', 'Top Invoices' ),
( '26', '11', 'Default', '7', '1', 'My New Leads' ),
( '27', '12', 'Default', '7', '1', 'Top Purchase Orders' ),
( '28', '13', 'Default', '7', '1', 'Pending Activities' ),
( '29', '14', 'Default', '7', '1', 'My Recent FAQs' ),
( '30', '15', 'Tag Cloud', '7', '0', 'Tag Cloud' );
COMMIT;
-- ---------------------------------------------------------


-- Dump data of "vtiger_homestuff_seq" ---------------------
BEGIN;

INSERT INTO `vtiger_homestuff_seq`(`id`) VALUES 
( '30' );
COMMIT;
-- ---------------------------------------------------------


-- Dump data of "vtiger_hour_format" -----------------------
BEGIN;

INSERT INTO `vtiger_hour_format`(`hour_formatid`,`hour_format`,`sortorderid`,`presence`) VALUES 
( '1', '12', '0', '1' ),
( '2', '24', '1', '1' );
COMMIT;
-- ---------------------------------------------------------


-- Dump data of "vtiger_hour_format_seq" -------------------
BEGIN;

INSERT INTO `vtiger_hour_format_seq`(`id`) VALUES 
( '2' );
COMMIT;
-- ---------------------------------------------------------


-- Dump data of "vtiger_import_locks" ----------------------
-- ---------------------------------------------------------


-- Dump data of "vtiger_import_maps" -----------------------
-- ---------------------------------------------------------


-- Dump data of "vtiger_import_queue" ----------------------
-- ---------------------------------------------------------


-- Dump data of "vtiger_industry" --------------------------
BEGIN;

INSERT INTO `vtiger_industry`(`industryid`,`industry`,`presence`,`picklist_valueid`,`sortorderid`,`color`) VALUES 
( '2', 'Apparel', '1', '61', '1', NULL ),
( '3', 'Banking', '1', '62', '2', NULL ),
( '4', 'Biotechnology', '1', '63', '3', NULL ),
( '5', 'Chemicals', '1', '64', '4', NULL ),
( '6', 'Communications', '1', '65', '5', NULL ),
( '7', 'Construction', '1', '66', '6', NULL ),
( '8', 'Consulting', '1', '67', '7', NULL ),
( '9', 'Education', '1', '68', '8', NULL ),
( '10', 'Electronics', '1', '69', '9', NULL ),
( '11', 'Energy', '1', '70', '10', NULL ),
( '12', 'Engineering', '1', '71', '11', NULL ),
( '13', 'Entertainment', '1', '72', '12', NULL ),
( '14', 'Environmental', '1', '73', '13', NULL ),
( '15', 'Finance', '1', '74', '14', NULL ),
( '16', 'Food & Beverage', '1', '75', '15', NULL ),
( '17', 'Government', '1', '76', '16', NULL ),
( '18', 'Healthcare', '1', '77', '17', NULL ),
( '19', 'Hospitality', '1', '78', '18', NULL ),
( '20', 'Insurance', '1', '79', '19', NULL ),
( '21', 'Machinery', '1', '80', '20', NULL ),
( '22', 'Manufacturing', '1', '81', '21', NULL ),
( '23', 'Media', '1', '82', '22', NULL ),
( '24', 'Not For Profit', '1', '83', '23', NULL ),
( '25', 'Recreation', '1', '84', '24', NULL ),
( '26', 'Retail', '1', '85', '25', NULL ),
( '27', 'Shipping', '1', '86', '26', NULL ),
( '28', 'Technology', '1', '87', '27', NULL ),
( '29', 'Telecommunications', '1', '88', '28', NULL ),
( '30', 'Transportation', '1', '89', '29', NULL ),
( '31', 'Utilities', '1', '90', '30', NULL ),
( '32', 'Other', '1', '91', '31', NULL );
COMMIT;
-- ---------------------------------------------------------


-- Dump data of "vtiger_industry_seq" ----------------------
BEGIN;

INSERT INTO `vtiger_industry_seq`(`id`) VALUES 
( '32' );
COMMIT;
-- ---------------------------------------------------------


-- Dump data of "vtiger_inventory_tandc" -------------------
BEGIN;

INSERT INTO `vtiger_inventory_tandc`(`id`,`type`,`tandc`) VALUES 
( '2', 'Invoice', '
 - Unless otherwise agreed in writing by the supplier all invoices are payable within thirty (30) days of the date of invoice, in the currency of the invoice, drawn on a bank based in India or by such other method as is agreed in advance by the Supplier.

 - All prices are not inclusive of VAT which shall be payable in addition by the Customer at the applicable rate.' ),
( '3', 'Quotes', '
 - Unless otherwise agreed in writing by the supplier all invoices are payable within thirty (30) days of the date of invoice, in the currency of the invoice, drawn on a bank based in India or by such other method as is agreed in advance by the Supplier.

 - All prices are not inclusive of VAT which shall be payable in addition by the Customer at the applicable rate.' ),
( '4', 'PurchaseOrder', '
 - Unless otherwise agreed in writing by the supplier all invoices are payable within thirty (30) days of the date of invoice, in the currency of the invoice, drawn on a bank based in India or by such other method as is agreed in advance by the Supplier.

 - All prices are not inclusive of VAT which shall be payable in addition by the Customer at the applicable rate.' ),
( '5', 'SalesOrder', '
 - Unless otherwise agreed in writing by the supplier all invoices are payable within thirty (30) days of the date of invoice, in the currency of the invoice, drawn on a bank based in India or by such other method as is agreed in advance by the Supplier.

 - All prices are not inclusive of VAT which shall be payable in addition by the Customer at the applicable rate.' );
COMMIT;
-- ---------------------------------------------------------


-- Dump data of "vtiger_inventory_tandc_seq" ---------------
BEGIN;

INSERT INTO `vtiger_inventory_tandc_seq`(`id`) VALUES 
( '5' );
COMMIT;
-- ---------------------------------------------------------


-- Dump data of "vtiger_inventorycharges" ------------------
BEGIN;

INSERT INTO `vtiger_inventorycharges`(`chargeid`,`name`,`format`,`type`,`value`,`regions`,`istaxable`,`taxes`,`deleted`) VALUES 
( '1', 'Shipping & Handling', 'Flat', 'Fixed', '0.00000', '[]', '1', '["1","2","3"]', '0' );
COMMIT;
-- ---------------------------------------------------------


-- Dump data of "vtiger_inventorychargesrel" ---------------
BEGIN;

INSERT INTO `vtiger_inventorychargesrel`(`recordid`,`charges`) VALUES 
( '5', '{"1":{"value":"0","taxes":{"1":"4.500","2":"10.000","3":"12.500"}}}' ),
( '10', '{"1":{"value":"0","taxes":{"1":"4.500","2":"10.000","3":"12.500"}}}' ),
( '11', '{"1":{"value":"0","taxes":{"1":"4.500","2":"10.000","3":"12.500"}}}' ),
( '12', '{"1":{"value":"0","taxes":{"1":"4.500","2":"10.000","3":"12.500"}}}' ),
( '13', '{"1":{"value":"0","taxes":{"1":"4.500","2":"10.000","3":"12.500"}}}' ),
( '20', '{"1":{"value":"0","taxes":{"1":"4.500","2":"10.000","3":"12.500"}}}' ),
( '41', '{"1":{"value":"0","taxes":{"1":"4.500","2":"10.000","3":"12.500"}}}' ),
( '47', '{"1":{"value":"0","taxes":{"1":"4.500","2":"10.000","3":"12.500"}}}' ),
( '63', '{"1":{"value":"0","taxes":{"1":"4.500","2":"10.000","3":"12.500"}}}' ),
( '101', '{"1":{"value":"0","taxes":{"1":"4.500","2":"10.000","3":"12.500"}}}' ),
( '91', '{"1":{"value":"0","taxes":{"1":"4.500","2":"10.000","3":"12.500"}}}' ),
( '79', '{"1":{"value":"0","taxes":{"1":"4.500","2":"10.000","3":"12.500"}}}' ),
( '71', '{"1":{"value":"0","taxes":{"1":"4.500","2":"10.000","3":"12.500"}}}' ),
( '112', '{"1":{"value":"0","taxes":{"1":"4.500","2":"10.000","3":"12.500"}}}' ),
( '118', '{"1":{"value":"0","taxes":{"1":"4.500","2":"10.000","3":"12.500"}}}' ),
( '127', '{"1":{"value":"0","taxes":{"1":"4.500","2":"10.000","3":"12.500"}}}' ),
( '140', '{"1":{"value":"0","taxes":{"1":"4.500","2":"10.000","3":"12.500"}}}' ),
( '141', '{"1":{"value":"0","taxes":{"1":"4.500","2":"10.000","3":"12.500"}}}' ),
( '146', '{"1":{"value":"0","taxes":{"1":"4.500","2":"10.000","3":"12.500"}}}' );
COMMIT;
-- ---------------------------------------------------------


-- Dump data of "vtiger_inventorynotification" -------------
BEGIN;

INSERT INTO `vtiger_inventorynotification`(`notificationid`,`notificationname`,`notificationsubject`,`notificationbody`,`label`,`status`) VALUES 
( '1', 'InvoiceNotification', '{PRODUCTNAME} Stock Level is Low', 'Dear {HANDLER},

The current stock of {PRODUCTNAME} in our warehouse is {CURRENTSTOCK}. Kindly procure required number of units as the stock level is below reorder level {REORDERLEVELVALUE}.

Please treat this information as Urgent as the invoice is already sent  to the customer.

Severity: Critical

Thanks,
{CURRENTUSER} ', 'InvoiceNotificationDescription', NULL ),
( '2', 'QuoteNotification', 'Quote given for {PRODUCTNAME}', 'Dear {HANDLER},

Quote is generated for {QUOTEQUANTITY} units of {PRODUCTNAME}. The current stock of {PRODUCTNAME} in our warehouse is {CURRENTSTOCK}.

Severity: Minor

Thanks,
{CURRENTUSER} ', 'QuoteNotificationDescription', NULL ),
( '3', 'SalesOrderNotification', 'Sales Order generated for {PRODUCTNAME}', 'Dear {HANDLER},

SalesOrder is generated for {SOQUANTITY} units of {PRODUCTNAME}. The current stock of {PRODUCTNAME} in our warehouse is {CURRENTSTOCK}.

Please treat this information  with priority as the sales order is already generated.

Severity: Major

Thanks,
{CURRENTUSER} ', 'SalesOrderNotificationDescription', NULL );
COMMIT;
-- ---------------------------------------------------------


-- Dump data of "vtiger_inventorynotification_seq" ---------
BEGIN;

INSERT INTO `vtiger_inventorynotification_seq`(`id`) VALUES 
( '3' );
COMMIT;
-- ---------------------------------------------------------


-- Dump data of "vtiger_inventoryproductrel" ---------------
BEGIN;

INSERT INTO `vtiger_inventoryproductrel`(`id`,`productid`,`sequence_no`,`quantity`,`listprice`,`discount_percent`,`discount_amount`,`comment`,`description`,`incrementondel`,`lineitem_id`,`tax1`,`tax2`,`tax3`,`image`,`purchase_cost`,`margin`) VALUES 
( '5', '3', '1', '1.000', '11.00000000', NULL, NULL, '2312', NULL, '0', '7', '4.500', '10.000', '12.500', NULL, '0.00000000', '11.00000000' ),
( '10', '3', '1', '2.000', '11.00000000', NULL, NULL, '', NULL, '0', '8', '4.500', '10.000', '12.500', NULL, '0.00000000', '22.00000000' ),
( '11', '3', '1', '2.000', '11.00000000', NULL, NULL, '', NULL, '0', '9', '4.500', '10.000', '12.500', NULL, '0.00000000', '22.00000000' ),
( '12', '3', '1', '2.000', '11.00000000', NULL, NULL, '', NULL, '1', '11', '4.500', '10.000', '12.500', NULL, '0.00000000', '22.00000000' ),
( '13', '3', '1', '1.000', '11.00000000', NULL, NULL, '', NULL, '0', '12', '4.500', '10.000', '12.500', NULL, '0.00000000', '11.00000000' ),
( '20', '3', '1', '3.000', '11.00000000', NULL, NULL, '', NULL, '1', '16', '4.500', '10.000', '12.500', NULL, '0.00000000', '33.00000000' ),
( '41', '3', '1', '10.000', '11.00000000', NULL, NULL, '', NULL, '1', '17', '4.500', '10.000', '12.500', NULL, '0.00000000', '110.00000000' ),
( '47', '3', '1', '5.000', '11.00000000', NULL, NULL, '', NULL, '1', '19', '4.500', '10.000', '12.500', NULL, '0.00000000', '55.00000000' ),
( '63', '62', '1', '1.000', '250.00000000', NULL, NULL, 'Hierbei handelt es sich um die Monatliche Mitgliedschaft.', NULL, '1', '20', NULL, NULL, NULL, NULL, '0.00000000', '250.00000000' ),
( '101', '55', '1', '8.000', '8.00000000', NULL, NULL, '', NULL, '0', '25', NULL, NULL, NULL, NULL, '0.00000000', '64.00000000' ),
( '91', '62', '1', '1.000', '250.00000000', NULL, NULL, 'Hierbei handelt es sich um die Monatliche Mitgliedschaft.', NULL, '1', '40', NULL, NULL, NULL, NULL, '0.00000000', '250.00000000' ),
( '91', '55', '2', '8.000', '0.00000000', NULL, NULL, '', NULL, '1', '41', NULL, NULL, NULL, NULL, '0.00000000', '0.00000000' ),
( '91', '3', '3', '4.000', '0.00000000', NULL, NULL, '', NULL, '1', '42', NULL, NULL, NULL, NULL, '0.00000000', '0.00000000' ),
( '91', '55', '4', '10.000', '0.00000000', NULL, NULL, '', NULL, '1', '43', NULL, NULL, NULL, NULL, '0.00000000', '0.00000000' ),
( '79', '62', '1', '1.000', '250.00000000', NULL, NULL, 'Hierbei handelt es sich um die Monatliche Mitgliedschaft.', NULL, '1', '50', NULL, NULL, NULL, NULL, '0.00000000', '250.00000000' ),
( '79', '55', '2', '15.000', '0.00000000', NULL, NULL, '', NULL, '1', '51', NULL, NULL, NULL, NULL, '0.00000000', '0.00000000' ),
( '79', '3', '3', '2.000', '0.00000000', NULL, NULL, '', NULL, '1', '52', NULL, NULL, NULL, NULL, '0.00000000', '0.00000000' ),
( '71', '62', '1', '1.000', '250.00000000', NULL, NULL, 'Hierbei handelt es sich um die Monatliche Mitgliedschaft.', NULL, '1', '56', NULL, NULL, NULL, NULL, '0.00000000', '250.00000000' ),
( '71', '55', '2', '8.000', '0.00000000', NULL, NULL, '', NULL, '1', '57', NULL, NULL, NULL, NULL, '0.00000000', '0.00000000' ),
( '71', '3', '3', '4.000', '0.00000000', NULL, NULL, '', NULL, '1', '58', NULL, NULL, NULL, NULL, '0.00000000', '0.00000000' ),
( '112', '62', '1', '1.000', '250.00000000', NULL, NULL, 'Hierbei handelt es sich um die Monatliche Mitgliedschaft.', NULL, '1', '61', NULL, NULL, NULL, NULL, '0.00000000', '250.00000000' ),
( '118', '62', '1', '1.000', '250.00000000', NULL, NULL, 'Hierbei handelt es sich um die Monatliche Mitgliedschaft.', NULL, '1', '62', NULL, NULL, NULL, NULL, '0.00000000', '250.00000000' ),
( '127', '62', '1', '1.000', '250.00000000', NULL, NULL, 'Hierbei handelt es sich um die Monatliche Mitgliedschaft.', NULL, '1', '63', NULL, NULL, NULL, NULL, '0.00000000', '250.00000000' ),
( '140', '62', '1', '1.000', '250.00000000', NULL, NULL, 'Hierbei handelt es sich um die Monatliche Mitgliedschaft.', NULL, '1', '64', NULL, NULL, NULL, NULL, '0.00000000', '250.00000000' ),
( '141', '62', '1', '1.000', '250.00000000', NULL, NULL, 'Hierbei handelt es sich um die Monatliche Mitgliedschaft.', NULL, '1', '65', '4.500', '10.000', '12.500', NULL, '0.00000000', '250.00000000' ),
( '146', '62', '1', '1.000', '250.00000000', NULL, NULL, 'Hierbei handelt es sich um die Monatliche Mitgliedschaft.', NULL, '1', '66', '4.500', '10.000', '12.500', NULL, '0.00000000', '250.00000000' );
COMMIT;
-- ---------------------------------------------------------


-- Dump data of "vtiger_inventoryproductrel_seq" -----------
BEGIN;

INSERT INTO `vtiger_inventoryproductrel_seq`(`id`) VALUES 
( '0' );
COMMIT;
-- ---------------------------------------------------------


-- Dump data of "vtiger_inventoryshippingrel" --------------
-- ---------------------------------------------------------


-- Dump data of "vtiger_inventorysubproductrel" ------------
-- ---------------------------------------------------------


-- Dump data of "vtiger_inventorytaxinfo" ------------------
BEGIN;

INSERT INTO `vtiger_inventorytaxinfo`(`taxid`,`taxname`,`taxlabel`,`percentage`,`deleted`,`method`,`type`,`compoundon`,`regions`) VALUES 
( '1', 'tax1', 'VAT', '4.500', '0', 'Simple', 'Fixed', '[]', '[]' ),
( '2', 'tax2', 'Sales', '10.000', '0', 'Simple', 'Fixed', '[]', '[]' ),
( '3', 'tax3', 'Service', '12.500', '0', 'Simple', 'Fixed', '[]', '[]' );
COMMIT;
-- ---------------------------------------------------------


-- Dump data of "vtiger_inventorytaxinfo_seq" --------------
BEGIN;

INSERT INTO `vtiger_inventorytaxinfo_seq`(`id`) VALUES 
( '3' );
COMMIT;
-- ---------------------------------------------------------


-- Dump data of "vtiger_invitees" --------------------------
-- ---------------------------------------------------------


-- Dump data of "vtiger_invoice" ---------------------------
BEGIN;

INSERT INTO `vtiger_invoice`(`invoiceid`,`subject`,`salesorderid`,`customerno`,`contactid`,`notes`,`invoicedate`,`duedate`,`invoiceterms`,`type`,`adjustment`,`salescommission`,`exciseduty`,`subtotal`,`total`,`taxtype`,`discount_percent`,`discount_amount`,`s_h_amount`,`shipping`,`accountid`,`terms_conditions`,`purchaseorder`,`invoicestatus`,`invoice_no`,`currency_id`,`conversion_rate`,`compound_taxes_info`,`pre_tax_total`,`received`,`balance`,`s_h_percent`,`potential_id`,`tags`,`region_id`) VALUES 
( '12', 'test', '11', '', '4', NULL, NULL, NULL, NULL, NULL, '0.00000000', '0.000', '0.000', '22.00000000', '27.94000000', 'group', NULL, NULL, '0.00000000', NULL, '2', '- Unless otherwise agreed in writing by the supplier all invoices are payable within thirty (30) days of the date of invoice, in the currency of the invoice, drawn on a bank based in India or by such other method as is agreed in advance by the Supplier.

 - All prices are not inclusive of VAT which shall be payable in addition by the Customer at the applicable rate.', '', 'Partially Paid', 'INV1', '2', '1.000', '[]', '22.00000000', '0.00000000', '27.94000000', '0.00000000', '0', '', '0' ),
( '20', 'inv1', NULL, '', '4', NULL, NULL, NULL, NULL, NULL, '0.00000000', '0.000', '0.000', '33.00000000', '41.92000000', 'group', NULL, NULL, '0.00000000', NULL, '0', '- Unless otherwise agreed in writing by the supplier all invoices are payable within thirty (30) days of the date of invoice, in the currency of the invoice, drawn on a bank based in India or by such other method as is agreed in advance by the Supplier.

 - All prices are not inclusive of VAT which shall be payable in addition by the Customer at the applicable rate.', '', 'Paid', 'INV2', '2', '1.000', '[]', '33.00000000', '0.00000000', '41.92000000', '0.00000000', '17', '', '0' ),
( '41', 'inv2', NULL, '', '4', NULL, NULL, NULL, NULL, NULL, '0.00000000', '0.000', '0.000', '110.00000000', '139.70000000', 'group', NULL, NULL, '0.00000000', NULL, '0', '- Unless otherwise agreed in writing by the supplier all invoices are payable within thirty (30) days of the date of invoice, in the currency of the invoice, drawn on a bank based in India or by such other method as is agreed in advance by the Supplier.

 - All prices are not inclusive of VAT which shall be payable in addition by the Customer at the applicable rate.', '', 'Paid', 'INV3', '2', '1.000', '[]', '110.00000000', '0.00000000', '139.70000000', '0.00000000', '17', '', '0' ),
( '47', 'Sale product', NULL, '', '42', NULL, '2024-06-02', NULL, NULL, NULL, '0.00000000', '0.000', '0.000', '55.00000000', '69.86000000', 'group', NULL, NULL, '0.00000000', NULL, '0', '- Unless otherwise agreed in writing by the supplier all invoices are payable within thirty (30) days of the date of invoice, in the currency of the invoice, drawn on a bank based in India or by such other method as is agreed in advance by the Supplier.

 - All prices are not inclusive of VAT which shall be payable in addition by the Customer at the applicable rate.', '', 'Paid', 'INV4', '2', '1.000', '[]', '55.00000000', '0.00000000', '69.86000000', '0.00000000', '43', '', '0' ),
( '63', 'Mitgliedschaft', NULL, '', '58', NULL, '2024-06-01', NULL, NULL, NULL, '0.00000000', '0.000', '0.000', '250.00000000', '250.00000000', 'individual', NULL, NULL, '0.00000000', NULL, '0', '- Unless otherwise agreed in writing by the supplier all invoices are payable within thirty (30) days of the date of invoice, in the currency of the invoice, drawn on a bank based in India or by such other method as is agreed in advance by the Supplier.

 - All prices are not inclusive of VAT which shall be payable in addition by the Customer at the applicable rate.', '', 'Created', 'INV5', '2', '1.000', '[]', '250.00000000', '0.00000000', '250.00000000', '0.00000000', '60', '', '0' ),
( '71', 'June2024', NULL, '', '67', NULL, '2024-06-01', NULL, NULL, NULL, '0.00000000', '0.000', '0.000', '250.00000000', '250.00000000', 'individual', NULL, NULL, '0.00000000', NULL, '0', '- Unless otherwise agreed in writing by the supplier all invoices are payable within thirty (30) days of the date of invoice, in the currency of the invoice, drawn on a bank based in India or by such other method as is agreed in advance by the Supplier.

 - All prices are not inclusive of VAT which shall be payable in addition by the Customer at the applicable rate.', '', 'Paid', 'INV6', '2', '1.000', '[]', '250.00000000', '250.00000000', '0.00000000', '0.00000000', '68', '', '0' ),
( '79', 'Mitgliedschaft', NULL, '', '4', NULL, '2024-06-13', '2024-06-05', NULL, NULL, '0.00000000', '0.000', '0.000', '250.00000000', '250.00000000', 'individual', NULL, NULL, '0.00000000', NULL, '0', '- Unless otherwise agreed in writing by the supplier all invoices are payable within thirty (30) days of the date of invoice, in the currency of the invoice, drawn on a bank based in India or by such other method as is agreed in advance by the Supplier.

 - All prices are not inclusive of VAT which shall be payable in addition by the Customer at the applicable rate.', '', 'Paid', 'INV7', '2', '1.000', '[]', '250.00000000', '250.00000000', '0.00000000', '0.00000000', '17', '', '0' ),
( '91', 'Mitgliedschaft', NULL, '', '42', NULL, '2024-06-30', NULL, NULL, NULL, '0.00000000', '0.000', '0.000', '250.00000000', '250.00000000', 'individual', NULL, NULL, '0.00000000', NULL, '0', '- Unless otherwise agreed in writing by the supplier all invoices are payable within thirty (30) days of the date of invoice, in the currency of the invoice, drawn on a bank based in India or by such other method as is agreed in advance by the Supplier.

 - All prices are not inclusive of VAT which shall be payable in addition by the Customer at the applicable rate.', '', 'Paid', 'INV8', '2', '1.000', '[]', '250.00000000', '250.00000000', '0.00000000', '0.00000000', '43', '', '0' ),
( '101', 'Ware', NULL, '', '67', NULL, '2024-06-11', NULL, NULL, NULL, '0.00000000', '0.000', '0.000', '64.00000000', '64.00000000', 'individual', NULL, NULL, '0.00000000', NULL, '0', '- Unless otherwise agreed in writing by the supplier all invoices are payable within thirty (30) days of the date of invoice, in the currency of the invoice, drawn on a bank based in India or by such other method as is agreed in advance by the Supplier.

 - All prices are not inclusive of VAT which shall be payable in addition by the Customer at the applicable rate.', '', 'Cancel', 'INV9', '1', '1.000', '[]', '64.00000000', '0.00000000', '64.00000000', '0.00000000', NULL, '', '0' ),
( '112', 'Mitgliedschaft', NULL, '', '58', NULL, '2024-08-06', NULL, NULL, NULL, '0.00000000', '0.000', '0.000', '250.00000000', '250.00000000', 'individual', NULL, NULL, '0.00000000', NULL, '0', '- Unless otherwise agreed in writing by the supplier all invoices are payable within thirty (30) days of the date of invoice, in the currency of the invoice, drawn on a bank based in India or by such other method as is agreed in advance by the Supplier.

 - All prices are not inclusive of VAT which shall be payable in addition by the Customer at the applicable rate.', '', 'Created', 'INV10', '2', '1.000', '[]', '250.00000000', '0.00000000', '250.00000000', '0.00000000', NULL, '', '0' ),
( '118', 'Mitgliedschaft', NULL, '', '58', NULL, '2024-08-07', NULL, NULL, NULL, '0.00000000', '0.000', '0.000', '250.00000000', '250.00000000', 'individual', NULL, NULL, '0.00000000', NULL, '0', '- Unless otherwise agreed in writing by the supplier all invoices are payable within thirty (30) days of the date of invoice, in the currency of the invoice, drawn on a bank based in India or by such other method as is agreed in advance by the Supplier.

 - All prices are not inclusive of VAT which shall be payable in addition by the Customer at the applicable rate.', '', 'Created', 'INV11', '2', '1.000', '[]', '250.00000000', '0.00000000', '250.00000000', '0.00000000', '114', '', '0' ),
( '127', 'Mitgliedschaft', NULL, '', '4', NULL, NULL, NULL, NULL, NULL, '0.00000000', '0.000', '0.000', '250.00000000', '250.00000000', 'individual', NULL, NULL, '0.00000000', NULL, '0', '- Unless otherwise agreed in writing by the supplier all invoices are payable within thirty (30) days of the date of invoice, in the currency of the invoice, drawn on a bank based in India or by such other method as is agreed in advance by the Supplier.

 - All prices are not inclusive of VAT which shall be payable in addition by the Customer at the applicable rate.', '', 'Created', 'INV12', '2', '1.000', '[]', '250.00000000', '0.00000000', '250.00000000', '0.00000000', '123', '', '0' ),
( '140', 'Mitgliedschaft', NULL, '', '4', NULL, NULL, NULL, NULL, NULL, '0.00000000', '0.000', '0.000', '250.00000000', '250.00000000', 'individual', NULL, NULL, '0.00000000', NULL, '0', '- Unless otherwise agreed in writing by the supplier all invoices are payable within thirty (30) days of the date of invoice, in the currency of the invoice, drawn on a bank based in India or by such other method as is agreed in advance by the Supplier.

 - All prices are not inclusive of VAT which shall be payable in addition by the Customer at the applicable rate.', '', 'Created', 'INV13', '2', '1.000', '[]', '250.00000000', '0.00000000', '250.00000000', '0.00000000', '123', '', '0' ),
( '141', 'test', NULL, '', '42', NULL, NULL, NULL, NULL, NULL, '0.00000000', '0.000', '0.000', '250.00000000', '317.50000000', 'group', NULL, NULL, '0.00000000', NULL, '0', '- Unless otherwise agreed in writing by the supplier all invoices are payable within thirty (30) days of the date of invoice, in the currency of the invoice, drawn on a bank based in India or by such other method as is agreed in advance by the Supplier.

 - All prices are not inclusive of VAT which shall be payable in addition by the Customer at the applicable rate.', '', 'Partially Paid', 'INV14', '2', '1.000', '[]', '250.00000000', '250.00000000', '67.50000000', '0.00000000', '135', '', '0' ),
( '146', 'Midleshaft', NULL, '', '121', NULL, NULL, NULL, NULL, NULL, '0.00000000', '0.000', '0.000', '250.00000000', '317.50000000', 'group', NULL, NULL, '0.00000000', NULL, '0', '- Unless otherwise agreed in writing by the supplier all invoices are payable within thirty (30) days of the date of invoice, in the currency of the invoice, drawn on a bank based in India or by such other method as is agreed in advance by the Supplier.

 - All prices are not inclusive of VAT which shall be payable in addition by the Customer at the applicable rate.', '', 'Created', 'INV15', '2', '1.000', '[]', '250.00000000', '0.00000000', '317.50000000', '0.00000000', '122', '', '0' );
COMMIT;
-- ---------------------------------------------------------


-- Dump data of "vtiger_invoice_recurring_info" ------------
-- ---------------------------------------------------------


-- Dump data of "vtiger_invoicebillads" --------------------
BEGIN;

INSERT INTO `vtiger_invoicebillads`(`invoicebilladdressid`,`bill_city`,`bill_code`,`bill_country`,`bill_state`,`bill_street`,`bill_pobox`) VALUES 
( '12', '', '', '', '', '111', '' ),
( '20', '', '', '', '', '11', '' ),
( '41', '', '', '', '', '11', '' ),
( '47', '', '', '', '', 'dfgdfsgfsdg', '' ),
( '63', '', '', '', '', 'Hauptstrasse 23', '' ),
( '71', 'Hamburg', '', 'Deutschland', '', 'Langestrasse 44', '' ),
( '79', '', '', '', '', 'langstarsse 44', '' ),
( '91', '', '', '', '', 'Beitestrasse 12', '' ),
( '101', '', '', '', '', 'asdasd 23', '' ),
( '112', 'ss', 'ss', 'ss', 'ss', 'ssss', '' ),
( '118', 'sdds', 'dsds', 'sdds', 'sdsd', 'sgsd', '' ),
( '127', 'asdas', 'asd', 'asd', 'asd', 'asdas', '' ),
( '140', 'dsfdsd', 'dfds', 'adfasd', 'sdfds', 'fsdf', '' ),
( '141', '321', '213', '123', '321', '31', '' ),
( '146', 'sda', 'dasda', 'das', 'sasdad', 'asda', '' );
COMMIT;
-- ---------------------------------------------------------


-- Dump data of "vtiger_invoicecf" -------------------------
BEGIN;

INSERT INTO `vtiger_invoicecf`(`invoiceid`,`cf_908`) VALUES 
( '12', '0' ),
( '20', '1' ),
( '41', '1' ),
( '47', '1' ),
( '63', '0' ),
( '71', '1' ),
( '79', '1' ),
( '91', '1' ),
( '101', '0' ),
( '112', '1' ),
( '118', '0' ),
( '127', '0' ),
( '140', '0' ),
( '141', '0' ),
( '146', '0' );
COMMIT;
-- ---------------------------------------------------------


-- Dump data of "vtiger_invoiceshipads" --------------------
BEGIN;

INSERT INTO `vtiger_invoiceshipads`(`invoiceshipaddressid`,`ship_city`,`ship_code`,`ship_country`,`ship_state`,`ship_street`,`ship_pobox`) VALUES 
( '12', '', '', '', '', '11', '' ),
( '20', '', '', '', '', '22', '' ),
( '41', '', '', '', '', '22', '' ),
( '47', '', '', '', '', 'sfgdsfgdfg', '' ),
( '63', '', '', '', '', 'Hauptstrasse 23', '' ),
( '71', '', '', '', '', 'Langestrasse 44', '' ),
( '79', '', '', '', '', 'langstrasse 44', '' ),
( '91', '', '', '', '', 'Breitestrasse 12', '' ),
( '101', '', '', '', '', 'asda 23', '' ),
( '112', '', '', '', '', '', '' ),
( '118', '', '', '', '', '', '' ),
( '127', '', '', '', '', '', '' ),
( '140', '', '', '', '', '', '' ),
( '141', '', '', '', '', '', '' ),
( '146', '', '', '', '', '', '' );
COMMIT;
-- ---------------------------------------------------------


-- Dump data of "vtiger_invoicestatus" ---------------------
BEGIN;

INSERT INTO `vtiger_invoicestatus`(`invoicestatusid`,`invoicestatus`,`presence`,`picklist_valueid`,`sortorderid`,`color`) VALUES 
( '1', 'AutoCreated', '0', '92', '1', NULL ),
( '2', 'Created', '0', '93', '2', NULL ),
( '3', 'Approved', '0', '94', '5', NULL ),
( '4', 'Sent', '0', '95', '6', NULL ),
( '5', 'Credit Invoice', '0', '96', '8', NULL ),
( '6', 'Paid', '0', '97', '9', '#08d108' ),
( '7', 'Cancel', '1', '288', '7', '#cc0606' ),
( '9', 'Partially Paid', '1', '343', '4', NULL ),
( '10', 'Negative Balance', '1', '344', '3', '#ffbaba' );
COMMIT;
-- ---------------------------------------------------------


-- Dump data of "vtiger_invoicestatus_seq" -----------------
BEGIN;

INSERT INTO `vtiger_invoicestatus_seq`(`id`) VALUES 
( '10' );
COMMIT;
-- ---------------------------------------------------------


-- Dump data of "vtiger_invoicestatushistory" --------------
-- ---------------------------------------------------------


-- Dump data of "vtiger_language" --------------------------
BEGIN;

INSERT INTO `vtiger_language`(`id`,`name`,`prefix`,`label`,`lastupdated`,`sequence`,`isdefault`,`active`) VALUES 
( '1', 'English', 'en_us', 'US English', '2024-05-23 17:23:26', NULL, '1', '1' ),
( '2', 'Italian', 'it_it', 'IT Italian', '2024-05-23 17:23:34', NULL, '0', '1' ),
( '3', 'Jzyk Polski', 'pl_pl', 'Jzyk Polski', '2024-05-23 17:23:38', NULL, '0', '1' ),
( '4', 'British English', 'en_gb', 'British English', '2024-05-23 17:23:34', NULL, '0', '1' ),
( '5', 'Deutsch', 'de_de', 'DE Deutsch', '2024-05-23 17:23:34', NULL, '0', '1' ),
( '6', 'Russian', 'ru_ru', 'Russian', '2024-05-23 17:23:34', NULL, '0', '1' ),
( '7', 'Hungarian', 'hu_hu', 'HU Magyar', '2024-05-23 17:23:34', NULL, '0', '1' ),
( '8', 'Turkce', 'tr_tr', 'Turkce Dil Paketi', '2024-05-23 17:23:34', NULL, '0', '1' ),
( '9', 'Romana', 'ro_ro', 'Romana', '2024-05-23 17:23:38', NULL, '0', '1' ),
( '10', 'Spanish', 'es_es', 'ES Spanish', '2024-05-23 17:23:36', NULL, '0', '1' ),
( '11', 'Mexican Spanish', 'es_mx', 'ES Mexico', '2024-05-23 17:23:36', NULL, '0', '1' ),
( '12', 'Pack de langue franais', 'fr_fr', 'Pack de langue franais', '2024-05-23 17:23:38', NULL, '0', '1' ),
( '13', 'Brazilian', 'pt_br', 'PT Brasil', '2024-05-23 17:23:38', NULL, '0', '1' ),
( '14', 'Arabic', 'ar_ae', 'Arabic', '2024-05-23 17:23:44', NULL, '0', '1' ),
( '15', 'Dutch', 'nl_nl', 'NL-Dutch', '2024-05-23 17:23:37', NULL, '0', '1' ),
( '16', 'Swedish', 'sv_se', 'Swedish', '2024-05-23 17:23:44', NULL, '0', '1' );
COMMIT;
-- ---------------------------------------------------------


-- Dump data of "vtiger_language_seq" ----------------------
BEGIN;

INSERT INTO `vtiger_language_seq`(`id`) VALUES 
( '16' );
COMMIT;
-- ---------------------------------------------------------


-- Dump data of "vtiger_lead_view" -------------------------
BEGIN;

INSERT INTO `vtiger_lead_view`(`lead_viewid`,`lead_view`,`sortorderid`,`presence`) VALUES 
( '1', 'Today', '0', '1' ),
( '2', 'Last 2 Days', '1', '1' ),
( '3', 'Last Week', '2', '1' );
COMMIT;
-- ---------------------------------------------------------


-- Dump data of "vtiger_lead_view_seq" ---------------------
BEGIN;

INSERT INTO `vtiger_lead_view_seq`(`id`) VALUES 
( '3' );
COMMIT;
-- ---------------------------------------------------------


-- Dump data of "vtiger_leadaddress" -----------------------
BEGIN;

INSERT INTO `vtiger_leadaddress`(`leadaddressid`,`city`,`code`,`state`,`pobox`,`country`,`phone`,`mobile`,`fax`,`lane`,`leadaddresstype`) VALUES 
( '7', '', '', '', '', '', '+4915211122335', '', '', '', 'Billing' ),
( '8', 'DD', '3123', '', '', 'D', '+4922456987', '', '', '2312', 'Billing' ),
( '21', '', '', '', '', 'Deutschland', '', NULL, NULL, '', 'Billing' ),
( '22', 'Berlin', '53612', '', '', 'Deutschland', '3946942794', NULL, NULL, 'Neiestr. 74c', 'Billing' ),
( '57', 'Hamburg', '20545', 'Hamburg', '', 'Deutschland', '', NULL, NULL, 'Hauptstrasse 23', 'Billing' ),
( '66', 'Hamburg', '20456', '', '', 'Deutschland', '+49 151 3498723', NULL, NULL, 'Langestrasse 44', 'Billing' ),
( '81', 'Hamburg', '21213', '', '', 'Deutschland', '+49 151 99955533', NULL, NULL, 'Breitestrasse 11', 'Billing' ),
( '119', 'ss', '123123', '', '', 'Deutschland', '123123123', NULL, NULL, 'ssxsx', 'Billing' );
COMMIT;
-- ---------------------------------------------------------


-- Dump data of "vtiger_leaddetails" -----------------------
BEGIN;

INSERT INTO `vtiger_leaddetails`(`leadid`,`lead_no`,`email`,`interest`,`firstname`,`salutation`,`lastname`,`company`,`annualrevenue`,`industry`,`campaign`,`rating`,`leadstatus`,`leadsource`,`converted`,`designation`,`licencekeystatus`,`space`,`comments`,`priority`,`demorequest`,`partnercontact`,`productversion`,`product`,`maildate`,`nextstepdate`,`fundingsituation`,`purpose`,`evaluationstatus`,`transferdate`,`revenuetype`,`noofemployees`,`secondaryemail`,`assignleadchk`,`emailoptout`,`tags`) VALUES 
( '7', 'LEA1', '', NULL, 'Ivan', '', 'Borisov', '', '0.00000000', '', NULL, '', 'Cold', 'Cold Call', '0', '', NULL, NULL, NULL, NULL, NULL, NULL, NULL, NULL, NULL, NULL, NULL, NULL, NULL, NULL, NULL, '0', '', '0', '0', '' ),
( '8', 'LEA2', 'sidor@mail.ru', NULL, 'Sidor', '', 'Sidorov', '', NULL, NULL, NULL, '', 'Qualified', 'Cold Call', '0', '', NULL, NULL, NULL, NULL, NULL, NULL, NULL, NULL, NULL, NULL, NULL, NULL, NULL, NULL, NULL, NULL, '', '0', '0', '' ),
( '21', 'LEA3', 'it@itvolga.com', NULL, 'TEst', '', 'test1', '', NULL, NULL, NULL, '', 'Cold', '', '0', '', NULL, NULL, NULL, NULL, NULL, NULL, NULL, NULL, NULL, NULL, NULL, NULL, NULL, NULL, NULL, NULL, NULL, '0', '0', '' ),
( '22', 'LEA4', 'it@itvolga.com', NULL, 'test1', '', 'test1', '', NULL, NULL, NULL, 'A', 'Pre Qualified', 'Web Site', '1', '', NULL, NULL, NULL, NULL, NULL, NULL, NULL, NULL, NULL, NULL, NULL, NULL, NULL, NULL, NULL, NULL, NULL, '0', '0', '' ),
( '57', 'LEA5', 'peter1mueller@gmail.com', NULL, 'Peter test', 'Mr.', 'Mller', '', NULL, NULL, NULL, '', 'Pre Qualified', '', '1', '', NULL, NULL, NULL, NULL, NULL, NULL, NULL, NULL, NULL, NULL, NULL, NULL, NULL, NULL, NULL, NULL, NULL, '0', '0', '' ),
( '66', 'LEA6', 'janschmidt@gmai.com', NULL, 'Jan', 'Mr.', 'Schmidt', '', NULL, NULL, NULL, '', 'Pre Qualified', '', '1', '', NULL, NULL, NULL, NULL, NULL, NULL, NULL, NULL, NULL, NULL, NULL, NULL, NULL, NULL, NULL, NULL, NULL, '0', '0', '' ),
( '81', 'LEA7', 'c.Ronaldo@gmail.com', NULL, 'Christiano', 'Mr.', 'Ronaldo', '', NULL, NULL, NULL, '', 'Pre Qualified', '', '1', '', NULL, NULL, NULL, NULL, NULL, NULL, NULL, NULL, NULL, NULL, NULL, NULL, NULL, NULL, NULL, NULL, NULL, '0', '0', '' ),
( '119', 'LEA8', 'aaa@gmail.com', NULL, 'Philipp', 'Mr.', 'Goldberg', '', NULL, NULL, NULL, '', 'Pre Qualified', '', '1', '', NULL, NULL, NULL, NULL, NULL, NULL, NULL, NULL, NULL, NULL, NULL, NULL, NULL, NULL, NULL, NULL, NULL, '0', '0', '' );
COMMIT;
-- ---------------------------------------------------------


-- Dump data of "vtiger_leadscf" ---------------------------
BEGIN;

INSERT INTO `vtiger_leadscf`(`leadid`,`cf_871`,`cf_873`,`cf_933`) VALUES 
( '7', NULL, '', 'Viewed' ),
( '8', '2024-06-02', '3232', 'Not Vieved' ),
( '21', '1994-01-21', '', '' ),
( '22', '1994-01-21', '', '' ),
( '57', '1998-01-05', '', '' ),
( '66', '1990-08-31', 'PS888555', '' ),
( '81', '1992-12-12', 'PS888999', 'Not Vieved' ),
( '119', '1990-08-31', 'PS888556', 'Viewed' );
COMMIT;
-- ---------------------------------------------------------


-- Dump data of "vtiger_leadsource" ------------------------
BEGIN;

INSERT INTO `vtiger_leadsource`(`leadsourceid`,`leadsource`,`presence`,`picklist_valueid`,`sortorderid`,`color`) VALUES 
( '2', 'Cold Call', '1', '99', '1', NULL ),
( '3', 'Existing Customer', '1', '100', '2', NULL ),
( '4', 'Self Generated', '1', '101', '3', NULL ),
( '5', 'Employee', '1', '102', '4', NULL ),
( '6', 'Partner', '1', '103', '5', NULL ),
( '7', 'Public Relations', '1', '104', '6', NULL ),
( '8', 'Direct Mail', '1', '105', '7', NULL ),
( '9', 'Conference', '1', '106', '8', NULL ),
( '10', 'Trade Show', '1', '107', '9', NULL ),
( '11', 'Web Site', '1', '108', '10', NULL ),
( '12', 'Word of mouth', '1', '109', '11', NULL ),
( '13', 'Other', '1', '110', '12', NULL );
COMMIT;
-- ---------------------------------------------------------


-- Dump data of "vtiger_leadsource_seq" --------------------
BEGIN;

INSERT INTO `vtiger_leadsource_seq`(`id`) VALUES 
( '13' );
COMMIT;
-- ---------------------------------------------------------


-- Dump data of "vtiger_leadstage" -------------------------
-- ---------------------------------------------------------


-- Dump data of "vtiger_leadstatus" ------------------------
BEGIN;

INSERT INTO `vtiger_leadstatus`(`leadstatusid`,`leadstatus`,`presence`,`picklist_valueid`,`sortorderid`,`color`) VALUES 
( '3', 'Cold', '1', '113', '1', NULL ),
( '7', 'Junk Lead', '1', '117', '6', '#fcfcfc' ),
( '8', 'Lost Lead', '1', '118', '2', '#e62e2e' ),
( '10', 'Pre Qualified', '1', '120', '4', '#277a20' ),
( '11', 'Qualified', '1', '121', '5', '#5cff3b' );
COMMIT;
-- ---------------------------------------------------------


-- Dump data of "vtiger_leadstatus_seq" --------------------
BEGIN;

INSERT INTO `vtiger_leadstatus_seq`(`id`) VALUES 
( '12' );
COMMIT;
-- ---------------------------------------------------------


-- Dump data of "vtiger_leadsubdetails" --------------------
BEGIN;

INSERT INTO `vtiger_leadsubdetails`(`leadsubscriptionid`,`website`,`callornot`,`readornot`,`empct`) VALUES 
( '7', '', '0', '0', '0' ),
( '8', '', '0', '0', '0' ),
( '21', NULL, '0', '0', '0' ),
( '22', NULL, '0', '0', '0' ),
( '57', NULL, '0', '0', '0' ),
( '66', NULL, '0', '0', '0' ),
( '81', NULL, '0', '0', '0' ),
( '119', NULL, '0', '0', '0' );
COMMIT;
-- ---------------------------------------------------------


-- Dump data of "vtiger_links" -----------------------------
BEGIN;

INSERT INTO `vtiger_links`(`linkid`,`tabid`,`linktype`,`linklabel`,`linkurl`,`linkicon`,`sequence`,`handler_path`,`handler_class`,`handler`,`parent_link`) VALUES 
( '2', '6', 'DETAILVIEW', 'LBL_SHOW_ACCOUNT_HIERARCHY', 'index.php?module=Accounts&action=AccountHierarchy&accountid=$RECORD$', '', '0', NULL, NULL, NULL, NULL ),
( '14', '7', 'DETAILVIEWWIDGET', 'DetailViewBlockCommentWidget', 'block://ModComments:modules/ModComments/ModComments.php', '', '0', NULL, NULL, NULL, NULL ),
( '15', '4', 'DETAILVIEWWIDGET', 'DetailViewBlockCommentWidget', 'block://ModComments:modules/ModComments/ModComments.php', '', '0', NULL, NULL, NULL, NULL ),
( '16', '6', 'DETAILVIEWWIDGET', 'DetailViewBlockCommentWidget', 'block://ModComments:modules/ModComments/ModComments.php', '', '0', NULL, NULL, NULL, NULL ),
( '17', '2', 'DETAILVIEWWIDGET', 'DetailViewBlockCommentWidget', 'block://ModComments:modules/ModComments/ModComments.php', '', '0', NULL, NULL, NULL, NULL ),
( '20', '46', 'HEADERSCRIPT', 'ModCommentsCommonHeaderScript', 'modules/ModComments/ModCommentsCommon.js', '', '0', NULL, NULL, NULL, NULL ),
( '21', '48', 'HEADERSCRIPT', 'SMSNotifierCommonJS', 'modules/SMSNotifier/SMSNotifierCommon.js', '', '0', NULL, NULL, NULL, NULL ),
( '22', '7', 'LISTVIEWBASIC', 'Send SMS', 'SMSNotifierCommon.displaySelectWizard(this, \'$MODULE$\');', '', '0', NULL, NULL, NULL, NULL ),
( '23', '7', 'DETAILVIEW', 'Send SMS', 'javascript:SMSNotifierCommon.displaySelectWizard_DetailView(\'$MODULE$\', \'$RECORD$\');', '', '0', NULL, NULL, NULL, NULL ),
( '24', '4', 'LISTVIEWBASIC', 'Send SMS', 'SMSNotifierCommon.displaySelectWizard(this, \'$MODULE$\');', '', '0', NULL, NULL, NULL, NULL ),
( '25', '4', 'DETAILVIEW', 'Send SMS', 'javascript:SMSNotifierCommon.displaySelectWizard_DetailView(\'$MODULE$\', \'$RECORD$\');', '', '0', NULL, NULL, NULL, NULL ),
( '26', '6', 'LISTVIEWBASIC', 'Send SMS', 'SMSNotifierCommon.displaySelectWizard(this, \'$MODULE$\');', '', '0', NULL, NULL, NULL, NULL ),
( '27', '6', 'DETAILVIEW', 'Send SMS', 'javascript:SMSNotifierCommon.displaySelectWizard_DetailView(\'$MODULE$\', \'$RECORD$\');', '', '0', NULL, NULL, NULL, NULL ),
( '28', '49', 'HEADERSCRIPT', 'ExtensionStoreCommonHeaderScript', 'modules/ExtensionStore/ExtensionStore.js', '', '0', NULL, NULL, NULL, NULL ),
( '30', '40', 'DETAILVIEWWIDGET', 'DetailViewBlockCommentWidget', 'block://ModComments:modules/ModComments/ModComments.php', '', '0', NULL, NULL, NULL, NULL ),
( '31', '41', 'DETAILVIEWBASIC', 'Add Project Task', 'index.php?module=ProjectTask&action=EditView&projectid=$RECORD$&return_module=Project&return_action=DetailView&return_id=$RECORD$', '', '0', 'modules/ProjectTask/ProjectTask.php', 'ProjectTask', 'isLinkPermitted', NULL ),
( '33', '41', 'DETAILVIEWWIDGET', 'DetailViewBlockCommentWidget', 'block://ModComments:modules/ModComments/ModComments.php', '', '0', NULL, NULL, NULL, NULL ),
( '34', '2', 'DASHBOARDWIDGET', 'History', 'index.php?module=Potentials&view=ShowWidget&name=History', '', '1', NULL, NULL, NULL, NULL ),
( '35', '2', 'DASHBOARDWIDGET', 'Upcoming Activities', 'index.php?module=Potentials&view=ShowWidget&name=CalendarActivities', '', '2', NULL, NULL, NULL, NULL ),
( '36', '2', 'DASHBOARDWIDGET', 'Funnel', 'index.php?module=Potentials&view=ShowWidget&name=GroupedBySalesStage', '', '3', NULL, NULL, NULL, NULL ),
( '37', '2', 'DASHBOARDWIDGET', 'Potentials by Stage', 'index.php?module=Potentials&view=ShowWidget&name=GroupedBySalesPerson', '', '4', NULL, NULL, NULL, NULL ),
( '38', '2', 'DASHBOARDWIDGET', 'Pipelined Amount', 'index.php?module=Potentials&view=ShowWidget&name=PipelinedAmountPerSalesPerson', '', '5', NULL, NULL, NULL, NULL ),
( '39', '2', 'DASHBOARDWIDGET', 'Total Revenue', 'index.php?module=Potentials&view=ShowWidget&name=TotalRevenuePerSalesPerson', '', '6', NULL, NULL, NULL, NULL ),
( '40', '2', 'DASHBOARDWIDGET', 'Top Potentials', 'index.php?module=Potentials&view=ShowWidget&name=TopPotentials', '', '7', NULL, NULL, NULL, NULL ),
( '41', '2', 'DASHBOARDWIDGET', 'Overdue Activities', 'index.php?module=Potentials&view=ShowWidget&name=OverdueActivities', '', '9', NULL, NULL, NULL, NULL ),
( '42', '6', 'DASHBOARDWIDGET', 'History', 'index.php?module=Accounts&view=ShowWidget&name=History', '', '1', NULL, NULL, NULL, NULL ),
( '43', '6', 'DASHBOARDWIDGET', 'Upcoming Activities', 'index.php?module=Accounts&view=ShowWidget&name=CalendarActivities', '', '2', NULL, NULL, NULL, NULL ),
( '44', '6', 'DASHBOARDWIDGET', 'Overdue Activities', 'index.php?module=Accounts&view=ShowWidget&name=OverdueActivities', '', '3', NULL, NULL, NULL, NULL ),
( '45', '4', 'DASHBOARDWIDGET', 'History', 'index.php?module=Contacts&view=ShowWidget&name=History', '', '1', NULL, NULL, NULL, NULL ),
( '46', '4', 'DASHBOARDWIDGET', 'Upcoming Activities', 'index.php?module=Contacts&view=ShowWidget&name=CalendarActivities', '', '2', NULL, NULL, NULL, NULL ),
( '47', '4', 'DASHBOARDWIDGET', 'Overdue Activities', 'index.php?module=Contacts&view=ShowWidget&name=OverdueActivities', '', '3', NULL, NULL, NULL, NULL ),
( '48', '7', 'DASHBOARDWIDGET', 'History', 'index.php?module=Leads&view=ShowWidget&name=History', '', '1', NULL, NULL, NULL, NULL ),
( '49', '7', 'DASHBOARDWIDGET', 'Upcoming Activities', 'index.php?module=Leads&view=ShowWidget&name=CalendarActivities', '', '2', NULL, NULL, NULL, NULL ),
( '50', '7', 'DASHBOARDWIDGET', 'Leads by Status', 'index.php?module=Leads&view=ShowWidget&name=LeadsByStatus', '', '4', NULL, NULL, NULL, NULL ),
( '51', '7', 'DASHBOARDWIDGET', 'Leads by Source', 'index.php?module=Leads&view=ShowWidget&name=LeadsBySource', '', '5', NULL, NULL, NULL, NULL ),
( '52', '7', 'DASHBOARDWIDGET', 'Leads by Industry', 'index.php?module=Leads&view=ShowWidget&name=LeadsByIndustry', '', '6', NULL, NULL, NULL, NULL ),
( '53', '7', 'DASHBOARDWIDGET', 'Overdue Activities', 'index.php?module=Leads&view=ShowWidget&name=OverdueActivities', '', '7', NULL, NULL, NULL, NULL ),
( '54', '13', 'DASHBOARDWIDGET', 'Tickets by Status', 'index.php?module=HelpDesk&view=ShowWidget&name=TicketsByStatus', '', '1', NULL, NULL, NULL, NULL ),
( '55', '13', 'DASHBOARDWIDGET', 'Open Tickets', 'index.php?module=HelpDesk&view=ShowWidget&name=OpenTickets', '', '2', NULL, NULL, NULL, NULL ),
( '56', '3', 'DASHBOARDWIDGET', 'History', 'index.php?module=Home&view=ShowWidget&name=History', '', '1', NULL, NULL, NULL, NULL ),
( '57', '3', 'DASHBOARDWIDGET', 'Upcoming Activities', 'index.php?module=Home&view=ShowWidget&name=CalendarActivities', '', '2', NULL, NULL, NULL, NULL ),
( '58', '3', 'DASHBOARDWIDGET', 'Funnel', 'index.php?module=Potentials&view=ShowWidget&name=GroupedBySalesStage', '', '3', NULL, NULL, NULL, NULL ),
( '59', '3', 'DASHBOARDWIDGET', 'Potentials by Stage', 'index.php?module=Potentials&view=ShowWidget&name=GroupedBySalesPerson', '', '4', NULL, NULL, NULL, NULL ),
( '60', '3', 'DASHBOARDWIDGET', 'Pipelined Amount', 'index.php?module=Potentials&view=ShowWidget&name=PipelinedAmountPerSalesPerson', '', '5', NULL, NULL, NULL, NULL ),
( '61', '3', 'DASHBOARDWIDGET', 'Total Revenue', 'index.php?module=Potentials&view=ShowWidget&name=TotalRevenuePerSalesPerson', '', '6', NULL, NULL, NULL, NULL ),
( '62', '3', 'DASHBOARDWIDGET', 'Top Potentials', 'index.php?module=Potentials&view=ShowWidget&name=TopPotentials', '', '7', NULL, NULL, NULL, NULL ),
( '63', '3', 'DASHBOARDWIDGET', 'Leads by Status', 'index.php?module=Leads&view=ShowWidget&name=LeadsByStatus', '', '10', NULL, NULL, NULL, NULL ),
( '64', '3', 'DASHBOARDWIDGET', 'Leads by Source', 'index.php?module=Leads&view=ShowWidget&name=LeadsBySource', '', '11', NULL, NULL, NULL, NULL ),
( '65', '3', 'DASHBOARDWIDGET', 'Leads by Industry', 'index.php?module=Leads&view=ShowWidget&name=LeadsByIndustry', '', '12', NULL, NULL, NULL, NULL ),
( '66', '3', 'DASHBOARDWIDGET', 'Overdue Activities', 'index.php?module=Home&view=ShowWidget&name=OverdueActivities', '', '13', NULL, NULL, NULL, NULL ),
( '67', '3', 'DASHBOARDWIDGET', 'Tickets by Status', 'index.php?module=HelpDesk&view=ShowWidget&name=TicketsByStatus', '', '13', NULL, NULL, NULL, NULL ),
( '68', '3', 'DASHBOARDWIDGET', 'Open Tickets', 'index.php?module=HelpDesk&view=ShowWidget&name=OpenTickets', '', '14', NULL, NULL, NULL, NULL ),
( '69', '13', 'DETAILVIEWWIDGET', 'DetailViewBlockCommentWidget', 'block://ModComments:modules/ModComments/ModComments.php', '', '0', NULL, NULL, NULL, NULL ),
( '70', '15', 'DETAILVIEWWIDGET', 'DetailViewBlockCommentWidget', 'block://ModComments:modules/ModComments/ModComments.php', '', '0', NULL, NULL, NULL, NULL ),
( '99', '3', 'DASHBOARDWIDGET', 'Key Metrics', 'index.php?module=Home&view=ShowWidget&name=KeyMetrics', '', '0', NULL, NULL, NULL, NULL ),
( '100', '3', 'DASHBOARDWIDGET', 'Mini List', 'index.php?module=Home&view=ShowWidget&name=MiniList', '', '0', NULL, NULL, NULL, NULL ),
( '101', '3', 'DASHBOARDWIDGET', 'Tag Cloud', 'index.php?module=Home&view=ShowWidget&name=TagCloud', '', '0', NULL, NULL, NULL, NULL ),
( '102', '2', 'DASHBOARDWIDGET', 'Funnel Amount', 'index.php?module=Potentials&view=ShowWidget&name=FunnelAmount', '', '10', NULL, NULL, NULL, NULL ),
( '103', '3', 'DASHBOARDWIDGET', 'Funnel Amount', 'index.php?module=Potentials&view=ShowWidget&name=FunnelAmount', '', '10', NULL, NULL, NULL, NULL ),
( '104', '3', 'DASHBOARDWIDGET', 'Notebook', 'index.php?module=Home&view=ShowWidget&name=Notebook', '', '0', NULL, NULL, NULL, NULL ),
( '105', '25', 'LISTVIEWBASIC', 'LBL_ADD_RECORD', '', '', '0', NULL, NULL, NULL, NULL ),
( '106', '25', 'LISTVIEWBASIC', 'LBL_DETAIL_REPORT', 'javascript:Reports_List_Js.addReport("index.php?module=Reports&view=Edit")', '', '0', 'modules/Reports/models/Module.php', 'Reports_Module_Model', 'checkLinkAccess', '105' ),
( '107', '25', 'LISTVIEWBASIC', 'LBL_CHARTS', 'javascript:Reports_List_Js.addReport("index.php?module=Reports&view=ChartEdit")', '', '0', 'modules/Reports/models/Module.php', 'Reports_Module_Model', 'checkLinkAccess', '105' ),
( '108', '25', 'LISTVIEWBASIC', 'LBL_ADD_FOLDER', 'javascript:Reports_List_Js.triggerAddFolder("index.php?module=Reports&view=EditFolder")', '', '0', 'modules/Reports/models/Module.php', 'Reports_Module_Model', 'checkLinkAccess', NULL ),
( '109', '4', 'EXTENSIONLINK', 'Google', 'index.php?module=Contacts&view=Extension&extensionModule=Google&extensionView=Index', '', '0', NULL, NULL, NULL, NULL ),
( '110', '9', 'EXTENSIONLINK', 'Google', 'index.php?module=Calendar&view=Extension&extensionModule=Google&extensionView=Index', '', '0', NULL, NULL, NULL, NULL ),
( '338', '52', 'HEADERCSS', 'Custom Module Builder', 'layouts/v7/modules/ModuleLinkCreator/resources/ModuleLinkCreatorCSS.css', '', '0', NULL, NULL, NULL, NULL ),
( '339', '52', 'HEADERSCRIPT', 'Custom Module Builder', 'layouts/v7/modules/ModuleLinkCreator/resources/ModuleLinkCreatorJS.js', '', '0', NULL, NULL, NULL, NULL ),
( '340', '52', 'HEADERSCRIPT', 'Custom Module Builder', 'layouts/v7/modules/ModuleLinkCreator/resources/ModuleLinkCreatorUtils.js', '', '0', NULL, NULL, NULL, NULL ),
( '344', '55', 'HEADERSCRIPT', 'VTEWidgetsJs', 'layouts/v7/modules/VTEWidgets/resources/SummaryWidgets.js', '', '0', NULL, NULL, NULL, NULL ),
( '370', '57', 'HEADERSCRIPT', 'VTEButtonsJs', 'layouts/v7/modules/VTEButtons/resources/VTEButtons.js', '', '0', NULL, NULL, NULL, NULL ),
( '374', '58', 'DETAILVIEWBASIC', 'View History', 'javascript:ModTrackerCommon.showhistory(\'$RECORD$\')', '', '0', 'modules/ModTracker/ModTracker.php', 'ModTracker', 'isViewPermitted', NULL ),
( '381', '59', 'HEADERSCRIPT', 'VTEConditionalAlertsJs', 'layouts/v7/modules/VTEConditionalAlerts/resources/VTEConditionalAlerts.js', '', '0', NULL, NULL, NULL, NULL ),
( '382', '0', 'HEADERSCRIPT', 'VTEAdvanceMenu', 'layouts/v7/modules/VTEAdvanceMenu/resources/VTEAdvanceMenu.js', '', '0', NULL, NULL, NULL, NULL ),
( '383', '61', 'HEADERSCRIPT', 'VTEPayments Header Script', 'layouts/v7/modules/VTEPayments/resources/Payments.js', '', '0', NULL, NULL, NULL, NULL ),
( '384', '61', 'HEADERCSS', 'VTEPayments Header CSS', 'layouts/v7/modules/VTEPayments/resources/VTEPayments.css', '', '0', NULL, NULL, NULL, NULL ),
( '385', '23', 'DETAILVIEWBASIC', 'Payments', 'javascript:Payment_Index_Js.showEditView(\'index.php?module=VTEPayments&view=ManagePayments&invoiceid=$RECORD$\');', '', '0', NULL, NULL, NULL, NULL ),
( '386', '2', 'DETAILVIEWBASIC', 'Payments', 'javascript:Payment_Index_Js.showEditView(\'index.php?module=VTEPayments&view=ManagePayments&potentialid=$RECORD$\');', '', '0', NULL, NULL, NULL, NULL ),
( '400', '16', 'DETAILVIEWSIDEBARWIDGET', 'PDFMaker', 'module=PDFMaker&view=GetPDFActions&record=$RECORD$', '', '0', NULL, NULL, NULL, NULL ),
( '426', '2', 'DETAILVIEWSIDEBARWIDGET', 'PDFMaker', 'module=PDFMaker&view=GetPDFActions&record=$RECORD$', '', '0', NULL, NULL, NULL, NULL ),
( '427', '2', 'LISTVIEWMASSACTION', 'PDF Export', 'javascript:PDFMaker_Actions_Js.getPDFListViewPopup2(this,\'$MODULE$\');', '', '0', NULL, NULL, NULL, NULL ),
( '428', '4', 'DETAILVIEWSIDEBARWIDGET', 'PDFMaker', 'module=PDFMaker&view=GetPDFActions&record=$RECORD$', '', '0', NULL, NULL, NULL, NULL ),
( '429', '4', 'LISTVIEWMASSACTION', 'PDF Export', 'javascript:PDFMaker_Actions_Js.getPDFListViewPopup2(this,\'$MODULE$\');', '', '0', NULL, NULL, NULL, NULL ),
( '430', '6', 'DETAILVIEWSIDEBARWIDGET', 'PDFMaker', 'module=PDFMaker&view=GetPDFActions&record=$RECORD$', '', '0', NULL, NULL, NULL, NULL ),
( '431', '6', 'LISTVIEWMASSACTION', 'PDF Export', 'javascript:PDFMaker_Actions_Js.getPDFListViewPopup2(this,\'$MODULE$\');', '', '0', NULL, NULL, NULL, NULL ),
( '432', '7', 'DETAILVIEWSIDEBARWIDGET', 'PDFMaker', 'module=PDFMaker&view=GetPDFActions&record=$RECORD$', '', '0', NULL, NULL, NULL, NULL ),
( '433', '7', 'LISTVIEWMASSACTION', 'PDF Export', 'javascript:PDFMaker_Actions_Js.getPDFListViewPopup2(this,\'$MODULE$\');', '', '0', NULL, NULL, NULL, NULL ),
( '434', '8', 'DETAILVIEWSIDEBARWIDGET', 'PDFMaker', 'module=PDFMaker&view=GetPDFActions&record=$RECORD$', '', '0', NULL, NULL, NULL, NULL ),
( '435', '8', 'LISTVIEWMASSACTION', 'PDF Export', 'javascript:PDFMaker_Actions_Js.getPDFListViewPopup2(this,\'$MODULE$\');', '', '0', NULL, NULL, NULL, NULL ),
( '436', '9', 'DETAILVIEWSIDEBARWIDGET', 'PDFMaker', 'module=PDFMaker&view=GetPDFActions&record=$RECORD$', '', '0', NULL, NULL, NULL, NULL ),
( '437', '9', 'LISTVIEWMASSACTION', 'PDF Export', 'javascript:PDFMaker_Actions_Js.getPDFListViewPopup2(this,\'$MODULE$\');', '', '0', NULL, NULL, NULL, NULL ),
( '438', '10', 'DETAILVIEWSIDEBARWIDGET', 'PDFMaker', 'module=PDFMaker&view=GetPDFActions&record=$RECORD$', '', '0', NULL, NULL, NULL, NULL ),
( '439', '10', 'LISTVIEWMASSACTION', 'PDF Export', 'javascript:PDFMaker_Actions_Js.getPDFListViewPopup2(this,\'$MODULE$\');', '', '0', NULL, NULL, NULL, NULL ),
( '440', '13', 'DETAILVIEWSIDEBARWIDGET', 'PDFMaker', 'module=PDFMaker&view=GetPDFActions&record=$RECORD$', '', '0', NULL, NULL, NULL, NULL ),
( '441', '13', 'LISTVIEWMASSACTION', 'PDF Export', 'javascript:PDFMaker_Actions_Js.getPDFListViewPopup2(this,\'$MODULE$\');', '', '0', NULL, NULL, NULL, NULL ),
( '442', '14', 'DETAILVIEWSIDEBARWIDGET', 'PDFMaker', 'module=PDFMaker&view=GetPDFActions&record=$RECORD$', '', '0', NULL, NULL, NULL, NULL ),
( '443', '14', 'LISTVIEWMASSACTION', 'PDF Export', 'javascript:PDFMaker_Actions_Js.getPDFListViewPopup2(this,\'$MODULE$\');', '', '0', NULL, NULL, NULL, NULL ),
( '444', '15', 'DETAILVIEWSIDEBARWIDGET', 'PDFMaker', 'module=PDFMaker&view=GetPDFActions&record=$RECORD$', '', '0', NULL, NULL, NULL, NULL ),
( '445', '15', 'LISTVIEWMASSACTION', 'PDF Export', 'javascript:PDFMaker_Actions_Js.getPDFListViewPopup2(this,\'$MODULE$\');', '', '0', NULL, NULL, NULL, NULL ),
( '446', '23', 'DETAILVIEWSIDEBARWIDGET', 'PDFMaker', 'module=PDFMaker&view=GetPDFActions&record=$RECORD$', '', '0', NULL, NULL, NULL, NULL ),
( '447', '23', 'LISTVIEWMASSACTION', 'PDF Export', 'javascript:PDFMaker_Actions_Js.getPDFListViewPopup2(this,\'$MODULE$\');', '', '0', NULL, NULL, NULL, NULL ),
( '448', '26', 'DETAILVIEWSIDEBARWIDGET', 'PDFMaker', 'module=PDFMaker&view=GetPDFActions&record=$RECORD$', '', '0', NULL, NULL, NULL, NULL ),
( '449', '26', 'LISTVIEWMASSACTION', 'PDF Export', 'javascript:PDFMaker_Actions_Js.getPDFListViewPopup2(this,\'$MODULE$\');', '', '0', NULL, NULL, NULL, NULL ),
( '450', '28', 'DETAILVIEWSIDEBARWIDGET', 'PDFMaker', 'module=PDFMaker&view=GetPDFActions&record=$RECORD$', '', '0', NULL, NULL, NULL, NULL ),
( '451', '28', 'LISTVIEWMASSACTION', 'PDF Export', 'javascript:PDFMaker_Actions_Js.getPDFListViewPopup2(this,\'$MODULE$\');', '', '0', NULL, NULL, NULL, NULL ),
( '452', '34', 'DETAILVIEWSIDEBARWIDGET', 'PDFMaker', 'module=PDFMaker&view=GetPDFActions&record=$RECORD$', '', '0', NULL, NULL, NULL, NULL ),
( '453', '34', 'LISTVIEWMASSACTION', 'PDF Export', 'javascript:PDFMaker_Actions_Js.getPDFListViewPopup2(this,\'$MODULE$\');', '', '0', NULL, NULL, NULL, NULL ),
( '454', '46', 'DETAILVIEWSIDEBARWIDGET', 'PDFMaker', 'module=PDFMaker&view=GetPDFActions&record=$RECORD$', '', '0', NULL, NULL, NULL, NULL ),
( '455', '46', 'LISTVIEWMASSACTION', 'PDF Export', 'javascript:PDFMaker_Actions_Js.getPDFListViewPopup2(this,\'$MODULE$\');', '', '0', NULL, NULL, NULL, NULL ),
( '456', '48', 'DETAILVIEWSIDEBARWIDGET', 'PDFMaker', 'module=PDFMaker&view=GetPDFActions&record=$RECORD$', '', '0', NULL, NULL, NULL, NULL ),
( '457', '48', 'LISTVIEWMASSACTION', 'PDF Export', 'javascript:PDFMaker_Actions_Js.getPDFListViewPopup2(this,\'$MODULE$\');', '', '0', NULL, NULL, NULL, NULL ),
( '458', '61', 'DETAILVIEWSIDEBARWIDGET', 'PDFMaker', 'module=PDFMaker&view=GetPDFActions&record=$RECORD$', '', '0', NULL, NULL, NULL, NULL ),
( '459', '61', 'LISTVIEWMASSACTION', 'PDF Export', 'javascript:PDFMaker_Actions_Js.getPDFListViewPopup2(this,\'$MODULE$\');', '', '0', NULL, NULL, NULL, NULL ),
( '460', '62', 'HEADERSCRIPT', 'PDFMakerJS', 'layouts/v7/modules/PDFMaker/resources/PDFMakerActions.js', NULL, '0', NULL, NULL, NULL, NULL );
COMMIT;
-- ---------------------------------------------------------


-- Dump data of "vtiger_links_seq" -------------------------
BEGIN;

INSERT INTO `vtiger_links_seq`(`id`) VALUES 
( '460' );
COMMIT;
-- ---------------------------------------------------------


-- Dump data of "vtiger_loginhistory" ----------------------
BEGIN;

INSERT INTO `vtiger_loginhistory`(`login_id`,`user_name`,`user_ip`,`logout_time`,`login_time`,`status`) VALUES 
( '1', 'admin', '127.0.0.1', '2024-05-23 16:23:52', '2024-05-23 16:23:52', 'Signed in' ),
( '2', 'admin', '127.0.0.1', '2024-05-24 06:58:31', '2024-05-24 06:58:31', 'Signed in' ),
( '3', 'admin', '127.0.0.1', '2024-05-24 08:14:03', '2024-05-24 08:14:03', 'Signed in' ),
( '4', 'admin', '127.0.0.1', '2024-05-24 08:44:58', '2024-05-24 08:44:58', 'Signed in' ),
( '5', 'admin', '127.0.0.1', '2024-05-24 08:45:08', '2024-05-24 08:45:08', 'Signed in' ),
( '6', 'admin', '127.0.0.1', '2024-05-24 08:47:49', '2024-05-24 08:47:49', 'Signed in' ),
( '7', 'admin', '127.0.0.1', '2024-05-24 10:05:58', '2024-05-24 10:05:58', 'Signed in' ),
( '8', 'admin', '127.0.0.1', '2024-05-25 12:46:09', '2024-05-25 12:46:09', 'Signed in' ),
( '9', 'admin', '127.0.0.1', '2024-05-25 21:48:22', '2024-05-25 21:48:22', 'Signed in' ),
( '10', 'admin', '127.0.0.1', '2024-05-26 15:26:38', '2024-05-26 15:26:38', 'Signed in' ),
( '11', 'admin', '127.0.0.1', '2024-05-27 16:05:07', '2024-05-27 15:12:37', 'Signed off' ),
( '12', 'admin', '127.0.0.1', '2024-05-27 16:06:25', '2024-05-27 16:05:57', 'Signed off' ),
( '13', 'admin', '127.0.0.1', '2024-05-27 16:06:33', '2024-05-27 16:06:33', 'Signed in' ),
( '14', 'admin', '127.0.0.1', '2024-05-27 16:45:38', '2024-05-27 16:45:38', 'Signed in' ),
( '15', 'admin', '127.0.0.1', '2024-05-27 18:13:41', '2024-05-27 18:10:56', 'Signed off' ),
( '16', 'anton', '127.0.0.1', '2024-05-27 18:13:55', '2024-05-27 18:13:55', 'Signed in' ),
( '17', 'admin', '127.0.0.1', '2024-05-27 19:13:23', '2024-05-27 19:05:52', 'Signed off' ),
( '18', 'anton', '127.0.0.1', '2024-05-27 19:14:19', '2024-05-27 19:13:28', 'Signed off' ),
( '19', 'admin', '127.0.0.1', '2024-05-27 19:15:35', '2024-05-27 19:14:21', 'Signed off' ),
( '20', 'anton', '127.0.0.1', '2024-05-27 19:16:11', '2024-05-27 19:15:44', 'Signed off' ),
( '21', 'admin', '127.0.0.1', '2024-05-27 19:16:35', '2024-05-27 19:16:35', 'Signed in' ),
( '22', 'admin', '127.0.0.1', '2024-05-27 19:23:51', '2024-05-27 19:23:51', 'Signed in' ),
( '23', 'anton', '127.0.0.1', '2024-05-28 10:41:17', '2024-05-28 10:37:20', 'Signed off' ),
( '24', 'anton', '127.0.0.1', '2024-05-28 11:17:24', '2024-05-28 11:17:24', 'Signed in' ),
( '25', 'admin', '127.0.0.1', '2024-05-28 12:05:41', '2024-05-28 12:02:28', 'Signed off' ),
( '26', 'admin', '127.0.0.1', '2024-05-28 12:05:50', '2024-05-28 12:05:50', 'Signed in' ),
( '27', 'admin', '127.0.0.1', '2024-05-28 12:11:04', '2024-05-28 12:11:04', 'Signed in' ),
( '28', 'anton', '127.0.0.1', '2024-05-28 15:19:05', '2024-05-28 15:19:05', 'Signed in' ),
( '29', 'admin', '127.0.0.1', '2024-05-28 17:23:22', '2024-05-28 17:12:54', 'Signed off' ),
( '30', 'admin', '127.0.0.1', '2024-05-28 17:23:34', '2024-05-28 17:23:34', 'Signed in' ),
( '31', 'anton', '127.0.0.1', '2024-05-29 10:03:52', '2024-05-29 10:03:52', 'Signed in' ),
( '32', 'anton', '127.0.0.1', '2024-05-29 12:30:54', '2024-05-29 12:30:54', 'Signed in' ),
( '33', 'anton', '127.0.0.1', '2024-05-29 13:17:03', '2024-05-29 13:17:03', 'Signed in' ),
( '34', 'admin', '127.0.0.1', '2024-05-29 15:06:28', '2024-05-29 15:06:28', 'Signed in' ),
( '35', 'anton', '127.0.0.1', '2024-05-29 17:23:49', '2024-05-29 17:23:49', 'Signed in' ),
( '36', 'admin', '127.0.0.1', '2024-05-30 14:24:06', '2024-05-30 14:24:06', 'Signed in' ),
( '37', 'admin', '127.0.0.1', '2024-05-30 17:19:24', '2024-05-30 17:19:24', 'Signed in' ),
( '38', 'admin', '127.0.0.1', '2024-05-30 17:20:56', '2024-05-30 17:20:01', 'Signed off' ),
( '39', 'admin', '127.0.0.1', '2024-05-30 17:21:11', '2024-05-30 17:21:11', 'Signed off' ),
( '40', 'admin', '127.0.0.1', '2024-05-30 17:21:14', '2024-05-30 17:21:14', 'Signed in' ),
( '41', 'admin', '127.0.0.1', '2024-06-01 09:20:11', '2024-06-01 09:20:11', 'Signed in' ),
( '42', 'admin', '127.0.0.1', '2024-06-02 11:13:27', '2024-06-02 11:13:27', 'Signed in' ),
( '43', 'admin', '127.0.0.1', '2024-06-02 11:24:08', '2024-06-02 11:24:08', 'Signed in' ),
( '44', 'admin', '127.0.0.1', '2024-06-02 16:46:26', '2024-06-02 16:46:26', 'Signed in' ),
( '45', 'anton', '127.0.0.1', '2024-06-03 11:42:23', '2024-06-03 11:42:23', 'Signed in' ),
( '46', 'anton', '127.0.0.1', '2024-06-03 13:18:17', '2024-06-03 13:18:17', 'Signed in' ),
( '47', 'anton', '127.0.0.1', '2024-06-04 13:34:27', '2024-06-04 13:34:27', 'Signed in' ),
( '48', 'anton', '127.0.0.1', '2024-06-04 14:47:54', '2024-06-04 14:47:54', 'Signed in' ),
( '49', 'admin', '127.0.0.1', '2024-06-04 18:22:24', '2024-06-04 18:09:34', 'Signed off' ),
( '50', 'anton', '127.0.0.1', '2024-06-04 18:22:44', '2024-06-04 18:22:44', 'Signed in' ),
( '51', 'admin', '127.0.0.1', '2024-06-04 19:46:32', '2024-06-04 19:46:32', 'Signed in' ),
( '52', 'anton', '127.0.0.1', '2024-06-04 22:30:17', '2024-06-04 22:30:17', 'Signed in' ),
( '53', 'admin', '127.0.0.1', '2024-06-05 07:59:46', '2024-06-05 07:59:46', 'Signed in' ),
( '54', 'admin', '127.0.0.1', '2024-06-05 19:53:10', '2024-06-05 19:53:10', 'Signed in' ),
( '55', 'admin', '127.0.0.1', '2024-06-08 10:38:00', '2024-06-08 10:38:00', 'Signed in' ),
( '56', 'anton', '127.0.0.1', '2024-06-08 10:44:30', '2024-06-08 10:44:30', 'Signed in' ),
( '57', 'admin', '127.0.0.1', '2024-06-08 11:31:04', '2024-06-08 11:31:04', 'Signed in' ),
( '58', 'admin', '127.0.0.1', '2024-06-08 18:04:56', '2024-06-08 18:04:56', 'Signed in' ),
( '59', 'anton', '127.0.0.1', '2024-06-09 11:01:04', '2024-06-09 11:01:04', 'Signed in' ),
( '60', 'admin', '127.0.0.1', '2024-06-09 17:05:38', '2024-06-09 17:05:38', 'Signed in' ),
( '61', 'anton', '127.0.0.1', '2024-06-09 17:54:33', '2024-06-09 17:54:33', 'Signed in' ),
( '62', 'anton', '127.0.0.1', '2024-06-09 20:32:39', '2024-06-09 20:32:39', 'Signed in' ),
( '63', 'anton', '127.0.0.1', '2024-06-09 22:07:17', '2024-06-09 22:07:17', 'Signed in' ),
( '64', 'anton', '127.0.0.1', '2024-06-10 19:25:17', '2024-06-10 19:25:17', 'Signed in' ),
( '65', 'admin', '127.0.0.1', '2024-06-11 16:30:59', '2024-06-11 16:30:59', 'Signed in' ),
( '66', 'admin', '127.0.0.1', '2024-06-11 16:31:49', '2024-06-11 16:31:49', 'Signed in' ),
( '67', 'anton', '127.0.0.1', '2024-06-11 19:42:30', '2024-06-11 19:42:30', 'Signed in' ),
( '68', 'anton', '127.0.0.1', '2024-06-11 20:54:14', '2024-06-11 20:54:14', 'Signed in' ),
( '69', 'anton', '127.0.0.1', '2024-06-13 10:35:38', '2024-06-13 10:35:38', 'Signed in' ),
( '70', 'anton', '127.0.0.1', '2024-06-14 12:06:02', '2024-06-14 12:06:02', 'Signed in' ),
( '71', 'admin', '127.0.0.1', '2024-06-14 15:36:36', '2024-06-14 15:36:36', 'Signed in' ),
( '72', 'admin', '127.0.0.1', '2024-06-14 15:49:15', '2024-06-14 15:49:15', 'Signed in' ),
( '73', 'admin', '127.0.0.1', '2024-06-16 18:32:16', '2024-06-16 18:32:16', 'Signed in' ),
( '74', 'admin', '127.0.0.1', '2024-06-16 20:07:31', '2024-06-16 20:07:31', 'Signed in' ),
( '75', 'admin', '127.0.0.1', '2024-06-16 20:08:08', '2024-06-16 20:08:08', 'Signed in' ),
( '76', 'admin', '127.0.0.1', '2024-06-16 20:08:46', '2024-06-16 20:08:46', 'Signed in' ),
( '77', 'admin', '127.0.0.1', '2024-06-16 20:09:11', '2024-06-16 20:09:11', 'Signed in' ),
( '78', 'admin', '127.0.0.1', '2024-06-16 20:09:28', '2024-06-16 20:09:28', 'Signed in' ),
( '79', 'admin', '127.0.0.1', '2024-06-16 20:25:07', '2024-06-16 20:25:07', 'Signed in' ),
( '80', 'admin', '127.0.0.1', '2024-06-16 20:39:28', '2024-06-16 20:39:28', 'Signed in' ),
( '81', 'admin', '127.0.0.1', '2024-06-17 06:15:46', '2024-06-17 06:15:46', 'Signed in' ),
( '82', 'admin', '127.0.0.1', '2024-06-17 07:06:22', '2024-06-17 07:06:22', 'Signed in' ),
( '83', 'admin', '127.0.0.1', '2024-06-17 13:02:05', '2024-06-17 13:02:05', 'Signed in' ),
( '84', 'anton', '127.0.0.1', '2024-06-17 19:18:01', '2024-06-17 19:18:01', 'Signed in' ),
( '85', 'admin', '127.0.0.1', '2024-06-17 22:07:29', '2024-06-17 22:07:29', 'Signed in' ),
( '86', 'admin', '127.0.0.1', '2024-06-27 07:50:56', '2024-06-27 07:50:56', 'Signed in' ),
( '87', 'admin', '127.0.0.1', '2024-06-27 10:37:03', '2024-06-27 10:37:03', 'Signed in' ),
( '88', 'admin', '127.0.0.1', '2024-06-28 06:14:11', '2024-06-28 06:14:11', 'Signed in' ),
( '89', 'anton', '127.0.0.1', '2024-07-12 10:22:04', '2024-07-12 10:22:04', 'Signed in' ),
( '90', 'anton', '127.0.0.1', '2024-07-13 15:00:50', '2024-07-13 15:00:50', 'Signed in' ),
( '91', 'anton', '127.0.0.1', '2024-07-23 11:19:15', '2024-07-23 11:19:15', 'Signed in' ),
( '92', 'admin', '127.0.0.1', '2024-07-28 09:02:16', '2024-07-28 09:02:16', 'Signed in' ),
( '93', 'admin', '127.0.0.1', '2024-07-28 11:52:32', '2024-07-28 11:52:32', 'Signed in' ),
( '94', 'admin', '91.188.173.184', '2024-07-28 13:20:15', '2024-07-28 13:20:15', 'Signed in' ),
( '95', 'admin', '91.188.173.184', '2024-07-28 15:41:28', '2024-07-28 15:41:28', 'Signed in' ),
( '96', 'admin', '91.188.173.184', '2024-07-28 15:51:01', '2024-07-28 15:51:01', 'Signed in' ),
( '97', 'admin', '127.0.0.1', '2024-08-02 17:23:33', '2024-08-02 17:23:33', 'Signed in' ),
( '98', 'anton', '127.0.0.1', '2024-08-06 11:44:00', '2024-08-06 11:44:00', 'Signed in' ),
( '99', 'anton', '127.0.0.1', '2024-08-06 11:44:02', '2024-08-06 11:44:02', 'Signed in' ),
( '100', 'anton', '127.0.0.1', '2024-08-07 11:06:01', '2024-08-07 11:06:01', 'Signed in' ),
( '101', 'anton', '127.0.0.1', '2024-08-08 10:12:51', '2024-08-08 10:12:51', 'Signed in' ),
( '102', 'anton', '127.0.0.1', '2024-08-08 10:12:56', '2024-08-08 10:12:56', 'Signed in' ),
( '103', 'anton', '127.0.0.1', '2024-08-08 10:13:18', '2024-08-08 10:13:18', 'Signed in' ),
( '104', 'admin', '127.0.0.1', '2024-08-09 12:51:51', '2024-08-09 12:51:51', 'Signed in' ),
( '105', 'anton', '127.0.0.1', '2024-08-11 09:13:02', '2024-08-11 09:13:02', 'Signed in' ),
( '106', 'anton', '127.0.0.1', '2024-08-11 09:13:06', '2024-08-11 09:13:06', 'Signed in' ),
( '107', 'anton', '127.0.0.1', '2024-08-11 09:13:07', '2024-08-11 09:13:07', 'Signed in' ),
( '108', 'admin', '127.0.0.1', '2024-08-11 11:18:25', '2024-08-11 11:18:25', 'Signed in' ),
( '109', 'admin', '127.0.0.1', '2024-08-12 07:12:57', '2024-08-12 07:12:57', 'Signed in' );
COMMIT;
-- ---------------------------------------------------------


-- Dump data of "vtiger_mail_accounts" ---------------------
BEGIN;

INSERT INTO `vtiger_mail_accounts`(`account_id`,`user_id`,`display_name`,`mail_id`,`account_name`,`mail_protocol`,`mail_username`,`mail_password`,`mail_servername`,`box_refresh`,`mails_per_page`,`ssltype`,`sslmeth`,`int_mailer`,`status`,`set_default`,`sent_folder`) VALUES 
( '1', '1', 'info@x2tree.de', NULL, 'info@x2tree.de', 'IMAP4', 'info@x2tree.de', 'z87Pzs_Ozs_Pzs_Pz8_Pz8_Ozs7Pzs_Oz87Oz87Pzs_Pzs_Pzs7Oz8_Oz87Pzs_Pz87Oz8_Pz87Pz87Oz87Oz8_Pzs7Pzs_Pz8_Ozs_Pz87Pzs7Oz8_Pzs_Ozs_Oz8_Pz87Pzs_Pz87Pzs7Ozs7Pzs_Oz87Oz87Pz8_Ozs7Pz84.', 'imap.ionos.de', '0', '20', 'ssl', 'novalidate-cert', '0', '1', '0', '' );
COMMIT;
-- ---------------------------------------------------------


-- Dump data of "vtiger_mailer_queue" ----------------------
-- ---------------------------------------------------------


-- Dump data of "vtiger_mailer_queueattachments" -----------
-- ---------------------------------------------------------


-- Dump data of "vtiger_mailer_queueinfo" ------------------
-- ---------------------------------------------------------


-- Dump data of "vtiger_mailmanager_mailattachments" -------
-- ---------------------------------------------------------


-- Dump data of "vtiger_mailmanager_mailrecord" ------------
BEGIN;

INSERT INTO `vtiger_mailmanager_mailrecord`(`userid`,`mfrom`,`mto`,`mcc`,`mbcc`,`mdate`,`msubject`,`mbody`,`mcharset`,`misbodyhtml`,`mplainmessage`,`mhtmlmessage`,`muniqueid`,`mbodyparsed`,`muid`,`lastsavedtime`,`folder`,`mfolder`) VALUES 
( '1', '["support@ionos.de"]', '["info@x2tree.de"]', '[]', '[]', '1716666499', 'Ihr Mail Basic ist eingerichtet', '<!DOCTYPE html PUBLIC "-//W3C//DTD XHTML 1.0 Transitional//EN" "http://www.w3.org/TR/xhtml1/DTD/xhtml1-transitional.dtd"><html xmlns="http://www.w3.org/1999/xhtml" xmlns:v="urn:schemas-microsoft-com:vml" xmlns:o="urn:schemas-microsoft-com:office:office"><head><meta name="x-apple-disable-message-reformatting" /><meta name="viewport" content="width=device-width, initial-scale=1.0" /><meta http-equiv="X-UA-Compatible" content="IE=edge" /><meta http-equiv="Content-Type" content="text/html; charset=UTF-8" /><meta name="format-detection" content="telephone=no" /><meta name="format-detection" content="date=no" /><meta name="format-detection" content="address=no" /><meta name="format-detection" content="email=no" /><title>Ihr Mail Basic ist eingerichtet</title><style type="text/css" >table,td {mso-table-lspace: 0pt !important;mso-table-rspace: 0pt !important;}img {-ms-interpolation-mode:bicubic;} @media only screen and (max-width: 580px) {#Ee-f,#E2q-f{font-size:19px !important;}#Ee-f,#E2q-f{line-height:25px !important;}#Eo,#En{width:223px !important;}#Eo,#En,#E99,#E98{height:32px !important;}#Ew{width:256px !important;}#Ew{height:295px !important;}#Ey,#Ez,#E10,#E2v,#E2w,#E2x,#E7m,#E7n,#E7o,#E7p,#E7q{display:block !important;}#Ey,#E3g,#E3o,#E3s,#E3w,#E40,#E44,#E48,#E4a,#E4i,#E4m,#E4q,#E4u,#E4y,#E52,#E6k,#E6v,#E72,#E7d,#E7m,#E7o,#E7q{text-align:center !important;}#Ez,#Ez-p,#E2w,#E2w-p,#E7n,#E7n-p,#E7p,#E7p-p{width:1px !important;}#Ez,#E2w,#E7n,#E7p{min-width:1px !important;}#Ez,#E5g-p,#E5g-cell,#E7z-p,#E7z-cell{height:20px !important;}#Ez{min-height:20px !important;}#E10,#E7j,#E7k,#E7l,#E7m,#E7o,#E7q,#E7h{width:100% !important;}#E10,#E7m,#E7o,#E7q{min-width:100% !important;}#E13,#E13-p,#E15,#E15-p,#E33,#E33-p,#E35,#E35-p,#E7t,#E7t-p,#E7v,#E7v-p,#E8l,#E8l-p,#E8n,#E8n-p,#Eaz,#Eaz-p,#Eb1,#Eb1-p,#Ebl,#Ebl-p,#Ebr,#Ebr-p,#Ec8,#Ec8-p,#Eca,#Eca-p{width:20px !important;}#E13,#E15,#E33,#E35,#E7t,#E7v,#E8l,#E8n,#Eaz,#Eb1,#Ebl,#Ebr,#Ec8,#Eca{min-width:20px !important;}#E17-p,#E17-cell,#E1u-p,#E1u-cell,#E2i-p,#E2i-cell,#E9s-p,#E9s-cell{height:15px !important;}#E1c-p,#E1c-cell,#E3e-p,#E3e-cell,#E84-p,#E84-cell,#E8t-p,#E8t-cell,#E9k-p,#E9k-cell,#Eba-p,#Eba-cell{height:12px !important;}#E2v,#E2x,#Ec1,#Ec1-p{width:260px !important;}#E2v,#E2x,#Ec1{min-width:260px !important;}#E37-p,#E37-cell,#E39-p,#E39-cell,#E7x-p,#E7x-cell,#Eb3-p,#Eb3-cell,#Eb5-p,#Eb5-cell,#Ecc-p,#Ecc-cell,#Ece-p,#Ece-cell{height:25px !important;}#E6x-p,#E6x-cell,#E8p-p,#E8p-cell,#E8r-p,#E8r-cell,#Ebk-p,#Ebk-cell,#Ebt-p,#Ebt-cell,#Ecm-p,#Ecm-cell{height:10px !important;}#E7j,#E7k,#E7l{display:inline-block !important;}#E7m,#E7o,#E7q{vertical-align:top !important;}#E7n,#E7p{height:40px !important;}#E7n,#E7p{min-height:40px !important;}#E89-f{font-size:23px !important;}#E89-f{line-height:29px !important;}#E8g,#E8g-i{width:80px !important;}#E8g{min-width:80px !important;}#E8g,#E8g-i{height:80px !important;}#E8g{min-height:80px !important;}#E99,#E98{width:124px !important;}#Ebi-f{font-size:11px !important;}#Ebi-f{line-height:14px !important;}#Ebm,#Ebm-i{width:77px !important;}#Ebm{min-width:77px !important;}#Ebm,#Ebm-i{height:22px !important;}#Ebm{min-height:22px !important;}#Ebq-f{font-size:12px !important;}#Ebq{line-height:16px !important;}#Ebz{display:none !important;}#Eco,#Eci{width:320px !important;}#Eco{min-width:320px !important;}} @media only screen and (min-width: 1900px) {#Eo,#En{width:223px !important;}#Eo,#En,#E99,#E98{height:32px !important;}#E13,#E13-p,#E15,#E15-p,#E33,#E33-p,#E35,#E35-p,#E7n,#E7n-p,#E7p,#E7p-p,#E8l,#E8l-p,#E8n,#E8n-p,#Eaz,#Eaz-p,#Eb1,#Eb1-p,#Ec8,#Ec8-p,#Eca,#Eca-p{width:20px !important;}#E13,#E15,#E33,#E35,#E7n,#E7p,#E8l,#E8n,#Eaz,#Eb1,#Ec8,#Eca{min-width:20px !important;}#E17-p,#E17-cell,#E1u-p,#E1u-cell,#E2i-p,#E2i-cell,#E9s-p,#E9s-cell{height:15px !important;}#E1c-p,#E1c-cell,#E3e-p,#E3e-cell,#E84-p,#E84-cell,#E8t-p,#E8t-cell,#E9k-p,#E9k-cell,#Eba-p,#Eba-cell{height:12px !important;}#E2v,#E2x{width:340px !important;}#E2v,#E2x{min-width:340px !important;}#E37-p,#E37-cell,#E39-p,#E39-cell,#E7x-p,#E7x-cell,#E7z-p,#E7z-cell,#Eb3-p,#Eb3-cell,#Eb5-p,#Eb5-cell,#Ecc-p,#Ecc-cell,#Ece-p,#Ece-cell{height:25px !important;}#E5g-p,#E5g-cell{height:20px !important;}#E6x-p,#E6x-cell,#E8p-p,#E8p-cell,#E8r-p,#E8r-cell,#Ecm-p,#Ecm-cell{height:10px !important;}#E7l{display:inline-block !important;}#E7m,#E7o,#E7q{width:33.3% !important;}#E7m,#E7o,#E7q{min-width:33.3% !important;}#E7m,#E7o,#E7q{vertical-align:top !important;}#E7m,#E7o{text-align:left !important;}#E7q{text-align:right !important;}#E7h{width:100% !important;}#E7t,#E7t-p,#E7v,#E7v-p{width:25px !important;}#E7t,#E7v{min-width:25px !important;}#E8g,#E8g-i{width:100px !important;}#E8g{min-width:100px !important;}#E8g,#E8g-i{height:100px !important;}#E8g{min-height:100px !important;}#E99,#E98{width:124px !important;}#Ec1,#Ec1-p{width:680px !important;}#Ec1{min-width:680px !important;}#Eco,#Eci{width:740px !important;}#Eco{min-width:740px !important;}} @media all {#E7l{display:inline-block !important;}}</style><!--[if mso]><style>* {font-family: Arial,sans-serif !important;}</style><![endif]--><!--[if !mso]><!--><link href="https://fonts.googleapis.com/css?family=Open+Sans:400,700" rel="stylesheet" type="text/css"><link href="https://fonts.googleapis.com/css?family=Overpass:400,600,700" rel="stylesheet" type="text/css"><!--<![endif]--><!--[if gte mso 9]><xml><o:OfficeDocumentSettings><o:AllowPNG/><o:PixelsPerInch>96</o:PixelsPerInch></o:OfficeDocumentSettings></xml><![endif]--></head><body topmargin="0" rightmargin="0" leftmargin="0" style="background-color:#FFFFFF;-webkit-text-size-adjust:none;font-family:\'Open Sans\',\'Google Sans\',Arial,sans-serif;font-stretch:normal;font-style:normal;font-weight:normal;font-variant:normal;font-size:1.2rem" link="#3B9CDA" text="#465A75" vlink="#3B9CDA" alink="#3B9CDA" bgcolor="#FFFFFF"><div id="EBODY" style="background-color:#FFFFFF;width:100%" bgcolor="#FFFFFF"><div id="EPAD" style="padding-top:0px;padding-right:0px;padding-bottom:30px;padding-left:0px"><!--[if mso]><style>.nomsoffice{mso-hide:all;visibility:hidden;}</style><![endif]--><a name="nltop"></a><table id="Eci" cellpadding="0" cellspacing="0" border="0" width="640" align="center" style="width:640px;border-spacing:0"><tr valign="top"><td id="Eco" width="640" align="left" bgcolor="#FFFFFF" style="background-color:#FFFFFF;min-width:640px;width:640px"><table cellpadding="0" cellspacing="0" border="0" name="vspace-regular" width="100%" id="Ebc"><tr><td id="Ebc-cell" width="1" height="10" style="width:100%;height:10px;line-height:10px"><img src="https://simg.ionos.com/2024/IONOS/DE/02/SPIN7385-CUCO-17503-DE/spacer.png" width="1" height="10" style="display:block;width:1px;height:10px;border:0" alt=" " border="0" id="Ebc-p" /></td></tr></table><table id="Ebu" cellpadding="0" cellspacing="0" border="0" width="100%" bgcolor="#003D8F" style="width:100%;border-radius:8px 8px 8px 8px;border-spacing:0;background-color:#003D8F"><tr valign="top"><td id="Ebw" align="left"><table cellpadding="0" cellspacing="0" border="0" width="100%" id="Ebk"><tr><td id="Ebk-cell" width="1" height="18" style="width:100%;height:18px;line-height:18px"><img src="https://simg.ionos.com/2024/IONOS/DE/02/SPIN7385-CUCO-17503-DE/spacer.png" width="1" height="18" style="display:block;width:1px;height:18px;border:0" alt=" " border="0" id="Ebk-p" /></td></tr></table><table id="Ebe" cellpadding="0" cellspacing="0" border="0" width="100%" style="width:100%;border-spacing:0"><tr valign="top"><td id="Ebl" width="20" style="min-width:20px;width:20px;line-height:1px;font-size:0px"><img src="https://simg.ionos.com/2024/IONOS/DE/02/SPIN7385-CUCO-17503-DE/spacer.png" width="20" height="1" style="display:block;width:20px;height:1px;border:0" alt=" " border="0" id="Ebl-p" /></td><td id="Ebm" width="112" align="left" valign="middle" height="32" style="min-width:112px;width:112px;min-height:32px;height:32px"><img src="https://simg.ionos.com/2024/IONOS/DE/02/SPIN7385-CUCO-17503-DE/ionos_logo_de.png" border="0" title="IONOS" alt="IONOS " id="Ebm-i" width="112" height="32" style="color:#465A75;margin:0;border:0;font-size:15px;font-family:\'Open Sans\',\'Google Sans\',Arial,sans-serif;line-height:0;display:block;width:112px;height:32px;padding:0" /></td><td id="Ebp" width="10" style="min-width:10px;width:10px;line-height:1px;font-size:0px"><img src="https://simg.ionos.com/2024/IONOS/DE/02/SPIN7385-CUCO-17503-DE/spacer.png" width="10" height="1" style="display:block;width:10px;height:1px;border:0" alt=" " border="0" id="Ebp-p" /></td><td id="Ebq" align="right" valign="middle" style="font-size:14px;line-height:18px"><font style="color:#FFFFFF;font-family:\'Overpass Regular\',\'Roboto\',Arial,sans-serif;font-weight:600;font-size:14px;line-height:18px" id="Ebq-f" >Kundenservice<p id="Ebi" style="padding:0 0 0 0;margin:0;text-align:right;line-height:16px"><font style="font-family:\'Open Sans\',\'Google Sans\',Arial,sans-serif;font-size:12px;font-weight:400;color:#FFFFFF;line-height:16px" id="Ebi-f" >Kundennummer: 964299014</font></p></font></td><td id="Ebr" width="20" style="min-width:20px;width:20px;line-height:1px;font-size:0px"><img src="https://simg.ionos.com/2024/IONOS/DE/02/SPIN7385-CUCO-17503-DE/spacer.png" width="20" height="1" style="display:block;width:20px;height:1px;border:0" alt=" " border="0" id="Ebr-p" /></td></tr></table><table cellpadding="0" cellspacing="0" border="0" width="100%" id="Ebt"><tr><td id="Ebt-cell" width="1" height="18" style="width:100%;height:18px;line-height:18px"><img src="https://simg.ionos.com/2024/IONOS/DE/02/SPIN7385-CUCO-17503-DE/spacer.png" width="1" height="18" style="display:block;width:1px;height:18px;border:0" alt=" " border="0" id="Ebt-p" /></td></tr></table></td></tr></table><table cellpadding="0" cellspacing="0" border="0" name="vspace-regular" width="100%" id="Eby"><tr><td id="Eby-cell" width="1" height="10" style="width:100%;height:10px;line-height:10px"><img src="https://simg.ionos.com/2024/IONOS/DE/02/SPIN7385-CUCO-17503-DE/spacer.png" width="1" height="10" style="display:block;width:1px;height:10px;border:0" alt=" " border="0" id="Eby-p" /></td></tr></table><table cellpadding="0" cellspacing="0" border="0" name="vspace-padding-top-textstage" width="100%" id="E8p"><tr><td id="E8p-cell" width="1" height="10" style="width:100%;height:10px;line-height:10px"><img src="https://simg.ionos.com/2024/IONOS/DE/02/SPIN7385-CUCO-17503-DE/spacer.png" width="1" height="10" style="display:block;width:1px;height:10px;border:0" alt=" " border="0" id="E8p-p" /></td></tr></table><table id="E8j" cellpadding="0" cellspacing="0" border="0" width="100%" style="width:100%;border-spacing:0"><tr valign="top"><td id="E8l" width="20" style="min-width:20px;width:20px;line-height:1px;font-size:0px"><img src="https://simg.ionos.com/2024/IONOS/DE/02/SPIN7385-CUCO-17503-DE/spacer.png" width="20" height="1" style="display:block;width:20px;height:1px;border:0" alt=" " border="0" id="E8l-p" /></td><td id="E8m" align="left"><table id="E86" cellpadding="0" cellspacing="0" border="0" width="100%" style="width:100%;border-spacing:0"><tr valign="top"><td id="E8e" align="left" valign="middle"><table id="E8a" cellpadding="0" cellspacing="0" border="0" style="border-spacing:0"><tr valign="top"><td id="E8c" align="left"><p id="E89" style="padding:0 0 0 0;margin:0;text-align:left;line-height:33px"><font style="font-family:\'Overpass Regular\',\'Roboto\',Arial,sans-serif;font-size:26px;font-weight:600;color:#0B2A63;line-height:33px" id="E89-f" >Ihr Mail Basic ist eingerichtet</font></p></td></tr></table></td><td id="E8f" width="20" style="min-width:20px;width:20px;line-height:1px;font-size:0px"><img src="https://simg.ionos.com/2024/IONOS/DE/02/SPIN7385-CUCO-17503-DE/spacer.png" width="20" height="1" style="display:block;width:20px;height:1px;border:0" alt=" " border="0" id="E8f-p" /></td><td id="E8g" width="100" align="right" height="100" style="min-width:100px;width:100px;min-height:100px;height:100px"><img src="https://simg.ionos.com/2024/IONOS/DE/02/SPIN7385-CUCO-17503-DE/icon-redesign-on-light-product-email.png" border="0" alt=" " id="E8g-i" width="100" height="100" style="color:#465A75;margin:0;border:0;font-size:15px;font-family:\'Open Sans\',\'Google Sans\',Arial,sans-serif;line-height:0;display:block;width:100px;height:100px;padding:0" /></td></tr></table></td><td id="E8n" width="20" style="min-width:20px;width:20px;line-height:1px;font-size:0px"><img src="https://simg.ionos.com/2024/IONOS/DE/02/SPIN7385-CUCO-17503-DE/spacer.png" width="20" height="1" style="display:block;width:20px;height:1px;border:0" alt=" " border="0" id="E8n-p" /></td></tr></table><table cellpadding="0" cellspacing="0" border="0" name="vspace-padding-bottom-textstage" width="100%" id="E8r"><tr><td id="E8r-cell" width="1" height="10" style="width:100%;height:10px;line-height:10px"><img src="https://simg.ionos.com/2024/IONOS/DE/02/SPIN7385-CUCO-17503-DE/spacer.png" width="1" height="10" style="display:block;width:1px;height:10px;border:0" alt=" " border="0" id="E8r-p" /></td></tr></table><table cellpadding="0" cellspacing="0" border="0" name="vspace-bottom-textstage" width="100%" id="E8t"><tr><td id="E8t-cell" width="1" height="12" style="width:100%;height:12px;line-height:12px"><img src="https://simg.ionos.com/2024/IONOS/DE/02/SPIN7385-CUCO-17503-DE/spacer.png" width="1" height="12" style="display:block;width:1px;height:12px;border:0" alt=" " border="0" id="E8t-p" /></td></tr></table><table id="Eb6" cellpadding="0" cellspacing="0" border="0" width="100%" bgcolor="#F2F5F8" style="width:100%;border-radius:8px 8px 8px 8px;border-spacing:0;background-color:#F2F5F8"><tr valign="top"><td id="Eb8" align="left"><table cellpadding="0" cellspacing="0" border="0" name="vspace-padding-top-section" width="100%" id="Eb3"><tr><td id="Eb3-cell" width="1" height="25" style="width:100%;height:25px;line-height:25px"><img src="https://simg.ionos.com/2024/IONOS/DE/02/SPIN7385-CUCO-17503-DE/spacer.png" width="1" height="25" style="display:block;width:1px;height:25px;border:0" alt=" " border="0" id="Eb3-p" /></td></tr></table><table id="Eax" cellpadding="0" cellspacing="0" border="0" width="100%" style="width:100%;border-spacing:0"><tr valign="top"><td id="Eaz" width="20" style="min-width:20px;width:20px;line-height:1px;font-size:0px"><img src="https://simg.ionos.com/2024/IONOS/DE/02/SPIN7385-CUCO-17503-DE/spacer.png" width="20" height="1" style="display:block;width:20px;height:1px;border:0" alt=" " border="0" id="Eaz-p" /></td><td id="Eb0" align="left"><p id="E8v" style="padding:0 0 0 0;margin:0;text-align:left;line-height:20px"><font style="font-family:\'Open Sans\',\'Google Sans\',Arial,sans-serif;font-size:15px;font-weight:normal;color:#465A75;line-height:20px" id="E8v-f" >Hallo!</font></p><table cellpadding="0" cellspacing="0" border="0" width="100%" id="E8x"><tr><td id="E8x-cell" width="1" height="15" style="width:100%;height:15px;line-height:15px"><img src="https://simg.ionos.com/2024/IONOS/DE/02/SPIN7385-CUCO-17503-DE/spacer.png" width="1" height="15" style="display:block;width:1px;height:15px;border:0" alt=" " border="0" id="E8x-p" /></td></tr></table><p id="E8z" style="padding:0 0 0 0;margin:0;text-align:left;line-height:20px"><font style="font-family:\'Open Sans\',\'Google Sans\',Arial,sans-serif;font-size:15px;font-weight:normal;color:#465A75;line-height:20px" id="E8z-f" >Vielen Dank, dass Sie sich f&#252;r IONOS entschieden haben. Wir haben f&#252;r Sie bereits ein Mail Basic-Postfach eingerichtet.</font></p><table cellpadding="0" cellspacing="0" border="0" width="100%" id="E91"><tr><td id="E91-cell" width="1" height="15" style="width:100%;height:15px;line-height:15px"><img src="https://simg.ionos.com/2024/IONOS/DE/02/SPIN7385-CUCO-17503-DE/spacer.png" width="1" height="15" style="display:block;width:1px;height:15px;border:0" alt=" " border="0" id="E91-p" /></td></tr></table><p id="E93" style="padding:0 0 0 0;margin:0;text-align:left;line-height:20px"><font style="font-family:\'Open Sans\',\'Google Sans\',Arial,sans-serif;font-size:15px;font-weight:normal;color:#465A75;line-height:20px" id="E93-f" >Damit Sie Mail Basic nutzen k&#246;nnen, loggen Sie sich bitte einfach in Webmail mit Ihrer E-Mail-Adresse und Ihrem Passwort ein.</font></p><table cellpadding="0" cellspacing="0" border="0" width="100%" id="E95"><tr><td id="E95-cell" width="1" height="15" style="width:100%;height:15px;line-height:15px"><img src="https://simg.ionos.com/2024/IONOS/DE/02/SPIN7385-CUCO-17503-DE/spacer.png" width="1" height="15" style="display:block;width:1px;height:15px;border:0" alt=" " border="0" id="E95-p" /></td></tr></table><table id="E9g" cellpadding="0" cellspacing="0" border="0" width="100%" style="width:100%;border-spacing:0"><tr valign="top"><td id="E9i" align="center"><a href="https://oc.ionos.de?lt=body_webmail_login&target=https%3A%2F%2Fmail.ionos.de&utm_rid=657c3292-c40b-4f61-bc2b-64fdac2dc2be" id="E98" target="_blank" style="display:inline-block;color:#ffffff;text-decoration:none;margin:0;line-height:0"><img src="https://simg.ionos.com/2024/IONOS/DE/02/SPIN7385-CUCO-17503-DE/btn_primary_ButtonBox1.png" border="0" title="Zu Webmail" alt="Zu Webmail " id="E99" width="124" height="32" style="color:#ffffff;margin:0;border:0;font-size:15px;line-height:0;display:inline-block;width:124px;height:32px;padding:0" /></a></td></tr></table><table cellpadding="0" cellspacing="0" border="0" name="vspace-bottom-section" width="100%" id="E9k"><tr><td id="E9k-cell" width="1" height="12" style="width:100%;height:12px;line-height:12px"><img src="https://simg.ionos.com/2024/IONOS/DE/02/SPIN7385-CUCO-17503-DE/spacer.png" width="1" height="12" style="display:block;width:1px;height:12px;border:0" alt=" " border="0" id="E9k-p" /></td></tr></table><p id="E9q" style="padding:0 0 0 0;margin:0;text-align:left;line-height:20px"><font style="font-family:\'Open Sans\',\'Google Sans\',Arial,sans-serif;font-size:15px;font-weight:normal;color:#465A75;line-height:20px" id="E9q-f" >Um Ihr Mail Basic-Konto zu verwalten, loggen Sie sich bitte bei <a href="https://oc.ionos.de?lt=body_cp_email_overview&target=https%3A%2F%2Fmein.ionos.de%2Femail-overview&utm_rid=657c3292-c40b-4f61-bc2b-64fdac2dc2be" id="E9m" target="_blank" style="color:#3B9CDA;text-decoration:none" >IONOS</a> ein. <a href="https://oc.ionos.de?lt=body_hc_mail_basic&target=https%3A%2F%2Fwww.ionos.de%2Fhilfe%2Findex.php%3Fid%3D2497&utm_rid=657c3292-c40b-4f61-bc2b-64fdac2dc2be" id="E9o" target="_blank" style="color:#3B9CDA;text-decoration:none" >Weitere Informationen zu Mail Basic</a></font></p><table cellpadding="0" cellspacing="0" border="0" name="vspace-bottom-text" width="100%" id="E9s"><tr><td id="E9s-cell" width="1" height="15" style="width:100%;height:15px;line-height:15px"><img src="https://simg.ionos.com/2024/IONOS/DE/02/SPIN7385-CUCO-17503-DE/spacer.png" width="1" height="15" style="display:block;width:1px;height:15px;border:0" alt=" " border="0" id="E9s-p" /></td></tr></table><p id="E9w" style="padding:0 0 0 0;margin:0;text-align:left;line-height:20px"><font style="font-family:\'Open Sans\',\'Google Sans\',Arial,sans-serif;font-size:15px;font-weight:normal;color:#465A75;line-height:20px" id="E9w-f" >Mit freundlichen Gr&#252;&#223;en<br/>IONOS Kundenservice</font></p></td><td id="Eb1" width="20" style="min-width:20px;width:20px;line-height:1px;font-size:0px"><img src="https://simg.ionos.com/2024/IONOS/DE/02/SPIN7385-CUCO-17503-DE/spacer.png" width="20" height="1" style="display:block;width:20px;height:1px;border:0" alt=" " border="0" id="Eb1-p" /></td></tr></table><table cellpadding="0" cellspacing="0" border="0" name="vspace-padding-bottom-section" width="100%" id="Eb5"><tr><td id="Eb5-cell" width="1" height="25" style="width:100%;height:25px;line-height:25px"><img src="https://simg.ionos.com/2024/IONOS/DE/02/SPIN7385-CUCO-17503-DE/spacer.png" width="1" height="25" style="display:block;width:1px;height:25px;border:0" alt=" " border="0" id="Eb5-p" /></td></tr></table></td></tr></table><table cellpadding="0" cellspacing="0" border="0" name="vspace-bottom-section" width="100%" id="Eba"><tr><td id="Eba-cell" width="1" height="12" style="width:100%;height:12px;line-height:12px"><img src="https://simg.ionos.com/2024/IONOS/DE/02/SPIN7385-CUCO-17503-DE/spacer.png" width="1" height="12" style="display:block;width:1px;height:12px;border:0" alt=" " border="0" id="Eba-p" /></td></tr></table><table id="E18" cellpadding="0" cellspacing="0" border="0" width="100%" bgcolor="#1474C4" style="width:100%;border-radius:8px 8px 8px 8px;border-spacing:0;background-color:#1474C4"><tr valign="top"><td id="E1a" align="left"><table cellpadding="0" cellspacing="0" border="0" name="vspace-padding-top-section" width="100%" id="E17"><tr><td id="E17-cell" width="1" height="15" style="width:100%;height:15px;line-height:15px"><img src="https://simg.ionos.com/2024/IONOS/DE/02/SPIN7385-CUCO-17503-DE/spacer.png" width="1" height="15" style="display:block;width:1px;height:15px;border:0" alt=" " border="0" id="E17-p" /></td></tr></table><table id="E11" cellpadding="0" cellspacing="0" border="0" width="100%" style="width:100%;border-spacing:0"><tr valign="top"><td id="E13" width="20" style="min-width:20px;width:20px;line-height:1px;font-size:0px"><img src="https://simg.ionos.com/2024/IONOS/DE/02/SPIN7385-CUCO-17503-DE/spacer.png" width="20" height="1" style="display:block;width:20px;height:1px;border:0" alt=" " border="0" id="E13-p" /></td><td id="E14" align="left"><table id="E4" cellpadding="0" cellspacing="0" border="0" width="100%" style="width:100%;border-spacing:0"><tr valign="top"><td id="Ey" align="left" valign="top"><img src="https://simg.ionos.com/2024/IONOS/DE/02/SPIN7385-CUCO-17503-DE/presenter-icon.png" border="0" alt=" " id="E8" width="58" height="57" style="color:#465A75;margin:0;border:0;font-size:15px;font-family:\'Open Sans\',\'Google Sans\',Arial,sans-serif;line-height:0;display:block;width:58px;height:57px;padding:0" /> <table cellpadding="0" cellspacing="0" border="0" width="100%" id="Ec"><tr><td id="Ec-cell" width="1" height="20" style="width:100%;height:20px;line-height:20px"><img src="https://simg.ionos.com/2024/IONOS/DE/02/SPIN7385-CUCO-17503-DE/spacer.png" width="1" height="20" style="display:block;width:1px;height:20px;border:0" alt=" " border="0" id="Ec-p" /></td></tr></table> <p id="Ee" style="padding:0 0 0 0;margin:0;text-align:left;line-height:29px"><font style="font-family:\'Overpass Regular\',\'Roboto\',Arial,sans-serif;font-size:23px;font-weight:600;color:#FFFFFF;line-height:29px" id="Ee-f" >Wir sind digital an Ihrer Seite</font></p><table cellpadding="0" cellspacing="0" border="0" width="100%" id="Eg"><tr><td id="Eg-cell" width="1" height="20" style="width:100%;height:20px;line-height:20px"><img src="https://simg.ionos.com/2024/IONOS/DE/02/SPIN7385-CUCO-17503-DE/spacer.png" width="1" height="20" style="display:block;width:1px;height:20px;border:0" alt=" " border="0" id="Eg-p" /></td></tr></table> <p id="Ei" style="padding:0 0 0 0;margin:0;text-align:left;line-height:20px"><font style="font-family:\'Open Sans\',\'Google Sans\',Arial,sans-serif;font-size:15px;font-weight:normal;color:#FFFFFF;line-height:20px" id="Ei-f" >Egal, um was es geht &#8211; Ihr pers&#246;nlicher Berater ist stets f&#252;r Sie da.</font></p><table cellpadding="0" cellspacing="0" border="0" width="100%" id="Ek"><tr><td id="Ek-cell" width="1" height="15" style="width:100%;height:15px;line-height:15px"><img src="https://simg.ionos.com/2024/IONOS/DE/02/SPIN7385-CUCO-17503-DE/spacer.png" width="1" height="15" style="display:block;width:1px;height:15px;border:0" alt=" " border="0" id="Ek-p" /></td></tr></table> <a href="https://oc.ionos.de?lt=service_cp_psa_activation&target=https%3A%2F%2Fmein.ionos.de%2Fpsa-activation%3Forigin%3DMAIL_PROCESS%26utm_source%3Dmail%26utm_term%3Dpsa_activation&utm_rid=657c3292-c40b-4f61-bc2b-64fdac2dc2be" id="En" target="_blank" style="color:#ffffff;text-decoration:none;margin:0;line-height:0"><img src="https://simg.ionos.com/2024/IONOS/DE/02/SPIN7385-CUCO-17503-DE/btn_presenter_PSAActivation2.png" border="0" title="Jetzt kostenfrei aktivieren" alt="Jetzt kostenfrei aktivieren " id="Eo" width="223" height="32" style="color:#ffffff;margin:0;border:0;font-size:15px;line-height:0;display:block;width:223px;height:32px;padding:0" /></a> <table cellpadding="0" cellspacing="0" border="0" width="100%" id="Eu"><tr><td id="Eu-cell" width="1" height="15" style="width:100%;height:15px;line-height:15px"><img src="https://simg.ionos.com/2024/IONOS/DE/02/SPIN7385-CUCO-17503-DE/spacer.png" width="1" height="15" style="display:block;width:1px;height:15px;border:0" alt=" " border="0" id="Eu-p" /></td></tr></table></td><td id="Ez" width="20" style="min-width:20px;width:20px;line-height:1px;font-size:0px"><img src="https://simg.ionos.com/2024/IONOS/DE/02/SPIN7385-CUCO-17503-DE/spacer.png" width="20" height="1" style="display:block;width:20px;height:1px;border:0" alt=" " border="0" id="Ez-p" /></td><td id="E10" width="220" align="center" valign="bottom" style="min-width:220px;width:220px"><img src="https://simg.ionos.com/2024/IONOS/DE/02/SPIN7385-CUCO-17503-DE/presenter-photo.png" border="0" alt=" " id="Ew" width="220" height="253" style="color:#465A75;margin:0;border:0;font-size:15px;font-family:\'Open Sans\',\'Google Sans\',Arial,sans-serif;line-height:0;display:block;width:220px;height:253px;padding:0" /></td></tr></table></td><td id="E15" width="20" style="min-width:20px;width:20px;line-height:1px;font-size:0px"><img src="https://simg.ionos.com/2024/IONOS/DE/02/SPIN7385-CUCO-17503-DE/spacer.png" width="20" height="1" style="display:block;width:20px;height:1px;border:0" alt=" " border="0" id="E15-p" /></td></tr></table></td></tr></table><table cellpadding="0" cellspacing="0" border="0" name="vspace-bottom-psaactivation" width="100%" id="E1c"><tr><td id="E1c-cell" width="1" height="12" style="width:100%;height:12px;line-height:12px"><img src="https://simg.ionos.com/2024/IONOS/DE/02/SPIN7385-CUCO-17503-DE/spacer.png" width="1" height="12" style="display:block;width:1px;height:12px;border:0" alt=" " border="0" id="E1c-p" /></td></tr></table><table id="E3a" cellpadding="0" cellspacing="0" border="0" width="100%" bgcolor="#FFFFFF" style="width:100%;border-radius:8px 8px 8px 8px;border-spacing:0;background-color:#FFFFFF"><tr valign="top"><td id="E3c" align="left"><table cellpadding="0" cellspacing="0" border="0" name="vspace-padding-top-columncontents" width="100%" id="E37"><tr><td id="E37-cell" width="1" height="25" style="width:100%;height:25px;line-height:25px"><img src="https://simg.ionos.com/2024/IONOS/DE/02/SPIN7385-CUCO-17503-DE/spacer.png" width="1" height="25" style="display:block;width:1px;height:25px;border:0" alt=" " border="0" id="E37-p" /></td></tr></table><table id="E31" cellpadding="0" cellspacing="0" border="0" width="100%" style="width:100%;border-spacing:0"><tr valign="top"><td id="E33" width="20" style="min-width:20px;width:20px;line-height:1px;font-size:0px"><img src="https://simg.ionos.com/2024/IONOS/DE/02/SPIN7385-CUCO-17503-DE/spacer.png" width="20" height="1" style="display:block;width:20px;height:1px;border:0" alt=" " border="0" id="E33-p" /></td><td id="E34" align="left"><p id="E2q" style="padding:0 0 0 0;margin:0;text-align:center;line-height:29px"><font style="font-family:\'Overpass Regular\',\'Roboto\',Arial,sans-serif;font-size:23px;font-weight:400;color:#0B2A63;line-height:29px" id="E2q-f" >Ihr Kundenkonto immer dabei mit der IONOS App</font></p><table cellpadding="0" cellspacing="0" border="0" width="100%" id="E2s"><tr><td id="E2s-cell" width="1" height="20" style="width:100%;height:20px;line-height:20px"><img src="https://simg.ionos.com/2024/IONOS/DE/02/SPIN7385-CUCO-17503-DE/spacer.png" width="1" height="20" style="display:block;width:1px;height:20px;border:0" alt=" " border="0" id="E2s-p" /></td></tr></table><table id="E2y" cellpadding="0" cellspacing="0" border="0" width="100%" style="width:100%;border-spacing:0"><tr valign="top"><td id="E30" align="center"><table id="E2t" cellpadding="0" cellspacing="0" border="0" style="border-spacing:0"><tr valign="top"><td id="E2v" width="290" align="left" valign="middle" style="min-width:290px;width:290px"><table id="E1q" cellpadding="0" cellspacing="0" border="0" width="100%" style="width:100%;border-spacing:0"><tr valign="top"><td id="E1s" align="center"><table id="E1d" cellpadding="0" cellspacing="0" border="0" width="140" style="width:140px;display:inline-block;border-spacing:0"><tr valign="top"><td id="E1h" width="100%" align="center" style="min-width:100%;width:100%"><a href="https://oc.ionos.de?lt=service_download_app_android&target=https%3A%2F%2Fplay.google.com%2Fstore%2Fapps%2Fdetails%3Fid%3Dcom.oneandone.ciso.mobile.app.android%26referrer%3Dutm_source%253Dmail%2526utm_campaign%253Dgeneric&utm_rid=657c3292-c40b-4f61-bc2b-64fdac2dc2be" id="E1j" target="_blank" style="color:#465A75;text-decoration:none;margin:0;line-height:0"><img src="https://simg.ionos.com/2024/IONOS/DE/02/SPIN7385-CUCO-17503-DE/google_new_de-3138.png" border="0" title="Download bei Google Play" alt="Download bei Google Play " id="E1h-i" width="140" style="color:#465A75;margin:0;border:0;font-size:15px;line-height:0;display:block;width:100%;padding:0" /></a></td></tr></table></td></tr></table><table cellpadding="0" cellspacing="0" border="0" name="vspace-bottom-image" width="100%" id="E1u"><tr><td id="E1u-cell" width="1" height="15" style="width:100%;height:15px;line-height:15px"><img src="https://simg.ionos.com/2024/IONOS/DE/02/SPIN7385-CUCO-17503-DE/spacer.png" width="1" height="15" style="display:block;width:1px;height:15px;border:0" alt=" " border="0" id="E1u-p" /></td></tr></table><p id="E20" style="padding:0 0 0 0;margin:0;text-align:center;line-height:20px"><font style="font-family:\'Open Sans\',\'Google Sans\',Arial,sans-serif;font-size:15px;font-weight:normal;color:#465A75;line-height:20px" id="E20-f"><a href="https://oc.ionos.de?lt=service_download_app_android&target=https%3A%2F%2Fplay.google.com%2Fstore%2Fapps%2Fdetails%3Fid%3Dcom.oneandone.ciso.mobile.app.android%26referrer%3Dutm_source%253Dmail%2526utm_campaign%253Dgeneric&utm_rid=657c3292-c40b-4f61-bc2b-64fdac2dc2be" id="E1w" target="_blank" style="color:#3B9CDA;text-decoration:none" >Download bei</a> <br/><a href="https://oc.ionos.de?lt=service_download_app_android&target=https%3A%2F%2Fplay.google.com%2Fstore%2Fapps%2Fdetails%3Fid%3Dcom.oneandone.ciso.mobile.app.android%26referrer%3Dutm_source%253Dmail%2526utm_campaign%253Dgeneric&utm_rid=657c3292-c40b-4f61-bc2b-64fdac2dc2be" id="E1y" target="_blank" style="color:#3B9CDA;text-decoration:none" >Google Play</a></font></p></td><td id="E2w" width="20" height="20" style="min-width:20px;width:20px;min-height:20px;height:20px;line-height:20px;font-size:0px"><img src="https://simg.ionos.com/2024/IONOS/DE/02/SPIN7385-CUCO-17503-DE/spacer.png" width="20" height="20" style="display:block;width:20px;height:20px;border:0" alt=" " border="0" id="E2w-p" /></td><td id="E2x" width="290" align="left" valign="middle" style="min-width:290px;width:290px"><table id="E2e" cellpadding="0" cellspacing="0" border="0" width="100%" style="width:100%;border-spacing:0"><tr valign="top"><td id="E2g" align="center"><table id="E21" cellpadding="0" cellspacing="0" border="0" width="140" style="width:140px;display:inline-block;border-spacing:0"><tr valign="top"><td id="E25" width="100%" align="center" style="min-width:100%;width:100%"><a href="https://oc.ionos.de?lt=service_download_app_ios&target=https%3A%2F%2Fapps.apple.com%2Fapp%2Fapple-store%2Fid1080444849%3Fct%3Dmail.generic%26mt%3D8%26pt%3D119330501&utm_rid=657c3292-c40b-4f61-bc2b-64fdac2dc2be" id="E27" target="_blank" style="color:#465A75;text-decoration:none;margin:0;line-height:0"><img src="https://simg.ionos.com/2024/IONOS/DE/02/SPIN7385-CUCO-17503-DE/apple_new_de-3141.png" border="0" title="Download im App Store" alt="Download im App Store " id="E25-i" width="140" style="color:#465A75;margin:0;border:0;font-size:15px;line-height:0;display:block;width:100%;padding:0" /></a></td></tr></table></td></tr></table><table cellpadding="0" cellspacing="0" border="0" name="vspace-bottom-image" width="100%" id="E2i"><tr><td id="E2i-cell" width="1" height="15" style="width:100%;height:15px;line-height:15px"><img src="https://simg.ionos.com/2024/IONOS/DE/02/SPIN7385-CUCO-17503-DE/spacer.png" width="1" height="15" style="display:block;width:1px;height:15px;border:0" alt=" " border="0" id="E2i-p" /></td></tr></table><p id="E2o" style="padding:0 0 0 0;margin:0;text-align:center;line-height:20px"><font style="font-family:\'Open Sans\',\'Google Sans\',Arial,sans-serif;font-size:15px;font-weight:normal;color:#465A75;line-height:20px" id="E2o-f"><a href="https://oc.ionos.de?lt=service_download_app_ios&target=https%3A%2F%2Fapps.apple.com%2Fapp%2Fapple-store%2Fid1080444849%3Fct%3Dmail.generic%26mt%3D8%26pt%3D119330501&utm_rid=657c3292-c40b-4f61-bc2b-64fdac2dc2be" id="E2k" target="_blank" style="color:#3B9CDA;text-decoration:none" >Download im</a> <br/><a href="https://oc.ionos.de?lt=service_download_app_ios&target=https%3A%2F%2Fapps.apple.com%2Fapp%2Fapple-store%2Fid1080444849%3Fct%3Dmail.generic%26mt%3D8%26pt%3D119330501&utm_rid=657c3292-c40b-4f61-bc2b-64fdac2dc2be" id="E2m" target="_blank" style="color:#3B9CDA;text-decoration:none" >App Store</a></font></p></td></tr></table></td></tr></table></td><td id="E35" width="20" style="min-width:20px;width:20px;line-height:1px;font-size:0px"><img src="https://simg.ionos.com/2024/IONOS/DE/02/SPIN7385-CUCO-17503-DE/spacer.png" width="20" height="1" style="display:block;width:20px;height:1px;border:0" alt=" " border="0" id="E35-p" /></td></tr></table><table cellpadding="0" cellspacing="0" border="0" name="vspace-padding-bottom-columncontents" width="100%" id="E39"><tr><td id="E39-cell" width="1" height="25" style="width:100%;height:25px;line-height:25px"><img src="https://simg.ionos.com/2024/IONOS/DE/02/SPIN7385-CUCO-17503-DE/spacer.png" width="1" height="25" style="display:block;width:1px;height:25px;border:0" alt=" " border="0" id="E39-p" /></td></tr></table></td></tr></table><table cellpadding="0" cellspacing="0" border="0" name="vspace-bottom-columncontents" width="100%" id="E3e"><tr><td id="E3e-cell" width="1" height="12" style="width:100%;height:12px;line-height:12px"><img src="https://simg.ionos.com/2024/IONOS/DE/02/SPIN7385-CUCO-17503-DE/spacer.png" width="1" height="12" style="display:block;width:1px;height:12px;border:0" alt=" " border="0" id="E3e-p" /></td></tr></table><table id="E80" cellpadding="0" cellspacing="0" border="0" width="100%" bgcolor="#F2F5F8" style="width:100%;border-radius:8px 8px 8px 8px;border-spacing:0;background-color:#F2F5F8"><tr valign="top"><td id="E82" align="left"><table cellpadding="0" cellspacing="0" border="0" name="vspace-padding-top-serviceblock" width="100%" id="E7x"><tr><td id="E7x-cell" width="1" height="25" style="width:100%;height:25px;line-height:25px"><img src="https://simg.ionos.com/2024/IONOS/DE/02/SPIN7385-CUCO-17503-DE/spacer.png" width="1" height="25" style="display:block;width:1px;height:25px;border:0" alt=" " border="0" id="E7x-p" /></td></tr></table><table id="E7r" cellpadding="0" cellspacing="0" border="0" width="100%" style="width:100%;border-spacing:0"><tr valign="top"><td id="E7t" width="25" style="min-width:25px;width:25px;line-height:1px;font-size:0px"><img src="https://simg.ionos.com/2024/IONOS/DE/02/SPIN7385-CUCO-17503-DE/spacer.png" width="25" height="1" style="display:block;width:25px;height:1px;border:0" alt=" " border="0" id="E7t-p" /></td><td id="E7u" align="left"><table id="E7h" cellpadding="0" cellspacing="0" border="0" width="100%" style="width:100%;border-spacing:0"><tr valign="top"><td id="E7m" width="40%" align="left" valign="top" style="min-width:40%;width:40%"><div id="E7j" name="cols-mediasize" style="display:inline-block"><p id="E3g" style="padding:0 0 0 0;margin:0;text-align:left;line-height:20px"><font style="font-family:\'Overpass Regular\',\'Roboto\',Arial,sans-serif;font-size:15px;font-weight:600;color:#465A75;line-height:20px" id="E3g-f" >Produkte</font></p><table cellpadding="0" cellspacing="0" border="0" width="100%" id="E3k"><tr><td id="E3k-cell" width="1" height="10" style="width:100%;height:10px;line-height:10px"><img src="https://simg.ionos.com/2024/IONOS/DE/02/SPIN7385-CUCO-17503-DE/spacer.png" width="1" height="10" style="display:block;width:1px;height:10px;border:0" alt=" " border="0" id="E3k-p" /></td></tr></table><table cellpadding="0" cellspacing="0" border="0" width="100%" id="E3i"><tr><td id="E3i-cell" width="1" height="15" style="width:100%;height:15px;line-height:15px"><img src="https://simg.ionos.com/2024/IONOS/DE/02/SPIN7385-CUCO-17503-DE/spacer.png" width="1" height="15" style="display:block;width:1px;height:15px;border:0" alt=" " border="0" id="E3i-p" /></td></tr></table><p id="E3o" style="padding:0 0 0 0;margin:0;text-align:left;line-height:26px"><font style="font-family:\'Overpass Regular\',\'Roboto\',Arial,sans-serif;font-size:15px;font-weight:normal;color:#465A75;line-height:26px" id="E3o-f"><a href="https://oc.ionos.de?lt=service_sb_hp_domains&target=https%3A%2F%2Fwww.ionos.de%2Fdomains%2Fdomain-registrieren%3Futm_medium%3Dservice_box%26utm_source%3Dmail&utm_rid=657c3292-c40b-4f61-bc2b-64fdac2dc2be" id="E3m" target="_blank" style="color:#465A75;text-decoration:none" >Domains &amp; SSL</a></font></p><p id="E3s" style="padding:0 0 0 0;margin:0;text-align:left;line-height:26px"><font style="font-family:\'Overpass Regular\',\'Roboto\',Arial,sans-serif;font-size:15px;font-weight:normal;color:#465A75;line-height:26px" id="E3s-f"><a href="https://oc.ionos.de?lt=service_sb_hp_email&target=https%3A%2F%2Fwww.ionos.de%2Foffice-loesungen%2Feigene-email-adresse%3Futm_medium%3Dservice_box%26utm_source%3Dmail&utm_rid=657c3292-c40b-4f61-bc2b-64fdac2dc2be" id="E3q" target="_blank" style="color:#465A75;text-decoration:none" >E-Mail &amp; Office</a></font></p><p id="E3w" style="padding:0 0 0 0;margin:0;text-align:left;line-height:26px"><font style="font-family:\'Overpass Regular\',\'Roboto\',Arial,sans-serif;font-size:15px;font-weight:normal;color:#465A75;line-height:26px" id="E3w-f"><a href="https://oc.ionos.de?lt=service_sb_hp_website_shops&target=https%3A%2F%2Fwww.ionos.de%2Fwebsites%2Fhomepage-erstellen%3Futm_medium%3Dservice_box%26utm_source%3Dmail&utm_rid=657c3292-c40b-4f61-bc2b-64fdac2dc2be" id="E3u" target="_blank" style="color:#465A75;text-decoration:none" >Websites &amp; Shops</a></font></p><p id="E40" style="padding:0 0 0 0;margin:0;text-align:left;line-height:26px"><font style="font-family:\'Overpass Regular\',\'Roboto\',Arial,sans-serif;font-size:15px;font-weight:normal;color:#465A75;line-height:26px" id="E40-f"><a href="https://oc.ionos.de?lt=service_sb_hp_hosting&target=https%3A%2F%2Fwww.ionos.de%2Fhosting%2Fwebhosting%3Futm_medium%3Dservice_box%26utm_source%3Dmail&utm_rid=657c3292-c40b-4f61-bc2b-64fdac2dc2be" id="E3y" target="_blank" style="color:#465A75;text-decoration:none" >Hosting</a></font></p><p id="E44" style="padding:0 0 0 0;margin:0;text-align:left;line-height:26px"><font style="font-family:\'Overpass Regular\',\'Roboto\',Arial,sans-serif;font-size:15px;font-weight:normal;color:#465A75;line-height:26px" id="E44-f"><a href="https://oc.ionos.de?lt=service_sb_hp_server_cloud_pro&target=https%3A%2F%2Fwww.ionos.de%2Fpro%2F%3Futm_medium%3Dservice_box%26utm_source%3Dmail&utm_rid=657c3292-c40b-4f61-bc2b-64fdac2dc2be" id="E42" target="_blank" style="color:#465A75;text-decoration:none" >Server &amp; Cloud</a></font></p><p id="E48" style="padding:0 0 0 0;margin:0;text-align:left;line-height:26px"><font style="font-family:\'Overpass Regular\',\'Roboto\',Arial,sans-serif;font-size:15px;font-weight:normal;color:#465A75;line-height:26px" id="E48-f"><a href="https://oc.ionos.de?lt=service_sb_hp_online_marketing&target=https%3A%2F%2Fwww.ionos.de%2Fmarketing%2Fonline-vermarkten&utm_rid=657c3292-c40b-4f61-bc2b-64fdac2dc2be" id="E46" target="_blank" style="color:#465A75;text-decoration:none" >Online Marketing</a></font></p></div></td><td id="E7n" width="20" style="min-width:20px;width:20px;line-height:1px;font-size:0px"><img src="https://simg.ionos.com/2024/IONOS/DE/02/SPIN7385-CUCO-17503-DE/spacer.png" width="20" height="1" style="display:block;width:20px;height:1px;border:0" alt=" " border="0" id="E7n-p" /></td><td id="E7o" width="40%" align="left" valign="top" style="min-width:40%;width:40%"><div id="E7k" name="cols-mediasize" style="display:inline-block"><p id="E4a" style="padding:0 0 0 0;margin:0;text-align:left;line-height:20px"><font style="font-family:\'Overpass Regular\',\'Roboto\',Arial,sans-serif;font-size:15px;font-weight:600;color:#465A75;line-height:20px" id="E4a-f" >Support</font></p><table cellpadding="0" cellspacing="0" border="0" width="100%" id="E4e"><tr><td id="E4e-cell" width="1" height="10" style="width:100%;height:10px;line-height:10px"><img src="https://simg.ionos.com/2024/IONOS/DE/02/SPIN7385-CUCO-17503-DE/spacer.png" width="1" height="10" style="display:block;width:1px;height:10px;border:0" alt=" " border="0" id="E4e-p" /></td></tr></table><table cellpadding="0" cellspacing="0" border="0" width="100%" id="E4c"><tr><td id="E4c-cell" width="1" height="15" style="width:100%;height:15px;line-height:15px"><img src="https://simg.ionos.com/2024/IONOS/DE/02/SPIN7385-CUCO-17503-DE/spacer.png" width="1" height="15" style="display:block;width:1px;height:15px;border:0" alt=" " border="0" id="E4c-p" /></td></tr></table><p id="E4i" style="padding:0 0 0 0;margin:0;text-align:left;line-height:26px"><font style="font-family:\'Overpass Regular\',\'Roboto\',Arial,sans-serif;font-size:15px;font-weight:normal;color:#465A75;line-height:26px" id="E4i-f"><a href="https://oc.ionos.de?lt=service_sb_hc&target=https%3A%2F%2Fwww.ionos.de%2Fhilfe%3Futm_medium%3Dservice_box%26utm_source%3Dmail&utm_rid=657c3292-c40b-4f61-bc2b-64fdac2dc2be" id="E4g" target="_blank" style="color:#465A75;text-decoration:none" >Hilfe-Center</a></font></p><p id="E4m" style="padding:0 0 0 0;margin:0;text-align:left;line-height:26px"><font style="font-family:\'Overpass Regular\',\'Roboto\',Arial,sans-serif;font-size:15px;font-weight:normal;color:#465A75;line-height:26px" id="E4m-f"><a href="https://oc.ionos.de?lt=service_sb_cp_contact&target=https%3A%2F%2Fmein.ionos.de%2Fsupport%2Fcontact%3Futm_medium%3Dservice_box%26utm_source%3Dmail&utm_rid=657c3292-c40b-4f61-bc2b-64fdac2dc2be" id="E4k" target="_blank" style="color:#465A75;text-decoration:none" >Kontakt</a></font></p><p id="E4q" style="padding:0 0 0 0;margin:0;text-align:left;line-height:26px"><font style="font-family:\'Overpass Regular\',\'Roboto\',Arial,sans-serif;font-size:15px;font-weight:normal;color:#465A75;line-height:26px" id="E4q-f"><a href="https://oc.ionos.de?lt=service_sb_hp_digitalguide&target=https%3A%2F%2Fwww.ionos.de%2Fdigitalguide%3Futm_medium%3Dservice_box%26utm_source%3Dmail&utm_rid=657c3292-c40b-4f61-bc2b-64fdac2dc2be" id="E4o" target="_blank" style="color:#465A75;text-decoration:none" >Digital Guide</a></font></p><p id="E4u" style="padding:0 0 0 0;margin:0;text-align:left;line-height:26px"><font style="font-family:\'Overpass Regular\',\'Roboto\',Arial,sans-serif;font-size:15px;font-weight:normal;color:#465A75;line-height:26px" id="E4u-f"><a href="https://oc.ionos.de?lt=service_sb_hp_terms_privacy&target=https%3A%2F%2Fwww.ionos.de%2Fterms-gtc%2Fterms-privacy&utm_rid=657c3292-c40b-4f61-bc2b-64fdac2dc2be" id="E4s" target="_blank" style="color:#465A75;text-decoration:none" >Datenschutz / AGB</a></font></p><p id="E4y" style="padding:0 0 0 0;margin:0;text-align:left;line-height:26px"><font style="font-family:\'Overpass Regular\',\'Roboto\',Arial,sans-serif;font-size:15px;font-weight:normal;color:#465A75;line-height:26px" id="E4y-f"><a href="https://oc.ionos.de?lt=service_sb_aklamio&target=https%3A%2F%2Fionos.aklamio.com%2Fde-de%3Fsource%3DAKLA050D&utm_rid=657c3292-c40b-4f61-bc2b-64fdac2dc2be" id="E4w" target="_blank" style="color:#465A75;text-decoration:none" >Kunden werben Kunden (powered by Aklamio)</a></font></p><p id="E52" style="padding:0 0 0 0;margin:0;text-align:left;line-height:26px"><font style="font-family:\'Overpass Regular\',\'Roboto\',Arial,sans-serif;font-size:15px;font-weight:normal;color:#465A75;line-height:26px" id="E52-f"><a href="https://oc.ionos.de?lt=service_sb_hp_partnerprogramm&target=https%3A%2F%2Fwww.ionos.de%2Fpartner%3Futm_medium%3Dservice_box%26utm_source%3Dmail&utm_rid=657c3292-c40b-4f61-bc2b-64fdac2dc2be" id="E50" target="_blank" style="color:#465A75;text-decoration:none" >Partnerprogramm</a></font></p></div></td><td id="E7p" width="20" style="min-width:20px;width:20px;line-height:1px;font-size:0px"><img src="https://simg.ionos.com/2024/IONOS/DE/02/SPIN7385-CUCO-17503-DE/spacer.png" width="20" height="1" style="display:block;width:20px;height:1px;border:0" alt=" " border="0" id="E7p-p" /></td><td id="E7q" width="20%" align="right" valign="top" style="min-width:20%;width:20%"><div id="E7l" name="cols-mediasize" style="display:inline-block"><table id="E7e" cellpadding="0" cellspacing="0" border="0" style="display:inline-block;border-spacing:0"><tr valign="top"><td id="E7g" align="center"><table id="E55" cellpadding="0" cellspacing="0" border="0" width="100" style="width:100px;border-spacing:0"><tr valign="top"><td id="E58" width="100%" align="left" style="min-width:100%;width:100%"><a href="https://oc.ionos.de?lt=service_sb_logo&target=https%3A%2F%2Fionos.de%2Fneue-marke&utm_rid=657c3292-c40b-4f61-bc2b-64fdac2dc2be" id="E5a" target="_blank" style="color:#465A75;text-decoration:none;margin:0;line-height:0"><img src="https://simg.ionos.com/2024/IONOS/DE/02/SPIN7385-CUCO-17503-DE/service-logo.png" border="0" title="IONOS" alt="IONOS " id="E58-i" width="100" style="color:#465A75;margin:0;border:0;font-size:15px;line-height:0;display:block;width:100%;padding:0" /></a></td></tr></table><table cellpadding="0" cellspacing="0" border="0" name="vspace-bottom-image" width="100%" id="E5g"><tr><td id="E5g-cell" width="1" height="20" style="width:100%;height:20px;line-height:20px"><img src="https://simg.ionos.com/2024/IONOS/DE/02/SPIN7385-CUCO-17503-DE/spacer.png" width="1" height="20" style="display:block;width:1px;height:20px;border:0" alt=" " border="0" id="E5g-p" /></td></tr></table><table id="E5p" cellpadding="0" cellspacing="0" border="0" style="border-spacing:0"><tr valign="top"><td id="E5r" width="20" align="left" height="20" style="line-height:20px;min-width:20px;width:20px;min-height:20px;height:20px"><a href="https://oc.ionos.de?lt=service_sb_swyn_facebook&target=https%3A%2F%2Fionos.ly%2FIONOS_FB_DE&utm_rid=657c3292-c40b-4f61-bc2b-64fdac2dc2be" id="E5t" target="_blank" style="color:#ffffff;text-decoration:none;margin:0;line-height:0"><img src="https://simg.ionos.com/2024/IONOS/DE/02/SPIN7385-CUCO-17503-DE/social-facebook.png" border="0" title="Facebook" alt="Facebook " id="E5r-i" width="20" height="20" style="color:#ffffff;margin:0;border:0;font-size:15px;line-height:0;display:block;width:20px;height:20px;padding:0" /></a></td><td id="E5y" width="10" style="min-width:10px;width:10px;line-height:1px;font-size:0px"><img src="https://simg.ionos.com/2024/IONOS/DE/02/SPIN7385-CUCO-17503-DE/spacer.png" width="10" height="1" style="display:block;width:10px;height:1px;border:0" alt=" " border="0" id="E5y-p" /></td><td id="E5z" width="20" align="left" height="20" style="line-height:20px;min-width:20px;width:20px;min-height:20px;height:20px"><a href="https://oc.ionos.de?lt=service_sb_swyn_youtube&target=https%3A%2F%2Fionos.ly%2FIONOS_YT_DE&utm_rid=657c3292-c40b-4f61-bc2b-64fdac2dc2be" id="E61" target="_blank" style="color:#ffffff;text-decoration:none;margin:0;line-height:0"><img src="https://simg.ionos.com/2024/IONOS/DE/02/SPIN7385-CUCO-17503-DE/social-youtube.png" border="0" title="YouTube" alt="YouTube " id="E5z-i" width="20" height="20" style="color:#ffffff;margin:0;border:0;font-size:15px;line-height:0;display:block;width:20px;height:20px;padding:0" /></a></td><td id="E66" width="10" style="min-width:10px;width:10px;line-height:1px;font-size:0px"><img src="https://simg.ionos.com/2024/IONOS/DE/02/SPIN7385-CUCO-17503-DE/spacer.png" width="10" height="1" style="display:block;width:10px;height:1px;border:0" alt=" " border="0" id="E66-p" /></td><td id="E67" width="20" align="left" height="20" style="line-height:20px;min-width:20px;width:20px;min-height:20px;height:20px"><a href="https://oc.ionos.de?lt=service_sb_swyn_linkedin&target=https%3A%2F%2Fionos.ly%2FIONOS_IN&utm_rid=657c3292-c40b-4f61-bc2b-64fdac2dc2be" id="E69" target="_blank" style="color:#ffffff;text-decoration:none;margin:0;line-height:0"><img src="https://simg.ionos.com/2024/IONOS/DE/02/SPIN7385-CUCO-17503-DE/social-linkedin.png" border="0" title="LinkedIN" alt="LinkedIN " id="E67-i" width="20" height="20" style="color:#ffffff;margin:0;border:0;font-size:15px;line-height:0;display:block;width:20px;height:20px;padding:0" /></a></td></tr></table><table cellpadding="0" cellspacing="0" border="0" width="100%" id="E6f"><tr><td id="E6f-cell" width="1" height="20" style="width:100%;height:20px;line-height:20px"><img src="https://simg.ionos.com/2024/IONOS/DE/02/SPIN7385-CUCO-17503-DE/spacer.png" width="1" height="20" style="display:block;width:1px;height:20px;border:0" alt=" " border="0" id="E6f-p" /></td></tr></table><table id="E6t" cellpadding="0" cellspacing="0" border="0" width="100%" style="width:100%;border-spacing:0"><tr valign="top"><td id="E6v" align="left"><table id="E6i" cellpadding="0" cellspacing="0" border="0" width="80" style="width:80px;display:inline-block;border-spacing:0"><tr valign="top"><td id="E6k" width="100%" align="left" style="min-width:100%;width:100%"><a href="https://oc.ionos.de?lt=service_sb_appstore_apple&target=https%3A%2F%2Fapps.apple.com%2Fapp%2Fapple-store%2Fid1080444849%3Fct%3Dmail.generic%26mt%3D8%26pt%3D119330501&utm_rid=657c3292-c40b-4f61-bc2b-64fdac2dc2be" id="E6m" target="_blank" style="color:#465A75;text-decoration:none;margin:0;line-height:0"><img src="https://simg.ionos.com/2024/IONOS/DE/02/SPIN7385-CUCO-17503-DE/apps-apple.png" border="0" title="Download on the app store" alt="Download on the app store " id="E6k-i" width="80" style="color:#465A75;margin:0;border:0;font-size:15px;line-height:0;display:block;width:100%;padding:0" /></a></td></tr></table></td></tr></table><table cellpadding="0" cellspacing="0" border="0" name="vspace-bottom-image" width="100%" id="E6x"><tr><td id="E6x-cell" width="1" height="10" style="width:100%;height:10px;line-height:10px"><img src="https://simg.ionos.com/2024/IONOS/DE/02/SPIN7385-CUCO-17503-DE/spacer.png" width="1" height="10" style="display:block;width:1px;height:10px;border:0" alt=" " border="0" id="E6x-p" /></td></tr></table><table id="E7b" cellpadding="0" cellspacing="0" border="0" width="100%" style="width:100%;border-spacing:0"><tr valign="top"><td id="E7d" align="left"><table id="E70" cellpadding="0" cellspacing="0" border="0" width="80" style="width:80px;display:inline-block;border-spacing:0"><tr valign="top"><td id="E72" width="100%" align="left" style="min-width:100%;width:100%"><a href="https://oc.ionos.de?lt=service_sb_appstore_google&target=https%3A%2F%2Fplay.google.com%2Fstore%2Fapps%2Fdetails%3Fid%3Dcom.oneandone.ciso.mobile.app.android%26referrer%3Dutm_source%253Dmail%2526utm_campaign%253Dgeneric&utm_rid=657c3292-c40b-4f61-bc2b-64fdac2dc2be" id="E74" target="_blank" style="color:#465A75;text-decoration:none;margin:0;line-height:0"><img src="https://simg.ionos.com/2024/IONOS/DE/02/SPIN7385-CUCO-17503-DE/apps-google.png" border="0" title="Get it on Google Play" alt="Get it on Google Play " id="E72-i" width="80" style="color:#465A75;margin:0;border:0;font-size:15px;line-height:0;display:block;width:100%;padding:0" /></a></td></tr></table></td></tr></table></td></tr></table></div></td></tr></table></td><td id="E7v" width="25" style="min-width:25px;width:25px;line-height:1px;font-size:0px"><img src="https://simg.ionos.com/2024/IONOS/DE/02/SPIN7385-CUCO-17503-DE/spacer.png" width="25" height="1" style="display:block;width:25px;height:1px;border:0" alt=" " border="0" id="E7v-p" /></td></tr></table><table cellpadding="0" cellspacing="0" border="0" name="vspace-padding-bottom-serviceblock" width="100%" id="E7z"><tr><td id="E7z-cell" width="1" height="25" style="width:100%;height:25px;line-height:25px"><img src="https://simg.ionos.com/2024/IONOS/DE/02/SPIN7385-CUCO-17503-DE/spacer.png" width="1" height="25" style="display:block;width:1px;height:25px;border:0" alt=" " border="0" id="E7z-p" /></td></tr></table></td></tr></table><table cellpadding="0" cellspacing="0" border="0" name="vspace-bottom-serviceblock" width="100%" id="E84"><tr><td id="E84-cell" width="1" height="12" style="width:100%;height:12px;line-height:12px"><img src="https://simg.ionos.com/2024/IONOS/DE/02/SPIN7385-CUCO-17503-DE/spacer.png" width="1" height="12" style="display:block;width:1px;height:12px;border:0" alt=" " border="0" id="E84-p" /></td></tr></table><table id="Ecf" cellpadding="0" cellspacing="0" border="0" width="100%" bgcolor="#F2F5F8" style="width:100%;border-radius:8px 8px 8px 8px;border-spacing:0;background-color:#F2F5F8"><tr valign="top"><td id="Ech" align="left"><table id="Ebz" cellpadding="0" cellspacing="0" border="0" style="border-spacing:0"><tr valign="top"><td id="Ec1" width="580" style="min-width:580px;width:580px;line-height:1px;font-size:0px"><img src="https://simg.ionos.com/2024/IONOS/DE/02/SPIN7385-CUCO-17503-DE/spacer.png" width="580" height="1" style="display:block;width:580px;height:1px;border:0" alt=" " border="0" id="Ec1-p" /></td></tr></table><table cellpadding="0" cellspacing="0" border="0" name="vspace-padding-top-section" width="100%" id="Ecc"><tr><td id="Ecc-cell" width="1" height="25" style="width:100%;height:25px;line-height:25px"><img src="https://simg.ionos.com/2024/IONOS/DE/02/SPIN7385-CUCO-17503-DE/spacer.png" width="1" height="25" style="display:block;width:1px;height:25px;border:0" alt=" " border="0" id="Ecc-p" /></td></tr></table><table id="Ec6" cellpadding="0" cellspacing="0" border="0" width="100%" style="width:100%;border-spacing:0"><tr valign="top"><td id="Ec8" width="20" style="min-width:20px;width:20px;line-height:1px;font-size:0px"><img src="https://simg.ionos.com/2024/IONOS/DE/02/SPIN7385-CUCO-17503-DE/spacer.png" width="20" height="1" style="display:block;width:20px;height:1px;border:0" alt=" " border="0" id="Ec8-p" /></td><td id="Ec9" align="left"><p class="fpara" id="Ec3" style="padding:0 0 0 0;margin:0;text-align:left;line-height:18px"><font style="font-family:\'Open Sans\',\'Google Sans\',Arial,sans-serif;font-size:14px;font-weight:normal;color:#465A75;line-height:18px" id="Ec3-f" >IONOS SE
<br/>Elgendorfer Strae 57
<br/>56410 Montabaur
<br/>
<br/>Hauptsitz Montabaur, Amtsgericht Montabaur, HRB 24498
<br/>Umsatzsteuer-IdentNummer: IONOS SE: DE815563912
<br/>E-Mail-Adresse der IONOS SE: info@ionos.de
<br/>
<br/>Vorstand: Hseyin Dogan, Claudia Frese, Arthur Mai, Dr. Markus Noga, Dr. Jens-Christian Reich, Britta Schmidt, Achim Wei
<br/>Aufsichtsratsvorsitzender: Sven Fritz</font></p><table cellpadding="0" cellspacing="0" border="0" width="100%" id="Ec5"><tr><td id="Ec5-cell" width="1" height="15" style="width:100%;height:15px;line-height:15px"><img src="https://simg.ionos.com/2024/IONOS/DE/02/SPIN7385-CUCO-17503-DE/spacer.png" width="1" height="15" style="display:block;width:1px;height:15px;border:0" alt=" " border="0" id="Ec5-p" /></td></tr></table></td><td id="Eca" width="20" style="min-width:20px;width:20px;line-height:1px;font-size:0px"><img src="https://simg.ionos.com/2024/IONOS/DE/02/SPIN7385-CUCO-17503-DE/spacer.png" width="20" height="1" style="display:block;width:20px;height:1px;border:0" alt=" " border="0" id="Eca-p" /></td></tr></table><table cellpadding="0" cellspacing="0" border="0" name="vspace-padding-bottom-section" width="100%" id="Ece"><tr><td id="Ece-cell" width="1" height="25" style="width:100%;height:25px;line-height:25px"><img src="https://simg.ionos.com/2024/IONOS/DE/02/SPIN7385-CUCO-17503-DE/spacer.png" width="1" height="25" style="display:block;width:1px;height:25px;border:0" alt=" " border="0" id="Ece-p" /></td></tr></table></td></tr></table><table cellpadding="0" cellspacing="0" border="0" name="vspace-top-section" width="100%" id="Ecm"><tr><td id="Ecm-cell" width="1" height="10" style="width:100%;height:10px;line-height:10px"><img src="https://simg.ionos.com/2024/IONOS/DE/02/SPIN7385-CUCO-17503-DE/spacer.png" width="1" height="10" style="display:block;width:1px;height:10px;border:0" alt=" " border="0" id="Ecm-p" /></td></tr></table><p id="Eck" style="padding:0 0 0 0;margin:0;text-align:center;line-height:14px"><font style="font-family:\'Open Sans\',\'Google Sans\',Arial,sans-serif;font-size:11px;font-weight:normal;color:#465A75;line-height:14px" id="Eck-f" >7385-17503-DE</font></p></td></tr></table><img src="https://oc.ionos.de/?utm_rid=657c3292-c40b-4f61-bc2b-64fdac2dc2be" id="CountPixel" width="1" height="1" style="width:1px;height:1px;" /><!-- Revision: 53, generated on 29.02.2024 21:52:00. Encoding: UTF-8 --></div></div></body></html><br><br>', 'UTF-8', '1', '0', '0', '<1805352046.13679932.1716666499180@cskuttermwbspigeon03.mw.server.lan>', '1', '1', '1716828843', NULL, 'INBOX' ),
( '1', '["noreply@ionos.de"]', '["info@x2tree.de"]', '[]', '[]', '1716782270', 'Tglicher Spambericht Mailbox info@x2tree.de Ordner Spam', 'Ihr Ordner Spam enthlt eine neue Nachricht.

Nachrichten in diesem Ordner werden nach 30 Tagen
automatisch gelscht.

Falls Sie die Konfiguration Ihres Anti-Spam-Filters anpassen mchten, finden Sie weitere Informationen unter:
https://www.ionos.de/hilfe/index.php?id=2684

Zusammenfassung (maximal 20 Nachrichten):

 Absender: IT-Solutions4You <info@its4you.sk>
 Betreff: Welcome to the ITS4You e-shop
 Gre: 13,730

', 'UTF-8', '0', '0', '0', '<trinity-sys-MAILBOX-5a0582d2-b5a5-4b49-b893-1004c194de5f-1716782270927@systemmailsubmission-service-1and1-live-665d989c47-bjlwq>', '1', '2', '1716828843', NULL, 'INBOX' ),
( '1', '["mailer-daemon@kundenserver.de"]', '["info@x2tree.de"]', '[]', '[]', '1716828455', 'Mail delivery failed: returning message to sender', 'This message was created automatically by mail delivery software.

A message that you sent could not be delivered to one or more of
its recipients. This is a permanent error.

The following address failed:

    adm@local.com:
        SMTP error from remote server for RCPT TO command, host: aspmx.l.google.com (74.125.206.26) reason: 550-5.1.1 The email account that you tried to reach does not exist. Please
 try
550-5.1.1 double-checking the recipient\'s email address for typos or
550-5.1.1 unnecessary spaces. For more information, go to
550 5.1.1  https://support.google.com/mail/?p=NoSuchUser ffacd0b85a97d-355
86b0e425si4451806f8f.920 - gsmtp


--- The header of the original message is following. ---

DKIM-Signature: v=1; a=rsa-sha256; c=relaxed/relaxed; d=x2tree.de;
	s=s1-ionos; t=1716828454; x=1717433254; i=info@x2tree.de;
	bh=EjihJBdfd2WkyQ+8JqrGob259h32zzmoHS28jlYGxbY=;
	h=X-UI-Sender-Class:Date:To:From:Subject:Message-ID:MIME-Version:
	 Content-Type:cc:content-transfer-encoding:content-type:date:from:
	 message-id:mime-version:reply-to:subject:to;
	b=RRgCjcfRcYtVOWUbgOe+kZJLBBqvnI0o1STADb/PdWOjX1pwfKdSYu0Lr9w9AefR
	 U7ckBxCwK5QIVAEK7kuSN1D/D5PoqGAZWd7mO3kM9Gs2Iyphzona+QYCfrfqekWAa
	 D+hnqx1wQCBTHNrTiHZVpNKv3b8IghMyU2cVEdg6akRhPtxZhDi4yC+UOVhlzNIzS
	 ayDacPHa02WeNpQ57IsFGMh/l2rgyyH4X3WOSIBKDSIivb1vg78IV9yRymU2C8/2S
	 w5CQKgXCxhvDY0OV5ZEKwIX4r8/4+8V1dLsDs0RYxkx5EzY1H862Rm73Q35SCjPQg
	 ENf/Io6CfkFX529GHQ==
X-UI-Sender-Class: 55c96926-9e95-11ee-ae09-1f7a4046a0f6
Received: from crm.x2tree.de ([147.45.136.161]) by mrelayeu.kundenserver.de
 (mreue109 [213.165.67.113]) with ESMTPSA (Nemesis) id
 1N17gy-1sefwS2KVe-012ZAp for <adm@local.com>; Mon, 27 May 2024 18:47:34 +0200
Date: Mon, 27 May 2024 16:47:34 +0000
To: adm@local.com
From: Administrator <info@x2tree.de>
Subject: Test mail about the mail server configuration.
Message-ID: <4e0e0eecbc8096864ba15e5fd4e86557@crm.x2tree.de>
X-Mailer: PHPMailer 5.2.27 (https://github.com/PHPMailer/PHPMailer)
MIME-Version: 1.0
Content-Type: multipart/alternative;
	boundary="b1_4e0e0eecbc8096864ba15e5fd4e86557"
X-Provags-ID: V03:K1:cU4Nw5ENA5uF6JIW78MyZE99iqGDxeQpRV12XSTLGFpDKhiLd31
 s5i0HgNhN8D/nGDRlCebyUM+KXGi3bSPPBrkva/aImX0ptPJsiFh1DVwPwPw0CPgJn5kpFg
 49CH/7eyVtTKaVe7UOfvk4JzMqxzIMb2w3lK6uAkdr9DhWgiI47DuvEE+P4tOI6v/GLj50c
 jQ+SlNMKVbt0pss1SdOaA==
X-Spam-Flag: NO
UI-OutboundReport: notjunk:1;M01:P0:Ky6Eb5UQlHw=;rLFuouVGGd6tXWgH60Dmq/yN9o2
 qB4t38fjGJnU2Ubl/DYspsbfmyNW9nhqU7ClenxIL94wnf8I0evcDUy6/J162/r/L9hxNJXFE
 2gF6mUo0plvmcY04QsYVYBXuB+iSbqlmG5P32bkjohDu/sxH6y4lljIkdC1QNKlEb/hh2flxG
 higkMBRMgnHE3kNRXBAg82bZ2zmCTx7e+G3eeQSX+Oz/FIDrDR/kNlszKs/ydO6MWU64GhiOl
 i+NwymZOW6XvmPmOFlt1MTJxihDplzNEMkFANnYcTynJCgYSO640L66fwOQfYeISoLjJN8r2P
 REUZPGTIo2Cws2TiOD403i8scUVekEiqI3Dcno1SxDStJs1EUVjfTA0fcEkpptMi1XR227/2Z
 nQzlELtrjdHbSmytxskS8myV24ndKAiwcwXTTVlY7jC+1VqkG+09SiDGypqfCyFKE21jybqFl
 oWl5tRGW4+SmUJ+5dTQ9BBEiAThPAMtA/I+kA+SQ1G+al1sd8JsvkAV2f01PUszXsQ3A3aJg8
 Vk1KmcFCj63N5hyl1f4N0Hx63Is74t7yM/d43saZaovibWzLCtCKYPzI2H7Oyki7aW8lVuPxr
 RDfiFTLhvvmfxCL0o/i/uOXbS1aJLhyMTWQ1JqvmD++r3uojD0bUx+j7Or/x3NXJIM+0RH49D
 cxba17zNo9UfS1z8s6RAFIVtD96+YZHQ0quG8EJoZK3EY7cjgczi55E38ZAG8MoX7aqlJvr5q
 6wN5OBnWxmyhhSzcqIKmeEjqT63GANyLdC+R97vgmTBcxfCYaFt5XA=

Reporting-MTA:dns;kundenserver.de
Arrival-Date:Mon, 27 May 2024 18:47:34 +0200

Final-Recipient:rfc822;adm@local.com
Action:failed
Status:5.0.0
Final-Log-ID:1N17gy-1sefwS2KVe-012ZAp

DKIM-Signature: v=1; a=rsa-sha256; c=relaxed/relaxed; d=x2tree.de;
	s=s1-ionos; t=1716828454; x=1717433254; i=info@x2tree.de;
	bh=EjihJBdfd2WkyQ+8JqrGob259h32zzmoHS28jlYGxbY=;
	h=X-UI-Sender-Class:Date:To:From:Subject:Message-ID:MIME-Version:
	 Content-Type:cc:content-transfer-encoding:content-type:date:from:
	 message-id:mime-version:reply-to:subject:to;
	b=RRgCjcfRcYtVOWUbgOe+kZJLBBqvnI0o1STADb/PdWOjX1pwfKdSYu0Lr9w9AefR
	 U7ckBxCwK5QIVAEK7kuSN1D/D5PoqGAZWd7mO3kM9Gs2Iyphzona+QYCfrfqekWAa
	 D+hnqx1wQCBTHNrTiHZVpNKv3b8IghMyU2cVEdg6akRhPtxZhDi4yC+UOVhlzNIzS
	 ayDacPHa02WeNpQ57IsFGMh/l2rgyyH4X3WOSIBKDSIivb1vg78IV9yRymU2C8/2S
	 w5CQKgXCxhvDY0OV5ZEKwIX4r8/4+8V1dLsDs0RYxkx5EzY1H862Rm73Q35SCjPQg
	 ENf/Io6CfkFX529GHQ==
X-UI-Sender-Class: 55c96926-9e95-11ee-ae09-1f7a4046a0f6
Received: from crm.x2tree.de ([147.45.136.161]) by mrelayeu.kundenserver.de
 (mreue109 [213.165.67.113]) with ESMTPSA (Nemesis) id
 1N17gy-1sefwS2KVe-012ZAp for <adm@local.com>; Mon, 27 May 2024 18:47:34 +0200
Date: Mon, 27 May 2024 16:47:34 +0000
To: adm@local.com
From: Administrator <info@x2tree.de>
Subject: Test mail about the mail server configuration.
Message-ID: <4e0e0eecbc8096864ba15e5fd4e86557@crm.x2tree.de>
X-Mailer: PHPMailer 5.2.27 (https://github.com/PHPMailer/PHPMailer)
MIME-Version: 1.0
Content-Type: multipart/alternative;
	boundary="b1_4e0e0eecbc8096864ba15e5fd4e86557"
X-Provags-ID: V03:K1:cU4Nw5ENA5uF6JIW78MyZE99iqGDxeQpRV12XSTLGFpDKhiLd31
 s5i0HgNhN8D/nGDRlCebyUM+KXGi3bSPPBrkva/aImX0ptPJsiFh1DVwPwPw0CPgJn5kpFg
 49CH/7eyVtTKaVe7UOfvk4JzMqxzIMb2w3lK6uAkdr9DhWgiI47DuvEE+P4tOI6v/GLj50c
 jQ+SlNMKVbt0pss1SdOaA==
X-Spam-Flag: NO
UI-OutboundReport: notjunk:1;M01:P0:Ky6Eb5UQlHw=;rLFuouVGGd6tXWgH60Dmq/yN9o2
 qB4t38fjGJnU2Ubl/DYspsbfmyNW9nhqU7ClenxIL94wnf8I0evcDUy6/J162/r/L9hxNJXFE
 2gF6mUo0plvmcY04QsYVYBXuB+iSbqlmG5P32bkjohDu/sxH6y4lljIkdC1QNKlEb/hh2flxG
 higkMBRMgnHE3kNRXBAg82bZ2zmCTx7e+G3eeQSX+Oz/FIDrDR/kNlszKs/ydO6MWU64GhiOl
 i+NwymZOW6XvmPmOFlt1MTJxihDplzNEMkFANnYcTynJCgYSO640L66fwOQfYeISoLjJN8r2P
 REUZPGTIo2Cws2TiOD403i8scUVekEiqI3Dcno1SxDStJs1EUVjfTA0fcEkpptMi1XR227/2Z
 nQzlELtrjdHbSmytxskS8myV24ndKAiwcwXTTVlY7jC+1VqkG+09SiDGypqfCyFKE21jybqFl
 oWl5tRGW4+SmUJ+5dTQ9BBEiAThPAMtA/I+kA+SQ1G+al1sd8JsvkAV2f01PUszXsQ3A3aJg8
 Vk1KmcFCj63N5hyl1f4N0Hx63Is74t7yM/d43saZaovibWzLCtCKYPzI2H7Oyki7aW8lVuPxr
 RDfiFTLhvvmfxCL0o/i/uOXbS1aJLhyMTWQ1JqvmD++r3uojD0bUx+j7Or/x3NXJIM+0RH49D
 cxba17zNo9UfS1z8s6RAFIVtD96+YZHQ0quG8EJoZK3EY7cjgczi55E38ZAG8MoX7aqlJvr5q
 6wN5OBnWxmyhhSzcqIKmeEjqT63GANyLdC+R97vgmTBcxfCYaFt5XA=

', NULL, '0', '0', '0', '<1M9Wa2-1s67jX04nc-00EWEZ@kundenserver.de>', '1', '3', '1716828844', NULL, 'INBOX' );
COMMIT;
-- ---------------------------------------------------------


-- Dump data of "vtiger_mailmanager_mailrel" ---------------
-- ---------------------------------------------------------


-- Dump data of "vtiger_mailscanner" -----------------------
-- ---------------------------------------------------------


-- Dump data of "vtiger_mailscanner_actions" ---------------
-- ---------------------------------------------------------


-- Dump data of "vtiger_mailscanner_folders" ---------------
-- ---------------------------------------------------------


-- Dump data of "vtiger_mailscanner_ids" -------------------
BEGIN;

INSERT INTO `vtiger_mailscanner_ids`(`scannerid`,`messageid`,`crmid`,`refids`) VALUES 
( NULL, '<4aqsq6o9wfxd.rtmiviv19yky@2938899-do58159.twc1.net>', '22', NULL ),
( NULL, '<2l39s198qa3m.1immw5krhg08c@2938899-do58159.twc1.net>', '22', NULL ),
( NULL, '<51yfp4hul351.37j6twikshkw0@2938899-do58159.twc1.net>', '22', NULL ),
( NULL, '<4pol6xhixj52.2spf00mwuh6os@2938899-do58159.twc1.net>', '22', NULL ),
( NULL, '<6n0ouzd3m4rt.2nfn6mwpybeoc@2938899-do58159.twc1.net>', '22', NULL ),
( NULL, '<5axs5gtwqegh.gzsbsmdt6b7l@2938899-do58159.twc1.net>', '22', NULL ),
( NULL, '<67oi5r0ub2k2.1m5qxitsqxqdw@2938899-do58159.twc1.net>', '22', NULL ),
( NULL, '<31vnizdm9y9f.2gh1n1dm0jtww@2938899-do58159.twc1.net>', '22', NULL ),
( NULL, '<7cfde181siwj.lt6iofjibo0p@2938899-do58159.twc1.net>', '22', NULL ),
( NULL, '<4i9m2xudo0xg.1vd2hrsdt0cvd@2938899-do58159.twc1.net>', '22', NULL ),
( NULL, '<15xw9l9vug1h.1yviakx2p7r48@2938899-do58159.twc1.net>', '22', NULL ),
( NULL, '<3q5qxgkvc851.9qz2dfuqdpd8@2938899-do58159.twc1.net>', '22', NULL ),
( NULL, '<678cttf9uvf5.2hgah7s5r5q8o@2938899-do58159.twc1.net>', '22', NULL ),
( NULL, '<5c1ew8aybgm1.1po7wjwjw8fk0@2938899-do58159.twc1.net>', '22', NULL ),
( NULL, '<6yl690b5mi3l.leuerc3rgnc@2938899-do58159.twc1.net>', '22', NULL ),
( NULL, '<61z2ud4x6209.5d7e79ilx8hm@2938899-do58159.twc1.net>', '8', NULL ),
( NULL, '<38hh1uehq69d.2u3muudmjeyos@2938899-do58159.twc1.net>', '119', NULL ),
( NULL, '<5422qmkunmwx.3gibvlfb37wg4@2938899-do58159.twc1.net>', '8', NULL ),
( NULL, '<5roqi2vhhxoi.26h2pxappi1ws@2938899-do58159.twc1.net>', '8', NULL );
COMMIT;
-- ---------------------------------------------------------


-- Dump data of "vtiger_mailscanner_ruleactions" -----------
-- ---------------------------------------------------------


-- Dump data of "vtiger_mailscanner_rules" -----------------
-- ---------------------------------------------------------


-- Dump data of "vtiger_manufacturer" ----------------------
BEGIN;

INSERT INTO `vtiger_manufacturer`(`manufacturerid`,`manufacturer`,`presence`,`picklist_valueid`,`sortorderid`,`color`) VALUES 
( '2', 'AltvetPet Inc.', '1', '124', '1', NULL ),
( '3', 'LexPon Inc.', '1', '125', '2', NULL ),
( '4', 'MetBeat Corp', '1', '126', '3', NULL );
COMMIT;
-- ---------------------------------------------------------


-- Dump data of "vtiger_manufacturer_seq" ------------------
BEGIN;

INSERT INTO `vtiger_manufacturer_seq`(`id`) VALUES 
( '4' );
COMMIT;
-- ---------------------------------------------------------


-- Dump data of "vtiger_mobile_alerts" ---------------------
BEGIN;

INSERT INTO `vtiger_mobile_alerts`(`id`,`handler_path`,`handler_class`,`sequence`,`deleted`) VALUES 
( '1', 'modules/Mobile/api/ws/models/alerts/IdleTicketsOfMine.php', 'Mobile_WS_AlertModel_IdleTicketsOfMine', NULL, '0' ),
( '2', 'modules/Mobile/api/ws/models/alerts/NewTicketOfMine.php', 'Mobile_WS_AlertModel_NewTicketOfMine', NULL, '0' ),
( '3', 'modules/Mobile/api/ws/models/alerts/PendingTicketsOfMine.php', 'Mobile_WS_AlertModel_PendingTicketsOfMine', NULL, '0' ),
( '4', 'modules/Mobile/api/ws/models/alerts/PotentialsDueIn5Days.php', 'Mobile_WS_AlertModel_PotentialsDueIn5Days', NULL, '0' ),
( '5', 'modules/Mobile/api/ws/models/alerts/EventsOfMineToday.php', 'Mobile_WS_AlertModel_EventsOfMineToday', NULL, '0' ),
( '6', 'modules/Mobile/api/ws/models/alerts/ProjectTasksOfMine.php', 'Mobile_WS_AlertModel_ProjectTasksOfMine', NULL, '0' ),
( '7', 'modules/Mobile/api/ws/models/alerts/Projects.php', 'Mobile_WS_AlertModel_Projects', NULL, '0' );
COMMIT;
-- ---------------------------------------------------------


-- Dump data of "vtiger_modcomments" -----------------------
BEGIN;

INSERT INTO `vtiger_modcomments`(`modcommentsid`,`commentcontent`,`related_to`,`parent_comments`,`customer`,`userid`,`reasontoedit`,`is_private`,`filename`,`related_email_id`) VALUES 
( '102', 'BET 100', '60', '0', '0', '1', '', '0', '0', '0' ),
( '103', 'BET 200 - check', '60', '0', '0', '1', '', '0', '0', '0' ),
( '105', 'HH', '58', '0', '0', '1', '', '0', '0', '0' ),
( NULL, 'BET NEW', '60', '0', '0', '1', NULL, '0', '0', '0' );
COMMIT;
-- ---------------------------------------------------------


-- Dump data of "vtiger_modcommentscf" ---------------------
BEGIN;

INSERT INTO `vtiger_modcommentscf`(`modcommentsid`) VALUES 
( '102' ),
( '103' ),
( '105' );
COMMIT;
-- ---------------------------------------------------------


-- Dump data of "vtiger_modentity_num" ---------------------
BEGIN;

INSERT INTO `vtiger_modentity_num`(`num_id`,`semodule`,`prefix`,`start_id`,`cur_id`,`active`) VALUES 
( '1', 'Leads', 'LEA', '1', '9', '1' ),
( '2', 'Accounts', 'ACC', '1', '2', '1' ),
( '3', 'Campaigns', 'CAM', '1', '1', '1' ),
( '4', 'Contacts', 'CON', '1', '9', '1' ),
( '5', 'Potentials', 'POT', '1', '11', '1' ),
( '6', 'HelpDesk', 'TT', '1', '2', '1' ),
( '7', 'Quotes', 'QUO', '1', '3', '1' ),
( '8', 'SalesOrder', 'SO', '1', '3', '1' ),
( '9', 'PurchaseOrder', 'PO', '1', '1', '1' ),
( '10', 'Invoice', 'INV', '1', '16', '1' ),
( '11', 'Products', 'PRO', '1', '6', '1' ),
( '12', 'Vendors', 'VEN', '1', '1', '1' ),
( '13', 'PriceBooks', 'PB', '1', '1', '1' ),
( '14', 'Faq', 'FAQ', '1', '1', '1' ),
( '15', 'Documents', 'DOC', '1', '5', '1' ),
( '16', 'ServiceContracts', 'SERCON', '1', '5', '1' ),
( '17', 'Services', 'SER', '1', '2', '1' ),
( '18', 'ProjectMilestone', 'PM', '1', '1', '1' ),
( '19', 'ProjectTask', 'PT', '1', '1', '1' ),
( '20', 'Project', 'PROJ', '1', '1', '1' ),
( '21', 'Assets', 'ASSET', '1', '1', '1' ),
( '23', 'CustomPayments', 'CU', '1', '4', '1' ),
( '24', 'VTEPayments', 'PAY', '1', '13', '1' );
COMMIT;
-- ---------------------------------------------------------


-- Dump data of "vtiger_modentity_num_seq" -----------------
BEGIN;

INSERT INTO `vtiger_modentity_num_seq`(`id`) VALUES 
( '24' );
COMMIT;
-- ---------------------------------------------------------


-- Dump data of "vtiger_modtracker_basic" ------------------
BEGIN;

INSERT INTO `vtiger_modtracker_basic`(`id`,`crmid`,`module`,`whodid`,`changedon`,`status`) VALUES 
( '1', '2', 'Accounts', '1', '2024-05-25 22:24:21', '2' ),
( '2', '3', 'Products', '1', '2024-05-25 22:25:26', '2' ),
( '3', '2', 'Accounts', '1', '2024-05-25 22:25:58', '0' ),
( '4', '2', 'Accounts', '1', '2024-05-25 22:26:27', '0' ),
( '5', '4', 'Contacts', '1', '2024-05-25 22:26:58', '2' ),
( '6', '5', 'SalesOrder', '1', '2024-05-25 22:28:10', '2' ),
( '7', '7', 'Leads', '1', '2024-05-28 17:15:29', '2' ),
( '8', '8', 'Leads', '1', '2024-05-28 17:18:40', '2' ),
( '9', '3', 'Products', '7', '2024-05-29 13:17:30', '0' ),
( '10', '3', 'Products', '1', '2024-06-01 09:28:01', '0' ),
( '11', '3', 'Products', '1', '2024-06-01 09:28:22', '0' ),
( '12', '3', 'Products', '1', '2024-06-01 09:29:20', '0' ),
( '13', '4', 'Contacts', '1', '2024-06-01 09:39:55', '0' ),
( '14', '9', 'Emails', '1', '2024-06-01 09:45:01', '2' ),
( '15', '4', 'Contacts', '1', '2024-06-01 09:45:01', '4' ),
( '16', '9', 'Emails', '1', '2024-06-01 09:45:02', '1' ),
( '17', '5', 'SalesOrder', '1', '2024-06-01 09:51:44', '0' ),
( '18', '5', 'SalesOrder', '1', '2024-06-01 09:52:21', '0' ),
( '19', '5', 'SalesOrder', '1', '2024-06-01 09:52:53', '0' ),
( '20', '5', 'SalesOrder', '1', '2024-06-01 09:53:02', '0' ),
( '21', '5', 'SalesOrder', '1', '2024-06-01 09:53:22', '0' ),
( '22', '5', 'SalesOrder', '1', '2024-06-01 09:53:34', '0' ),
( '23', '5', 'SalesOrder', '1', '2024-06-01 10:17:12', '1' ),
( '24', '10', 'Quotes', '1', '2024-06-01 10:21:23', '2' ),
( '25', '11', 'SalesOrder', '1', '2024-06-01 10:22:47', '2' ),
( '26', '12', 'Invoice', '1', '2024-06-01 10:27:00', '2' ),
( '27', '12', 'Invoice', '1', '2024-06-01 10:28:28', '0' ),
( '28', '13', 'Quotes', '1', '2024-06-01 10:50:59', '2' ),
( '29', '12', 'Invoice', '1', '2024-06-01 10:54:43', '0' ),
( '30', '10', 'Quotes', '1', '2024-06-01 15:12:10', '1' ),
( '31', '13', 'Quotes', '1', '2024-06-01 15:12:39', '1' ),
( '32', '16', 'Products', '1', '2024-06-01 15:22:50', '2' ),
( '33', '16', 'Products', '1', '2024-06-01 15:23:45', '0' ),
( '34', '17', 'Potentials', '1', '2024-06-01 15:27:47', '2' ),
( '35', '18', 'Emails', '1', '2024-06-01 15:30:01', '2' ),
( '36', '17', 'Potentials', '1', '2024-06-01 15:30:01', '4' ),
( '37', '18', 'Emails', '1', '2024-06-01 15:30:02', '1' ),
( '38', '17', 'Potentials', '1', '2024-06-01 15:32:44', '0' ),
( '39', '19', 'CustomPayments', '1', '2024-06-01 15:38:07', '2' ),
( '40', '17', 'Potentials', '1', '2024-06-01 15:38:07', '4' ),
( '41', '19', 'CustomPayments', '1', '2024-06-01 15:41:52', '0' ),
( '42', '20', 'Invoice', '1', '2024-06-01 16:22:17', '2' ),
( '43', '17', 'Potentials', '1', '2024-06-01 16:22:17', '4' ),
( '44', '20', 'Invoice', '1', '2024-06-01 16:24:34', '0' ),
( '45', '20', 'Invoice', '1', '2024-06-01 16:43:31', '0' ),
( '46', '20', 'Invoice', '1', '2024-06-01 16:43:42', '0' ),
( '47', '21', 'Leads', '1', '2024-06-01 17:46:21', '2' ),
( '48', '21', 'Leads', '1', '2024-06-01 17:47:03', '1' ),
( '49', '22', 'Leads', '1', '2024-06-01 17:48:10', '2' ),
( '50', '22', 'Leads', '1', '2024-06-01 17:56:26', '0' ),
( '51', '22', 'Leads', '1', '2024-06-01 17:56:32', '0' ),
( '52', '23', 'Emails', '1', '2024-06-01 18:00:01', '2' ),
( '53', '22', 'Leads', '1', '2024-06-01 18:00:01', '4' ),
( '54', '24', 'Emails', '1', '2024-06-01 18:00:02', '2' ),
( '55', '22', 'Leads', '1', '2024-06-01 18:00:02', '4' ),
( '56', '22', 'Leads', '1', '2024-06-01 18:00:58', '0' ),
( '57', '22', 'Leads', '1', '2024-06-01 18:01:07', '0' ),
( '58', '22', 'Leads', '1', '2024-06-01 18:06:47', '0' ),
( '59', '22', 'Leads', '1', '2024-06-01 18:06:54', '0' ),
( '60', '25', 'Emails', '1', '2024-06-01 18:15:01', '2' ),
( '61', '22', 'Leads', '1', '2024-06-01 18:15:01', '4' ),
( '62', '26', 'Emails', '1', '2024-06-01 18:15:02', '2' ),
( '63', '22', 'Leads', '1', '2024-06-01 18:15:02', '4' ),
( '64', '22', 'Leads', '1', '2024-06-01 18:16:35', '0' ),
( '65', '22', 'Leads', '1', '2024-06-01 18:16:50', '0' ),
( '66', '27', 'Emails', '1', '2024-06-01 18:30:01', '2' ),
( '67', '22', 'Leads', '1', '2024-06-01 18:30:01', '4' ),
( '68', '22', 'Leads', '1', '2024-06-01 18:36:42', '0' ),
( '69', '22', 'Leads', '1', '2024-06-01 18:37:47', '0' ),
( '70', '22', 'Leads', '1', '2024-06-01 18:39:39', '0' ),
( '71', '22', 'Leads', '1', '2024-06-01 18:40:25', '0' ),
( '72', '22', 'Leads', '1', '2024-06-01 18:45:20', '0' ),
( '73', '22', 'Leads', '1', '2024-06-01 18:45:30', '0' ),
( '74', '22', 'Leads', '1', '2024-06-01 18:47:13', '0' ),
( '75', '22', 'Leads', '1', '2024-06-01 18:47:19', '0' ),
( '76', '22', 'Leads', '1', '2024-06-01 18:50:03', '0' ),
( '77', '22', 'Leads', '1', '2024-06-01 18:50:30', '0' ),
( '78', '28', 'Emails', '1', '2024-06-01 18:51:39', '2' ),
( '79', '22', 'Leads', '1', '2024-06-01 18:51:39', '4' ),
( '80', '29', 'Emails', '1', '2024-06-01 18:53:15', '2' ),
( '81', '22', 'Leads', '1', '2024-06-01 18:55:33', '0' ),
( '82', '22', 'Leads', '1', '2024-06-01 18:55:42', '0' ),
( '83', '22', 'Leads', '1', '2024-06-01 18:59:01', '0' ),
( '84', '22', 'Leads', '1', '2024-06-01 18:59:36', '0' ),
( '85', '22', 'Leads', '1', '2024-06-01 18:59:46', '0' ),
( '86', '30', 'Emails', '1', '2024-06-01 19:00:01', '2' ),
( '87', '22', 'Leads', '1', '2024-06-01 19:00:01', '4' ),
( '88', '31', 'Emails', '1', '2024-06-01 19:00:02', '2' ),
( '89', '22', 'Leads', '1', '2024-06-01 19:00:02', '4' ),
( '90', '32', 'Emails', '1', '2024-06-01 19:00:03', '2' ),
( '91', '22', 'Leads', '1', '2024-06-01 19:00:03', '4' ),
( '92', '33', 'Emails', '1', '2024-06-01 19:00:03', '2' ),
( '93', '22', 'Leads', '1', '2024-06-01 19:00:03', '4' ),
( '94', '34', 'Emails', '1', '2024-06-01 19:00:04', '2' ),
( '95', '22', 'Leads', '1', '2024-06-01 19:00:04', '4' ),
( '96', '35', 'Emails', '1', '2024-06-01 19:00:05', '2' ),
( '97', '22', 'Leads', '1', '2024-06-01 19:00:05', '4' ),
( '98', '36', 'Emails', '1', '2024-06-01 19:15:01', '2' ),
( '99', '22', 'Leads', '1', '2024-06-01 19:15:01', '4' ),
( '100', '22', 'Leads', '1', '2024-06-01 21:05:33', '0' ),
( '101', '37', 'Emails', '1', '2024-06-01 21:16:01', '2' ),
( '102', '22', 'Leads', '1', '2024-06-01 21:16:01', '4' ),
( '103', '22', 'Leads', '1', '2024-06-01 21:19:10', '0' ),
( '104', '38', 'Emails', '1', '2024-06-01 21:30:01', '2' ),
( '105', '22', 'Leads', '1', '2024-06-01 21:30:01', '4' ),
( '106', '22', 'Leads', '1', '2024-06-01 21:32:06', '0' ),
( '107', '39', 'Emails', '1', '2024-06-01 21:44:01', '2' ),
( '108', '22', 'Leads', '1', '2024-06-01 21:44:01', '4' ),
( '109', '40', 'CustomPayments', '1', '2024-06-02 11:21:27', '2' ),
( '110', '17', 'Potentials', '1', '2024-06-02 11:21:27', '4' ),
( '111', '40', 'CustomPayments', '1', '2024-06-02 11:26:44', '0' ),
( '112', '41', 'Invoice', '1', '2024-06-02 11:28:27', '2' ),
( '113', '17', 'Potentials', '1', '2024-06-02 11:28:27', '4' ),
( '114', '41', 'Invoice', '1', '2024-06-02 11:28:51', '0' ),
( '115', '41', 'Invoice', '1', '2024-06-02 11:29:30', '0' ),
( '116', '22', 'Leads', '1', '2024-06-02 11:50:39', '0' ),
( '117', '22', 'Leads', '1', '2024-06-02 11:50:45', '0' ),
( '118', '22', 'Leads', '1', '2024-06-02 11:50:50', '0' ),
( '119', '22', 'Leads', '1', '2024-06-02 11:51:00', '0' ),
( '120', '22', 'Leads', '1', '2024-06-02 11:51:57', '0' ),
( '121', '22', 'Leads', '1', '2024-06-02 11:52:02', '0' ),
( '122', '42', 'Contacts', '1', '2024-06-02 11:52:56', '2' ),
( '123', '43', 'Potentials', '1', '2024-06-02 11:52:56', '2' ),
( '124', '44', 'CustomPayments', '1', '2024-06-02 11:54:33', '2' ),
( '125', '43', 'Potentials', '1', '2024-06-02 11:54:33', '4' ),
( '126', '43', 'Potentials', '1', '2024-06-02 11:54:44', '0' ),
( '127', '43', 'Potentials', '1', '2024-06-02 11:55:00', '0' ),
( '128', '45', 'Emails', '1', '2024-06-02 11:56:01', '2' ),
( '129', '42', 'Contacts', '1', '2024-06-02 11:56:01', '4' ),
( '130', '45', 'Emails', '1', '2024-06-02 11:56:02', '1' ),
( '131', '46', 'Emails', '1', '2024-06-02 11:56:02', '2' ),
( '132', '43', 'Potentials', '1', '2024-06-02 11:56:02', '4' ),
( '133', '46', 'Emails', '1', '2024-06-02 11:56:02', '1' ),
( '134', '47', 'Invoice', '1', '2024-06-02 11:58:45', '2' ),
( '135', '43', 'Potentials', '1', '2024-06-02 11:58:45', '4' ),
( '136', '47', 'Invoice', '1', '2024-06-02 11:59:38', '0' ),
( '137', '16', 'Products', '1', '2024-06-02 12:12:32', '1' ),
( '138', '42', 'Contacts', '7', '2024-06-04 13:45:43', '0' ),
( '139', '42', 'Contacts', '7', '2024-06-04 13:45:50', '0' ),
( '140', '42', 'Contacts', '7', '2024-06-04 13:46:11', '0' ),
( '141', '4', 'Contacts', '7', '2024-06-04 13:49:28', '0' ),
( '142', '4', 'Contacts', '7', '2024-06-04 13:49:33', '0' ),
( '143', '4', 'Contacts', '7', '2024-06-04 13:49:43', '0' ),
( '144', '4', 'Contacts', '7', '2024-06-04 13:49:47', '0' ),
( '145', '48', 'Emails', '1', '2024-06-04 13:56:02', '2' ),
( '146', '42', 'Contacts', '1', '2024-06-04 13:56:02', '4' ),
( '147', '48', 'Emails', '1', '2024-06-04 13:56:02', '1' ),
( '148', '49', 'Emails', '1', '2024-06-04 13:56:02', '2' ),
( '149', '42', 'Contacts', '1', '2024-06-04 13:56:02', '4' ),
( '150', '49', 'Emails', '1', '2024-06-04 13:56:03', '1' ),
( '151', '50', 'Emails', '1', '2024-06-04 13:56:03', '2' ),
( '152', '42', 'Contacts', '1', '2024-06-04 13:56:03', '4' ),
( '153', '50', 'Emails', '1', '2024-06-04 13:56:03', '1' ),
( '154', '51', 'Emails', '1', '2024-06-04 13:56:03', '2' ),
( '155', '4', 'Contacts', '1', '2024-06-04 13:56:03', '4' ),
( '156', '51', 'Emails', '1', '2024-06-04 13:56:04', '1' ),
( '157', '52', 'Emails', '1', '2024-06-04 13:56:04', '2' ),
( '158', '4', 'Contacts', '1', '2024-06-04 13:56:04', '4' ),
( '159', '52', 'Emails', '1', '2024-06-04 13:56:04', '1' ),
( '160', '53', 'Emails', '1', '2024-06-04 13:56:04', '2' ),
( '161', '4', 'Contacts', '1', '2024-06-04 13:56:04', '4' ),
( '162', '53', 'Emails', '1', '2024-06-04 13:56:04', '1' ),
( '163', '54', 'Emails', '1', '2024-06-04 13:56:05', '2' ),
( '164', '4', 'Contacts', '1', '2024-06-04 13:56:05', '4' ),
( '165', '54', 'Emails', '1', '2024-06-04 13:56:05', '1' ),
( '166', '55', 'Products', '7', '2024-06-04 22:42:30', '2' ),
( '167', '8', 'Leads', '7', '2024-06-04 23:12:07', '0' ),
( '168', '56', 'Emails', '1', '2024-06-04 23:18:01', '2' ),
( '169', '8', 'Leads', '1', '2024-06-04 23:18:01', '4' ),
( '170', '57', 'Leads', '7', '2024-06-08 10:50:46', '2' ),
( '171', '57', 'Leads', '7', '2024-06-08 10:52:32', '0' ),
( '172', '57', 'Leads', '7', '2024-06-08 10:54:10', '0' ),
( '173', '57', 'Leads', '7', '2024-06-08 10:54:55', '0' ),
( '174', '58', 'Contacts', '7', '2024-06-08 10:56:46', '2' ),
( '175', '59', 'Emails', '1', '2024-06-08 10:58:01', '2' ),
( '176', '58', 'Contacts', '1', '2024-06-08 10:58:01', '4' ),
( '177', '59', 'Emails', '1', '2024-06-08 10:58:02', '1' ),
( '178', '60', 'Potentials', '7', '2024-06-08 11:00:43', '2' ),
( '179', '58', 'Contacts', '1', '2024-06-08 11:00:43', '4' ),
( '180', '61', 'Emails', '1', '2024-06-08 11:12:01', '2' ),
( '181', '60', 'Potentials', '1', '2024-06-08 11:12:02', '4' ),
( '182', '61', 'Emails', '1', '2024-06-08 11:12:02', '1' ),
( '183', '62', 'Products', '7', '2024-06-08 11:15:03', '2' ),
( '184', '63', 'Invoice', '7', '2024-06-08 11:17:56', '2' ),
( '185', '60', 'Potentials', '1', '2024-06-08 11:17:56', '4' ),
( '186', '64', 'ServiceContracts', '7', '2024-06-08 11:20:11', '2' ),
( '187', '60', 'Potentials', '7', '2024-06-08 11:20:11', '4' ),
( '188', '64', 'ServiceContracts', '7', '2024-06-08 11:20:37', '0' ),
( '189', '64', 'ServiceContracts', '7', '2024-06-08 11:22:04', '0' ),
( '190', '42', 'Contacts', '7', '2024-06-08 11:35:56', '0' ),
( '191', '65', 'Emails', '1', '2024-06-08 11:40:01', '2' ),
( '192', '42', 'Contacts', '1', '2024-06-08 11:40:01', '4' ),
( '193', '65', 'Emails', '1', '2024-06-08 11:40:02', '1' ),
( '194', '66', 'Leads', '7', '2024-06-08 11:49:01', '2' ),
( '195', '66', 'Leads', '7', '2024-06-08 11:50:10', '0' ),
( '196', '67', 'Contacts', '7', '2024-06-08 11:52:02', '2' ),
( '197', '68', 'Potentials', '7', '2024-06-08 11:53:36', '2' ),
( '198', '67', 'Contacts', '1', '2024-06-08 11:53:36', '4' ),
( '199', '69', 'Emails', '1', '2024-06-08 11:54:01', '2' ),
( '200', '67', 'Contacts', '1', '2024-06-08 11:54:01', '4' ),
( '201', '69', 'Emails', '1', '2024-06-08 11:54:02', '1' ),
( '202', '70', 'Emails', '1', '2024-06-08 11:54:02', '2' ),
( '203', '68', 'Potentials', '1', '2024-06-08 11:54:02', '4' ),
( '204', '70', 'Emails', '1', '2024-06-08 11:54:02', '1' ),
( '205', '71', 'Invoice', '7', '2024-06-08 11:55:17', '2' ),
( '206', '67', 'Contacts', '1', '2024-06-08 11:55:17', '4' ),
( '207', '68', 'Potentials', '7', '2024-06-08 11:56:02', '0' ),
( '208', '72', 'Services', '7', '2024-06-08 12:02:52', '2' ),
( '209', '67', 'Contacts', '7', '2024-06-08 12:03:15', '4' ),
( '210', '73', 'ServiceContracts', '7', '2024-06-08 12:06:08', '2' ),
( '211', '68', 'Potentials', '7', '2024-06-08 12:06:08', '4' ),
( '212', '73', 'ServiceContracts', '7', '2024-06-08 12:06:24', '0' ),
( '213', '72', 'Services', '7', '2024-06-08 12:07:50', '4' ),
( '214', '74', 'HelpDesk', '7', '2024-06-08 12:09:13', '2' ),
( '215', '72', 'Services', '7', '2024-06-08 12:09:13', '4' ),
( '216', '68', 'Potentials', '7', '2024-06-08 12:11:42', '5' ),
( '217', '75', 'ServiceContracts', '7', '2024-06-08 12:12:43', '2' ),
( '218', '68', 'Potentials', '7', '2024-06-08 12:12:43', '4' ),
( '219', '76', 'ServiceContracts', '7', '2024-06-08 12:13:05', '2' ),
( '220', '68', 'Potentials', '7', '2024-06-08 12:13:05', '4' ),
( '221', '68', 'Potentials', '7', '2024-06-08 12:13:49', '5' ),
( '222', '68', 'Potentials', '7', '2024-06-08 12:13:56', '5' ),
( '223', '77', 'Emails', '1', '2024-06-08 12:22:01', '2' ),
( '224', '74', 'HelpDesk', '1', '2024-06-08 12:22:01', '4' ),
( '225', '77', 'Emails', '1', '2024-06-08 12:22:01', '1' ),
( '226', '78', 'Documents', '1', '2024-06-08 15:01:15', '2' ),
( '227', '7', 'Leads', '1', '2024-06-08 15:01:15', '4' ),
( '228', '8', 'Leads', '1', '2024-06-08 15:10:08', '0' ),
( '229', '7', 'Leads', '1', '2024-06-08 15:59:19', '0' ),
( '230', '8', 'Leads', '1', '2024-06-08 16:07:54', '0' ),
( '231', '68', 'Potentials', '7', '2024-06-09 11:41:29', '0' ),
( '232', '17', 'Potentials', '7', '2024-06-09 11:46:10', '0' ),
( '233', '67', 'Contacts', '7', '2024-06-09 11:58:21', '5' ),
( '234', '67', 'Contacts', '7', '2024-06-09 11:58:23', '5' ),
( '235', '67', 'Contacts', '7', '2024-06-09 11:58:25', '5' ),
( '236', '79', 'Invoice', '7', '2024-06-09 12:05:40', '2' ),
( '237', '12', 'Invoice', '7', '2024-06-09 12:07:59', '1' ),
( '238', '20', 'Invoice', '7', '2024-06-09 12:07:59', '1' ),
( '239', '41', 'Invoice', '7', '2024-06-09 12:07:59', '1' ),
( '240', '47', 'Invoice', '7', '2024-06-09 12:07:59', '1' ),
( '241', '71', 'Invoice', '7', '2024-06-09 12:08:45', '0' ),
( '242', '63', 'Invoice', '7', '2024-06-09 12:10:39', '0' ),
( '243', '81', 'Leads', '7', '2024-06-09 18:05:50', '2' ),
( '244', '81', 'Leads', '7', '2024-06-09 18:05:58', '0' ),
( '245', '82', 'Contacts', '7', '2024-06-09 18:06:25', '2' ),
( '246', '43', 'Potentials', '7', '2024-06-09 18:08:05', '0' ),
( '247', '43', 'Potentials', '7', '2024-06-09 18:09:16', '0' ),
( '248', '17', 'Potentials', '7', '2024-06-09 18:12:53', '0' ),
( '249', '68', 'Potentials', '7', '2024-06-09 18:13:13', '0' ),
( '250', '60', 'Potentials', '7', '2024-06-09 18:14:50', '0' );

INSERT INTO `vtiger_modtracker_basic`(`id`,`crmid`,`module`,`whodid`,`changedon`,`status`) VALUES 
( '251', '17', 'Potentials', '7', '2024-06-09 18:15:20', '0' ),
( '252', '83', 'Emails', '1', '2024-06-09 18:16:02', '2' ),
( '253', '82', 'Contacts', '1', '2024-06-09 18:16:02', '4' ),
( '254', '83', 'Emails', '1', '2024-06-09 18:16:02', '1' ),
( '255', '8', 'Leads', '7', '2024-06-09 18:21:33', '0' ),
( '256', '71', 'Invoice', '7', '2024-06-09 18:25:48', '0' ),
( '257', '71', 'Invoice', '7', '2024-06-09 18:25:56', '0' ),
( '258', '63', 'Invoice', '7', '2024-06-09 18:27:11', '0' ),
( '259', '63', 'Invoice', '7', '2024-06-09 18:27:28', '0' ),
( '260', '60', 'Potentials', '7', '2024-06-09 20:56:09', '0' ),
( '261', '68', 'Potentials', '7', '2024-06-09 20:56:28', '0' ),
( '262', '43', 'Potentials', '7', '2024-06-09 20:56:54', '0' ),
( '263', '71', 'Invoice', '7', '2024-06-09 21:02:57', '0' ),
( '264', '71', 'Invoice', '7', '2024-06-09 21:03:57', '0' ),
( '265', '67', 'Contacts', '7', '2024-06-10 19:38:27', '0' ),
( '266', '42', 'Contacts', '7', '2024-06-10 19:38:36', '0' ),
( '267', '58', 'Contacts', '7', '2024-06-10 19:38:45', '0' ),
( '268', '4', 'Contacts', '7', '2024-06-10 19:38:58', '0' ),
( '269', '86', 'Emails', '1', '2024-06-10 19:40:01', '2' ),
( '270', '67', 'Contacts', '1', '2024-06-10 19:40:01', '4' ),
( '271', '86', 'Emails', '1', '2024-06-10 19:40:02', '1' ),
( '272', '87', 'Emails', '1', '2024-06-10 19:40:02', '2' ),
( '273', '42', 'Contacts', '1', '2024-06-10 19:40:02', '4' ),
( '274', '87', 'Emails', '1', '2024-06-10 19:40:02', '1' ),
( '275', '88', 'Emails', '1', '2024-06-10 19:40:02', '2' ),
( '276', '58', 'Contacts', '1', '2024-06-10 19:40:02', '4' ),
( '277', '88', 'Emails', '1', '2024-06-10 19:40:03', '1' ),
( '278', '89', 'Emails', '1', '2024-06-10 19:40:03', '2' ),
( '279', '4', 'Contacts', '1', '2024-06-10 19:40:03', '4' ),
( '280', '89', 'Emails', '1', '2024-06-10 19:40:03', '1' ),
( '281', '79', 'Invoice', '7', '2024-06-10 19:55:26', '0' ),
( '282', '91', 'Invoice', '7', '2024-06-10 20:17:18', '2' ),
( '283', '91', 'Invoice', '7', '2024-06-10 20:19:34', '0' ),
( '284', '91', 'Invoice', '7', '2024-06-10 20:21:59', '0' ),
( '285', '93', 'Documents', '1', '2024-06-11 16:33:14', '2' ),
( '286', '4', 'Contacts', '1', '2024-06-11 16:33:14', '4' ),
( '287', '95', 'Documents', '1', '2024-06-11 16:33:54', '2' ),
( '288', '4', 'Contacts', '1', '2024-06-11 16:33:54', '4' ),
( '289', '96', 'Documents', '1', '2024-06-11 16:34:49', '2' ),
( '290', '4', 'Contacts', '1', '2024-06-11 16:34:49', '4' ),
( '291', '96', 'Documents', '1', '2024-06-11 16:35:17', '1' ),
( '292', '95', 'Documents', '1', '2024-06-11 16:35:17', '1' ),
( '293', '93', 'Documents', '1', '2024-06-11 16:35:17', '1' ),
( '294', '17', 'Potentials', '1', '2024-06-11 17:43:17', '0' ),
( '295', '101', 'Invoice', '7', '2024-06-11 19:49:20', '2' ),
( '296', '101', 'Invoice', '7', '2024-06-11 19:52:01', '0' ),
( '297', '68', 'Potentials', '7', '2024-06-11 20:55:42', '5' ),
( '298', '101', 'Invoice', '7', '2024-06-11 20:56:04', '1' ),
( '299', '55', 'Products', '7', '2024-06-11 20:58:16', '0' ),
( '300', '3', 'Products', '7', '2024-06-11 20:59:01', '0' ),
( '301', '3', 'Products', '7', '2024-06-11 20:59:31', '0' ),
( '302', '71', 'Invoice', '7', '2024-06-11 21:07:35', '0' ),
( '303', '91', 'Invoice', '7', '2024-06-13 10:55:42', '0' ),
( '304', '79', 'Invoice', '7', '2024-06-13 11:11:07', '0' ),
( '305', '8', 'Leads', '1', '2024-06-16 19:04:02', '0' ),
( '306', '60', 'Potentials', '1', '2024-06-17 06:25:02', '4' ),
( '307', '102', 'ModComments', '1', '2024-06-17 06:25:01', '2' ),
( '308', '60', 'Potentials', '1', '2024-06-17 06:42:14', '4' ),
( '309', '103', 'ModComments', '1', '2024-06-17 06:42:14', '2' ),
( '310', '104', 'Calendar', '1', '2024-06-17 06:44:50', '2' ),
( '311', '60', 'Potentials', '1', '2024-06-17 06:44:51', '4' ),
( '312', '58', 'Contacts', '1', '2024-06-17 06:52:06', '4' ),
( '313', '105', 'ModComments', '1', '2024-06-17 06:52:06', '2' ),
( '314', '106', 'Products', '7', '2024-06-17 19:42:33', '2' ),
( '315', '106', 'Products', '7', '2024-06-17 19:42:59', '0' ),
( '316', '82', 'Contacts', '7', '2024-07-23 11:21:36', '0' ),
( '317', '107', 'Emails', '7', '2024-07-23 11:23:12', '2' ),
( '318', '82', 'Contacts', '7', '2024-07-23 11:23:12', '4' ),
( '319', '108', 'Emails', '1', '2024-07-23 11:24:01', '2' ),
( '320', '82', 'Contacts', '1', '2024-07-23 11:24:01', '4' ),
( '321', '108', 'Emails', '1', '2024-07-23 11:24:02', '1' ),
( '322', '60', 'Potentials', '7', '2024-08-06 11:52:57', '1' ),
( '323', '109', 'Potentials', '7', '2024-08-06 11:54:50', '2' ),
( '324', '58', 'Contacts', '1', '2024-08-06 11:54:50', '4' ),
( '325', '110', 'Emails', '1', '2024-08-06 11:56:01', '2' ),
( '326', '109', 'Potentials', '1', '2024-08-06 11:56:01', '4' ),
( '327', '110', 'Emails', '1', '2024-08-06 11:56:02', '1' ),
( '328', '112', 'Invoice', '7', '2024-08-06 12:03:52', '2' ),
( '329', '109', 'Potentials', '7', '2024-08-06 12:03:52', '4' ),
( '330', '112', 'Invoice', '7', '2024-08-06 12:06:59', '0' ),
( '331', '112', 'Invoice', '7', '2024-08-06 12:07:39', '0' ),
( '332', '109', 'Potentials', '7', '2024-08-06 12:10:26', '5' ),
( '333', '109', 'Potentials', '7', '2024-08-07 11:07:59', '0' ),
( '334', '109', 'Potentials', '7', '2024-08-07 11:08:55', '0' ),
( '335', '109', 'Potentials', '7', '2024-08-07 11:09:59', '1' ),
( '336', '114', 'Potentials', '7', '2024-08-07 11:12:35', '2' ),
( '337', '115', 'Potentials', '7', '2024-08-07 11:17:04', '2' ),
( '338', '58', 'Contacts', '1', '2024-08-07 11:17:04', '4' ),
( '339', '116', 'Emails', '1', '2024-08-07 11:18:01', '2' ),
( '340', '114', 'Potentials', '1', '2024-08-07 11:18:01', '4' ),
( '341', '116', 'Emails', '1', '2024-08-07 11:18:02', '1' ),
( '342', '117', 'Emails', '1', '2024-08-07 11:18:02', '2' ),
( '343', '115', 'Potentials', '1', '2024-08-07 11:18:02', '4' ),
( '344', '117', 'Emails', '1', '2024-08-07 11:18:02', '1' ),
( '345', '118', 'Invoice', '7', '2024-08-07 11:19:37', '2' ),
( '346', '114', 'Potentials', '7', '2024-08-07 11:19:38', '4' ),
( '347', '115', 'Potentials', '7', '2024-08-07 11:22:11', '1' ),
( '348', '119', 'Leads', '7', '2024-08-07 11:27:48', '2' ),
( '349', '119', 'Leads', '7', '2024-08-07 11:28:19', '0' ),
( '350', '120', 'Emails', '1', '2024-08-07 11:32:01', '2' ),
( '351', '119', 'Leads', '1', '2024-08-07 11:32:01', '4' ),
( '352', '121', 'Contacts', '7', '2024-08-07 11:37:22', '2' ),
( '353', '122', 'Potentials', '7', '2024-08-07 11:37:22', '2' ),
( '354', '17', 'Potentials', '7', '2024-08-07 11:41:56', '1' ),
( '355', '123', 'Potentials', '7', '2024-08-07 11:44:46', '2' ),
( '356', '4', 'Contacts', '1', '2024-08-07 11:44:46', '4' ),
( '357', '124', 'Emails', '1', '2024-08-07 11:46:01', '2' ),
( '358', '121', 'Contacts', '1', '2024-08-07 11:46:01', '4' ),
( '359', '124', 'Emails', '1', '2024-08-07 11:46:02', '1' ),
( '360', '125', 'Emails', '1', '2024-08-07 11:46:02', '2' ),
( '361', '122', 'Potentials', '1', '2024-08-07 11:46:02', '4' ),
( '362', '125', 'Emails', '1', '2024-08-07 11:46:02', '1' ),
( '363', '126', 'Emails', '1', '2024-08-07 11:46:02', '2' ),
( '364', '123', 'Potentials', '1', '2024-08-07 11:46:02', '4' ),
( '365', '126', 'Emails', '1', '2024-08-07 11:46:03', '1' ),
( '366', '127', 'Invoice', '7', '2024-08-07 11:47:08', '2' ),
( '367', '123', 'Potentials', '7', '2024-08-07 11:47:09', '4' ),
( '368', '8', 'Leads', '7', '2024-08-07 11:57:41', '0' ),
( '369', '8', 'Leads', '7', '2024-08-07 11:57:52', '0' ),
( '370', '8', 'Leads', '7', '2024-08-07 11:58:18', '0' ),
( '371', '129', 'Emails', '1', '2024-08-07 12:00:01', '2' ),
( '372', '8', 'Leads', '1', '2024-08-07 12:00:01', '4' ),
( '373', '130', 'Emails', '1', '2024-08-07 12:00:02', '2' ),
( '374', '8', 'Leads', '1', '2024-08-07 12:00:02', '4' ),
( '375', '121', 'Contacts', '7', '2024-08-08 10:18:10', '0' ),
( '376', '131', 'Emails', '1', '2024-08-08 10:20:02', '2' ),
( '377', '121', 'Contacts', '1', '2024-08-08 10:20:02', '4' ),
( '378', '131', 'Emails', '1', '2024-08-08 10:20:02', '1' ),
( '379', '42', 'Contacts', '1', '2024-08-09 13:29:18', '0' ),
( '380', '42', 'Contacts', '1', '2024-08-09 13:31:29', '0' ),
( '381', '42', 'Contacts', '1', '2024-08-09 13:31:52', '0' ),
( '382', '132', 'Emails', '1', '2024-08-09 13:32:01', '2' ),
( '383', '42', 'Contacts', '1', '2024-08-09 13:32:01', '4' ),
( '384', '132', 'Emails', '1', '2024-08-09 13:32:01', '1' ),
( '385', '133', 'Emails', '1', '2024-08-09 13:32:01', '2' ),
( '386', '42', 'Contacts', '1', '2024-08-09 13:32:02', '4' ),
( '387', '42', 'Contacts', '1', '2024-08-09 13:32:02', '0' ),
( '388', '133', 'Emails', '1', '2024-08-09 13:32:02', '1' ),
( '389', '134', 'Emails', '1', '2024-08-09 13:32:02', '2' ),
( '390', '42', 'Contacts', '1', '2024-08-09 13:32:02', '4' ),
( '391', '134', 'Emails', '1', '2024-08-09 13:32:02', '1' ),
( '392', '43', 'Potentials', '1', '2024-08-09 13:35:30', '0' ),
( '393', '43', 'Potentials', '1', '2024-08-09 13:36:27', '1' ),
( '394', '135', 'Potentials', '1', '2024-08-09 13:37:26', '2' ),
( '395', '42', 'Contacts', '1', '2024-08-09 13:37:26', '4' ),
( '396', '135', 'Potentials', '1', '2024-08-09 13:44:28', '0' ),
( '397', '136', 'Emails', '1', '2024-08-09 13:46:01', '2' ),
( '398', '42', 'Contacts', '1', '2024-08-09 13:46:01', '4' ),
( '399', '136', 'Emails', '1', '2024-08-09 13:46:01', '1' ),
( '400', '137', 'Emails', '1', '2024-08-09 13:46:01', '2' ),
( '401', '42', 'Contacts', '1', '2024-08-09 13:46:01', '4' ),
( '402', '137', 'Emails', '1', '2024-08-09 13:46:02', '1' ),
( '403', '138', 'Emails', '1', '2024-08-09 13:46:02', '2' ),
( '404', '42', 'Contacts', '1', '2024-08-09 13:46:02', '4' ),
( '405', '138', 'Emails', '1', '2024-08-09 13:46:02', '1' ),
( '406', '139', 'Emails', '1', '2024-08-09 13:46:02', '2' ),
( '407', '135', 'Potentials', '1', '2024-08-09 13:46:02', '4' ),
( '408', '139', 'Emails', '1', '2024-08-09 13:46:03', '1' ),
( '409', '140', 'Invoice', '7', '2024-08-11 09:19:52', '2' ),
( '410', '123', 'Potentials', '7', '2024-08-11 09:19:52', '4' ),
( '411', '141', 'Invoice', '1', '2024-08-11 11:25:53', '2' ),
( '412', '135', 'Potentials', '1', '2024-08-11 11:25:53', '4' ),
( '413', '141', 'Invoice', '1', '2024-08-11 12:19:59', '0' ),
( '414', '143', 'Contacts', '1', '2024-08-11 20:13:39', '2' ),
( '415', '144', 'Emails', '1', '2024-08-11 20:16:01', '2' ),
( '416', '143', 'Contacts', '1', '2024-08-11 20:16:02', '4' ),
( '417', '144', 'Emails', '1', '2024-08-11 20:16:02', '1' ),
( '418', '143', 'Contacts', '1', '2024-08-11 20:23:18', '1' ),
( '419', '145', 'Contacts', '1', '2024-08-11 20:24:05', '2' ),
( '420', '145', 'Contacts', '1', '2024-08-11 20:25:14', '1' ),
( '421', '146', 'Invoice', '1', '2024-08-11 20:44:00', '2' ),
( '422', '122', 'Potentials', '1', '2024-08-11 20:44:01', '4' );
COMMIT;
-- ---------------------------------------------------------


-- Dump data of "vtiger_modtracker_basic_seq" --------------
BEGIN;

INSERT INTO `vtiger_modtracker_basic_seq`(`id`) VALUES 
( '422' );
COMMIT;
-- ---------------------------------------------------------


-- Dump data of "vtiger_modtracker_detail" -----------------
BEGIN;

INSERT INTO `vtiger_modtracker_detail`(`id`,`fieldname`,`prevalue`,`postvalue`) VALUES 
( '1', 'label', NULL, 'test' ),
( '1', 'accountname', NULL, 'test' ),
( '1', 'account_no', NULL, 'ACC1' ),
( '1', 'annual_revenue', NULL, '0.00000000' ),
( '1', 'assigned_user_id', NULL, '1' ),
( '1', 'createdtime', NULL, '2024-05-25 22:24:21' ),
( '1', 'modifiedby', NULL, '1' ),
( '1', 'source', NULL, 'CRM' ),
( '1', 'record_id', NULL, '2' ),
( '1', 'record_module', NULL, 'Accounts' ),
( '2', 'label', NULL, 'test_product' ),
( '2', 'productname', NULL, 'test_product' ),
( '2', 'product_no', NULL, 'PRO1' ),
( '2', 'discontinued', NULL, '1' ),
( '2', 'createdtime', NULL, '2024-05-25 22:25:26' ),
( '2', 'modifiedby', NULL, '1' ),
( '2', 'unit_price', NULL, '11.00000000' ),
( '2', 'commissionrate', NULL, '0.000' ),
( '2', 'qty_per_unit', NULL, '0.00' ),
( '2', 'qtyinstock', NULL, '0.000' ),
( '2', 'assigned_user_id', NULL, '1' ),
( '2', 'purchase_cost', NULL, '0.00000000' ),
( '2', 'source', NULL, 'CRM' ),
( '2', 'record_id', NULL, '3' ),
( '2', 'record_module', NULL, 'Products' ),
( '3', 'label', 'test', 'test_org' ),
( '3', 'accountname', 'test', 'test_org' ),
( '4', 'bill_street', '', '131' ),
( '4', 'ship_street', '', '1231' ),
( '4', 'bill_city', '', '22' ),
( '4', 'ship_city', '', '222' ),
( '4', 'bill_state', '', '33' ),
( '4', 'ship_state', '', '333' ),
( '4', 'bill_code', '', '44' ),
( '4', 'ship_code', '', '444' ),
( '4', 'bill_country', '', '66' ),
( '4', 'ship_country', '', '555' ),
( '4', 'bill_pobox', '', '11' ),
( '4', 'ship_pobox', '', '111' ),
( '5', 'label', NULL, 'test test_contact' ),
( '5', 'firstname', NULL, 'test' ),
( '5', 'contact_no', NULL, 'CON1' ),
( '5', 'lastname', NULL, 'test_contact' ),
( '5', 'account_id', NULL, '2' ),
( '5', 'assigned_user_id', NULL, '1' ),
( '5', 'createdtime', NULL, '2024-05-25 22:26:58' ),
( '5', 'modifiedby', NULL, '1' ),
( '5', 'support_start_date', NULL, '2024-05-25' ),
( '5', 'support_end_date', NULL, '2025-05-25' ),
( '5', 'source', NULL, 'CRM' ),
( '5', 'record_id', NULL, '4' ),
( '5', 'record_module', NULL, 'Contacts' ),
( '6', 'label', NULL, 'test-so' ),
( '6', 'salesorder_no', NULL, 'SO1' ),
( '6', 'subject', NULL, 'test-so' ),
( '6', 'contact_id', NULL, '4' ),
( '6', 'sostatus', NULL, 'Created' ),
( '6', 'txtAdjustment', NULL, '0.00000000' ),
( '6', 'salescommission', NULL, '0.000' ),
( '6', 'exciseduty', NULL, '0.000' ),
( '6', 'hdnGrandTotal', NULL, '13.97000000' ),
( '6', 'hdnSubTotal', NULL, '11.00000000' ),
( '6', 'hdnTaxType', NULL, 'group' ),
( '6', 'hdnS_H_Amount', NULL, '0.00000000' ),
( '6', 'account_id', NULL, '2' ),
( '6', 'assigned_user_id', NULL, '1' ),
( '6', 'createdtime', NULL, '2024-05-25 22:28:10' ),
( '6', 'modifiedby', NULL, '1' ),
( '6', 'currency_id', NULL, '1' ),
( '6', 'conversion_rate', NULL, '1.000' ),
( '6', 'bill_street', NULL, '3131' ),
( '6', 'ship_street', NULL, '313' ),
( '6', 'terms_conditions', NULL, '- Unless otherwise agreed in writing by the supplier all invoices are payable within thirty (30) days of the date of invoice, in the currency of the invoice, drawn on a bank based in India or by such other method as is agreed in advance by the Supplier.

 - All prices are not inclusive of VAT which shall be payable in addition by the Customer at the applicable rate.' ),
( '6', 'productid', NULL, '3' ),
( '6', 'quantity', NULL, '1.000' ),
( '6', 'listprice', NULL, '11.00000000' ),
( '6', 'comment', NULL, '2312' ),
( '6', 'tax1', NULL, '4.500' ),
( '6', 'tax2', NULL, '10.000' ),
( '6', 'tax3', NULL, '12.500' ),
( '6', 'pre_tax_total', NULL, '11.00000000' ),
( '6', 'hdnS_H_Percent', NULL, '0.000' ),
( '6', 'source', NULL, 'CRM' ),
( '6', 'record_id', NULL, '5' ),
( '6', 'record_module', NULL, 'SalesOrder' ),
( '7', 'label', NULL, 'Ivan Borisov' ),
( '7', 'firstname', NULL, 'Ivan' ),
( '7', 'lead_no', NULL, 'LEA1' ),
( '7', 'phone', NULL, '+4915211122335' ),
( '7', 'lastname', NULL, 'Borisov' ),
( '7', 'leadsource', NULL, 'Cold Call' ),
( '7', 'leadstatus', NULL, 'Cold' ),
( '7', 'annualrevenue', NULL, '0.00000000' ),
( '7', 'assigned_user_id', NULL, '1' ),
( '7', 'createdtime', NULL, '2024-05-28 17:15:29' ),
( '7', 'modifiedby', NULL, '1' ),
( '7', 'source', NULL, 'CRM' ),
( '7', 'record_id', NULL, '7' ),
( '7', 'record_module', NULL, 'Leads' ),
( '8', 'label', NULL, 'Sidor Sidorov' ),
( '8', 'firstname', NULL, 'Sidor' ),
( '8', 'lead_no', NULL, 'LEA2' ),
( '8', 'phone', NULL, '+4922456987' ),
( '8', 'lastname', NULL, 'Sidorov' ),
( '8', 'email', NULL, 'sidor@mail.ru' ),
( '8', 'leadsource', NULL, 'Cold Call' ),
( '8', 'leadstatus', NULL, 'Cold' ),
( '8', 'assigned_user_id', NULL, '1' ),
( '8', 'createdtime', NULL, '2024-05-28 17:18:40' ),
( '8', 'modifiedby', NULL, '1' ),
( '8', 'source', NULL, 'CRM' ),
( '8', 'record_id', NULL, '8' ),
( '8', 'record_module', NULL, 'Leads' ),
( '9', 'discontinued', '1', '0' ),
( '9', 'modifiedby', '1', '7' ),
( '10', 'modifiedby', '7', '1' ),
( '10', 'qty_per_unit', '0.00', '1.00' ),
( '11', 'qtyinstock', '0.000', '100.000' ),
( '12', 'discontinued', '0', '1' ),
( '13', 'label', 'test test_contact', 'Florian Co test_contact' ),
( '13', 'firstname', 'test', 'Florian Co' ),
( '13', 'mobile', '', '+49898073192797' ),
( '13', 'leadsource', '', 'Other' ),
( '13', 'birthday', '', '1990-01-21' ),
( '13', 'email', '', 'florian_co74@yahoo.com' ),
( '13', 'mailingstreet', '', 'Nei&szlig;estr. 74c' ),
( '13', 'mailingcity', '', 'Pulheim' ),
( '13', 'mailingstate', '', 'Berlin' ),
( '13', 'mailingzip', '', '53612' ),
( '13', 'mailingcountry', '', 'Germany' ),
( '13', 'cf_875', '', '123456789' ),
( '14', 'label', NULL, 'Regarding Contact Assignment' ),
( '14', 'date_start', NULL, '2024-06-01' ),
( '14', 'activitytype', NULL, 'Emails' ),
( '14', 'assigned_user_id', NULL, '1' ),
( '14', 'subject', NULL, 'Regarding Contact Assignment' ),
( '14', 'description', NULL, 'An Contact has been assigned to you on vtigerCRM&lt;br&gt;Details of Contact are :&lt;br&gt;&lt;br&gt;Contact Id:&lt;b&gt;CON1&lt;/b&gt;&lt;br&gt;LastName:&lt;b&gt;test_contact&lt;/b&gt;&lt;br&gt;FirstName:&lt;b&gt;Florian Co&lt;/b&gt;&lt;br&gt;Lead Source:&lt;b&gt;Other&lt;/b&gt;&lt;br&gt;Department:&lt;b&gt;&lt;/b&gt;&lt;br&gt;Description:&lt;b&gt;&lt;/b&gt;&lt;br&gt;&lt;br&gt;&lt;br&gt;And &lt;b&gt;CustomerPortal Login Details&lt;/b&gt; is sent to the EmailID :-florian_co74@yahoo.com&lt;br&gt;&lt;br&gt;Thank You&lt;br&gt;Admin&lt;br&gt;&lt;br&gt;' ),
( '14', 'time_start', NULL, '09:45:01' ),
( '14', 'createdtime', NULL, '2024-06-01 09:45:01' ),
( '14', 'modifiedby', NULL, '1' ),
( '14', 'from_email', NULL, 'se@sergeyem.ru' ),
( '14', 'saved_toid', NULL, '[&quot;se@sergeyem.ru&quot;]' ),
( '14', 'ccmail', NULL, '[&quot;&quot;]' ),
( '14', 'bccmail', NULL, '[&quot;&quot;]' ),
( '14', 'parent_id', NULL, '4@1|' ),
( '14', 'email_flag', NULL, 'SENT' ),
( '14', 'source', NULL, 'CRM' ),
( '14', 'record_id', NULL, '9' ),
( '14', 'record_module', NULL, 'Emails' ),
( '17', 'sostatus', 'Created', 'Approved' ),
( '17', 'hdnGrandTotal', '13.97000000', '13.98000000' ),
( '17', 'bill_street', '3131', '3123' ),
( '17', 'ship_street', '313', '3213' ),
( '18', 'sostatus', 'Approved', 'Delivered' ),
( '19', 'sostatus', 'Delivered', 'Approved' ),
( '20', 'sostatus', 'Approved', 'Delivered' ),
( '21', 'sostatus', 'Delivered', 'Approved' ),
( '22', 'sostatus', 'Approved', 'Delivered' ),
( '24', 'label', NULL, 'test' ),
( '24', 'quote_no', NULL, 'QUO1' ),
( '24', 'subject', NULL, 'test' ),
( '24', 'quotestage', NULL, 'Created' ),
( '24', 'contact_id', NULL, '4' ),
( '24', 'carrier', NULL, 'UPS' ),
( '24', 'hdnSubTotal', NULL, '22.00000000' ),
( '24', 'assigned_user_id1', NULL, '1' ),
( '24', 'txtAdjustment', NULL, '0.00000000' ),
( '24', 'hdnGrandTotal', NULL, '27.94000000' ),
( '24', 'hdnTaxType', NULL, 'group' ),
( '24', 'hdnS_H_Amount', NULL, '0.00000000' ),
( '24', 'account_id', NULL, '2' ),
( '24', 'assigned_user_id', NULL, '1' ),
( '24', 'createdtime', NULL, '2024-06-01 10:21:23' ),
( '24', 'modifiedby', NULL, '1' ),
( '24', 'currency_id', NULL, '2' ),
( '24', 'conversion_rate', NULL, '1.000' ),
( '24', 'bill_street', NULL, '111' ),
( '24', 'ship_street', NULL, '11' ),
( '24', 'terms_conditions', NULL, '- Unless otherwise agreed in writing by the supplier all invoices are payable within thirty (30) days of the date of invoice, in the currency of the invoice, drawn on a bank based in India or by such other method as is agreed in advance by the Supplier.

 - All prices are not inclusive of VAT which shall be payable in addition by the Customer at the applicable rate.' ),
( '24', 'productid', NULL, '3' ),
( '24', 'quantity', NULL, '2.000' ),
( '24', 'listprice', NULL, '11.00000000' ),
( '24', 'tax1', NULL, '4.500' ),
( '24', 'tax2', NULL, '10.000' ),
( '24', 'tax3', NULL, '12.500' ),
( '24', 'pre_tax_total', NULL, '22.00000000' ),
( '24', 'hdnS_H_Percent', NULL, '0.000' ),
( '24', 'source', NULL, 'CRM' ),
( '24', 'record_id', NULL, '10' ),
( '24', 'record_module', NULL, 'Quotes' ),
( '25', 'label', NULL, 'test' ),
( '25', 'salesorder_no', NULL, 'SO2' ),
( '25', 'subject', NULL, 'test' ),
( '25', 'quote_id', NULL, '10' ),
( '25', 'contact_id', NULL, '4' ),
( '25', 'carrier', NULL, 'UPS' ),
( '25', 'sostatus', NULL, 'Created' ),
( '25', 'txtAdjustment', NULL, '0.00000000' ),
( '25', 'salescommission', NULL, '0.000' ),
( '25', 'exciseduty', NULL, '0.000' ),
( '25', 'hdnGrandTotal', NULL, '27.94000000' ),
( '25', 'hdnSubTotal', NULL, '22.00000000' ),
( '25', 'hdnTaxType', NULL, 'group' ),
( '25', 'hdnS_H_Amount', NULL, '0.00000000' ),
( '25', 'account_id', NULL, '2' ),
( '25', 'assigned_user_id', NULL, '1' ),
( '25', 'createdtime', NULL, '2024-06-01 10:22:47' ),
( '25', 'modifiedby', NULL, '1' ),
( '25', 'currency_id', NULL, '2' ),
( '25', 'conversion_rate', NULL, '1.000' ),
( '25', 'bill_street', NULL, '111' ),
( '25', 'ship_street', NULL, '11' ),
( '25', 'terms_conditions', NULL, '- Unless otherwise agreed in writing by the supplier all invoices are payable within thirty (30) days of the date of invoice, in the currency of the invoice, drawn on a bank based in India or by such other method as is agreed in advance by the Supplier.

 - All prices are not inclusive of VAT which shall be payable in addition by the Customer at the applicable rate.' ),
( '25', 'productid', NULL, '3' ),
( '25', 'quantity', NULL, '2.000' ),
( '25', 'listprice', NULL, '11.00000000' ),
( '25', 'tax1', NULL, '4.500' ),
( '25', 'tax2', NULL, '10.000' ),
( '25', 'tax3', NULL, '12.500' ),
( '25', 'pre_tax_total', NULL, '22.00000000' ),
( '25', 'hdnS_H_Percent', NULL, '0.000' ),
( '25', 'source', NULL, 'CRM' ),
( '25', 'record_id', NULL, '11' ),
( '25', 'record_module', NULL, 'SalesOrder' ),
( '26', 'label', NULL, 'test' ),
( '26', 'subject', NULL, 'test' ),
( '26', 'salesorder_id', NULL, '11' ),
( '26', 'contact_id', NULL, '4' ),
( '26', 'txtAdjustment', NULL, '0.00000000' ),
( '26', 'salescommission', NULL, '0.000' ),
( '26', 'exciseduty', NULL, '0.000' ),
( '26', 'hdnSubTotal', NULL, '22.00000000' ),
( '26', 'hdnGrandTotal', NULL, '27.94000000' ),
( '26', 'hdnTaxType', NULL, 'group' ),
( '26', 'hdnS_H_Amount', NULL, '0.00000000' ),
( '26', 'account_id', NULL, '2' ),
( '26', 'invoicestatus', NULL, 'Created' ),
( '26', 'assigned_user_id', NULL, '1' ),
( '26', 'createdtime', NULL, '2024-06-01 10:27:00' ),
( '26', 'modifiedby', NULL, '1' ),
( '26', 'currency_id', NULL, '2' ),
( '26', 'conversion_rate', NULL, '1.000' ),
( '26', 'bill_street', NULL, '111' ),
( '26', 'ship_street', NULL, '11' ),
( '26', 'terms_conditions', NULL, '- Unless otherwise agreed in writing by the supplier all invoices are payable within thirty (30) days of the date of invoice, in the currency of the invoice, drawn on a bank based in India or by such other method as is agreed in advance by the Supplier.

 - All prices are not inclusive of VAT which shall be payable in addition by the Customer at the applicable rate.' ),
( '26', 'invoice_no', NULL, 'INV1' ),
( '26', 'productid', NULL, '3' ),
( '26', 'quantity', NULL, '2.000' ),
( '26', 'listprice', NULL, '11.00000000' ),
( '26', 'tax1', NULL, '4.500' );

INSERT INTO `vtiger_modtracker_detail`(`id`,`fieldname`,`prevalue`,`postvalue`) VALUES 
( '26', 'tax2', NULL, '10.000' ),
( '26', 'tax3', NULL, '12.500' ),
( '26', 'pre_tax_total', NULL, '22.00000000' ),
( '26', 'received', NULL, '0.00000000' ),
( '26', 'balance', NULL, '27.94000000' ),
( '26', 'hdnS_H_Percent', NULL, '0.00000000' ),
( '26', 'source', NULL, 'CRM' ),
( '26', 'record_id', NULL, '12' ),
( '26', 'record_module', NULL, 'Invoice' ),
( '27', 'invoicestatus', 'Created', 'Cancel' ),
( '28', 'label', NULL, 'test1' ),
( '28', 'quote_no', NULL, 'QUO2' ),
( '28', 'subject', NULL, 'test1' ),
( '28', 'quotestage', NULL, 'Created' ),
( '28', 'contact_id', NULL, '4' ),
( '28', 'hdnSubTotal', NULL, '11.00000000' ),
( '28', 'txtAdjustment', NULL, '0.00000000' ),
( '28', 'hdnGrandTotal', NULL, '13.97000000' ),
( '28', 'hdnTaxType', NULL, 'group' ),
( '28', 'hdnS_H_Amount', NULL, '0.00000000' ),
( '28', 'account_id', NULL, '2' ),
( '28', 'assigned_user_id', NULL, '1' ),
( '28', 'createdtime', NULL, '2024-06-01 10:50:59' ),
( '28', 'modifiedby', NULL, '1' ),
( '28', 'currency_id', NULL, '2' ),
( '28', 'conversion_rate', NULL, '1.000' ),
( '28', 'bill_street', NULL, '22' ),
( '28', 'ship_street', NULL, '2' ),
( '28', 'terms_conditions', NULL, '- Unless otherwise agreed in writing by the supplier all invoices are payable within thirty (30) days of the date of invoice, in the currency of the invoice, drawn on a bank based in India or by such other method as is agreed in advance by the Supplier.

 - All prices are not inclusive of VAT which shall be payable in addition by the Customer at the applicable rate.' ),
( '28', 'productid', NULL, '3' ),
( '28', 'quantity', NULL, '1.000' ),
( '28', 'listprice', NULL, '11.00000000' ),
( '28', 'tax1', NULL, '4.500' ),
( '28', 'tax2', NULL, '10.000' ),
( '28', 'tax3', NULL, '12.500' ),
( '28', 'pre_tax_total', NULL, '11.00000000' ),
( '28', 'hdnS_H_Percent', NULL, '0.000' ),
( '28', 'source', NULL, 'CRM' ),
( '28', 'record_id', NULL, '13' ),
( '28', 'record_module', NULL, 'Quotes' ),
( '29', 'invoicestatus', 'Cancel', 'Partially Paid' ),
( '32', 'label', NULL, 'Qotes' ),
( '32', 'productname', NULL, 'Qotes' ),
( '32', 'product_no', NULL, 'PRO2' ),
( '32', 'discontinued', NULL, '1' ),
( '32', 'createdtime', NULL, '2024-06-01 15:22:50' ),
( '32', 'modifiedby', NULL, '1' ),
( '32', 'unit_price', NULL, '0.00000000' ),
( '32', 'commissionrate', NULL, '0.000' ),
( '32', 'qty_per_unit', NULL, '0.00' ),
( '32', 'qtyinstock', NULL, '0.000' ),
( '32', 'assigned_user_id', NULL, '1' ),
( '32', 'purchase_cost', NULL, '0.00000000' ),
( '32', 'source', NULL, 'CRM' ),
( '32', 'record_id', NULL, '16' ),
( '32', 'record_module', NULL, 'Products' ),
( '33', 'qtyinstock', '0.000', '99999.000' ),
( '34', 'label', NULL, 'Wallet1' ),
( '34', 'potentialname', NULL, 'Wallet1' ),
( '34', 'potential_no', NULL, 'POT1' ),
( '34', 'amount', NULL, '0.00000000' ),
( '34', 'closingdate', NULL, '2024-06-30' ),
( '34', 'opportunity_type', NULL, 'New Business' ),
( '34', 'leadsource', NULL, 'Other' ),
( '34', 'sales_stage', NULL, 'Prospecting' ),
( '34', 'assigned_user_id', NULL, '1' ),
( '34', 'probability', NULL, '0.000' ),
( '34', 'createdtime', NULL, '2024-06-01 15:27:47' ),
( '34', 'modifiedby', NULL, '1' ),
( '34', 'forecast_amount', NULL, '0.00000000' ),
( '34', 'contact_id', NULL, '4' ),
( '34', 'source', NULL, 'CRM' ),
( '34', 'record_id', NULL, '17' ),
( '34', 'record_module', NULL, 'Potentials' ),
( '35', 'label', NULL, 'Regarding Potential Assignment' ),
( '35', 'date_start', NULL, '2024-06-01' ),
( '35', 'activitytype', NULL, 'Emails' ),
( '35', 'assigned_user_id', NULL, '1' ),
( '35', 'subject', NULL, 'Regarding Potential Assignment' ),
( '35', 'description', NULL, 'An Potential has been assigned to you on vtigerCRM&lt;br&gt;Details of Potential are :&lt;br&gt;&lt;br&gt;Potential No:&lt;b&gt;POT1&lt;/b&gt;&lt;br&gt;Potential Name:&lt;b&gt;Wallet1&lt;/b&gt;&lt;br&gt;Amount:&lt;b&gt;0&amp;euro;&lt;/b&gt;&lt;br&gt;Expected Close Date:&lt;b&gt;30-06-2024 (dd-mm-yyyy)&lt;/b&gt;&lt;br&gt;Type:&lt;b&gt;New Business&lt;/b&gt;&lt;br&gt;&lt;br&gt;&lt;br&gt;Description :&lt;br&gt;&lt;br&gt;Thank You&lt;br&gt;Admin&lt;br&gt;&lt;br&gt;' ),
( '35', 'time_start', NULL, '15:30:01' ),
( '35', 'createdtime', NULL, '2024-06-01 15:30:01' ),
( '35', 'modifiedby', NULL, '1' ),
( '35', 'from_email', NULL, 'se@sergeyem.ru' ),
( '35', 'saved_toid', NULL, '[&quot;se@sergeyem.ru&quot;]' ),
( '35', 'ccmail', NULL, '[&quot;&quot;]' ),
( '35', 'bccmail', NULL, '[&quot;&quot;]' ),
( '35', 'parent_id', NULL, '17@1|' ),
( '35', 'email_flag', NULL, 'SENT' ),
( '35', 'source', NULL, 'CRM' ),
( '35', 'record_id', NULL, '18' ),
( '35', 'record_module', NULL, 'Emails' ),
( '38', 'amount', '0.00000000', '100.00000000' ),
( '39', 'label', NULL, 'pa y 1' ),
( '39', 'name', NULL, 'pa y 1' ),
( '39', 'assigned_user_id', NULL, '1' ),
( '39', 'createdtime', NULL, '2024-06-01 15:38:07' ),
( '39', 'custompaymentsno', NULL, 'CU1' ),
( '39', 'created_user_id', NULL, '1' ),
( '39', 'modifiedby', NULL, '1' ),
( '39', 'source', NULL, 'CRM' ),
( '39', 'cf_893', NULL, '100.00000' ),
( '39', 'cf_899', NULL, 'Paypal' ),
( '39', 'cf_901', NULL, '2024-06-01' ),
( '39', 'cf_potentials_id', NULL, '17' ),
( '39', 'record_id', NULL, '19' ),
( '39', 'record_module', NULL, 'CustomPayments' ),
( '41', 'cf_906', '', '18:30:00' ),
( '42', 'label', NULL, 'inv1' ),
( '42', 'subject', NULL, 'inv1' ),
( '42', 'contact_id', NULL, '4' ),
( '42', 'txtAdjustment', NULL, '0.00000000' ),
( '42', 'salescommission', NULL, '0.000' ),
( '42', 'exciseduty', NULL, '0.000' ),
( '42', 'hdnSubTotal', NULL, '33.00000000' ),
( '42', 'hdnGrandTotal', NULL, '41.92000000' ),
( '42', 'hdnTaxType', NULL, 'group' ),
( '42', 'hdnS_H_Amount', NULL, '0.00000000' ),
( '42', 'invoicestatus', NULL, 'Created' ),
( '42', 'assigned_user_id', NULL, '1' ),
( '42', 'createdtime', NULL, '2024-06-01 16:22:17' ),
( '42', 'modifiedby', NULL, '1' ),
( '42', 'currency_id', NULL, '2' ),
( '42', 'conversion_rate', NULL, '1.000' ),
( '42', 'bill_street', NULL, '11' ),
( '42', 'ship_street', NULL, '22' ),
( '42', 'terms_conditions', NULL, '- Unless otherwise agreed in writing by the supplier all invoices are payable within thirty (30) days of the date of invoice, in the currency of the invoice, drawn on a bank based in India or by such other method as is agreed in advance by the Supplier.

 - All prices are not inclusive of VAT which shall be payable in addition by the Customer at the applicable rate.' ),
( '42', 'invoice_no', NULL, 'INV2' ),
( '42', 'productid', NULL, '3' ),
( '42', 'quantity', NULL, '3.000' ),
( '42', 'listprice', NULL, '11.00000000' ),
( '42', 'tax1', NULL, '4.500' ),
( '42', 'tax2', NULL, '10.000' ),
( '42', 'tax3', NULL, '12.500' ),
( '42', 'pre_tax_total', NULL, '33.00000000' ),
( '42', 'received', NULL, '0.00000000' ),
( '42', 'balance', NULL, '41.92000000' ),
( '42', 'hdnS_H_Percent', NULL, '0.00000000' ),
( '42', 'potential_id', NULL, '17' ),
( '42', 'source', NULL, 'CRM' ),
( '42', 'record_id', NULL, '20' ),
( '42', 'record_module', NULL, 'Invoice' ),
( '44', 'invoicestatus', 'Created', 'Paid' ),
( '45', 'invoicestatus', 'Paid', 'Sent' ),
( '46', 'invoicestatus', 'Sent', 'Paid' ),
( '46', 'cf_908', '0', '1' ),
( '47', 'label', NULL, 'TEst test1' ),
( '47', 'firstname', NULL, 'TEst' ),
( '47', 'lead_no', NULL, 'LEA3' ),
( '47', 'lastname', NULL, 'test1' ),
( '47', 'email', NULL, 'it@itvolga.com' ),
( '47', 'leadstatus', NULL, 'Attempted to Contact' ),
( '47', 'assigned_user_id', NULL, '1' ),
( '47', 'createdtime', NULL, '2024-06-01 17:46:21' ),
( '47', 'modifiedby', NULL, '1' ),
( '47', 'country', NULL, 'Deutschland' ),
( '47', 'source', NULL, 'CRM' ),
( '47', 'cf_871', NULL, '1994-01-21' ),
( '47', 'record_id', NULL, '21' ),
( '47', 'record_module', NULL, 'Leads' ),
( '49', 'label', NULL, 'test1 test1' ),
( '49', 'firstname', NULL, 'test1' ),
( '49', 'lead_no', NULL, 'LEA4' ),
( '49', 'lastname', NULL, 'test1' ),
( '49', 'email', NULL, 'it@itvolga.com' ),
( '49', 'leadsource', NULL, 'Web Site' ),
( '49', 'leadstatus', NULL, 'Attempted to Contact' ),
( '49', 'assigned_user_id', NULL, '1' ),
( '49', 'createdtime', NULL, '2024-06-01 17:48:10' ),
( '49', 'modifiedby', NULL, '1' ),
( '49', 'country', NULL, 'Deutschland' ),
( '49', 'source', NULL, 'CRM' ),
( '49', 'cf_871', NULL, '1994-01-21' ),
( '49', 'record_id', NULL, '22' ),
( '49', 'record_module', NULL, 'Leads' ),
( '50', 'leadstatus', 'Attempted to Contact', 'Cold' ),
( '51', 'leadstatus', 'Cold', 'Attempted to Contact' ),
( '52', 'label', NULL, 'Candidate' ),
( '52', 'date_start', NULL, '2024-06-01' ),
( '52', 'activitytype', NULL, 'Emails' ),
( '52', 'assigned_user_id', NULL, '1' ),
( '52', 'subject', NULL, 'Candidate' ),
( '52', 'description', NULL, '&lt;html lang=&quot;de&quot;&gt;
&lt;head&gt;
	&lt;meta charset=&quot;UTF-8&quot; /&gt;
	&lt;meta cname=&quot;viewport&quot; /&gt;
	&lt;title&gt;Mitgliedsantrag&lt;/title&gt;
	&lt;style type=&quot;text/css&quot;&gt;body {
            font-family: Helvetica Neue, sans-serif;
        }
        .container {
            width: 60%;
            margin: 0 auto;
            padding: 20px;
            border: 1px solid #ccc;
            border-radius: 10px;
            background-color: #f9f9f9;
        }
        .title {
            text-align: center;
            margin-bottom: 20px;
            font-size: 11px;
        }
        .section {
            margin-bottom: 0px;
        }
        .section h2 {
            margin-bottom: 0px;
            font-size: 11px;
        }
        .section p {
            margin: 0px;
            font-size: 11px;
        }
        table {
            width: 100%;
            border-collapse: collapse;
            margin-bottom: 20px;
        }
        table, th, td {
            border: 0px solid #000;
        }
        th, td {
            padding: 5px;
            text-align: left;
            font-size: 14px;
        }
        .hrl {
            border: none;
            border-bottom: 1px solid #000;
            width: 60%;
            margin-left: 0;
        }
        .tdh {
            width: 150px;
            font-size: 12px;
        }
	&lt;/style&gt;
&lt;/head&gt;
&lt;body&gt;
&lt;div class=&quot;container&quot;&gt;
&lt;div class=&quot;title&quot;&gt;
&lt;h1&gt;x2tree e.V. Mitgliedsantrag&lt;/h1&gt;
&lt;/div&gt;

&lt;div class=&quot;section&quot;&gt;
&lt;p&gt;x2tree e.V. ist eine Anbauvereinigung nach Cannabis Gesetz.&lt;br /&gt;
Um Teil unsere Gemeinschaft und Mitglied des Vereins zu werden, m&amp;uuml;ssen Sie bestimmte&lt;br /&gt;
Vorraussetzungen erf&amp;uuml;llen und einem Mitgliedsantrag stellen.&lt;/p&gt;

&lt;p&gt;&lt;br /&gt;
Bitte f&amp;uuml;llen Sie hierf&amp;uuml;r das unten aufgef&amp;uuml;hrten Felder aus.&lt;br /&gt;
Anhand der Informationen k&amp;ouml;nnen wir pr&amp;uuml;fen, ob Sie die gesetzlichen und vereinsrechtlichen&lt;br /&gt;
Vorraussetzungen einer Mitgliedschaft erf&amp;uuml;llen.&lt;/p&gt;

&lt;h2&gt;Die Mitgliedsvoraussetzungen sind:&lt;/h2&gt;

&lt;p&gt;1. Sie m&amp;uuml;ssen mindestens 21 Jahre alt sein.&lt;/p&gt;

&lt;p&gt;2. Sie m&amp;uuml;ssen Ihren Daueraufenthalt und eine Meldebest&amp;auml;tigung in Deutschland haben.&lt;/p&gt;

&lt;p&gt;3. Der Verein muss gen&amp;uuml;gend Kapazit&amp;auml;ten aufweisen um Ihnen eine Mitgliedschaft zu erm&amp;ouml;glichen.&lt;/p&gt;

&lt;p&gt;4. Sie d&amp;uuml;rfen, zum Zeitpunkt der Aufnahme, kein Mitglied einer anderen Anbauvereinigung sein.&lt;br /&gt;
&amp;nbsp;&amp;nbsp;&amp;nbsp;&amp;nbsp;Jedoch zum Zeitpunkt der Antragstellung.&lt;/p&gt;
&lt;/div&gt;

&lt;div class=&quot;section&quot;&gt;
&lt;h2&gt;Aufnahme als Mitglied&lt;/h2&gt;

&lt;p&gt;Sobald wir gepr&amp;uuml;ft habe, dass Sie alle Voraussetzungen erf&amp;uuml;llen, laden wir Sie herzlich dazu ein&lt;br /&gt;
Mitglied zu werden. Daf&amp;uuml;r m&amp;uuml;ssen Sie sich durch einen Personalausweis, Reisepass mit&lt;br /&gt;
Meldebest&amp;auml;tigung oder Reisepass mit Aufenthaltstitel, legitimieren und einen&lt;br /&gt;
Mitgliedschaftsvereinbarung unterschreiben.&lt;/p&gt;
&lt;/div&gt;

&lt;div class=&quot;section&quot;&gt;
&lt;h2&gt;Mitgliedschaftsantrag&lt;/h2&gt;

&lt;table&gt;
	&lt;tbody&gt;
		&lt;tr&gt;
			&lt;th class=&quot;tdh&quot;&gt;Anrede:&lt;/th&gt;
			&lt;td&gt;HADGA
			&lt;hr class=&quot;notbord hrl&quot; style=&quot;margin-top:1px;margin-bottom:0px&quot; /&gt;&lt;/td&gt;
		&lt;/tr&gt;
		&lt;tr&gt;
			&lt;th class=&quot;tdh&quot;&gt;Vorname:&lt;/th&gt;
			&lt;td&gt;31313
			&lt;hr class=&quot;notbord hrl&quot; style=&quot;margin-top:1px;margin-bottom:0px&quot; /&gt;&lt;/td&gt;
		&lt;/tr&gt;
		&lt;tr&gt;
			&lt;th class=&quot;tdh&quot;&gt;Nachname:&lt;/th&gt;
			&lt;td&gt;31313
			&lt;hr class=&quot;notbord hrl&quot; style=&quot;margin-top:1px;margin-bottom:0px&quot; /&gt;&lt;/td&gt;
		&lt;/tr&gt;
		&lt;tr&gt;
			&lt;th class=&quot;tdh&quot;&gt;Geburtsdatum:&lt;/th&gt;
			&lt;td&gt;31313
			&lt;hr class=&quot;notbord hrl&quot; style=&quot;margin-top:1px;margin-bottom:0px&quot; /&gt;&lt;/td&gt;
		&lt;/tr&gt;
		&lt;tr&gt;
			&lt;th class=&quot;tdh&quot;&gt;Strasse Hausnummer:&lt;/th&gt;
			&lt;td&gt;31313
			&lt;hr class=&quot;notbord hrl&quot; style=&quot;margin-top:1px;margin-bottom:0px&quot; /&gt;&lt;/td&gt;
		&lt;/tr&gt;
		&lt;tr&gt;
			&lt;th class=&quot;tdh&quot;&gt;PLZ:&lt;/th&gt;
			&lt;td&gt;31313
			&lt;hr class=&quot;notbord hrl&quot; style=&quot;margin-top:1px;margin-bottom:0px&quot; /&gt;&lt;/td&gt;
		&lt;/tr&gt;
		&lt;tr&gt;
			&lt;th class=&quot;tdh&quot;&gt;Ort:&lt;/th&gt;
			&lt;td&gt;31313
			&lt;hr class=&quot;notbord hrl&quot; style=&quot;margin-top:1px;margin-bottom:0px&quot; /&gt;&lt;/td&gt;
		&lt;/tr&gt;
		&lt;tr&gt;
			&lt;th class=&quot;tdh&quot;&gt;Land:&lt;/th&gt;
			&lt;td&gt;31313
			&lt;hr class=&quot;notbord hrl&quot; style=&quot;margin-top:1px;margin-bottom:0px&quot; /&gt;&lt;/td&gt;
		&lt;/tr&gt;
		&lt;tr&gt;
			&lt;th class=&quot;tdh&quot;&gt;Telefonnummer:&lt;/th&gt;
			&lt;td&gt;31313
			&lt;hr class=&quot;notbord hrl&quot; style=&quot;margin-top:1px;margin-bottom:0px&quot; /&gt;&lt;/td&gt;
		&lt;/tr&gt;
		&lt;tr&gt;
			&lt;th class=&quot;tdh&quot;&gt;Email:&lt;/th&gt;
			&lt;td&gt;31313
			&lt;hr class=&quot;notbord hrl&quot; style=&quot;margin-top:1px;margin-bottom:0px&quot; /&gt;&lt;/td&gt;
		&lt;/tr&gt;
	&lt;/tbody&gt;
&lt;/table&gt;
&lt;/div&gt;

&lt;div class=&quot;section&quot;&gt;
&lt;p&gt;Ich bin damit einverstanden, dass ich im Falle einer Nichtaufnahme aus Kapazit&amp;auml;tsgr&amp;uuml;nden in die&lt;br /&gt;
Warteliste der x2tree e.V. eingetragen werde, sofern eine Austragung auf Verlangen jederzeit&lt;br /&gt;
m&amp;ouml;glich ist.&lt;/p&gt;
&lt;/div&gt;
&lt;/div&gt;
&lt;/body&gt;
&lt;/html&gt;
&lt;br&gt;&lt;br&gt;' ),
( '52', 'time_start', NULL, '18:00:01' ),
( '52', 'createdtime', NULL, '2024-06-01 18:00:01' ),
( '52', 'modifiedby', NULL, '1' ),
( '52', 'from_email', NULL, 'info@x2tree.de' ),
( '52', 'saved_toid', NULL, '[&quot;antrag@x2tree.de&quot;]' ),
( '52', 'ccmail', NULL, '[&quot;&quot;]' ),
( '52', 'bccmail', NULL, '[&quot;&quot;]' ),
( '52', 'parent_id', NULL, '22@1|' ),
( '52', 'email_flag', NULL, 'SENT' ),
( '52', 'source', NULL, 'CRM' ),
( '52', 'record_id', NULL, '23' ),
( '52', 'record_module', NULL, 'Emails' ),
( '54', 'label', NULL, 'Candidate' ),
( '54', 'date_start', NULL, '2024-06-01' ),
( '54', 'activitytype', NULL, 'Emails' ),
( '54', 'assigned_user_id', NULL, '1' ),
( '54', 'subject', NULL, 'Candidate' ),
( '54', 'description', NULL, '&lt;html lang=&quot;de&quot;&gt;
&lt;head&gt;
	&lt;meta charset=&quot;UTF-8&quot; /&gt;
	&lt;meta cname=&quot;viewport&quot; /&gt;
	&lt;title&gt;Mitgliedsantrag&lt;/title&gt;
	&lt;style type=&quot;text/css&quot;&gt;body {
            font-family: Helvetica Neue, sans-serif;
        }
        .container {
            width: 60%;
            margin: 0 auto;
            padding: 20px;
            border: 1px solid #ccc;
            border-radius: 10px;
            background-color: #f9f9f9;
        }
        .title {
            text-align: center;
            margin-bottom: 20px;
            font-size: 11px;
        }
        .section {
            margin-bottom: 0px;
        }
        .section h2 {
            margin-bottom: 0px;
            font-size: 11px;
        }
        .section p {
            margin: 0px;
            font-size: 11px;
        }
        table {
            width: 100%;
            border-collapse: collapse;
            margin-bottom: 20px;
        }
        table, th, td {
            border: 0px solid #000;
        }
        th, td {
            padding: 5px;
            text-align: left;
            font-size: 14px;
        }
        .hrl {
            border: none;
            border-bottom: 1px solid #000;
            width: 60%;
            margin-left: 0;
        }
        .tdh {
            width: 150px;
            font-size: 12px;
        }
	&lt;/style&gt;
&lt;/head&gt;
&lt;body&gt;
&lt;div class=&quot;container&quot;&gt;
&lt;div class=&quot;title&quot;&gt;
&lt;h1&gt;x2tree e.V. Mitgliedsantrag&lt;/h1&gt;
&lt;/div&gt;

&lt;div class=&quot;section&quot;&gt;
&lt;p&gt;x2tree e.V. ist eine Anbauvereinigung nach Cannabis Gesetz.&lt;br /&gt;
Um Teil unsere Gemeinschaft und Mitglied des Vereins zu werden, m&amp;uuml;ssen Sie bestimmte&lt;br /&gt;
Vorraussetzungen erf&amp;uuml;llen und einem Mitgliedsantrag stellen.&lt;/p&gt;

&lt;p&gt;&lt;br /&gt;
Bitte f&amp;uuml;llen Sie hierf&amp;uuml;r das unten aufgef&amp;uuml;hrten Felder aus.&lt;br /&gt;
Anhand der Informationen k&amp;ouml;nnen wir pr&amp;uuml;fen, ob Sie die gesetzlichen und vereinsrechtlichen&lt;br /&gt;
Vorraussetzungen einer Mitgliedschaft erf&amp;uuml;llen.&lt;/p&gt;

&lt;h2&gt;Die Mitgliedsvoraussetzungen sind:&lt;/h2&gt;

&lt;p&gt;1. Sie m&amp;uuml;ssen mindestens 21 Jahre alt sein.&lt;/p&gt;

&lt;p&gt;2. Sie m&amp;uuml;ssen Ihren Daueraufenthalt und eine Meldebest&amp;auml;tigung in Deutschland haben.&lt;/p&gt;

&lt;p&gt;3. Der Verein muss gen&amp;uuml;gend Kapazit&amp;auml;ten aufweisen um Ihnen eine Mitgliedschaft zu erm&amp;ouml;glichen.&lt;/p&gt;

&lt;p&gt;4. Sie d&amp;uuml;rfen, zum Zeitpunkt der Aufnahme, kein Mitglied einer anderen Anbauvereinigung sein.&lt;br /&gt;
&amp;nbsp;&amp;nbsp;&amp;nbsp;&amp;nbsp;Jedoch zum Zeitpunkt der Antragstellung.&lt;/p&gt;
&lt;/div&gt;

&lt;div class=&quot;section&quot;&gt;
&lt;h2&gt;Aufnahme als Mitglied&lt;/h2&gt;

&lt;p&gt;Sobald wir gepr&amp;uuml;ft habe, dass Sie alle Voraussetzungen erf&amp;uuml;llen, laden wir Sie herzlich dazu ein&lt;br /&gt;
Mitglied zu werden. Daf&amp;uuml;r m&amp;uuml;ssen Sie sich durch einen Personalausweis, Reisepass mit&lt;br /&gt;
Meldebest&amp;auml;tigung oder Reisepass mit Aufenthaltstitel, legitimieren und einen&lt;br /&gt;
Mitgliedschaftsvereinbarung unterschreiben.&lt;/p&gt;
&lt;/div&gt;

&lt;div class=&quot;section&quot;&gt;
&lt;h2&gt;Mitgliedschaftsantrag&lt;/h2&gt;

&lt;table&gt;
	&lt;tbody&gt;
		&lt;tr&gt;
			&lt;th class=&quot;tdh&quot;&gt;Anrede:&lt;/th&gt;
			&lt;td&gt;HADGA
			&lt;hr class=&quot;notbord hrl&quot; style=&quot;margin-top:1px;margin-bottom:0px&quot; /&gt;&lt;/td&gt;
		&lt;/tr&gt;
		&lt;tr&gt;
			&lt;th class=&quot;tdh&quot;&gt;Vorname:&lt;/th&gt;
			&lt;td&gt;31313
			&lt;hr class=&quot;notbord hrl&quot; style=&quot;margin-top:1px;margin-bottom:0px&quot; /&gt;&lt;/td&gt;
		&lt;/tr&gt;
		&lt;tr&gt;
			&lt;th class=&quot;tdh&quot;&gt;Nachname:&lt;/th&gt;
			&lt;td&gt;31313
			&lt;hr class=&quot;notbord hrl&quot; style=&quot;margin-top:1px;margin-bottom:0px&quot; /&gt;&lt;/td&gt;
		&lt;/tr&gt;
		&lt;tr&gt;
			&lt;th class=&quot;tdh&quot;&gt;Geburtsdatum:&lt;/th&gt;
			&lt;td&gt;31313
			&lt;hr class=&quot;notbord hrl&quot; style=&quot;margin-top:1px;margin-bottom:0px&quot; /&gt;&lt;/td&gt;
		&lt;/tr&gt;
		&lt;tr&gt;
			&lt;th class=&quot;tdh&quot;&gt;Strasse Hausnummer:&lt;/th&gt;
			&lt;td&gt;31313
			&lt;hr class=&quot;notbord hrl&quot; style=&quot;margin-top:1px;margin-bottom:0px&quot; /&gt;&lt;/td&gt;
		&lt;/tr&gt;
		&lt;tr&gt;
			&lt;th class=&quot;tdh&quot;&gt;PLZ:&lt;/th&gt;
			&lt;td&gt;31313
			&lt;hr class=&quot;notbord hrl&quot; style=&quot;margin-top:1px;margin-bottom:0px&quot; /&gt;&lt;/td&gt;
		&lt;/tr&gt;
		&lt;tr&gt;
			&lt;th class=&quot;tdh&quot;&gt;Ort:&lt;/th&gt;
			&lt;td&gt;31313
			&lt;hr class=&quot;notbord hrl&quot; style=&quot;margin-top:1px;margin-bottom:0px&quot; /&gt;&lt;/td&gt;
		&lt;/tr&gt;
		&lt;tr&gt;
			&lt;th class=&quot;tdh&quot;&gt;Land:&lt;/th&gt;
			&lt;td&gt;31313
			&lt;hr class=&quot;notbord hrl&quot; style=&quot;margin-top:1px;margin-bottom:0px&quot; /&gt;&lt;/td&gt;
		&lt;/tr&gt;
		&lt;tr&gt;
			&lt;th class=&quot;tdh&quot;&gt;Telefonnummer:&lt;/th&gt;
			&lt;td&gt;31313
			&lt;hr class=&quot;notbord hrl&quot; style=&quot;margin-top:1px;margin-bottom:0px&quot; /&gt;&lt;/td&gt;
		&lt;/tr&gt;
		&lt;tr&gt;
			&lt;th class=&quot;tdh&quot;&gt;Email:&lt;/th&gt;
			&lt;td&gt;31313
			&lt;hr class=&quot;notbord hrl&quot; style=&quot;margin-top:1px;margin-bottom:0px&quot; /&gt;&lt;/td&gt;
		&lt;/tr&gt;
	&lt;/tbody&gt;
&lt;/table&gt;
&lt;/div&gt;

&lt;div class=&quot;section&quot;&gt;
&lt;p&gt;Ich bin damit einverstanden, dass ich im Falle einer Nichtaufnahme aus Kapazit&amp;auml;tsgr&amp;uuml;nden in die&lt;br /&gt;
Warteliste der x2tree e.V. eingetragen werde, sofern eine Austragung auf Verlangen jederzeit&lt;br /&gt;
m&amp;ouml;glich ist.&lt;/p&gt;
&lt;/div&gt;
&lt;/div&gt;
&lt;/body&gt;
&lt;/html&gt;
&lt;br&gt;&lt;br&gt;' ),
( '54', 'time_start', NULL, '18:00:02' ),
( '54', 'createdtime', NULL, '2024-06-01 18:00:02' ),
( '54', 'modifiedby', NULL, '1' ),
( '54', 'from_email', NULL, 'info@x2tree.de' ),
( '54', 'saved_toid', NULL, '[&quot;antrag@x2tree.de&quot;]' ),
( '54', 'ccmail', NULL, '[&quot;&quot;]' ),
( '54', 'bccmail', NULL, '[&quot;&quot;]' ),
( '54', 'parent_id', NULL, '22@1|' ),
( '54', 'email_flag', NULL, 'SENT' ),
( '54', 'source', NULL, 'CRM' ),
( '54', 'record_id', NULL, '24' ),
( '54', 'record_module', NULL, 'Emails' ),
( '56', 'leadstatus', 'Attempted to Contact', 'Cold' ),
( '57', 'leadstatus', 'Cold', 'Attempted to Contact' ),
( '58', 'leadstatus', 'Attempted to Contact', 'Cold' ),
( '59', 'leadstatus', 'Cold', 'Attempted to Contact' ),
( '60', 'label', NULL, 'Candidate' ),
( '60', 'date_start', NULL, '2024-06-01' ),
( '60', 'activitytype', NULL, 'Emails' ),
( '60', 'assigned_user_id', NULL, '1' ),
( '60', 'subject', NULL, 'Candidate' ),
( '60', 'description', NULL, '&lt;html lang=&quot;de&quot;&gt;
&lt;head&gt;
	&lt;meta charset=&quot;UTF-8&quot; /&gt;
	&lt;meta cname=&quot;viewport&quot; /&gt;
	&lt;title&gt;Mitgliedsantrag&lt;/title&gt;
	&lt;style type=&quot;text/css&quot;&gt;body {
            font-family: Helvetica Neue, sans-serif;
        }
        .container {
            width: 60%;
            margin: 0 auto;
            padding: 20px;
            border: 1px solid #ccc;
            border-radius: 10px;
            background-color: #f9f9f9;
        }
        .title {
            text-align: center;
            margin-bottom: 20px;
            font-size: 11px;
        }
        .section {
            margin-bottom: 0px;
        }
        .section h2 {
            margin-bottom: 0px;
            font-size: 11px;
        }
        .section p {
            margin: 0px;
            font-size: 11px;
        }
        table {
            width: 100%;
            border-collapse: collapse;
            margin-bottom: 20px;
        }
        table, th, td {
            border: 0px solid #000;
        }
        th, td {
            padding: 5px;
            text-align: left;
            font-size: 14px;
        }
        .hrl {
            border: none;
            border-bottom: 1px solid #000;
            width: 60%;
            margin-left: 0;
        }
        .tdh {
            width: 150px;
            font-size: 12px;
        }
	&lt;/style&gt;
&lt;/head&gt;
&lt;body&gt;
&lt;div class=&quot;container&quot;&gt;
&lt;div class=&quot;title&quot;&gt;
&lt;h1&gt;x2tree e.V. Mitgliedsantrag&lt;/h1&gt;
&lt;/div&gt;

&lt;div class=&quot;section&quot;&gt;
&lt;p&gt;x2tree e.V. ist eine Anbauvereinigung nach Cannabis Gesetz.&lt;br /&gt;
Um Teil unsere Gemeinschaft und Mitglied des Vereins zu werden, m&amp;uuml;ssen Sie bestimmte&lt;br /&gt;
Vorraussetzungen erf&amp;uuml;llen und einem Mitgliedsantrag stellen.&lt;/p&gt;

&lt;p&gt;&lt;br /&gt;
Bitte f&amp;uuml;llen Sie hierf&amp;uuml;r das unten aufgef&amp;uuml;hrten Felder aus.&lt;br /&gt;
Anhand der Informationen k&amp;ouml;nnen wir pr&amp;uuml;fen, ob Sie die gesetzlichen und vereinsrechtlichen&lt;br /&gt;
Vorraussetzungen einer Mitgliedschaft erf&amp;uuml;llen.&lt;/p&gt;

&lt;h2&gt;Die Mitgliedsvoraussetzungen sind:&lt;/h2&gt;

&lt;p&gt;1. Sie m&amp;uuml;ssen mindestens 21 Jahre alt sein.&lt;/p&gt;

&lt;p&gt;2. Sie m&amp;uuml;ssen Ihren Daueraufenthalt und eine Meldebest&amp;auml;tigung in Deutschland haben.&lt;/p&gt;

&lt;p&gt;3. Der Verein muss gen&amp;uuml;gend Kapazit&amp;auml;ten aufweisen um Ihnen eine Mitgliedschaft zu erm&amp;ouml;glichen.&lt;/p&gt;

&lt;p&gt;4. Sie d&amp;uuml;rfen, zum Zeitpunkt der Aufnahme, kein Mitglied einer anderen Anbauvereinigung sein.&lt;br /&gt;
&amp;nbsp;&amp;nbsp;&amp;nbsp;&amp;nbsp;Jedoch zum Zeitpunkt der Antragstellung.&lt;/p&gt;
&lt;/div&gt;

&lt;div class=&quot;section&quot;&gt;
&lt;h2&gt;Aufnahme als Mitglied&lt;/h2&gt;

&lt;p&gt;Sobald wir gepr&amp;uuml;ft habe, dass Sie alle Voraussetzungen erf&amp;uuml;llen, laden wir Sie herzlich dazu ein&lt;br /&gt;
Mitglied zu werden. Daf&amp;uuml;r m&amp;uuml;ssen Sie sich durch einen Personalausweis, Reisepass mit&lt;br /&gt;
Meldebest&amp;auml;tigung oder Reisepass mit Aufenthaltstitel, legitimieren und einen&lt;br /&gt;
Mitgliedschaftsvereinbarung unterschreiben.&lt;/p&gt;
&lt;/div&gt;

&lt;div class=&quot;section&quot;&gt;
&lt;h2&gt;Mitgliedschaftsantrag&lt;/h2&gt;

&lt;table&gt;
	&lt;tbody&gt;
		&lt;tr&gt;
			&lt;th class=&quot;tdh&quot;&gt;Anrede:&lt;/th&gt;
			&lt;td&gt;HADGA
			&lt;hr class=&quot;notbord hrl&quot; style=&quot;margin-top:1px;margin-bottom:0px&quot; /&gt;&lt;/td&gt;
		&lt;/tr&gt;
		&lt;tr&gt;
			&lt;th class=&quot;tdh&quot;&gt;Vorname:&lt;/th&gt;
			&lt;td&gt;31313
			&lt;hr class=&quot;notbord hrl&quot; style=&quot;margin-top:1px;margin-bottom:0px&quot; /&gt;&lt;/td&gt;
		&lt;/tr&gt;
		&lt;tr&gt;
			&lt;th class=&quot;tdh&quot;&gt;Nachname:&lt;/th&gt;
			&lt;td&gt;31313
			&lt;hr class=&quot;notbord hrl&quot; style=&quot;margin-top:1px;margin-bottom:0px&quot; /&gt;&lt;/td&gt;
		&lt;/tr&gt;
		&lt;tr&gt;
			&lt;th class=&quot;tdh&quot;&gt;Geburtsdatum:&lt;/th&gt;
			&lt;td&gt;31313
			&lt;hr class=&quot;notbord hrl&quot; style=&quot;margin-top:1px;margin-bottom:0px&quot; /&gt;&lt;/td&gt;
		&lt;/tr&gt;
		&lt;tr&gt;
			&lt;th class=&quot;tdh&quot;&gt;Strasse Hausnummer:&lt;/th&gt;
			&lt;td&gt;31313
			&lt;hr class=&quot;notbord hrl&quot; style=&quot;margin-top:1px;margin-bottom:0px&quot; /&gt;&lt;/td&gt;
		&lt;/tr&gt;
		&lt;tr&gt;
			&lt;th class=&quot;tdh&quot;&gt;PLZ:&lt;/th&gt;
			&lt;td&gt;31313
			&lt;hr class=&quot;notbord hrl&quot; style=&quot;margin-top:1px;margin-bottom:0px&quot; /&gt;&lt;/td&gt;
		&lt;/tr&gt;
		&lt;tr&gt;
			&lt;th class=&quot;tdh&quot;&gt;Ort:&lt;/th&gt;
			&lt;td&gt;31313
			&lt;hr class=&quot;notbord hrl&quot; style=&quot;margin-top:1px;margin-bottom:0px&quot; /&gt;&lt;/td&gt;
		&lt;/tr&gt;
		&lt;tr&gt;
			&lt;th class=&quot;tdh&quot;&gt;Land:&lt;/th&gt;
			&lt;td&gt;31313
			&lt;hr class=&quot;notbord hrl&quot; style=&quot;margin-top:1px;margin-bottom:0px&quot; /&gt;&lt;/td&gt;
		&lt;/tr&gt;
		&lt;tr&gt;
			&lt;th class=&quot;tdh&quot;&gt;Telefonnummer:&lt;/th&gt;
			&lt;td&gt;31313
			&lt;hr class=&quot;notbord hrl&quot; style=&quot;margin-top:1px;margin-bottom:0px&quot; /&gt;&lt;/td&gt;
		&lt;/tr&gt;
		&lt;tr&gt;
			&lt;th class=&quot;tdh&quot;&gt;Email:&lt;/th&gt;
			&lt;td&gt;31313
			&lt;hr class=&quot;notbord hrl&quot; style=&quot;margin-top:1px;margin-bottom:0px&quot; /&gt;&lt;/td&gt;
		&lt;/tr&gt;
	&lt;/tbody&gt;
&lt;/table&gt;
&lt;/div&gt;

&lt;div class=&quot;section&quot;&gt;
&lt;p&gt;Ich bin damit einverstanden, dass ich im Falle einer Nichtaufnahme aus Kapazit&amp;auml;tsgr&amp;uuml;nden in die&lt;br /&gt;
Warteliste der x2tree e.V. eingetragen werde, sofern eine Austragung auf Verlangen jederzeit&lt;br /&gt;
m&amp;ouml;glich ist.&lt;/p&gt;
&lt;/div&gt;
&lt;/div&gt;
&lt;/body&gt;
&lt;/html&gt;
&lt;br&gt;&lt;br&gt;' ),
( '60', 'time_start', NULL, '18:15:01' ),
( '60', 'createdtime', NULL, '2024-06-01 18:15:01' ),
( '60', 'modifiedby', NULL, '1' ),
( '60', 'from_email', NULL, 'info@x2tree.de' ),
( '60', 'saved_toid', NULL, '[&quot;antrag@x2tree.de&quot;]' ),
( '60', 'ccmail', NULL, '[&quot;&quot;]' ),
( '60', 'bccmail', NULL, '[&quot;&quot;]' ),
( '60', 'parent_id', NULL, '22@1|' ),
( '60', 'email_flag', NULL, 'SENT' ),
( '60', 'source', NULL, 'CRM' ),
( '60', 'record_id', NULL, '25' ),
( '60', 'record_module', NULL, 'Emails' ),
( '62', 'label', NULL, 'Candidate' ),
( '62', 'date_start', NULL, '2024-06-01' ),
( '62', 'activitytype', NULL, 'Emails' ),
( '62', 'assigned_user_id', NULL, '1' ),
( '62', 'subject', NULL, 'Candidate' ),
( '62', 'description', NULL, '&lt;html lang=&quot;de&quot;&gt;
&lt;head&gt;
	&lt;meta charset=&quot;UTF-8&quot; /&gt;
	&lt;meta cname=&quot;viewport&quot; /&gt;
	&lt;title&gt;Mitgliedsantrag&lt;/title&gt;
	&lt;style type=&quot;text/css&quot;&gt;body {
            font-family: Helvetica Neue, sans-serif;
        }
        .container {
            width: 60%;
            margin: 0 auto;
            padding: 20px;
            border: 1px solid #ccc;
            border-radius: 10px;
            background-color: #f9f9f9;
        }
        .title {
            text-align: center;
            margin-bottom: 20px;
            font-size: 11px;
        }
        .section {
            margin-bottom: 0px;
        }
        .section h2 {
            margin-bottom: 0px;
            font-size: 11px;
        }
        .section p {
            margin: 0px;
            font-size: 11px;
        }
        table {
            width: 100%;
            border-collapse: collapse;
            margin-bottom: 20px;
        }
        table, th, td {
            border: 0px solid #000;
        }
        th, td {
            padding: 5px;
            text-align: left;
            font-size: 14px;
        }
        .hrl {
            border: none;
            border-bottom: 1px solid #000;
            width: 60%;
            margin-left: 0;
        }
        .tdh {
            width: 150px;
            font-size: 12px;
        }
	&lt;/style&gt;
&lt;/head&gt;
&lt;body&gt;
&lt;div class=&quot;container&quot;&gt;
&lt;div class=&quot;title&quot;&gt;
&lt;h1&gt;x2tree e.V. Mitgliedsantrag&lt;/h1&gt;
&lt;/div&gt;

&lt;div class=&quot;section&quot;&gt;
&lt;p&gt;x2tree e.V. ist eine Anbauvereinigung nach Cannabis Gesetz.&lt;br /&gt;
Um Teil unsere Gemeinschaft und Mitglied des Vereins zu werden, m&amp;uuml;ssen Sie bestimmte&lt;br /&gt;
Vorraussetzungen erf&amp;uuml;llen und einem Mitgliedsantrag stellen.&lt;/p&gt;

&lt;p&gt;&lt;br /&gt;
Bitte f&amp;uuml;llen Sie hierf&amp;uuml;r das unten aufgef&amp;uuml;hrten Felder aus.&lt;br /&gt;
Anhand der Informationen k&amp;ouml;nnen wir pr&amp;uuml;fen, ob Sie die gesetzlichen und vereinsrechtlichen&lt;br /&gt;
Vorraussetzungen einer Mitgliedschaft erf&amp;uuml;llen.&lt;/p&gt;

&lt;h2&gt;Die Mitgliedsvoraussetzungen sind:&lt;/h2&gt;

&lt;p&gt;1. Sie m&amp;uuml;ssen mindestens 21 Jahre alt sein.&lt;/p&gt;

&lt;p&gt;2. Sie m&amp;uuml;ssen Ihren Daueraufenthalt und eine Meldebest&amp;auml;tigung in Deutschland haben.&lt;/p&gt;

&lt;p&gt;3. Der Verein muss gen&amp;uuml;gend Kapazit&amp;auml;ten aufweisen um Ihnen eine Mitgliedschaft zu erm&amp;ouml;glichen.&lt;/p&gt;

&lt;p&gt;4. Sie d&amp;uuml;rfen, zum Zeitpunkt der Aufnahme, kein Mitglied einer anderen Anbauvereinigung sein.&lt;br /&gt;
&amp;nbsp;&amp;nbsp;&amp;nbsp;&amp;nbsp;Jedoch zum Zeitpunkt der Antragstellung.&lt;/p&gt;
&lt;/div&gt;

&lt;div class=&quot;section&quot;&gt;
&lt;h2&gt;Aufnahme als Mitglied&lt;/h2&gt;

&lt;p&gt;Sobald wir gepr&amp;uuml;ft habe, dass Sie alle Voraussetzungen erf&amp;uuml;llen, laden wir Sie herzlich dazu ein&lt;br /&gt;
Mitglied zu werden. Daf&amp;uuml;r m&amp;uuml;ssen Sie sich durch einen Personalausweis, Reisepass mit&lt;br /&gt;
Meldebest&amp;auml;tigung oder Reisepass mit Aufenthaltstitel, legitimieren und einen&lt;br /&gt;
Mitgliedschaftsvereinbarung unterschreiben.&lt;/p&gt;
&lt;/div&gt;

&lt;div class=&quot;section&quot;&gt;
&lt;h2&gt;Mitgliedschaftsantrag&lt;/h2&gt;

&lt;table&gt;
	&lt;tbody&gt;
		&lt;tr&gt;
			&lt;th class=&quot;tdh&quot;&gt;Anrede:&lt;/th&gt;
			&lt;td&gt;HADGA
			&lt;hr class=&quot;notbord hrl&quot; style=&quot;margin-top:1px;margin-bottom:0px&quot; /&gt;&lt;/td&gt;
		&lt;/tr&gt;
		&lt;tr&gt;
			&lt;th class=&quot;tdh&quot;&gt;Vorname:&lt;/th&gt;
			&lt;td&gt;31313
			&lt;hr class=&quot;notbord hrl&quot; style=&quot;margin-top:1px;margin-bottom:0px&quot; /&gt;&lt;/td&gt;
		&lt;/tr&gt;
		&lt;tr&gt;
			&lt;th class=&quot;tdh&quot;&gt;Nachname:&lt;/th&gt;
			&lt;td&gt;31313
			&lt;hr class=&quot;notbord hrl&quot; style=&quot;margin-top:1px;margin-bottom:0px&quot; /&gt;&lt;/td&gt;
		&lt;/tr&gt;
		&lt;tr&gt;
			&lt;th class=&quot;tdh&quot;&gt;Geburtsdatum:&lt;/th&gt;
			&lt;td&gt;31313
			&lt;hr class=&quot;notbord hrl&quot; style=&quot;margin-top:1px;margin-bottom:0px&quot; /&gt;&lt;/td&gt;
		&lt;/tr&gt;
		&lt;tr&gt;
			&lt;th class=&quot;tdh&quot;&gt;Strasse Hausnummer:&lt;/th&gt;
			&lt;td&gt;31313
			&lt;hr class=&quot;notbord hrl&quot; style=&quot;margin-top:1px;margin-bottom:0px&quot; /&gt;&lt;/td&gt;
		&lt;/tr&gt;
		&lt;tr&gt;
			&lt;th class=&quot;tdh&quot;&gt;PLZ:&lt;/th&gt;
			&lt;td&gt;31313
			&lt;hr class=&quot;notbord hrl&quot; style=&quot;margin-top:1px;margin-bottom:0px&quot; /&gt;&lt;/td&gt;
		&lt;/tr&gt;
		&lt;tr&gt;
			&lt;th class=&quot;tdh&quot;&gt;Ort:&lt;/th&gt;
			&lt;td&gt;31313
			&lt;hr class=&quot;notbord hrl&quot; style=&quot;margin-top:1px;margin-bottom:0px&quot; /&gt;&lt;/td&gt;
		&lt;/tr&gt;
		&lt;tr&gt;
			&lt;th class=&quot;tdh&quot;&gt;Land:&lt;/th&gt;
			&lt;td&gt;31313
			&lt;hr class=&quot;notbord hrl&quot; style=&quot;margin-top:1px;margin-bottom:0px&quot; /&gt;&lt;/td&gt;
		&lt;/tr&gt;
		&lt;tr&gt;
			&lt;th class=&quot;tdh&quot;&gt;Telefonnummer:&lt;/th&gt;
			&lt;td&gt;31313
			&lt;hr class=&quot;notbord hrl&quot; style=&quot;margin-top:1px;margin-bottom:0px&quot; /&gt;&lt;/td&gt;
		&lt;/tr&gt;
		&lt;tr&gt;
			&lt;th class=&quot;tdh&quot;&gt;Email:&lt;/th&gt;
			&lt;td&gt;31313
			&lt;hr class=&quot;notbord hrl&quot; style=&quot;margin-top:1px;margin-bottom:0px&quot; /&gt;&lt;/td&gt;
		&lt;/tr&gt;
	&lt;/tbody&gt;
&lt;/table&gt;
&lt;/div&gt;

&lt;div class=&quot;section&quot;&gt;
&lt;p&gt;Ich bin damit einverstanden, dass ich im Falle einer Nichtaufnahme aus Kapazit&amp;auml;tsgr&amp;uuml;nden in die&lt;br /&gt;
Warteliste der x2tree e.V. eingetragen werde, sofern eine Austragung auf Verlangen jederzeit&lt;br /&gt;
m&amp;ouml;glich ist.&lt;/p&gt;
&lt;/div&gt;
&lt;/div&gt;
&lt;/body&gt;
&lt;/html&gt;
&lt;br&gt;&lt;br&gt;' ),
( '62', 'time_start', NULL, '18:15:02' ),
( '62', 'createdtime', NULL, '2024-06-01 18:15:02' ),
( '62', 'modifiedby', NULL, '1' ),
( '62', 'from_email', NULL, 'info@x2tree.de' ),
( '62', 'saved_toid', NULL, '[&quot;antrag@x2tree.de&quot;]' ),
( '62', 'ccmail', NULL, '[&quot;&quot;]' ),
( '62', 'bccmail', NULL, '[&quot;&quot;]' ),
( '62', 'parent_id', NULL, '22@1|' ),
( '62', 'email_flag', NULL, 'SENT' );

INSERT INTO `vtiger_modtracker_detail`(`id`,`fieldname`,`prevalue`,`postvalue`) VALUES 
( '62', 'source', NULL, 'CRM' ),
( '62', 'record_id', NULL, '26' ),
( '62', 'record_module', NULL, 'Emails' ),
( '64', 'leadstatus', 'Attempted to Contact', 'Cold' ),
( '65', 'leadstatus', 'Cold', 'Attempted to Contact' ),
( '66', 'label', NULL, 'Candidate' ),
( '66', 'date_start', NULL, '2024-06-01' ),
( '66', 'activitytype', NULL, 'Emails' ),
( '66', 'assigned_user_id', NULL, '1' ),
( '66', 'subject', NULL, 'Candidate' ),
( '66', 'description', NULL, '&lt;html lang=&quot;de&quot;&gt;
&lt;head&gt;
	&lt;meta charset=&quot;UTF-8&quot; /&gt;
	&lt;meta cname=&quot;viewport&quot; /&gt;
	&lt;title&gt;Mitgliedsantrag&lt;/title&gt;
	&lt;style type=&quot;text/css&quot;&gt;body {
            font-family: Helvetica Neue, sans-serif;
        }
        .container {
            width: 60%;
            margin: 0 auto;
            padding: 20px;
            border: 1px solid #ccc;
            border-radius: 10px;
            background-color: #f9f9f9;
        }
        .title {
            text-align: center;
            margin-bottom: 20px;
            font-size: 11px;
        }
        .section {
            margin-bottom: 0px;
        }
        .section h2 {
            margin-bottom: 0px;
            font-size: 11px;
        }
        .section p {
            margin: 0px;
            font-size: 11px;
        }
        table {
            width: 100%;
            border-collapse: collapse;
            margin-bottom: 20px;
        }
        table, th, td {
            border: 0px solid #000;
        }
        th, td {
            padding: 5px;
            text-align: left;
            font-size: 14px;
        }
        .hrl {
            border: none;
            border-bottom: 1px solid #000;
            width: 60%;
            margin-left: 0;
        }
        .tdh {
            width: 150px;
            font-size: 12px;
        }
	&lt;/style&gt;
&lt;/head&gt;
&lt;body&gt;
&lt;div class=&quot;container&quot;&gt;
&lt;div class=&quot;title&quot;&gt;
&lt;h1&gt;x2tree e.V. Mitgliedsantrag&lt;/h1&gt;
&lt;/div&gt;

&lt;div class=&quot;section&quot;&gt;
&lt;p&gt;x2tree e.V. ist eine Anbauvereinigung nach Cannabis Gesetz.&lt;br /&gt;
Um Teil unsere Gemeinschaft und Mitglied des Vereins zu werden, m&amp;uuml;ssen Sie bestimmte&lt;br /&gt;
Vorraussetzungen erf&amp;uuml;llen und einem Mitgliedsantrag stellen.&lt;/p&gt;

&lt;p&gt;&lt;br /&gt;
Bitte f&amp;uuml;llen Sie hierf&amp;uuml;r das unten aufgef&amp;uuml;hrten Felder aus.&lt;br /&gt;
Anhand der Informationen k&amp;ouml;nnen wir pr&amp;uuml;fen, ob Sie die gesetzlichen und vereinsrechtlichen&lt;br /&gt;
Vorraussetzungen einer Mitgliedschaft erf&amp;uuml;llen.&lt;/p&gt;

&lt;h2&gt;Die Mitgliedsvoraussetzungen sind:&lt;/h2&gt;

&lt;p&gt;1. Sie m&amp;uuml;ssen mindestens 21 Jahre alt sein.&lt;/p&gt;

&lt;p&gt;2. Sie m&amp;uuml;ssen Ihren Daueraufenthalt und eine Meldebest&amp;auml;tigung in Deutschland haben.&lt;/p&gt;

&lt;p&gt;3. Der Verein muss gen&amp;uuml;gend Kapazit&amp;auml;ten aufweisen um Ihnen eine Mitgliedschaft zu erm&amp;ouml;glichen.&lt;/p&gt;

&lt;p&gt;4. Sie d&amp;uuml;rfen, zum Zeitpunkt der Aufnahme, kein Mitglied einer anderen Anbauvereinigung sein.&lt;br /&gt;
&amp;nbsp;&amp;nbsp;&amp;nbsp;&amp;nbsp;Jedoch zum Zeitpunkt der Antragstellung.&lt;/p&gt;
&lt;/div&gt;

&lt;div class=&quot;section&quot;&gt;
&lt;h2&gt;Aufnahme als Mitglied&lt;/h2&gt;

&lt;p&gt;Sobald wir gepr&amp;uuml;ft habe, dass Sie alle Voraussetzungen erf&amp;uuml;llen, laden wir Sie herzlich dazu ein&lt;br /&gt;
Mitglied zu werden. Daf&amp;uuml;r m&amp;uuml;ssen Sie sich durch einen Personalausweis, Reisepass mit&lt;br /&gt;
Meldebest&amp;auml;tigung oder Reisepass mit Aufenthaltstitel, legitimieren und einen&lt;br /&gt;
Mitgliedschaftsvereinbarung unterschreiben.&lt;/p&gt;
&lt;/div&gt;

&lt;div class=&quot;section&quot;&gt;
&lt;h2&gt;Mitgliedschaftsantrag&lt;/h2&gt;

&lt;table&gt;
	&lt;tbody&gt;
		&lt;tr&gt;
			&lt;th class=&quot;tdh&quot;&gt;Anrede:&lt;/th&gt;
			&lt;td&gt;HADGA
			&lt;hr class=&quot;notbord hrl&quot; style=&quot;margin-top:1px;margin-bottom:0px&quot; /&gt;&lt;/td&gt;
		&lt;/tr&gt;
		&lt;tr&gt;
			&lt;th class=&quot;tdh&quot;&gt;Vorname:&lt;/th&gt;
			&lt;td&gt;31313
			&lt;hr class=&quot;notbord hrl&quot; style=&quot;margin-top:1px;margin-bottom:0px&quot; /&gt;&lt;/td&gt;
		&lt;/tr&gt;
		&lt;tr&gt;
			&lt;th class=&quot;tdh&quot;&gt;Nachname:&lt;/th&gt;
			&lt;td&gt;31313
			&lt;hr class=&quot;notbord hrl&quot; style=&quot;margin-top:1px;margin-bottom:0px&quot; /&gt;&lt;/td&gt;
		&lt;/tr&gt;
		&lt;tr&gt;
			&lt;th class=&quot;tdh&quot;&gt;Geburtsdatum:&lt;/th&gt;
			&lt;td&gt;31313
			&lt;hr class=&quot;notbord hrl&quot; style=&quot;margin-top:1px;margin-bottom:0px&quot; /&gt;&lt;/td&gt;
		&lt;/tr&gt;
		&lt;tr&gt;
			&lt;th class=&quot;tdh&quot;&gt;Strasse Hausnummer:&lt;/th&gt;
			&lt;td&gt;31313
			&lt;hr class=&quot;notbord hrl&quot; style=&quot;margin-top:1px;margin-bottom:0px&quot; /&gt;&lt;/td&gt;
		&lt;/tr&gt;
		&lt;tr&gt;
			&lt;th class=&quot;tdh&quot;&gt;PLZ:&lt;/th&gt;
			&lt;td&gt;31313
			&lt;hr class=&quot;notbord hrl&quot; style=&quot;margin-top:1px;margin-bottom:0px&quot; /&gt;&lt;/td&gt;
		&lt;/tr&gt;
		&lt;tr&gt;
			&lt;th class=&quot;tdh&quot;&gt;Ort:&lt;/th&gt;
			&lt;td&gt;31313
			&lt;hr class=&quot;notbord hrl&quot; style=&quot;margin-top:1px;margin-bottom:0px&quot; /&gt;&lt;/td&gt;
		&lt;/tr&gt;
		&lt;tr&gt;
			&lt;th class=&quot;tdh&quot;&gt;Land:&lt;/th&gt;
			&lt;td&gt;31313
			&lt;hr class=&quot;notbord hrl&quot; style=&quot;margin-top:1px;margin-bottom:0px&quot; /&gt;&lt;/td&gt;
		&lt;/tr&gt;
		&lt;tr&gt;
			&lt;th class=&quot;tdh&quot;&gt;Telefonnummer:&lt;/th&gt;
			&lt;td&gt;31313
			&lt;hr class=&quot;notbord hrl&quot; style=&quot;margin-top:1px;margin-bottom:0px&quot; /&gt;&lt;/td&gt;
		&lt;/tr&gt;
		&lt;tr&gt;
			&lt;th class=&quot;tdh&quot;&gt;Email:&lt;/th&gt;
			&lt;td&gt;31313
			&lt;hr class=&quot;notbord hrl&quot; style=&quot;margin-top:1px;margin-bottom:0px&quot; /&gt;&lt;/td&gt;
		&lt;/tr&gt;
	&lt;/tbody&gt;
&lt;/table&gt;
&lt;/div&gt;

&lt;div class=&quot;section&quot;&gt;
&lt;p&gt;Ich bin damit einverstanden, dass ich im Falle einer Nichtaufnahme aus Kapazit&amp;auml;tsgr&amp;uuml;nden in die&lt;br /&gt;
Warteliste der x2tree e.V. eingetragen werde, sofern eine Austragung auf Verlangen jederzeit&lt;br /&gt;
m&amp;ouml;glich ist.&lt;/p&gt;
&lt;/div&gt;
&lt;/div&gt;
&lt;/body&gt;
&lt;/html&gt;
&lt;br&gt;&lt;br&gt;' ),
( '66', 'time_start', NULL, '18:30:01' ),
( '66', 'createdtime', NULL, '2024-06-01 18:30:01' ),
( '66', 'modifiedby', NULL, '1' ),
( '66', 'from_email', NULL, 'info@x2tree.de' ),
( '66', 'saved_toid', NULL, '[&quot;antrag@x2tree.de&quot;]' ),
( '66', 'ccmail', NULL, '[&quot;&quot;]' ),
( '66', 'bccmail', NULL, '[&quot;&quot;]' ),
( '66', 'parent_id', NULL, '22@1|' ),
( '66', 'email_flag', NULL, 'SENT' ),
( '66', 'source', NULL, 'CRM' ),
( '66', 'record_id', NULL, '27' ),
( '66', 'record_module', NULL, 'Emails' ),
( '68', 'lane', '', 'Nei&szlig;estr. 74c' ),
( '69', 'code', '', '53612' ),
( '70', 'city', '', 'Berlin' ),
( '71', 'phone', '', '3946942794' ),
( '72', 'leadstatus', 'Attempted to Contact', 'Cold' ),
( '73', 'leadstatus', 'Cold', 'Attempted to Contact' ),
( '74', 'leadstatus', 'Attempted to Contact', 'Contacted' ),
( '75', 'leadstatus', 'Contacted', 'Attempted to Contact' ),
( '76', 'leadstatus', 'Attempted to Contact', 'Cold' ),
( '77', 'leadstatus', 'Cold', 'Attempted to Contact' ),
( '78', 'label', NULL, 'antrag@x2tree.de' ),
( '78', 'date_start', NULL, '2024-06-01' ),
( '78', 'activitytype', NULL, 'Emails' ),
( '78', 'assigned_user_id', NULL, '1' ),
( '78', 'subject', NULL, 'antrag@x2tree.de' ),
( '78', 'description', NULL, '&lt;html&gt;
&lt;head&gt;
	&lt;title&gt;&lt;/title&gt;
&lt;/head&gt;
&lt;body&gt;hallo lieber Kunde&lt;br /&gt;
&lt;br /&gt;
$firstname&lt;br /&gt;
$lastname&lt;br /&gt;
$cf_871 ($_DATE_FORMAT_)&lt;br /&gt;
$lane&lt;br /&gt;
$code&lt;br /&gt;
$city&lt;br /&gt;
$country&lt;br /&gt;
$phone&lt;br /&gt;
$email&lt;/body&gt;
&lt;/html&gt;
' ),
( '78', 'time_start', NULL, '18:51' ),
( '78', 'createdtime', NULL, '2024-06-01 18:51:39' ),
( '78', 'modifiedby', NULL, '1' ),
( '78', 'from_email', NULL, 'se@sergeyem.ru' ),
( '78', 'saved_toid', NULL, '[&quot;it@itvolga.com&quot;]' ),
( '78', 'ccmail', NULL, '[&quot;&quot;]' ),
( '78', 'bccmail', NULL, '[&quot;&quot;]' ),
( '78', 'parent_id', NULL, '22@1|' ),
( '78', 'email_flag', NULL, 'SENT' ),
( '78', 'source', NULL, 'CRM' ),
( '78', 'record_id', NULL, '28' ),
( '78', 'record_module', NULL, 'Emails' ),
( '80', 'label', NULL, 'antrag@x2tree.de' ),
( '80', 'date_start', NULL, '2024-06-01' ),
( '80', 'activitytype', NULL, 'Emails' ),
( '80', 'assigned_user_id', NULL, '1' ),
( '80', 'subject', NULL, 'antrag@x2tree.de' ),
( '80', 'description', NULL, '&lt;html&gt;
&lt;head&gt;
	&lt;title&gt;&lt;/title&gt;
&lt;/head&gt;
&lt;body&gt;hallo lieber Kunde&lt;br /&gt;
&lt;br /&gt;
$firstname&lt;br /&gt;
$lastname&lt;br /&gt;
$cf_871 ($_DATE_FORMAT_)&lt;br /&gt;
$lane&lt;br /&gt;
$code&lt;br /&gt;
$city&lt;br /&gt;
$country&lt;br /&gt;
$phone&lt;br /&gt;
$email&lt;/body&gt;
&lt;/html&gt;
' ),
( '80', 'time_start', NULL, '18:53' ),
( '80', 'createdtime', NULL, '2024-06-01 18:53:15' ),
( '80', 'modifiedby', NULL, '1' ),
( '80', 'source', NULL, 'CRM' ),
( '80', 'record_id', NULL, '29' ),
( '80', 'record_module', NULL, 'Emails' ),
( '81', 'leadstatus', 'Attempted to Contact', 'Contact in Future' ),
( '82', 'leadstatus', 'Contact in Future', 'Attempted to Contact' ),
( '83', 'rating', '', 'A' ),
( '84', 'leadsource', 'Web Site', 'Trade Show' ),
( '85', 'leadsource', 'Trade Show', 'Web Site' ),
( '86', 'label', NULL, 'Kandidat f&uuml;r die Mitgliedschaft  Nei&szlig;estr. 74c' ),
( '86', 'date_start', NULL, '2024-06-01' ),
( '86', 'activitytype', NULL, 'Emails' ),
( '86', 'assigned_user_id', NULL, '1' ),
( '86', 'subject', NULL, 'Kandidat f&uuml;r die Mitgliedschaft  Nei&szlig;estr. 74c ' ),
( '86', 'description', NULL, '&lt;html&gt;
&lt;head&gt;
	&lt;title&gt;&lt;/title&gt;
&lt;/head&gt;
&lt;body&gt;
&lt;p&gt;hallo lieber Kunde&lt;br /&gt;
&lt;br /&gt;
test1&lt;br /&gt;
test1&lt;br /&gt;
21-01-1994 (dd-mm-yyyy)&lt;br /&gt;
Nei&szlig;estr. 74c&lt;br /&gt;
53612&lt;br /&gt;
Berlin&lt;br /&gt;
Deutschland&lt;br /&gt;
3946942794&lt;br /&gt;
it@itvolga.com&lt;/p&gt;

&lt;p&gt;&lt;/p&gt;
&lt;/body&gt;
&lt;/html&gt;
&lt;br&gt;&lt;br&gt;' ),
( '86', 'time_start', NULL, '19:00:01' ),
( '86', 'createdtime', NULL, '2024-06-01 19:00:01' ),
( '86', 'modifiedby', NULL, '1' ),
( '86', 'from_email', NULL, 'info@x2tree.de' ),
( '86', 'saved_toid', NULL, '[&quot;antrag@x2tree.de&quot;]' ),
( '86', 'ccmail', NULL, '[&quot;&quot;]' ),
( '86', 'bccmail', NULL, '[&quot;&quot;]' ),
( '86', 'parent_id', NULL, '22@1|' ),
( '86', 'email_flag', NULL, 'SENT' ),
( '86', 'source', NULL, 'CRM' ),
( '86', 'record_id', NULL, '30' ),
( '86', 'record_module', NULL, 'Emails' ),
( '88', 'label', NULL, 'Kandidat f&uuml;r die Mitgliedschaft  Nei&szlig;estr. 74c' ),
( '88', 'date_start', NULL, '2024-06-01' ),
( '88', 'activitytype', NULL, 'Emails' ),
( '88', 'assigned_user_id', NULL, '1' ),
( '88', 'subject', NULL, 'Kandidat f&uuml;r die Mitgliedschaft  Nei&szlig;estr. 74c ' ),
( '88', 'description', NULL, '&lt;html&gt;
&lt;head&gt;
	&lt;title&gt;&lt;/title&gt;
&lt;/head&gt;
&lt;body&gt;
&lt;p&gt;hallo lieber Kunde&lt;br /&gt;
&lt;br /&gt;
test1&lt;br /&gt;
test1&lt;br /&gt;
21-01-1994 (dd-mm-yyyy)&lt;br /&gt;
Nei&szlig;estr. 74c&lt;br /&gt;
53612&lt;br /&gt;
Berlin&lt;br /&gt;
Deutschland&lt;br /&gt;
3946942794&lt;br /&gt;
it@itvolga.com&lt;/p&gt;

&lt;p&gt;&lt;/p&gt;
&lt;/body&gt;
&lt;/html&gt;
&lt;br&gt;&lt;br&gt;' ),
( '88', 'time_start', NULL, '19:00:02' ),
( '88', 'createdtime', NULL, '2024-06-01 19:00:02' ),
( '88', 'modifiedby', NULL, '1' ),
( '88', 'from_email', NULL, 'info@x2tree.de' ),
( '88', 'saved_toid', NULL, '[&quot;antrag@x2tree.de&quot;]' ),
( '88', 'ccmail', NULL, '[&quot;&quot;]' ),
( '88', 'bccmail', NULL, '[&quot;&quot;]' ),
( '88', 'parent_id', NULL, '22@1|' ),
( '88', 'email_flag', NULL, 'SENT' ),
( '88', 'source', NULL, 'CRM' ),
( '88', 'record_id', NULL, '31' ),
( '88', 'record_module', NULL, 'Emails' ),
( '90', 'label', NULL, 'Kandidat f&uuml;r die Mitgliedschaft' ),
( '90', 'date_start', NULL, '2024-06-01' ),
( '90', 'activitytype', NULL, 'Emails' ),
( '90', 'assigned_user_id', NULL, '1' ),
( '90', 'subject', NULL, 'Kandidat f&uuml;r die Mitgliedschaft' ),
( '90', 'description', NULL, '&lt;html&gt;
&lt;head&gt;
	&lt;title&gt;&lt;/title&gt;
&lt;/head&gt;
&lt;body&gt;
&lt;p&gt;hallo lieber Kunde&lt;br /&gt;
&lt;br /&gt;
test1&lt;br /&gt;
test1&lt;br /&gt;
21-01-1994 (dd-mm-yyyy)&lt;br /&gt;
Nei&szlig;estr. 74c&lt;br /&gt;
53612&lt;br /&gt;
Berlin&lt;br /&gt;
Deutschland&lt;br /&gt;
3946942794&lt;br /&gt;
it@itvolga.com&lt;/p&gt;

&lt;p&gt;&lt;/p&gt;
&lt;/body&gt;
&lt;/html&gt;
&lt;br&gt;&lt;br&gt;' ),
( '90', 'time_start', NULL, '19:00:03' ),
( '90', 'createdtime', NULL, '2024-06-01 19:00:03' ),
( '90', 'modifiedby', NULL, '1' ),
( '90', 'from_email', NULL, 'info@x2tree.de' ),
( '90', 'saved_toid', NULL, '[&quot;antrag@x2tree.de&quot;]' ),
( '90', 'ccmail', NULL, '[&quot;&quot;]' ),
( '90', 'bccmail', NULL, '[&quot;&quot;]' ),
( '90', 'parent_id', NULL, '22@1|' ),
( '90', 'email_flag', NULL, 'SENT' ),
( '90', 'source', NULL, 'CRM' ),
( '90', 'record_id', NULL, '32' ),
( '90', 'record_module', NULL, 'Emails' ),
( '92', 'label', NULL, 'Kandidat f&uuml;r die Mitgliedschaft' ),
( '92', 'date_start', NULL, '2024-06-01' ),
( '92', 'activitytype', NULL, 'Emails' ),
( '92', 'assigned_user_id', NULL, '1' ),
( '92', 'subject', NULL, 'Kandidat f&uuml;r die Mitgliedschaft' ),
( '92', 'description', NULL, '&lt;html&gt;
&lt;head&gt;
	&lt;title&gt;&lt;/title&gt;
&lt;/head&gt;
&lt;body&gt;
&lt;p&gt;hallo lieber Kunde&lt;br /&gt;
&lt;br /&gt;
test1&lt;br /&gt;
test1&lt;br /&gt;
21-01-1994 (dd-mm-yyyy)&lt;br /&gt;
Nei&szlig;estr. 74c&lt;br /&gt;
53612&lt;br /&gt;
Berlin&lt;br /&gt;
Deutschland&lt;br /&gt;
3946942794&lt;br /&gt;
it@itvolga.com&lt;/p&gt;

&lt;p&gt;&lt;/p&gt;
&lt;/body&gt;
&lt;/html&gt;
&lt;br&gt;&lt;br&gt;' ),
( '92', 'time_start', NULL, '19:00:03' ),
( '92', 'createdtime', NULL, '2024-06-01 19:00:03' ),
( '92', 'modifiedby', NULL, '1' ),
( '92', 'from_email', NULL, 'info@x2tree.de' ),
( '92', 'saved_toid', NULL, '[&quot;antrag@x2tree.de&quot;]' ),
( '92', 'ccmail', NULL, '[&quot;&quot;]' ),
( '92', 'bccmail', NULL, '[&quot;&quot;]' ),
( '92', 'parent_id', NULL, '22@1|' ),
( '92', 'email_flag', NULL, 'SENT' ),
( '92', 'source', NULL, 'CRM' ),
( '92', 'record_id', NULL, '33' ),
( '92', 'record_module', NULL, 'Emails' ),
( '94', 'label', NULL, 'Kandidat f&uuml;r die Mitgliedschaft' ),
( '94', 'date_start', NULL, '2024-06-01' ),
( '94', 'activitytype', NULL, 'Emails' ),
( '94', 'assigned_user_id', NULL, '1' ),
( '94', 'subject', NULL, 'Kandidat f&uuml;r die Mitgliedschaft' ),
( '94', 'description', NULL, '&lt;html&gt;
&lt;head&gt;
	&lt;title&gt;&lt;/title&gt;
&lt;/head&gt;
&lt;body&gt;
&lt;p&gt;hallo lieber Kunde&lt;br /&gt;
&lt;br /&gt;
test1&lt;br /&gt;
test1&lt;br /&gt;
21-01-1994 (dd-mm-yyyy)&lt;br /&gt;
Nei&szlig;estr. 74c&lt;br /&gt;
53612&lt;br /&gt;
Berlin&lt;br /&gt;
Deutschland&lt;br /&gt;
3946942794&lt;br /&gt;
it@itvolga.com&lt;/p&gt;

&lt;p&gt;&lt;/p&gt;
&lt;/body&gt;
&lt;/html&gt;
&lt;br&gt;&lt;br&gt;' ),
( '94', 'time_start', NULL, '19:00:04' ),
( '94', 'createdtime', NULL, '2024-06-01 19:00:04' ),
( '94', 'modifiedby', NULL, '1' ),
( '94', 'from_email', NULL, 'info@x2tree.de' ),
( '94', 'saved_toid', NULL, '[&quot;antrag@x2tree.de&quot;]' ),
( '94', 'ccmail', NULL, '[&quot;&quot;]' ),
( '94', 'bccmail', NULL, '[&quot;&quot;]' ),
( '94', 'parent_id', NULL, '22@1|' ),
( '94', 'email_flag', NULL, 'SENT' ),
( '94', 'source', NULL, 'CRM' ),
( '94', 'record_id', NULL, '34' ),
( '94', 'record_module', NULL, 'Emails' ),
( '96', 'label', NULL, 'Kandidat f&uuml;r die Mitgliedschaft' ),
( '96', 'date_start', NULL, '2024-06-01' ),
( '96', 'activitytype', NULL, 'Emails' ),
( '96', 'assigned_user_id', NULL, '1' ),
( '96', 'subject', NULL, 'Kandidat f&uuml;r die Mitgliedschaft' ),
( '96', 'description', NULL, '&lt;html&gt;
&lt;head&gt;
	&lt;title&gt;&lt;/title&gt;
&lt;/head&gt;
&lt;body&gt;
&lt;p&gt;hallo lieber Kunde&lt;br /&gt;
&lt;br /&gt;
test1&lt;br /&gt;
test1&lt;br /&gt;
21-01-1994 (dd-mm-yyyy)&lt;br /&gt;
Nei&szlig;estr. 74c&lt;br /&gt;
53612&lt;br /&gt;
Berlin&lt;br /&gt;
Deutschland&lt;br /&gt;
3946942794&lt;br /&gt;
it@itvolga.com&lt;/p&gt;

&lt;p&gt;&lt;/p&gt;
&lt;/body&gt;
&lt;/html&gt;
&lt;br&gt;&lt;br&gt;' ),
( '96', 'time_start', NULL, '19:00:05' ),
( '96', 'createdtime', NULL, '2024-06-01 19:00:05' ),
( '96', 'modifiedby', NULL, '1' ),
( '96', 'from_email', NULL, 'info@x2tree.de' ),
( '96', 'saved_toid', NULL, '[&quot;antrag@x2tree.de&quot;]' ),
( '96', 'ccmail', NULL, '[&quot;&quot;]' ),
( '96', 'bccmail', NULL, '[&quot;&quot;]' ),
( '96', 'parent_id', NULL, '22@1|' ),
( '96', 'email_flag', NULL, 'SENT' ),
( '96', 'source', NULL, 'CRM' ),
( '96', 'record_id', NULL, '35' ),
( '96', 'record_module', NULL, 'Emails' ),
( '98', 'label', NULL, 'Kandidat f&uuml;r die Mitgliedschaft' ),
( '98', 'date_start', NULL, '2024-06-01' ),
( '98', 'activitytype', NULL, 'Emails' ),
( '98', 'assigned_user_id', NULL, '1' ),
( '98', 'subject', NULL, 'Kandidat f&uuml;r die Mitgliedschaft' ),
( '98', 'description', NULL, '&lt;html&gt;
&lt;head&gt;
	&lt;title&gt;&lt;/title&gt;
&lt;/head&gt;
&lt;body&gt;
&lt;p&gt;hallo lieber Kunde&lt;br /&gt;
&lt;br /&gt;
test1&lt;br /&gt;
test1&lt;br /&gt;
21-01-1994 (dd-mm-yyyy)&lt;br /&gt;
Nei&szlig;estr. 74c&lt;br /&gt;
53612&lt;br /&gt;
Berlin&lt;br /&gt;
Deutschland&lt;br /&gt;
3946942794&lt;br /&gt;
it@itvolga.com&lt;/p&gt;

&lt;p&gt;&lt;/p&gt;
&lt;/body&gt;
&lt;/html&gt;
&lt;br&gt;&lt;br&gt;' ),
( '98', 'time_start', NULL, '19:15:01' ),
( '98', 'createdtime', NULL, '2024-06-01 19:15:01' ),
( '98', 'modifiedby', NULL, '1' ),
( '98', 'from_email', NULL, 'info@x2tree.de' ),
( '98', 'saved_toid', NULL, '[&quot;antrag@x2tree.de&quot;]' ),
( '98', 'ccmail', NULL, '[&quot;&quot;]' ),
( '98', 'bccmail', NULL, '[&quot;&quot;]' ),
( '98', 'parent_id', NULL, '22@1|' ),
( '98', 'email_flag', NULL, 'SENT' ),
( '98', 'source', NULL, 'CRM' ),
( '98', 'record_id', NULL, '36' ),
( '98', 'record_module', NULL, 'Emails' ),
( '100', 'leadstatus', 'Attempted to Contact', 'Lost Lead' ),
( '101', 'label', NULL, 'Ihr x2tree-Antrag wurde abgelehnt' ),
( '101', 'date_start', NULL, '2024-06-01' ),
( '101', 'activitytype', NULL, 'Emails' ),
( '101', 'assigned_user_id', NULL, '1' ),
( '101', 'subject', NULL, 'Ihr x2tree-Antrag wurde abgelehnt' ),
( '101', 'description', NULL, '&lt;html lang=&quot;de&quot;&gt;
&lt;head&gt;
	&lt;meta charset=&quot;UTF-8&quot; /&gt;
	&lt;meta cname=&quot;viewport&quot; /&gt;
	&lt;title&gt;Mitgliedschaft Absage&lt;/title&gt;
	&lt;style type=&quot;text/css&quot;&gt;body {
            font-family: Helvetica Neue, sans-serif;
            margin: 20px;
        }
        .container {
            width: 70%;
            margin: 0 auto;
            padding: 20px;
            border: 1px solid #ccc;
            border-radius: 10px;
            background-color: #f9f9f9;
        }
        .section {
            margin-bottom: 10px;
        }
        .section p {
            margin: 10px 0;
            font-size: 11px;
        }
        .greeting {
            font-weight: bold;
        }
        .reasons {
            margin: 10px 0;
        }
        .reasons li {
            margin-bottom: 5px;
            font-size: 11px;
        }
        .email-content {
            margin-top: 10px;
            padding-left: 10px;
            border-left: 2px solid #000;
        }
	&lt;/style&gt;
&lt;/head&gt;
&lt;body&gt;
&lt;div class=&quot;container&quot;&gt;
&lt;div class=&quot;section greeting&quot;&gt;
&lt;p&gt;Sehr geehrte/r test1 test1&lt;/p&gt;
&lt;/div&gt;

&lt;div class=&quot;section&quot;&gt;
&lt;p&gt;leider m&amp;uuml;ssen wir Ihnen mitteilen, dass wir Sie vorerst nicht als Mitglied aufnehmen k&amp;ouml;nnen werden.&lt;/p&gt;
&lt;/div&gt;

&lt;div class=&quot;section reasons&quot;&gt;
&lt;p&gt;M&amp;ouml;gliche Gr&amp;uuml;nde daf&amp;uuml;r k&amp;ouml;nnen sein:&lt;/p&gt;

&lt;ol&gt;
	&lt;li&gt;Sie sind unter 21 Jahre alt.&lt;/li&gt;
	&lt;li&gt;Ihr dauerhafter Wohnsitz ist nicht in Deutschland.&lt;/li&gt;
	&lt;li&gt;Der Verein hat die maximale gesetzliche Mitgliederanzahl von 500 Mitgliedern erreicht.&lt;/li&gt;
	&lt;li&gt;Der Verein hat die maximale gesetzliche Mitgliederanzahl von 500 Mitgliedern noch nicht erreicht, jedoch sind die Kapazit&amp;auml;ten bez&amp;uuml;glich der Verteilung und Verwaltung der Verein noch nicht ausreichend genug, um neue Mitglieder aufzunehmen, ohne Nachteile f&amp;uuml;r bestehende Mitglieder zu verursachen.&lt;/li&gt;
&lt;/ol&gt;
&lt;/div&gt;

&lt;div class=&quot;section&quot;&gt;
&lt;p&gt;Sofern Sie aus anderen Gr&amp;uuml;nden als Punkt 1 und 2 kein Mitglied werden konnten, wurden Sie automatisch in die Warteliste eingetragen. Sobald die M&amp;ouml;glichkeit besteht neue Mitglieder aufzunehmen, werden Sie unverz&amp;uuml;glich benachrichtigt.&lt;/p&gt;

&lt;p&gt;Wenn Sie nicht auf der Warteliste gef&amp;uuml;hrt werden m&amp;ouml;chten, schreiben Sie bitte eine Antwortemail mit folgendem Inhalt an diese E-Mail-Adresse zur&amp;uuml;ck:&lt;/p&gt;

&lt;div class=&quot;email-content&quot;&gt;
&lt;p&gt;test1 test1&lt;/p&gt;

&lt;p&gt;Bitte streichen Sie mich von der Warteliste.&lt;/p&gt;
&lt;/div&gt;

&lt;p&gt;Danach werden Sie von der Warteliste gel&amp;ouml;scht.&lt;/p&gt;
&lt;/div&gt;

&lt;div class=&quot;section&quot;&gt;
&lt;p&gt;Mit freundlichen Gr&amp;uuml;&amp;szlig;en&lt;/p&gt;

&lt;p&gt;das x2tree Team&lt;/p&gt;
&lt;/div&gt;
&lt;/div&gt;
&lt;/body&gt;
&lt;/html&gt;&lt;br&gt;&lt;br&gt;' ),
( '101', 'time_start', NULL, '21:16:01' ),
( '101', 'createdtime', NULL, '2024-06-01 21:16:01' ),
( '101', 'modifiedby', NULL, '1' ),
( '101', 'from_email', NULL, 'info@x2tree.de' ),
( '101', 'saved_toid', NULL, '[&quot;&quot;,&quot;it@itvolga.com&quot;]' ),
( '101', 'ccmail', NULL, '[&quot;&quot;]' ),
( '101', 'bccmail', NULL, '[&quot;&quot;]' ),
( '101', 'parent_id', NULL, '22@1|' ),
( '101', 'email_flag', NULL, 'SENT' ),
( '101', 'source', NULL, 'CRM' ),
( '101', 'record_id', NULL, '37' ),
( '101', 'record_module', NULL, 'Emails' ),
( '103', 'leadstatus', 'Lost Lead', 'Pre Qualified' ),
( '104', 'label', NULL, 'Sie wurden zur x2tree-Warteliste hinzugef&uuml;gt' ),
( '104', 'date_start', NULL, '2024-06-01' ),
( '104', 'activitytype', NULL, 'Emails' ),
( '104', 'assigned_user_id', NULL, '1' ),
( '104', 'subject', NULL, 'Sie wurden zur x2tree-Warteliste hinzugef&uuml;gt' ),
( '104', 'description', NULL, '&lt;!DOCTYPE html&gt;
&lt;html lang=&quot;de&quot;&gt;
&lt;head&gt;
	&lt;meta charset=&quot;UTF-8&quot; /&gt;
	&lt;meta cname=&quot;viewport&quot; /&gt;
	&lt;title&gt;Mitgliedschaftsbest&amp;auml;tigung&lt;/title&gt;
	&lt;style type=&quot;text/css&quot;&gt;body {
            font-family: Helvetica Neue, sans-serif;
            margin: 20px;
        }
        .container {
            width: 70%;
            margin: 0 auto;
            padding: 20px;
            border: 1px solid #ccc;
            border-radius: 10px;
            background-color: #f9f9f9;
        }
        .section {
            margin-bottom: 1 px;
        }
        .section p {
            margin: 1 px 0;
            font-size: 11px;
        }
        .greeting {
            font-weight: bold;
        }
        .address {
            margin: 1px 0;
        }
	&lt;/style&gt;
&lt;/head&gt;
&lt;body&gt;
&lt;div class=&quot;container&quot;&gt;
&lt;div class=&quot;section greeting&quot;&gt;
&lt;p&gt;Sehr geehrte/r test1 test1&lt;/p&gt;
&lt;/div&gt;

&lt;div class=&quot;section&quot;&gt;
&lt;p&gt;es freut uns sehr, dass Sie alle Voraussetzungen f&amp;uuml;r eine Mitgliedschaft erf&amp;uuml;llen. Wir w&amp;uuml;rden uns sehr freuen wenn Sie ein Mitglied unseres x2tree e.V. werden.&lt;/p&gt;
&lt;/div&gt;

&lt;div class=&quot;section&quot;&gt;
&lt;p&gt;Hierf&amp;uuml;r bitte wir Sie, sich innerhalb von 14 Tagen in unserem Vereinsraum&lt;/p&gt;
&lt;/div&gt;

&lt;div class=&quot;section address&quot;&gt;
&lt;p&gt;&lt;b&gt;22000, Hamburg, Valentinskamp 40-42&lt;/b&gt;&lt;/p&gt;
&lt;/div&gt;

&lt;div class=&quot;section&quot;&gt;
&lt;p&gt;zu legitimieren und die Mitgliedschaftsvereinbarung zu unterschreiben.&lt;/p&gt;
&lt;/div&gt;

&lt;div class=&quot;section&quot;&gt;
&lt;p&gt;Mit freundlichen Gr&amp;uuml;&amp;szlig;en&lt;/p&gt;

&lt;p&gt;x2tree Team&lt;/p&gt;
&lt;/div&gt;
&lt;/div&gt;
&lt;/body&gt;
&lt;/html&gt;
&lt;br&gt;&lt;br&gt;' ),
( '104', 'time_start', NULL, '21:30:01' ),
( '104', 'createdtime', NULL, '2024-06-01 21:30:01' ),
( '104', 'modifiedby', NULL, '1' ),
( '104', 'from_email', NULL, 'info@x2tree.de' ),
( '104', 'saved_toid', NULL, '[&quot;&quot;,&quot;it@itvolga.com&quot;]' ),
( '104', 'ccmail', NULL, '[&quot;&quot;]' ),
( '104', 'bccmail', NULL, '[&quot;&quot;]' ),
( '104', 'parent_id', NULL, '22@1|' ),
( '104', 'email_flag', NULL, 'SENT' ),
( '104', 'source', NULL, 'CRM' ),
( '104', 'record_id', NULL, '38' ),
( '104', 'record_module', NULL, 'Emails' ),
( '106', 'leadstatus', 'Pre Qualified', 'Qualified' ),
( '107', 'label', NULL, 'Sie wurden f&uuml;r die Mitgliedschaft in unserer x2tree-Community zugelassen' ),
( '107', 'date_start', NULL, '2024-06-01' ),
( '107', 'activitytype', NULL, 'Emails' ),
( '107', 'assigned_user_id', NULL, '1' ),
( '107', 'subject', NULL, 'Sie wurden f&uuml;r die Mitgliedschaft in unserer x2tree-Community zugelassen' ),
( '107', 'description', NULL, '&lt;html lang=&quot;de&quot;&gt;
&lt;head&gt;
	&lt;meta charset=&quot;UTF-8&quot; /&gt;
	&lt;meta cname=&quot;viewport&quot; /&gt;
	&lt;title&gt;Willkommensbrief&lt;/title&gt;
	&lt;style type=&quot;text/css&quot;&gt;body {
            font-family: Arial, sans-serif;
            margin: 20px;
        }
        .container {
            width: 70%;
            margin: 0 auto;
            padding: 20px;
            border: 1px solid #ccc;
            border-radius: 10px;
            background-color: #f9f9f9;
        }
        .section {
            margin-bottom: 1px;
        }
        .section p {
            margin: 10px 0;
        }
        .greeting {
            font-weight: bold;
        }
	&lt;/style&gt;
&lt;/head&gt;
&lt;body&gt;
&lt;div class=&quot;container&quot;&gt;
&lt;div class=&quot;section greeting&quot;&gt;
&lt;p&gt;Sehr geehrte/r test1 test1&lt;/p&gt;
&lt;/div&gt;

&lt;div class=&quot;section&quot;&gt;
&lt;p&gt;Wir freuen uns sehr Sie als Mitglied in unserem x2tree e.V. begr&amp;uuml;&amp;szlig;en zu d&amp;uuml;rfen. Ab sofort d&amp;uuml;rfen Sie vollumf&amp;auml;nglich an allen Vereinsaktivit&amp;auml;ten teilnehmen.&lt;/p&gt;
&lt;/div&gt;

&lt;div class=&quot;section&quot;&gt;
&lt;p&gt;Ihre Mitgliedsnummer lautet: &amp;lt; Mitgliedsnummer &amp;gt;&lt;/p&gt;
&lt;/div&gt;

&lt;div class=&quot;section&quot;&gt;
&lt;p&gt;Mit freundlichen Gr&amp;uuml;&amp;szlig;en&lt;/p&gt;

&lt;p&gt;x2tree Team&lt;/p&gt;
&lt;/div&gt;
&lt;/div&gt;
&lt;/body&gt;
&lt;/html&gt;
&lt;br&gt;&lt;br&gt;' ),
( '107', 'time_start', NULL, '21:44:01' ),
( '107', 'createdtime', NULL, '2024-06-01 21:44:01' ),
( '107', 'modifiedby', NULL, '1' ),
( '107', 'from_email', NULL, 'info@x2tree.de' ),
( '107', 'saved_toid', NULL, '[&quot;&quot;,&quot;it@itvolga.com&quot;]' ),
( '107', 'ccmail', NULL, '[&quot;&quot;]' ),
( '107', 'bccmail', NULL, '[&quot;&quot;]' ),
( '107', 'parent_id', NULL, '22@1|' ),
( '107', 'email_flag', NULL, 'SENT' ),
( '107', 'source', NULL, 'CRM' ),
( '107', 'record_id', NULL, '39' );

INSERT INTO `vtiger_modtracker_detail`(`id`,`fieldname`,`prevalue`,`postvalue`) VALUES 
( '107', 'record_module', NULL, 'Emails' ),
( '109', 'label', NULL, 'pay 2' ),
( '109', 'name', NULL, 'pay 2' ),
( '109', 'assigned_user_id', NULL, '1' ),
( '109', 'createdtime', NULL, '2024-06-02 11:21:27' ),
( '109', 'custompaymentsno', NULL, 'CU2' ),
( '109', 'created_user_id', NULL, '1' ),
( '109', 'modifiedby', NULL, '1' ),
( '109', 'source', NULL, 'CRM' ),
( '109', 'cf_893', NULL, '200.00000' ),
( '109', 'cf_897', NULL, 'Pending' ),
( '109', 'cf_901', NULL, '2024-06-02' ),
( '109', 'cf_potentials_id', NULL, '17' ),
( '109', 'cf_906', NULL, '14:00:00' ),
( '109', 'record_id', NULL, '40' ),
( '109', 'record_module', NULL, 'CustomPayments' ),
( '111', 'cf_897', 'Pending', 'Paid' ),
( '112', 'label', NULL, 'inv2' ),
( '112', 'subject', NULL, 'inv2' ),
( '112', 'contact_id', NULL, '4' ),
( '112', 'txtAdjustment', NULL, '0.00000000' ),
( '112', 'salescommission', NULL, '0.000' ),
( '112', 'exciseduty', NULL, '0.000' ),
( '112', 'hdnSubTotal', NULL, '110.00000000' ),
( '112', 'hdnGrandTotal', NULL, '139.70000000' ),
( '112', 'hdnTaxType', NULL, 'group' ),
( '112', 'hdnS_H_Amount', NULL, '0.00000000' ),
( '112', 'assigned_user_id', NULL, '1' ),
( '112', 'createdtime', NULL, '2024-06-02 11:28:27' ),
( '112', 'modifiedby', NULL, '1' ),
( '112', 'currency_id', NULL, '2' ),
( '112', 'conversion_rate', NULL, '1.000' ),
( '112', 'bill_street', NULL, '11' ),
( '112', 'ship_street', NULL, '22' ),
( '112', 'terms_conditions', NULL, '- Unless otherwise agreed in writing by the supplier all invoices are payable within thirty (30) days of the date of invoice, in the currency of the invoice, drawn on a bank based in India or by such other method as is agreed in advance by the Supplier.

 - All prices are not inclusive of VAT which shall be payable in addition by the Customer at the applicable rate.' ),
( '112', 'invoice_no', NULL, 'INV3' ),
( '112', 'productid', NULL, '3' ),
( '112', 'quantity', NULL, '10.000' ),
( '112', 'listprice', NULL, '11.00000000' ),
( '112', 'tax1', NULL, '4.500' ),
( '112', 'tax2', NULL, '10.000' ),
( '112', 'tax3', NULL, '12.500' ),
( '112', 'pre_tax_total', NULL, '110.00000000' ),
( '112', 'received', NULL, '0.00000000' ),
( '112', 'balance', NULL, '139.70000000' ),
( '112', 'hdnS_H_Percent', NULL, '0.00000000' ),
( '112', 'potential_id', NULL, '17' ),
( '112', 'source', NULL, 'CRM' ),
( '112', 'record_id', NULL, '41' ),
( '112', 'record_module', NULL, 'Invoice' ),
( '114', 'invoicestatus', '', 'Approved' ),
( '115', 'invoicestatus', 'Approved', 'Paid' ),
( '115', 'cf_908', '0', '1' ),
( '116', 'leadstatus', 'Qualified', 'Contacted' ),
( '117', 'leadstatus', 'Contacted', 'Lost Lead' ),
( '118', 'leadstatus', 'Lost Lead', 'Pre Qualified' ),
( '119', 'leadstatus', 'Pre Qualified', 'Junk Lead' ),
( '120', 'leadstatus', 'Junk Lead', 'Lost Lead' ),
( '121', 'leadstatus', 'Lost Lead', 'Pre Qualified' ),
( '122', 'label', NULL, 'test1 test1' ),
( '122', 'firstname', NULL, 'test1' ),
( '122', 'contact_no', NULL, 'CON2' ),
( '122', 'lastname', NULL, 'test1' ),
( '122', 'leadsource', NULL, 'Web Site' ),
( '122', 'mobile', NULL, '3946942794' ),
( '122', 'birthday', NULL, '1986-07-01' ),
( '122', 'email', NULL, 'it@itvolga.com' ),
( '122', 'createdtime', NULL, '2024-06-02 11:52:56' ),
( '122', 'assigned_user_id', NULL, '1' ),
( '122', 'source', NULL, 'CRM' ),
( '122', 'isconvertedfromlead', NULL, '1' ),
( '122', 'modifiedby', NULL, '1' ),
( '122', 'cf_875', NULL, '989089089089' ),
( '122', 'mailingstreet', NULL, 'Nei&szlig;estr. 74c' ),
( '122', 'mailingcity', NULL, 'Berlin' ),
( '122', 'mailingcountry', NULL, 'Deutschland' ),
( '122', 'record_id', NULL, '42' ),
( '122', 'record_module', NULL, 'Contacts' ),
( '123', 'label', NULL, 'Wallet 1' ),
( '123', 'potentialname', NULL, 'Wallet 1' ),
( '123', 'potential_no', NULL, 'POT2' ),
( '123', 'contact_id', NULL, '42' ),
( '123', 'amount', NULL, '0.00000000' ),
( '123', 'leadsource', NULL, 'Web Site' ),
( '123', 'assigned_user_id', NULL, '1' ),
( '123', 'sales_stage', NULL, 'Prospecting' ),
( '123', 'probability', NULL, '0.000' ),
( '123', 'createdtime', NULL, '2024-06-02 11:52:56' ),
( '123', 'modifiedby', NULL, '1' ),
( '123', 'forecast_amount', NULL, '0.00000000' ),
( '123', 'isconvertedfromlead', NULL, '1' ),
( '123', 'source', NULL, 'CRM' ),
( '123', 'record_id', NULL, '43' ),
( '123', 'record_module', NULL, 'Potentials' ),
( '124', 'label', NULL, 'sfsfdgsg' ),
( '124', 'name', NULL, 'sfsfdgsg' ),
( '124', 'assigned_user_id', NULL, '1' ),
( '124', 'createdtime', NULL, '2024-06-02 11:54:33' ),
( '124', 'custompaymentsno', NULL, 'CU3' ),
( '124', 'created_user_id', NULL, '1' ),
( '124', 'modifiedby', NULL, '1' ),
( '124', 'source', NULL, 'CRM' ),
( '124', 'description', NULL, 'fssd' ),
( '124', 'cf_893', NULL, '100.00000' ),
( '124', 'cf_899', NULL, 'Cash' ),
( '124', 'cf_901', NULL, '2024-06-01' ),
( '124', 'cf_potentials_id', NULL, '43' ),
( '124', 'cf_906', NULL, '01:00:00' ),
( '124', 'record_id', NULL, '44' ),
( '124', 'record_module', NULL, 'CustomPayments' ),
( '126', 'amount', '0.00000000', '100.00000000' ),
( '127', 'sales_stage', 'Prospecting', 'Closed Won' ),
( '128', 'label', NULL, 'Regarding Contact Assignment' ),
( '128', 'date_start', NULL, '2024-06-02' ),
( '128', 'activitytype', NULL, 'Emails' ),
( '128', 'assigned_user_id', NULL, '1' ),
( '128', 'subject', NULL, 'Regarding Contact Assignment' ),
( '128', 'description', NULL, 'An Contact has been assigned to you on vtigerCRM&lt;br&gt;Details of Contact are :&lt;br&gt;&lt;br&gt;Contact Id:&lt;b&gt;CON2&lt;/b&gt;&lt;br&gt;LastName:&lt;b&gt;test1&lt;/b&gt;&lt;br&gt;FirstName:&lt;b&gt;test1&lt;/b&gt;&lt;br&gt;Lead Source:&lt;b&gt;Web Site&lt;/b&gt;&lt;br&gt;Department:&lt;b&gt;&lt;/b&gt;&lt;br&gt;Description:&lt;b&gt;&lt;/b&gt;&lt;br&gt;&lt;br&gt;&lt;br&gt;And &lt;b&gt;CustomerPortal Login Details&lt;/b&gt; is sent to the EmailID :-it@itvolga.com&lt;br&gt;&lt;br&gt;Thank You&lt;br&gt;Admin&lt;br&gt;&lt;br&gt;' ),
( '128', 'time_start', NULL, '11:56:01' ),
( '128', 'createdtime', NULL, '2024-06-02 11:56:01' ),
( '128', 'modifiedby', NULL, '1' ),
( '128', 'from_email', NULL, 'se@sergeyem.ru' ),
( '128', 'saved_toid', NULL, '[&quot;se@sergeyem.ru&quot;]' ),
( '128', 'ccmail', NULL, '[&quot;&quot;]' ),
( '128', 'bccmail', NULL, '[&quot;&quot;]' ),
( '128', 'parent_id', NULL, '42@1|' ),
( '128', 'email_flag', NULL, 'SENT' ),
( '128', 'source', NULL, 'CRM' ),
( '128', 'record_id', NULL, '45' ),
( '128', 'record_module', NULL, 'Emails' ),
( '131', 'label', NULL, 'Regarding Potential Assignment' ),
( '131', 'date_start', NULL, '2024-06-02' ),
( '131', 'activitytype', NULL, 'Emails' ),
( '131', 'assigned_user_id', NULL, '1' ),
( '131', 'subject', NULL, 'Regarding Potential Assignment' ),
( '131', 'description', NULL, 'An Potential has been assigned to you on vtigerCRM&lt;br&gt;Details of Potential are :&lt;br&gt;&lt;br&gt;Potential No:&lt;b&gt;POT2&lt;/b&gt;&lt;br&gt;Potential Name:&lt;b&gt;Wallet 1&lt;/b&gt;&lt;br&gt;Amount:&lt;b&gt;0&amp;euro;&lt;/b&gt;&lt;br&gt;Expected Close Date:&lt;b&gt; (dd-mm-yyyy)&lt;/b&gt;&lt;br&gt;Type:&lt;b&gt;&lt;/b&gt;&lt;br&gt;&lt;br&gt;&lt;br&gt;Description :&lt;br&gt;&lt;br&gt;Thank You&lt;br&gt;Admin&lt;br&gt;&lt;br&gt;' ),
( '131', 'time_start', NULL, '11:56:02' ),
( '131', 'createdtime', NULL, '2024-06-02 11:56:02' ),
( '131', 'modifiedby', NULL, '1' ),
( '131', 'from_email', NULL, 'se@sergeyem.ru' ),
( '131', 'saved_toid', NULL, '[&quot;se@sergeyem.ru&quot;]' ),
( '131', 'ccmail', NULL, '[&quot;&quot;]' ),
( '131', 'bccmail', NULL, '[&quot;&quot;]' ),
( '131', 'parent_id', NULL, '43@1|' ),
( '131', 'email_flag', NULL, 'SENT' ),
( '131', 'source', NULL, 'CRM' ),
( '131', 'record_id', NULL, '46' ),
( '131', 'record_module', NULL, 'Emails' ),
( '134', 'label', NULL, 'Sale product' ),
( '134', 'subject', NULL, 'Sale product' ),
( '134', 'contact_id', NULL, '42' ),
( '134', 'invoicedate', NULL, '2024-06-02' ),
( '134', 'txtAdjustment', NULL, '0.00000000' ),
( '134', 'salescommission', NULL, '0.000' ),
( '134', 'exciseduty', NULL, '0.000' ),
( '134', 'hdnSubTotal', NULL, '55.00000000' ),
( '134', 'hdnGrandTotal', NULL, '69.86000000' ),
( '134', 'hdnTaxType', NULL, 'group' ),
( '134', 'hdnS_H_Amount', NULL, '0.00000000' ),
( '134', 'assigned_user_id', NULL, '1' ),
( '134', 'createdtime', NULL, '2024-06-02 11:58:45' ),
( '134', 'modifiedby', NULL, '1' ),
( '134', 'currency_id', NULL, '2' ),
( '134', 'conversion_rate', NULL, '1.000' ),
( '134', 'bill_street', NULL, 'dfgdfsgfsdg' ),
( '134', 'ship_street', NULL, 'sfgdsfgdfg' ),
( '134', 'terms_conditions', NULL, '- Unless otherwise agreed in writing by the supplier all invoices are payable within thirty (30) days of the date of invoice, in the currency of the invoice, drawn on a bank based in India or by such other method as is agreed in advance by the Supplier.

 - All prices are not inclusive of VAT which shall be payable in addition by the Customer at the applicable rate.' ),
( '134', 'invoice_no', NULL, 'INV4' ),
( '134', 'productid', NULL, '3' ),
( '134', 'quantity', NULL, '5.000' ),
( '134', 'listprice', NULL, '11.00000000' ),
( '134', 'tax1', NULL, '4.500' ),
( '134', 'tax2', NULL, '10.000' ),
( '134', 'tax3', NULL, '12.500' ),
( '134', 'pre_tax_total', NULL, '55.00000000' ),
( '134', 'received', NULL, '0.00000000' ),
( '134', 'balance', NULL, '69.86000000' ),
( '134', 'hdnS_H_Percent', NULL, '0.00000000' ),
( '134', 'potential_id', NULL, '43' ),
( '134', 'source', NULL, 'CRM' ),
( '134', 'record_id', NULL, '47' ),
( '134', 'record_module', NULL, 'Invoice' ),
( '136', 'invoicestatus', '', 'Paid' ),
( '136', 'cf_908', '0', '1' ),
( '138', 'label', 'test1 test1', 'Stefan test1' ),
( '138', 'firstname', 'test1', 'Stefan' ),
( '138', 'modifiedby', '1', '7' ),
( '139', 'label', 'Stefan test1', 'Stefan Muster' ),
( '139', 'lastname', 'test1', 'Muster' ),
( '140', 'mobile', '3946942794', '+49 151 1234567' ),
( '141', 'mobile', '+49898073192797', '+49 172 192797' ),
( '141', 'modifiedby', '1', '7' ),
( '142', 'mobile', '+49 172 192797', '+49 172 19279743' ),
( '143', 'label', 'Florian Co test_contact', 'Florian Co M&uuml;ller' ),
( '143', 'lastname', 'test_contact', 'M&uuml;ller' ),
( '144', 'label', 'Florian Co M&uuml;ller', 'Florian M&uuml;ller' ),
( '144', 'firstname', 'Florian Co', 'Florian' ),
( '145', 'label', NULL, 'Regarding Contact Assignment' ),
( '145', 'date_start', NULL, '2024-06-04' ),
( '145', 'activitytype', NULL, 'Emails' ),
( '145', 'assigned_user_id', NULL, '1' ),
( '145', 'subject', NULL, 'Regarding Contact Assignment' ),
( '145', 'description', NULL, 'An Contact has been assigned to you on vtigerCRM&lt;br&gt;Details of Contact are :&lt;br&gt;&lt;br&gt;Contact Id:&lt;b&gt;CON2&lt;/b&gt;&lt;br&gt;LastName:&lt;b&gt;test1&lt;/b&gt;&lt;br&gt;FirstName:&lt;b&gt;Stefan&lt;/b&gt;&lt;br&gt;Lead Source:&lt;b&gt;Web Site&lt;/b&gt;&lt;br&gt;Department:&lt;b&gt;&lt;/b&gt;&lt;br&gt;Description:&lt;b&gt;&lt;/b&gt;&lt;br&gt;&lt;br&gt;&lt;br&gt;And &lt;b&gt;CustomerPortal Login Details&lt;/b&gt; is sent to the EmailID :-it@itvolga.com&lt;br&gt;&lt;br&gt;Thank You&lt;br&gt;Admin&lt;br&gt;&lt;br&gt;' ),
( '145', 'time_start', NULL, '13:56:02' ),
( '145', 'createdtime', NULL, '2024-06-04 13:56:02' ),
( '145', 'modifiedby', NULL, '1' ),
( '145', 'from_email', NULL, 'se@sergeyem.ru' ),
( '145', 'saved_toid', NULL, '[&quot;se@sergeyem.ru&quot;]' ),
( '145', 'ccmail', NULL, '[&quot;&quot;]' ),
( '145', 'bccmail', NULL, '[&quot;&quot;]' ),
( '145', 'parent_id', NULL, '42@1|' ),
( '145', 'email_flag', NULL, 'SENT' ),
( '145', 'source', NULL, 'CRM' ),
( '145', 'record_id', NULL, '48' ),
( '145', 'record_module', NULL, 'Emails' ),
( '148', 'label', NULL, 'Regarding Contact Assignment' ),
( '148', 'date_start', NULL, '2024-06-04' ),
( '148', 'activitytype', NULL, 'Emails' ),
( '148', 'assigned_user_id', NULL, '1' ),
( '148', 'subject', NULL, 'Regarding Contact Assignment' ),
( '148', 'description', NULL, 'An Contact has been assigned to you on vtigerCRM&lt;br&gt;Details of Contact are :&lt;br&gt;&lt;br&gt;Contact Id:&lt;b&gt;CON2&lt;/b&gt;&lt;br&gt;LastName:&lt;b&gt;Muster&lt;/b&gt;&lt;br&gt;FirstName:&lt;b&gt;Stefan&lt;/b&gt;&lt;br&gt;Lead Source:&lt;b&gt;Web Site&lt;/b&gt;&lt;br&gt;Department:&lt;b&gt;&lt;/b&gt;&lt;br&gt;Description:&lt;b&gt;&lt;/b&gt;&lt;br&gt;&lt;br&gt;&lt;br&gt;And &lt;b&gt;CustomerPortal Login Details&lt;/b&gt; is sent to the EmailID :-it@itvolga.com&lt;br&gt;&lt;br&gt;Thank You&lt;br&gt;Admin&lt;br&gt;&lt;br&gt;' ),
( '148', 'time_start', NULL, '13:56:02' ),
( '148', 'createdtime', NULL, '2024-06-04 13:56:02' ),
( '148', 'modifiedby', NULL, '1' ),
( '148', 'from_email', NULL, 'se@sergeyem.ru' ),
( '148', 'saved_toid', NULL, '[&quot;se@sergeyem.ru&quot;]' ),
( '148', 'ccmail', NULL, '[&quot;&quot;]' ),
( '148', 'bccmail', NULL, '[&quot;&quot;]' ),
( '148', 'parent_id', NULL, '42@1|' ),
( '148', 'email_flag', NULL, 'SENT' ),
( '148', 'source', NULL, 'CRM' ),
( '148', 'record_id', NULL, '49' ),
( '148', 'record_module', NULL, 'Emails' ),
( '151', 'label', NULL, 'Regarding Contact Assignment' ),
( '151', 'date_start', NULL, '2024-06-04' ),
( '151', 'activitytype', NULL, 'Emails' ),
( '151', 'assigned_user_id', NULL, '1' ),
( '151', 'subject', NULL, 'Regarding Contact Assignment' ),
( '151', 'description', NULL, 'An Contact has been assigned to you on vtigerCRM&lt;br&gt;Details of Contact are :&lt;br&gt;&lt;br&gt;Contact Id:&lt;b&gt;CON2&lt;/b&gt;&lt;br&gt;LastName:&lt;b&gt;Muster&lt;/b&gt;&lt;br&gt;FirstName:&lt;b&gt;Stefan&lt;/b&gt;&lt;br&gt;Lead Source:&lt;b&gt;Web Site&lt;/b&gt;&lt;br&gt;Department:&lt;b&gt;&lt;/b&gt;&lt;br&gt;Description:&lt;b&gt;&lt;/b&gt;&lt;br&gt;&lt;br&gt;&lt;br&gt;And &lt;b&gt;CustomerPortal Login Details&lt;/b&gt; is sent to the EmailID :-it@itvolga.com&lt;br&gt;&lt;br&gt;Thank You&lt;br&gt;Admin&lt;br&gt;&lt;br&gt;' ),
( '151', 'time_start', NULL, '13:56:03' ),
( '151', 'createdtime', NULL, '2024-06-04 13:56:03' ),
( '151', 'modifiedby', NULL, '1' ),
( '151', 'from_email', NULL, 'se@sergeyem.ru' ),
( '151', 'saved_toid', NULL, '[&quot;se@sergeyem.ru&quot;]' ),
( '151', 'ccmail', NULL, '[&quot;&quot;]' ),
( '151', 'bccmail', NULL, '[&quot;&quot;]' ),
( '151', 'parent_id', NULL, '42@1|' ),
( '151', 'email_flag', NULL, 'SENT' ),
( '151', 'source', NULL, 'CRM' ),
( '151', 'record_id', NULL, '50' );

INSERT INTO `vtiger_modtracker_detail`(`id`,`fieldname`,`prevalue`,`postvalue`) VALUES 
( '151', 'record_module', NULL, 'Emails' ),
( '154', 'label', NULL, 'Regarding Contact Assignment' ),
( '154', 'date_start', NULL, '2024-06-04' ),
( '154', 'activitytype', NULL, 'Emails' ),
( '154', 'assigned_user_id', NULL, '1' ),
( '154', 'subject', NULL, 'Regarding Contact Assignment' ),
( '154', 'description', NULL, 'An Contact has been assigned to you on vtigerCRM&lt;br&gt;Details of Contact are :&lt;br&gt;&lt;br&gt;Contact Id:&lt;b&gt;CON1&lt;/b&gt;&lt;br&gt;LastName:&lt;b&gt;test_contact&lt;/b&gt;&lt;br&gt;FirstName:&lt;b&gt;Florian Co&lt;/b&gt;&lt;br&gt;Lead Source:&lt;b&gt;Other&lt;/b&gt;&lt;br&gt;Department:&lt;b&gt;&lt;/b&gt;&lt;br&gt;Description:&lt;b&gt;&lt;/b&gt;&lt;br&gt;&lt;br&gt;&lt;br&gt;And &lt;b&gt;CustomerPortal Login Details&lt;/b&gt; is sent to the EmailID :-florian_co74@yahoo.com&lt;br&gt;&lt;br&gt;Thank You&lt;br&gt;Admin&lt;br&gt;&lt;br&gt;' ),
( '154', 'time_start', NULL, '13:56:03' ),
( '154', 'createdtime', NULL, '2024-06-04 13:56:03' ),
( '154', 'modifiedby', NULL, '1' ),
( '154', 'from_email', NULL, 'se@sergeyem.ru' ),
( '154', 'saved_toid', NULL, '[&quot;se@sergeyem.ru&quot;]' ),
( '154', 'ccmail', NULL, '[&quot;&quot;]' ),
( '154', 'bccmail', NULL, '[&quot;&quot;]' ),
( '154', 'parent_id', NULL, '4@1|' ),
( '154', 'email_flag', NULL, 'SENT' ),
( '154', 'source', NULL, 'CRM' ),
( '154', 'record_id', NULL, '51' ),
( '154', 'record_module', NULL, 'Emails' ),
( '157', 'label', NULL, 'Regarding Contact Assignment' ),
( '157', 'date_start', NULL, '2024-06-04' ),
( '157', 'activitytype', NULL, 'Emails' ),
( '157', 'assigned_user_id', NULL, '1' ),
( '157', 'subject', NULL, 'Regarding Contact Assignment' ),
( '157', 'description', NULL, 'An Contact has been assigned to you on vtigerCRM&lt;br&gt;Details of Contact are :&lt;br&gt;&lt;br&gt;Contact Id:&lt;b&gt;CON1&lt;/b&gt;&lt;br&gt;LastName:&lt;b&gt;test_contact&lt;/b&gt;&lt;br&gt;FirstName:&lt;b&gt;Florian Co&lt;/b&gt;&lt;br&gt;Lead Source:&lt;b&gt;Other&lt;/b&gt;&lt;br&gt;Department:&lt;b&gt;&lt;/b&gt;&lt;br&gt;Description:&lt;b&gt;&lt;/b&gt;&lt;br&gt;&lt;br&gt;&lt;br&gt;And &lt;b&gt;CustomerPortal Login Details&lt;/b&gt; is sent to the EmailID :-florian_co74@yahoo.com&lt;br&gt;&lt;br&gt;Thank You&lt;br&gt;Admin&lt;br&gt;&lt;br&gt;' ),
( '157', 'time_start', NULL, '13:56:04' ),
( '157', 'createdtime', NULL, '2024-06-04 13:56:04' ),
( '157', 'modifiedby', NULL, '1' ),
( '157', 'from_email', NULL, 'se@sergeyem.ru' ),
( '157', 'saved_toid', NULL, '[&quot;se@sergeyem.ru&quot;]' ),
( '157', 'ccmail', NULL, '[&quot;&quot;]' ),
( '157', 'bccmail', NULL, '[&quot;&quot;]' ),
( '157', 'parent_id', NULL, '4@1|' ),
( '157', 'email_flag', NULL, 'SENT' ),
( '157', 'source', NULL, 'CRM' ),
( '157', 'record_id', NULL, '52' ),
( '157', 'record_module', NULL, 'Emails' ),
( '160', 'label', NULL, 'Regarding Contact Assignment' ),
( '160', 'date_start', NULL, '2024-06-04' ),
( '160', 'activitytype', NULL, 'Emails' ),
( '160', 'assigned_user_id', NULL, '1' ),
( '160', 'subject', NULL, 'Regarding Contact Assignment' ),
( '160', 'description', NULL, 'An Contact has been assigned to you on vtigerCRM&lt;br&gt;Details of Contact are :&lt;br&gt;&lt;br&gt;Contact Id:&lt;b&gt;CON1&lt;/b&gt;&lt;br&gt;LastName:&lt;b&gt;M&uuml;ller&lt;/b&gt;&lt;br&gt;FirstName:&lt;b&gt;Florian Co&lt;/b&gt;&lt;br&gt;Lead Source:&lt;b&gt;Other&lt;/b&gt;&lt;br&gt;Department:&lt;b&gt;&lt;/b&gt;&lt;br&gt;Description:&lt;b&gt;&lt;/b&gt;&lt;br&gt;&lt;br&gt;&lt;br&gt;And &lt;b&gt;CustomerPortal Login Details&lt;/b&gt; is sent to the EmailID :-florian_co74@yahoo.com&lt;br&gt;&lt;br&gt;Thank You&lt;br&gt;Admin&lt;br&gt;&lt;br&gt;' ),
( '160', 'time_start', NULL, '13:56:04' ),
( '160', 'createdtime', NULL, '2024-06-04 13:56:04' ),
( '160', 'modifiedby', NULL, '1' ),
( '160', 'from_email', NULL, 'se@sergeyem.ru' ),
( '160', 'saved_toid', NULL, '[&quot;se@sergeyem.ru&quot;]' ),
( '160', 'ccmail', NULL, '[&quot;&quot;]' ),
( '160', 'bccmail', NULL, '[&quot;&quot;]' ),
( '160', 'parent_id', NULL, '4@1|' ),
( '160', 'email_flag', NULL, 'SENT' ),
( '160', 'source', NULL, 'CRM' ),
( '160', 'record_id', NULL, '53' ),
( '160', 'record_module', NULL, 'Emails' ),
( '163', 'label', NULL, 'Regarding Contact Assignment' ),
( '163', 'date_start', NULL, '2024-06-04' ),
( '163', 'activitytype', NULL, 'Emails' ),
( '163', 'assigned_user_id', NULL, '1' ),
( '163', 'subject', NULL, 'Regarding Contact Assignment' ),
( '163', 'description', NULL, 'An Contact has been assigned to you on vtigerCRM&lt;br&gt;Details of Contact are :&lt;br&gt;&lt;br&gt;Contact Id:&lt;b&gt;CON1&lt;/b&gt;&lt;br&gt;LastName:&lt;b&gt;M&uuml;ller&lt;/b&gt;&lt;br&gt;FirstName:&lt;b&gt;Florian&lt;/b&gt;&lt;br&gt;Lead Source:&lt;b&gt;Other&lt;/b&gt;&lt;br&gt;Department:&lt;b&gt;&lt;/b&gt;&lt;br&gt;Description:&lt;b&gt;&lt;/b&gt;&lt;br&gt;&lt;br&gt;&lt;br&gt;And &lt;b&gt;CustomerPortal Login Details&lt;/b&gt; is sent to the EmailID :-florian_co74@yahoo.com&lt;br&gt;&lt;br&gt;Thank You&lt;br&gt;Admin&lt;br&gt;&lt;br&gt;' ),
( '163', 'time_start', NULL, '13:56:05' ),
( '163', 'createdtime', NULL, '2024-06-04 13:56:05' ),
( '163', 'modifiedby', NULL, '1' ),
( '163', 'from_email', NULL, 'se@sergeyem.ru' ),
( '163', 'saved_toid', NULL, '[&quot;se@sergeyem.ru&quot;]' ),
( '163', 'ccmail', NULL, '[&quot;&quot;]' ),
( '163', 'bccmail', NULL, '[&quot;&quot;]' ),
( '163', 'parent_id', NULL, '4@1|' ),
( '163', 'email_flag', NULL, 'SENT' ),
( '163', 'source', NULL, 'CRM' ),
( '163', 'record_id', NULL, '54' ),
( '163', 'record_module', NULL, 'Emails' ),
( '166', 'label', NULL, 'Gelato #44' ),
( '166', 'productname', NULL, 'Gelato #44' ),
( '166', 'product_no', NULL, 'PRO3' ),
( '166', 'productcode', NULL, '0001' ),
( '166', 'discontinued', NULL, '1' ),
( '166', 'sales_start_date', NULL, '2024-06-05' ),
( '166', 'serial_no', NULL, '2406029' ),
( '166', 'createdtime', NULL, '2024-06-04 22:42:30' ),
( '166', 'modifiedby', NULL, '7' ),
( '166', 'unit_price', NULL, '1.00000000' ),
( '166', 'commissionrate', NULL, '0.000' ),
( '166', 'usageunit', NULL, 'Pieces' ),
( '166', 'qty_per_unit', NULL, '1.00' ),
( '166', 'qtyinstock', NULL, '2746.000' ),
( '166', 'assigned_user_id', NULL, '7' ),
( '166', 'qtyindemand', NULL, '1250' ),
( '166', 'purchase_cost', NULL, '0.00000000' ),
( '166', 'source', NULL, 'CRM' ),
( '166', 'record_id', NULL, '55' ),
( '166', 'record_module', NULL, 'Products' ),
( '167', 'leadstatus', 'Cold', 'Pre Qualified' ),
( '167', 'modifiedby', '1', '7' ),
( '168', 'label', NULL, 'Sie wurden zur x2tree-Warteliste hinzugef&uuml;gt' ),
( '168', 'date_start', NULL, '2024-06-04' ),
( '168', 'activitytype', NULL, 'Emails' ),
( '168', 'assigned_user_id', NULL, '1' ),
( '168', 'subject', NULL, 'Sie wurden zur x2tree-Warteliste hinzugef&uuml;gt' ),
( '168', 'description', NULL, '&lt;!DOCTYPE html&gt;
&lt;html lang=&quot;de&quot;&gt;
&lt;head&gt;
	&lt;meta charset=&quot;UTF-8&quot; /&gt;
	&lt;meta cname=&quot;viewport&quot; /&gt;
	&lt;title&gt;Mitgliedschaftsbest&amp;auml;tigung&lt;/title&gt;
	&lt;style type=&quot;text/css&quot;&gt;body {
            font-family: Helvetica Neue, sans-serif;
            margin: 20px;
        }
        .container {
            width: 70%;
            margin: 0 auto;
            padding: 20px;
            border: 1px solid #ccc;
            border-radius: 10px;
            background-color: #f9f9f9;
        }
        .section {
            margin-bottom: 1 px;
        }
        .section p {
            margin: 1 px 0;
            font-size: 11px;
        }
        .greeting {
            font-weight: bold;
        }
        .address {
            margin: 1px 0;
        }
	&lt;/style&gt;
&lt;/head&gt;
&lt;body&gt;
&lt;div class=&quot;container&quot;&gt;
&lt;div class=&quot;section greeting&quot;&gt;
&lt;p&gt;Sehr geehrte/r Sidor Sidorov&lt;/p&gt;
&lt;/div&gt;

&lt;div class=&quot;section&quot;&gt;
&lt;p&gt;es freut uns sehr, dass Sie alle Voraussetzungen f&amp;uuml;r eine Mitgliedschaft erf&amp;uuml;llen. Wir w&amp;uuml;rden uns sehr freuen wenn Sie ein Mitglied unseres x2tree e.V. werden.&lt;/p&gt;
&lt;/div&gt;

&lt;div class=&quot;section&quot;&gt;
&lt;p&gt;Hierf&amp;uuml;r bitte wir Sie, sich innerhalb von 14 Tagen in unserem Vereinsraum&lt;/p&gt;
&lt;/div&gt;

&lt;div class=&quot;section address&quot;&gt;
&lt;p&gt;&lt;b&gt;22000, Hamburg, Valentinskamp 40-42&lt;/b&gt;&lt;/p&gt;
&lt;/div&gt;

&lt;div class=&quot;section&quot;&gt;
&lt;p&gt;zu legitimieren und die Mitgliedschaftsvereinbarung zu unterschreiben.&lt;/p&gt;
&lt;/div&gt;

&lt;div class=&quot;section&quot;&gt;
&lt;p&gt;Mit freundlichen Gr&amp;uuml;&amp;szlig;en&lt;/p&gt;

&lt;p&gt;x2tree Team&lt;/p&gt;
&lt;/div&gt;
&lt;/div&gt;
&lt;/body&gt;
&lt;/html&gt;
&lt;br&gt;&lt;br&gt;' ),
( '168', 'time_start', NULL, '23:18:01' ),
( '168', 'createdtime', NULL, '2024-06-04 23:18:01' ),
( '168', 'modifiedby', NULL, '1' ),
( '168', 'from_email', NULL, 'info@x2tree.de' ),
( '168', 'saved_toid', NULL, '[&quot;&quot;,&quot;sidor@mail.ru&quot;]' ),
( '168', 'ccmail', NULL, '[&quot;&quot;]' ),
( '168', 'bccmail', NULL, '[&quot;&quot;]' ),
( '168', 'parent_id', NULL, '8@1|' ),
( '168', 'email_flag', NULL, 'SENT' ),
( '168', 'source', NULL, 'CRM' ),
( '168', 'record_id', NULL, '56' ),
( '168', 'record_module', NULL, 'Emails' ),
( '170', 'label', NULL, 'Peter test M&uuml;ller' ),
( '170', 'salutationtype', NULL, 'Mr.' ),
( '170', 'firstname', NULL, 'Peter test' ),
( '170', 'lead_no', NULL, 'LEA5' ),
( '170', 'lastname', NULL, 'M&uuml;ller' ),
( '170', 'email', NULL, 'peter1mueller@gmail.com' ),
( '170', 'leadstatus', NULL, 'Cold' ),
( '170', 'assigned_user_id', NULL, '7' ),
( '170', 'createdtime', NULL, '2024-06-08 10:50:46' ),
( '170', 'modifiedby', NULL, '7' ),
( '170', 'lane', NULL, 'Hauptstrasse 23' ),
( '170', 'code', NULL, '20545' ),
( '170', 'city', NULL, 'Hamburg' ),
( '170', 'country', NULL, 'Deutschland' ),
( '170', 'state', NULL, 'Hamburg' ),
( '170', 'source', NULL, 'CRM' ),
( '170', 'cf_871', NULL, '1998-01-05' ),
( '170', 'record_id', NULL, '57' ),
( '170', 'record_module', NULL, 'Leads' ),
( '171', 'leadstatus', 'Cold', 'Pre Qualified' ),
( '172', 'leadstatus', 'Pre Qualified', 'Cold' ),
( '173', 'leadstatus', 'Cold', 'Pre Qualified' ),
( '174', 'label', NULL, 'Peter test M&uuml;ller' ),
( '174', 'firstname', NULL, 'Peter test' ),
( '174', 'salutationtype', NULL, 'Mr.' ),
( '174', 'contact_no', NULL, 'CON3' ),
( '174', 'lastname', NULL, 'M&uuml;ller' ),
( '174', 'mobile', NULL, '+49 151 3486759' ),
( '174', 'birthday', NULL, '1998-01-05' ),
( '174', 'email', NULL, 'peter1mueller@gmail.com' ),
( '174', 'createdtime', NULL, '2024-06-08 10:56:46' ),
( '174', 'assigned_user_id', NULL, '7' ),
( '174', 'source', NULL, 'CRM' ),
( '174', 'isconvertedfromlead', NULL, '1' ),
( '174', 'modifiedby', NULL, '7' ),
( '174', 'cf_875', NULL, 'AS347654' ),
( '174', 'mailingstreet', NULL, 'Hauptstrasse 23' ),
( '174', 'mailingcity', NULL, 'Hamburg' ),
( '174', 'mailingstate', NULL, 'Hamburg' ),
( '174', 'mailingcountry', NULL, 'Deutschland' ),
( '174', 'record_id', NULL, '58' ),
( '174', 'record_module', NULL, 'Contacts' ),
( '175', 'label', NULL, 'Regarding Contact Assignment' ),
( '175', 'date_start', NULL, '2024-06-08' ),
( '175', 'activitytype', NULL, 'Emails' ),
( '175', 'assigned_user_id', NULL, '1' ),
( '175', 'subject', NULL, 'Regarding Contact Assignment' ),
( '175', 'description', NULL, 'An Contact has been assigned to you on vtigerCRM&lt;br&gt;Details of Contact are :&lt;br&gt;&lt;br&gt;Contact Id:&lt;b&gt;CON3&lt;/b&gt;&lt;br&gt;LastName:&lt;b&gt;M&uuml;ller&lt;/b&gt;&lt;br&gt;FirstName:&lt;b&gt;Peter test&lt;/b&gt;&lt;br&gt;Lead Source:&lt;b&gt;&lt;/b&gt;&lt;br&gt;Department:&lt;b&gt;&lt;/b&gt;&lt;br&gt;Description:&lt;b&gt;&lt;/b&gt;&lt;br&gt;&lt;br&gt;&lt;br&gt;And &lt;b&gt;CustomerPortal Login Details&lt;/b&gt; is sent to the EmailID :-peter1mueller@gmail.com&lt;br&gt;&lt;br&gt;Thank You&lt;br&gt;Admin&lt;br&gt;&lt;br&gt;' ),
( '175', 'time_start', NULL, '10:58:01' ),
( '175', 'createdtime', NULL, '2024-06-08 10:58:01' ),
( '175', 'modifiedby', NULL, '1' ),
( '175', 'from_email', NULL, 'anton-felk@hotmail.de' ),
( '175', 'saved_toid', NULL, '[&quot;anton-felk@hotmail.de&quot;]' ),
( '175', 'ccmail', NULL, '[&quot;&quot;]' ),
( '175', 'bccmail', NULL, '[&quot;&quot;]' ),
( '175', 'parent_id', NULL, '58@1|' ),
( '175', 'email_flag', NULL, 'SENT' ),
( '175', 'source', NULL, 'CRM' ),
( '175', 'record_id', NULL, '59' ),
( '175', 'record_module', NULL, 'Emails' ),
( '178', 'label', NULL, 'M&uuml;ller, Peter' ),
( '178', 'potentialname', NULL, 'M&uuml;ller, Peter' ),
( '178', 'potential_no', NULL, 'POT3' ),
( '178', 'amount', NULL, '250.00000000' ),
( '178', 'sales_stage', NULL, 'Qualification' ),
( '178', 'assigned_user_id', NULL, '7' ),
( '178', 'probability', NULL, '0.000' ),
( '178', 'createdtime', NULL, '2024-06-08 11:00:43' ),
( '178', 'modifiedby', NULL, '7' ),
( '178', 'forecast_amount', NULL, '0.00000000' ),
( '178', 'contact_id', NULL, '58' ),
( '178', 'source', NULL, 'CRM' ),
( '178', 'record_id', NULL, '60' ),
( '178', 'record_module', NULL, 'Potentials' ),
( '180', 'label', NULL, 'Regarding Potential Assignment' ),
( '180', 'date_start', NULL, '2024-06-08' ),
( '180', 'activitytype', NULL, 'Emails' ),
( '180', 'assigned_user_id', NULL, '1' ),
( '180', 'subject', NULL, 'Regarding Potential Assignment' ),
( '180', 'description', NULL, 'An Potential has been assigned to you on vtigerCRM&lt;br&gt;Details of Potential are :&lt;br&gt;&lt;br&gt;Potential No:&lt;b&gt;POT3&lt;/b&gt;&lt;br&gt;Potential Name:&lt;b&gt;M&uuml;ller, Peter&lt;/b&gt;&lt;br&gt;Amount:&lt;b&gt;250.00&amp;euro;&lt;/b&gt;&lt;br&gt;Expected Close Date:&lt;b&gt; (dd-mm-yyyy)&lt;/b&gt;&lt;br&gt;Type:&lt;b&gt;&lt;/b&gt;&lt;br&gt;&lt;br&gt;&lt;br&gt;Description :&lt;br&gt;&lt;br&gt;Thank You&lt;br&gt;Admin&lt;br&gt;&lt;br&gt;' ),
( '180', 'time_start', NULL, '11:12:01' ),
( '180', 'createdtime', NULL, '2024-06-08 11:12:01' ),
( '180', 'modifiedby', NULL, '1' ),
( '180', 'from_email', NULL, 'anton-felk@hotmail.de' ),
( '180', 'saved_toid', NULL, '[&quot;anton-felk@hotmail.de&quot;]' ),
( '180', 'ccmail', NULL, '[&quot;&quot;]' ),
( '180', 'bccmail', NULL, '[&quot;&quot;]' ),
( '180', 'parent_id', NULL, '60@1|' ),
( '180', 'email_flag', NULL, 'SENT' ),
( '180', 'source', NULL, 'CRM' ),
( '180', 'record_id', NULL, '61' ),
( '180', 'record_module', NULL, 'Emails' ),
( '183', 'label', NULL, 'Mitgliedschaft' ),
( '183', 'productname', NULL, 'Mitgliedschaft' ),
( '183', 'product_no', NULL, 'PRO4' ),
( '183', 'productcode', NULL, '1234' ),
( '183', 'discontinued', NULL, '1' ),
( '183', 'sales_start_date', NULL, '2024-06-01' ),
( '183', 'sales_end_date', NULL, '2024-06-30' ),
( '183', 'createdtime', NULL, '2024-06-08 11:15:03' ),
( '183', 'modifiedby', NULL, '7' ),
( '183', 'unit_price', NULL, '250.00000000' ),
( '183', 'commissionrate', NULL, '0.000' ),
( '183', 'usageunit', NULL, 'Quantity' ),
( '183', 'qty_per_unit', NULL, '1.00' ),
( '183', 'qtyinstock', NULL, '500.000' ),
( '183', 'assigned_user_id', NULL, '7' ),
( '183', 'description', NULL, 'Hierbei handelt es sich um die Monatliche Mitgliedschaft.' ),
( '183', 'purchase_cost', NULL, '0.00000000' ),
( '183', 'source', NULL, 'CRM' ),
( '183', 'record_id', NULL, '62' ),
( '183', 'record_module', NULL, 'Products' ),
( '184', 'label', NULL, 'Mitgliedschaft' ),
( '184', 'subject', NULL, 'Mitgliedschaft' ),
( '184', 'contact_id', NULL, '58' ),
( '184', 'invoicedate', NULL, '2024-06-08' ),
( '184', 'txtAdjustment', NULL, '0.00000000' ),
( '184', 'salescommission', NULL, '0.000' ),
( '184', 'exciseduty', NULL, '0.000' ),
( '184', 'hdnSubTotal', NULL, '250.00000000' ),
( '184', 'hdnGrandTotal', NULL, '250.00000000' ),
( '184', 'hdnTaxType', NULL, 'individual' ),
( '184', 'hdnS_H_Amount', NULL, '0.00000000' ),
( '184', 'invoicestatus', NULL, 'Paid' ),
( '184', 'assigned_user_id', NULL, '7' ),
( '184', 'createdtime', NULL, '2024-06-08 11:17:56' ),
( '184', 'modifiedby', NULL, '7' ),
( '184', 'currency_id', NULL, '2' ),
( '184', 'conversion_rate', NULL, '1.000' ),
( '184', 'bill_street', NULL, 'Hauptstrasse 23' ),
( '184', 'ship_street', NULL, 'Hauptstrasse 23' ),
( '184', 'terms_conditions', NULL, '- Unless otherwise agreed in writing by the supplier all invoices are payable within thirty (30) days of the date of invoice, in the currency of the invoice, drawn on a bank based in India or by such other method as is agreed in advance by the Supplier.

 - All prices are not inclusive of VAT which shall be payable in addition by the Customer at the applicable rate.' ),
( '184', 'invoice_no', NULL, 'INV5' ),
( '184', 'productid', NULL, '62' ),
( '184', 'quantity', NULL, '1.000' ),
( '184', 'listprice', NULL, '250.00000000' ),
( '184', 'comment', NULL, 'Hierbei handelt es sich um die Monatliche Mitgliedschaft.' );

INSERT INTO `vtiger_modtracker_detail`(`id`,`fieldname`,`prevalue`,`postvalue`) VALUES 
( '184', 'pre_tax_total', NULL, '250.00000000' ),
( '184', 'received', NULL, '0.00000000' ),
( '184', 'balance', NULL, '250.00000000' ),
( '184', 'hdnS_H_Percent', NULL, '0.00000000' ),
( '184', 'potential_id', NULL, '60' ),
( '184', 'source', NULL, 'CRM' ),
( '184', 'cf_908', NULL, '1' ),
( '184', 'record_id', NULL, '63' ),
( '184', 'record_module', NULL, 'Invoice' ),
( '186', 'label', NULL, 'Ware' ),
( '186', 'assigned_user_id', NULL, '7' ),
( '186', 'createdtime', NULL, '2024-06-08 11:20:11' ),
( '186', 'start_date', NULL, '2024-06-01' ),
( '186', 'sc_related_to', NULL, '58' ),
( '186', 'tracking_unit', NULL, 'Incidents' ),
( '186', 'total_units', NULL, '50.00' ),
( '186', 'used_units', NULL, '0.00' ),
( '186', 'subject', NULL, 'Ware' ),
( '186', 'due_date', NULL, '2024-06-30' ),
( '186', 'planned_duration', NULL, '30' ),
( '186', 'contract_status', NULL, 'In Planning' ),
( '186', 'contract_priority', NULL, 'Normal' ),
( '186', 'contract_type', NULL, 'Services' ),
( '186', 'contract_no', NULL, 'SERCON1' ),
( '186', 'modifiedby', NULL, '7' ),
( '186', 'source', NULL, 'CRM' ),
( '186', 'cf_potentials_id', NULL, '60' ),
( '186', 'record_id', NULL, '64' ),
( '186', 'record_module', NULL, 'ServiceContracts' ),
( '188', 'used_units', '0.00', '8.00' ),
( '188', 'progress', '', '16.00' ),
( '189', 'end_date', '', '2024-06-08' ),
( '189', 'used_units', '8.00', '52.00' ),
( '189', 'actual_duration', '', '8' ),
( '189', 'progress', '16.00', '104.00' ),
( '190', 'salutationtype', '', 'Mr.' ),
( '190', 'modifiedby', '1', '7' ),
( '190', 'support_start_date', '', '2024-06-08' ),
( '190', 'support_end_date', '', '2025-06-08' ),
( '191', 'label', NULL, 'Regarding Contact Assignment' ),
( '191', 'date_start', NULL, '2024-06-08' ),
( '191', 'activitytype', NULL, 'Emails' ),
( '191', 'assigned_user_id', NULL, '1' ),
( '191', 'subject', NULL, 'Regarding Contact Assignment' ),
( '191', 'description', NULL, 'An Contact has been assigned to you on vtigerCRM&lt;br&gt;Details of Contact are :&lt;br&gt;&lt;br&gt;Contact Id:&lt;b&gt;CON2&lt;/b&gt;&lt;br&gt;LastName:&lt;b&gt;Muster&lt;/b&gt;&lt;br&gt;FirstName:&lt;b&gt;Stefan&lt;/b&gt;&lt;br&gt;Lead Source:&lt;b&gt;Web Site&lt;/b&gt;&lt;br&gt;Department:&lt;b&gt;&lt;/b&gt;&lt;br&gt;Description:&lt;b&gt;&lt;/b&gt;&lt;br&gt;&lt;br&gt;&lt;br&gt;And &lt;b&gt;CustomerPortal Login Details&lt;/b&gt; is sent to the EmailID :-it@itvolga.com&lt;br&gt;&lt;br&gt;Thank You&lt;br&gt;Admin&lt;br&gt;&lt;br&gt;' ),
( '191', 'time_start', NULL, '11:40:01' ),
( '191', 'createdtime', NULL, '2024-06-08 11:40:01' ),
( '191', 'modifiedby', NULL, '1' ),
( '191', 'from_email', NULL, 'se@sergeyem.ru' ),
( '191', 'saved_toid', NULL, '[&quot;se@sergeyem.ru&quot;]' ),
( '191', 'ccmail', NULL, '[&quot;&quot;]' ),
( '191', 'bccmail', NULL, '[&quot;&quot;]' ),
( '191', 'parent_id', NULL, '42@1|' ),
( '191', 'email_flag', NULL, 'SENT' ),
( '191', 'source', NULL, 'CRM' ),
( '191', 'record_id', NULL, '65' ),
( '191', 'record_module', NULL, 'Emails' ),
( '194', 'label', NULL, 'Jan Schmidt' ),
( '194', 'salutationtype', NULL, 'Mr.' ),
( '194', 'firstname', NULL, 'Jan' ),
( '194', 'lead_no', NULL, 'LEA6' ),
( '194', 'phone', NULL, '+49 151 3498723' ),
( '194', 'lastname', NULL, 'Schmidt' ),
( '194', 'email', NULL, 'janschmidt@gmai.com' ),
( '194', 'leadstatus', NULL, 'Attempted to Contact' ),
( '194', 'assigned_user_id', NULL, '7' ),
( '194', 'createdtime', NULL, '2024-06-08 11:49:01' ),
( '194', 'modifiedby', NULL, '7' ),
( '194', 'lane', NULL, 'Langestrasse 44' ),
( '194', 'code', NULL, '20456' ),
( '194', 'city', NULL, 'Hamburg' ),
( '194', 'country', NULL, 'Deutschland' ),
( '194', 'source', NULL, 'CRM' ),
( '194', 'cf_871', NULL, '1990-08-31' ),
( '194', 'cf_873', NULL, 'PS888555' ),
( '194', 'record_id', NULL, '66' ),
( '194', 'record_module', NULL, 'Leads' ),
( '195', 'leadstatus', 'Attempted to Contact', 'Pre Qualified' ),
( '196', 'label', NULL, 'Jan Schmidt' ),
( '196', 'firstname', NULL, 'Jan' ),
( '196', 'salutationtype', NULL, 'Mr.' ),
( '196', 'contact_no', NULL, 'CON4' ),
( '196', 'lastname', NULL, 'Schmidt' ),
( '196', 'mobile', NULL, '+49 151 3498723' ),
( '196', 'birthday', NULL, '1990-08-31' ),
( '196', 'email', NULL, 'janschmidt@gmai.com' ),
( '196', 'createdtime', NULL, '2024-06-08 11:52:02' ),
( '196', 'assigned_user_id', NULL, '7' ),
( '196', 'source', NULL, 'CRM' ),
( '196', 'isconvertedfromlead', NULL, '1' ),
( '196', 'modifiedby', NULL, '7' ),
( '196', 'cf_875', NULL, 'PS888555' ),
( '196', 'mailingstreet', NULL, 'Langestrasse 44' ),
( '196', 'mailingcity', NULL, 'Hamburg' ),
( '196', 'mailingcountry', NULL, 'Deutschland' ),
( '196', 'record_id', NULL, '67' ),
( '196', 'record_module', NULL, 'Contacts' ),
( '197', 'label', NULL, 'Schmidt, Jan' ),
( '197', 'potentialname', NULL, 'Schmidt, Jan' ),
( '197', 'potential_no', NULL, 'POT4' ),
( '197', 'amount', NULL, '250.00000000' ),
( '197', 'sales_stage', NULL, 'Prospecting' ),
( '197', 'assigned_user_id', NULL, '7' ),
( '197', 'probability', NULL, '0.000' ),
( '197', 'createdtime', NULL, '2024-06-08 11:53:36' ),
( '197', 'modifiedby', NULL, '7' ),
( '197', 'forecast_amount', NULL, '0.00000000' ),
( '197', 'contact_id', NULL, '67' ),
( '197', 'source', NULL, 'CRM' ),
( '197', 'record_id', NULL, '68' ),
( '197', 'record_module', NULL, 'Potentials' ),
( '199', 'label', NULL, 'Regarding Contact Assignment' ),
( '199', 'date_start', NULL, '2024-06-08' ),
( '199', 'activitytype', NULL, 'Emails' ),
( '199', 'assigned_user_id', NULL, '1' ),
( '199', 'subject', NULL, 'Regarding Contact Assignment' ),
( '199', 'description', NULL, 'An Contact has been assigned to you on vtigerCRM&lt;br&gt;Details of Contact are :&lt;br&gt;&lt;br&gt;Contact Id:&lt;b&gt;CON4&lt;/b&gt;&lt;br&gt;LastName:&lt;b&gt;Schmidt&lt;/b&gt;&lt;br&gt;FirstName:&lt;b&gt;Jan&lt;/b&gt;&lt;br&gt;Lead Source:&lt;b&gt;&lt;/b&gt;&lt;br&gt;Department:&lt;b&gt;&lt;/b&gt;&lt;br&gt;Description:&lt;b&gt;&lt;/b&gt;&lt;br&gt;&lt;br&gt;&lt;br&gt;And &lt;b&gt;CustomerPortal Login Details&lt;/b&gt; is sent to the EmailID :-janschmidt@gmai.com&lt;br&gt;&lt;br&gt;Thank You&lt;br&gt;Admin&lt;br&gt;&lt;br&gt;' ),
( '199', 'time_start', NULL, '11:54:01' ),
( '199', 'createdtime', NULL, '2024-06-08 11:54:01' ),
( '199', 'modifiedby', NULL, '1' ),
( '199', 'from_email', NULL, 'anton-felk@hotmail.de' ),
( '199', 'saved_toid', NULL, '[&quot;anton-felk@hotmail.de&quot;]' ),
( '199', 'ccmail', NULL, '[&quot;&quot;]' ),
( '199', 'bccmail', NULL, '[&quot;&quot;]' ),
( '199', 'parent_id', NULL, '67@1|' ),
( '199', 'email_flag', NULL, 'SENT' ),
( '199', 'source', NULL, 'CRM' ),
( '199', 'record_id', NULL, '69' ),
( '199', 'record_module', NULL, 'Emails' ),
( '202', 'label', NULL, 'Regarding Potential Assignment' ),
( '202', 'date_start', NULL, '2024-06-08' ),
( '202', 'activitytype', NULL, 'Emails' ),
( '202', 'assigned_user_id', NULL, '1' ),
( '202', 'subject', NULL, 'Regarding Potential Assignment' ),
( '202', 'description', NULL, 'An Potential has been assigned to you on vtigerCRM&lt;br&gt;Details of Potential are :&lt;br&gt;&lt;br&gt;Potential No:&lt;b&gt;POT4&lt;/b&gt;&lt;br&gt;Potential Name:&lt;b&gt;Schmidt, Jan&lt;/b&gt;&lt;br&gt;Amount:&lt;b&gt;250.00&amp;euro;&lt;/b&gt;&lt;br&gt;Expected Close Date:&lt;b&gt; (dd-mm-yyyy)&lt;/b&gt;&lt;br&gt;Type:&lt;b&gt;&lt;/b&gt;&lt;br&gt;&lt;br&gt;&lt;br&gt;Description :&lt;br&gt;&lt;br&gt;Thank You&lt;br&gt;Admin&lt;br&gt;&lt;br&gt;' ),
( '202', 'time_start', NULL, '11:54:02' ),
( '202', 'createdtime', NULL, '2024-06-08 11:54:02' ),
( '202', 'modifiedby', NULL, '1' ),
( '202', 'from_email', NULL, 'anton-felk@hotmail.de' ),
( '202', 'saved_toid', NULL, '[&quot;anton-felk@hotmail.de&quot;]' ),
( '202', 'ccmail', NULL, '[&quot;&quot;]' ),
( '202', 'bccmail', NULL, '[&quot;&quot;]' ),
( '202', 'parent_id', NULL, '68@1|' ),
( '202', 'email_flag', NULL, 'SENT' ),
( '202', 'source', NULL, 'CRM' ),
( '202', 'record_id', NULL, '70' ),
( '202', 'record_module', NULL, 'Emails' ),
( '205', 'label', NULL, 'Mitgliedschaft' ),
( '205', 'subject', NULL, 'Mitgliedschaft' ),
( '205', 'contact_id', NULL, '67' ),
( '205', 'txtAdjustment', NULL, '0.00000000' ),
( '205', 'salescommission', NULL, '0.000' ),
( '205', 'exciseduty', NULL, '0.000' ),
( '205', 'hdnSubTotal', NULL, '250.00000000' ),
( '205', 'hdnGrandTotal', NULL, '250.00000000' ),
( '205', 'hdnTaxType', NULL, 'individual' ),
( '205', 'hdnS_H_Amount', NULL, '0.00000000' ),
( '205', 'invoicestatus', NULL, 'Paid' ),
( '205', 'assigned_user_id', NULL, '7' ),
( '205', 'createdtime', NULL, '2024-06-08 11:55:17' ),
( '205', 'modifiedby', NULL, '7' ),
( '205', 'currency_id', NULL, '2' ),
( '205', 'conversion_rate', NULL, '1.000' ),
( '205', 'bill_street', NULL, 'Langestrasse 44' ),
( '205', 'ship_street', NULL, 'Langestrasse 44' ),
( '205', 'bill_city', NULL, 'Hamburg' ),
( '205', 'bill_country', NULL, 'Deutschland' ),
( '205', 'terms_conditions', NULL, '- Unless otherwise agreed in writing by the supplier all invoices are payable within thirty (30) days of the date of invoice, in the currency of the invoice, drawn on a bank based in India or by such other method as is agreed in advance by the Supplier.

 - All prices are not inclusive of VAT which shall be payable in addition by the Customer at the applicable rate.' ),
( '205', 'invoice_no', NULL, 'INV6' ),
( '205', 'productid', NULL, '62' ),
( '205', 'quantity', NULL, '1.000' ),
( '205', 'listprice', NULL, '250.00000000' ),
( '205', 'comment', NULL, 'Hierbei handelt es sich um die Monatliche Mitgliedschaft.' ),
( '205', 'pre_tax_total', NULL, '250.00000000' ),
( '205', 'received', NULL, '0.00000000' ),
( '205', 'balance', NULL, '250.00000000' ),
( '205', 'hdnS_H_Percent', NULL, '0.00000000' ),
( '205', 'potential_id', NULL, '68' ),
( '205', 'source', NULL, 'CRM' ),
( '205', 'cf_908', NULL, '1' ),
( '205', 'record_id', NULL, '71' ),
( '205', 'record_module', NULL, 'Invoice' ),
( '207', 'amount', '0.00000000', '250.00000000' ),
( '208', 'label', NULL, 'ware' ),
( '208', 'servicename', NULL, 'ware' ),
( '208', 'service_no', NULL, 'SER1' ),
( '208', 'discontinued', NULL, '1' ),
( '208', 'sales_start_date', NULL, '2024-06-01' ),
( '208', 'sales_end_date', NULL, '2024-06-30' ),
( '208', 'createdtime', NULL, '2024-06-08 12:02:52' ),
( '208', 'modifiedby', NULL, '7' ),
( '208', 'service_usageunit', NULL, 'Incidents' ),
( '208', 'qty_per_unit', NULL, '25000.00' ),
( '208', 'assigned_user_id', NULL, '7' ),
( '208', 'unit_price', NULL, '1.00000000' ),
( '208', 'commissionrate', NULL, '0.000' ),
( '208', 'source', NULL, 'CRM' ),
( '208', 'purchase_cost', NULL, '0.00000000' ),
( '208', 'record_id', NULL, '72' ),
( '208', 'record_module', NULL, 'Services' ),
( '210', 'label', NULL, 'Ware' ),
( '210', 'assigned_user_id', NULL, '7' ),
( '210', 'createdtime', NULL, '2024-06-08 12:06:08' ),
( '210', 'start_date', NULL, '2024-06-01' ),
( '210', 'sc_related_to', NULL, '67' ),
( '210', 'tracking_unit', NULL, 'Incidents' ),
( '210', 'total_units', NULL, '50.00' ),
( '210', 'used_units', NULL, '0.00' ),
( '210', 'subject', NULL, 'Ware' ),
( '210', 'due_date', NULL, '2024-06-30' ),
( '210', 'planned_duration', NULL, '30' ),
( '210', 'contract_status', NULL, 'In Planning' ),
( '210', 'contract_priority', NULL, 'Normal' ),
( '210', 'contract_type', NULL, 'Services' ),
( '210', 'contract_no', NULL, 'SERCON2' ),
( '210', 'modifiedby', NULL, '7' ),
( '210', 'source', NULL, 'CRM' ),
( '210', 'cf_potentials_id', NULL, '68' ),
( '210', 'record_id', NULL, '73' ),
( '210', 'record_module', NULL, 'ServiceContracts' ),
( '212', 'used_units', '0.00', '8.00' ),
( '212', 'progress', '', '16.00' ),
( '214', 'label', NULL, 'voucher' ),
( '214', 'ticket_no', NULL, 'TT1' ),
( '214', 'assigned_user_id', NULL, '7' ),
( '214', 'ticketpriorities', NULL, 'Normal' ),
( '214', 'ticketstatus', NULL, 'Open' ),
( '214', 'hours', NULL, '0.00000000' ),
( '214', 'days', NULL, '0.00000000' ),
( '214', 'createdtime', NULL, '2024-06-08 12:09:13' ),
( '214', 'modifiedby', NULL, '7' ),
( '214', 'ticket_title', NULL, 'voucher' ),
( '214', 'source', NULL, 'CRM' ),
( '214', 'record_id', NULL, '74' ),
( '214', 'record_module', NULL, 'HelpDesk' ),
( '217', 'label', NULL, 'Ware' ),
( '217', 'assigned_user_id', NULL, '7' ),
( '217', 'createdtime', NULL, '2024-06-08 12:12:43' ),
( '217', 'start_date', NULL, '2024-06-01' ),
( '217', 'sc_related_to', NULL, '67' ),
( '217', 'tracking_unit', NULL, 'Incidents' ),
( '217', 'total_units', NULL, '50.00' ),
( '217', 'used_units', NULL, '0.00' ),
( '217', 'subject', NULL, 'Ware' ),
( '217', 'due_date', NULL, '2024-06-30' ),
( '217', 'planned_duration', NULL, '30' ),
( '217', 'contract_status', NULL, 'In Planning' ),
( '217', 'contract_priority', NULL, 'Normal' ),
( '217', 'contract_type', NULL, 'Services' ),
( '217', 'contract_no', NULL, 'SERCON3' );

INSERT INTO `vtiger_modtracker_detail`(`id`,`fieldname`,`prevalue`,`postvalue`) VALUES 
( '217', 'modifiedby', NULL, '7' ),
( '217', 'source', NULL, 'CRM' ),
( '217', 'cf_potentials_id', NULL, '68' ),
( '217', 'record_id', NULL, '75' ),
( '217', 'record_module', NULL, 'ServiceContracts' ),
( '219', 'label', NULL, 'Ware' ),
( '219', 'assigned_user_id', NULL, '7' ),
( '219', 'createdtime', NULL, '2024-06-08 12:13:05' ),
( '219', 'start_date', NULL, '2024-06-01' ),
( '219', 'sc_related_to', NULL, '67' ),
( '219', 'tracking_unit', NULL, 'Incidents' ),
( '219', 'total_units', NULL, '50.00' ),
( '219', 'used_units', NULL, '0.00' ),
( '219', 'subject', NULL, 'Ware' ),
( '219', 'due_date', NULL, '2024-06-30' ),
( '219', 'planned_duration', NULL, '30' ),
( '219', 'contract_status', NULL, 'In Planning' ),
( '219', 'contract_priority', NULL, 'Normal' ),
( '219', 'contract_type', NULL, 'Services' ),
( '219', 'contract_no', NULL, 'SERCON4' ),
( '219', 'modifiedby', NULL, '7' ),
( '219', 'source', NULL, 'CRM' ),
( '219', 'cf_potentials_id', NULL, '68' ),
( '219', 'record_id', NULL, '76' ),
( '219', 'record_module', NULL, 'ServiceContracts' ),
( '223', 'label', NULL, 'Ticket Number : TT1 voucher' ),
( '223', 'date_start', NULL, '2024-06-08' ),
( '223', 'activitytype', NULL, 'Emails' ),
( '223', 'assigned_user_id', NULL, '1' ),
( '223', 'subject', NULL, 'Ticket Number : TT1 voucher' ),
( '223', 'description', NULL, 'Ticket ID : 74&lt;br&gt;Ticket Title : voucher&lt;br&gt;&lt;br&gt;
								Dear Felk Anton,&lt;br&gt;&lt;br&gt;
								The Ticket is replied the details are :&lt;br&gt;&lt;br&gt;
								Ticket No : TT1&lt;br&gt;
								Status : Open&lt;br&gt;
								Category : &lt;br&gt;
								Severity : &lt;br&gt;
								Priority : Normal&lt;br&gt;&lt;br&gt;
								Description : &lt;br&gt;&lt;br&gt;&lt;br&gt;
								Solution : &lt;br&gt;
								&lt;br&gt;&lt;br&gt;
								Regards&lt;br&gt;Support Administrator&lt;br&gt;&lt;br&gt;' ),
( '223', 'time_start', NULL, '12:22:01' ),
( '223', 'createdtime', NULL, '2024-06-08 12:22:01' ),
( '223', 'modifiedby', NULL, '1' ),
( '223', 'from_email', NULL, 'adm@local.com' ),
( '223', 'saved_toid', NULL, '[&quot;&quot;,&quot;anton-felk@hotmail.de&quot;]' ),
( '223', 'ccmail', NULL, '[&quot;&quot;]' ),
( '223', 'bccmail', NULL, '[&quot;&quot;]' ),
( '223', 'parent_id', NULL, '74@1|' ),
( '223', 'email_flag', NULL, 'SENT' ),
( '223', 'source', NULL, 'CRM' ),
( '223', 'record_id', NULL, '77' ),
( '223', 'record_module', NULL, 'Emails' ),
( '226', 'label', NULL, 'cat-passport-3496738072' ),
( '226', 'notes_title', NULL, 'cat-passport-3496738072' ),
( '226', 'createdtime', NULL, '2024-06-08 15:01:15' ),
( '226', 'filename', NULL, 'cat-passport-3496738072.png' ),
( '226', 'assigned_user_id', NULL, '1' ),
( '226', 'filetype', NULL, 'image/png' ),
( '226', 'filesize', NULL, '423348' ),
( '226', 'filelocationtype', NULL, 'I' ),
( '226', 'filestatus', NULL, '1' ),
( '226', 'folderid', NULL, '1' ),
( '226', 'note_no', NULL, 'DOC1' ),
( '226', 'modifiedby', NULL, '1' ),
( '226', 'source', NULL, 'CRM' ),
( '226', 'record_id', NULL, '78' ),
( '226', 'record_module', NULL, 'Documents' ),
( '228', 'lane', '', '2312' ),
( '228', 'code', '', '3123' ),
( '228', 'city', '', 'DD' ),
( '228', 'country', '', 'D' ),
( '228', 'cf_871', '', '2024-06-02' ),
( '228', 'cf_873', '', '3232' ),
( '229', 'cf_933', '', 'Viewed' ),
( '230', 'leadstatus', 'Pre Qualified', 'Cold' ),
( '231', 'amount', '250.00000000', '0.00000000' ),
( '232', 'label', 'Wallet1', 'M&uuml;ller, Florian' ),
( '232', 'potentialname', 'Wallet1', 'M&uuml;ller, Florian' ),
( '232', 'modifiedby', '1', '7' ),
( '236', 'label', NULL, 'Mitgliedschaft' ),
( '236', 'subject', NULL, 'Mitgliedschaft' ),
( '236', 'contact_id', NULL, '4' ),
( '236', 'invoicedate', NULL, '2024-06-01' ),
( '236', 'duedate', NULL, '2024-06-05' ),
( '236', 'txtAdjustment', NULL, '0.00000000' ),
( '236', 'salescommission', NULL, '0.000' ),
( '236', 'exciseduty', NULL, '0.000' ),
( '236', 'hdnSubTotal', NULL, '250.00000000' ),
( '236', 'hdnGrandTotal', NULL, '250.00000000' ),
( '236', 'hdnTaxType', NULL, 'individual' ),
( '236', 'hdnS_H_Amount', NULL, '0.00000000' ),
( '236', 'invoicestatus', NULL, 'Created' ),
( '236', 'assigned_user_id', NULL, '7' ),
( '236', 'createdtime', NULL, '2024-06-09 12:05:40' ),
( '236', 'modifiedby', NULL, '7' ),
( '236', 'currency_id', NULL, '2' ),
( '236', 'conversion_rate', NULL, '1.000' ),
( '236', 'bill_street', NULL, 'langstarsse 44' ),
( '236', 'ship_street', NULL, 'langstrasse 44' ),
( '236', 'terms_conditions', NULL, '- Unless otherwise agreed in writing by the supplier all invoices are payable within thirty (30) days of the date of invoice, in the currency of the invoice, drawn on a bank based in India or by such other method as is agreed in advance by the Supplier.

 - All prices are not inclusive of VAT which shall be payable in addition by the Customer at the applicable rate.' ),
( '236', 'invoice_no', NULL, 'INV7' ),
( '236', 'productid', NULL, '62' ),
( '236', 'quantity', NULL, '1.000' ),
( '236', 'listprice', NULL, '250.00000000' ),
( '236', 'comment', NULL, 'Hierbei handelt es sich um die Monatliche Mitgliedschaft.' ),
( '236', 'pre_tax_total', NULL, '250.00000000' ),
( '236', 'received', NULL, '0.00000000' ),
( '236', 'balance', NULL, '250.00000000' ),
( '236', 'hdnS_H_Percent', NULL, '0.00000000' ),
( '236', 'potential_id', NULL, '17' ),
( '236', 'source', NULL, 'CRM' ),
( '236', 'record_id', NULL, '79' ),
( '236', 'record_module', NULL, 'Invoice' ),
( '241', 'invoicedate', '', '2024-06-01' ),
( '242', 'invoicedate', '2024-06-08', '2024-06-01' ),
( '243', 'label', NULL, 'Christiano Ronaldo' ),
( '243', 'salutationtype', NULL, 'Mr.' ),
( '243', 'firstname', NULL, 'Christiano' ),
( '243', 'lead_no', NULL, 'LEA7' ),
( '243', 'phone', NULL, '+49 151 99955533' ),
( '243', 'lastname', NULL, 'Ronaldo' ),
( '243', 'email', NULL, 'c.Ronaldo@gmail.com' ),
( '243', 'leadstatus', NULL, 'Cold' ),
( '243', 'assigned_user_id', NULL, '7' ),
( '243', 'createdtime', NULL, '2024-06-09 18:05:50' ),
( '243', 'modifiedby', NULL, '7' ),
( '243', 'lane', NULL, 'Breitestrasse 11' ),
( '243', 'code', NULL, '21213' ),
( '243', 'city', NULL, 'Hamburg' ),
( '243', 'country', NULL, 'Deutschland' ),
( '243', 'source', NULL, 'CRM' ),
( '243', 'cf_871', NULL, '1992-12-12' ),
( '243', 'cf_873', NULL, 'PS888999' ),
( '243', 'cf_933', NULL, 'Not Vieved' ),
( '243', 'record_id', NULL, '81' ),
( '243', 'record_module', NULL, 'Leads' ),
( '244', 'leadstatus', 'Cold', 'Pre Qualified' ),
( '245', 'label', NULL, 'Christiano Ronaldo' ),
( '245', 'firstname', NULL, 'Christiano' ),
( '245', 'salutationtype', NULL, 'Mr.' ),
( '245', 'contact_no', NULL, 'CON5' ),
( '245', 'lastname', NULL, 'Ronaldo' ),
( '245', 'mobile', NULL, '+49 151 99955533' ),
( '245', 'birthday', NULL, '1992-12-12' ),
( '245', 'email', NULL, 'c.Ronaldo@gmail.com' ),
( '245', 'createdtime', NULL, '2024-06-09 18:06:25' ),
( '245', 'assigned_user_id', NULL, '7' ),
( '245', 'source', NULL, 'CRM' ),
( '245', 'isconvertedfromlead', NULL, '1' ),
( '245', 'modifiedby', NULL, '7' ),
( '245', 'cf_875', NULL, 'PS888999' ),
( '245', 'mailingstreet', NULL, 'Breitestrasse 11' ),
( '245', 'mailingcity', NULL, 'Hamburg' ),
( '245', 'mailingcountry', NULL, 'Deutschland' ),
( '245', 'record_id', NULL, '82' ),
( '245', 'record_module', NULL, 'Contacts' ),
( '246', 'label', 'Wallet 1', 'Muster, Stephan' ),
( '246', 'potentialname', 'Wallet 1', 'Muster, Stephan' ),
( '246', 'modifiedby', '1', '7' ),
( '247', 'amount', '30.14000000', '0.00000000' ),
( '248', 'sales_stage', 'Prospecting', 'Closed Won' ),
( '249', 'sales_stage', 'Prospecting', 'Closed Won' ),
( '250', 'sales_stage', 'Qualification', 'Closed Won' ),
( '251', 'amount', '118.38000000', '0.00000000' ),
( '252', 'label', NULL, 'Regarding Contact Assignment' ),
( '252', 'date_start', NULL, '2024-06-09' ),
( '252', 'activitytype', NULL, 'Emails' ),
( '252', 'assigned_user_id', NULL, '1' ),
( '252', 'subject', NULL, 'Regarding Contact Assignment' ),
( '252', 'description', NULL, 'An Contact has been assigned to you on vtigerCRM&lt;br&gt;Details of Contact are :&lt;br&gt;&lt;br&gt;Contact Id:&lt;b&gt;CON5&lt;/b&gt;&lt;br&gt;LastName:&lt;b&gt;Ronaldo&lt;/b&gt;&lt;br&gt;FirstName:&lt;b&gt;Christiano&lt;/b&gt;&lt;br&gt;Lead Source:&lt;b&gt;&lt;/b&gt;&lt;br&gt;Department:&lt;b&gt;&lt;/b&gt;&lt;br&gt;Description:&lt;b&gt;&lt;/b&gt;&lt;br&gt;&lt;br&gt;&lt;br&gt;And &lt;b&gt;CustomerPortal Login Details&lt;/b&gt; is sent to the EmailID :-c.Ronaldo@gmail.com&lt;br&gt;&lt;br&gt;Thank You&lt;br&gt;Admin&lt;br&gt;&lt;br&gt;' ),
( '252', 'time_start', NULL, '18:16:02' ),
( '252', 'createdtime', NULL, '2024-06-09 18:16:02' ),
( '252', 'modifiedby', NULL, '1' ),
( '252', 'from_email', NULL, 'anton-felk@hotmail.de' ),
( '252', 'saved_toid', NULL, '[&quot;anton-felk@hotmail.de&quot;]' ),
( '252', 'ccmail', NULL, '[&quot;&quot;]' ),
( '252', 'bccmail', NULL, '[&quot;&quot;]' ),
( '252', 'parent_id', NULL, '82@1|' ),
( '252', 'email_flag', NULL, 'SENT' ),
( '252', 'source', NULL, 'CRM' ),
( '252', 'record_id', NULL, '83' ),
( '252', 'record_module', NULL, 'Emails' ),
( '255', 'modifiedby', '1', '7' ),
( '255', 'cf_933', '', 'Viewed' ),
( '256', 'cf_908', '1', '0' ),
( '257', 'invoicestatus', 'Paid', 'Created' ),
( '258', 'invoicestatus', 'Paid', 'Created' ),
( '259', 'cf_908', '1', '0' ),
( '260', 'opportunity_type', '', 'Existing Business' ),
( '261', 'opportunity_type', '', 'Existing Business' ),
( '262', 'opportunity_type', '', 'New Business' ),
( '263', 'invoicestatus', 'Created', 'Paid' ),
( '263', 'received', '0.00000000', '250.00000000' ),
( '263', 'balance', '250.00000000', '0.00000000' ),
( '264', 'cf_908', '0', '1' ),
( '265', 'cf_931', '', '1' ),
( '266', 'modifiedby', '1', '7' ),
( '266', 'cf_931', '', '2' ),
( '267', 'modifiedby', '1', '7' ),
( '267', 'cf_931', '', '3' ),
( '268', 'modifiedby', '1', '7' ),
( '268', 'cf_931', '', '4' ),
( '269', 'label', NULL, 'Regarding Contact Assignment' ),
( '269', 'date_start', NULL, '2024-06-10' ),
( '269', 'activitytype', NULL, 'Emails' ),
( '269', 'assigned_user_id', NULL, '1' ),
( '269', 'subject', NULL, 'Regarding Contact Assignment' ),
( '269', 'description', NULL, 'An Contact has been assigned to you on vtigerCRM&lt;br&gt;Details of Contact are :&lt;br&gt;&lt;br&gt;Contact Id:&lt;b&gt;CON4&lt;/b&gt;&lt;br&gt;LastName:&lt;b&gt;Schmidt&lt;/b&gt;&lt;br&gt;FirstName:&lt;b&gt;Jan&lt;/b&gt;&lt;br&gt;Lead Source:&lt;b&gt;&lt;/b&gt;&lt;br&gt;Department:&lt;b&gt;&lt;/b&gt;&lt;br&gt;Description:&lt;b&gt;&lt;/b&gt;&lt;br&gt;&lt;br&gt;&lt;br&gt;And &lt;b&gt;CustomerPortal Login Details&lt;/b&gt; is sent to the EmailID :-janschmidt@gmai.com&lt;br&gt;&lt;br&gt;Thank You&lt;br&gt;Admin&lt;br&gt;&lt;br&gt;' ),
( '269', 'time_start', NULL, '19:40:01' ),
( '269', 'createdtime', NULL, '2024-06-10 19:40:01' ),
( '269', 'modifiedby', NULL, '1' ),
( '269', 'from_email', NULL, 'anton-felk@hotmail.de' ),
( '269', 'saved_toid', NULL, '[&quot;anton-felk@hotmail.de&quot;]' ),
( '269', 'ccmail', NULL, '[&quot;&quot;]' ),
( '269', 'bccmail', NULL, '[&quot;&quot;]' ),
( '269', 'parent_id', NULL, '67@1|' ),
( '269', 'email_flag', NULL, 'SENT' ),
( '269', 'source', NULL, 'CRM' ),
( '269', 'record_id', NULL, '86' ),
( '269', 'record_module', NULL, 'Emails' ),
( '272', 'label', NULL, 'Regarding Contact Assignment' ),
( '272', 'date_start', NULL, '2024-06-10' ),
( '272', 'activitytype', NULL, 'Emails' ),
( '272', 'assigned_user_id', NULL, '1' ),
( '272', 'subject', NULL, 'Regarding Contact Assignment' ),
( '272', 'description', NULL, 'An Contact has been assigned to you on vtigerCRM&lt;br&gt;Details of Contact are :&lt;br&gt;&lt;br&gt;Contact Id:&lt;b&gt;CON2&lt;/b&gt;&lt;br&gt;LastName:&lt;b&gt;Muster&lt;/b&gt;&lt;br&gt;FirstName:&lt;b&gt;Stefan&lt;/b&gt;&lt;br&gt;Lead Source:&lt;b&gt;Web Site&lt;/b&gt;&lt;br&gt;Department:&lt;b&gt;&lt;/b&gt;&lt;br&gt;Description:&lt;b&gt;&lt;/b&gt;&lt;br&gt;&lt;br&gt;&lt;br&gt;And &lt;b&gt;CustomerPortal Login Details&lt;/b&gt; is sent to the EmailID :-it@itvolga.com&lt;br&gt;&lt;br&gt;Thank You&lt;br&gt;Admin&lt;br&gt;&lt;br&gt;' ),
( '272', 'time_start', NULL, '19:40:02' ),
( '272', 'createdtime', NULL, '2024-06-10 19:40:02' ),
( '272', 'modifiedby', NULL, '1' ),
( '272', 'from_email', NULL, 'se@sergeyem.ru' ),
( '272', 'saved_toid', NULL, '[&quot;se@sergeyem.ru&quot;]' ),
( '272', 'ccmail', NULL, '[&quot;&quot;]' ),
( '272', 'bccmail', NULL, '[&quot;&quot;]' ),
( '272', 'parent_id', NULL, '42@1|' ),
( '272', 'email_flag', NULL, 'SENT' ),
( '272', 'source', NULL, 'CRM' ),
( '272', 'record_id', NULL, '87' ),
( '272', 'record_module', NULL, 'Emails' ),
( '275', 'label', NULL, 'Regarding Contact Assignment' ),
( '275', 'date_start', NULL, '2024-06-10' ),
( '275', 'activitytype', NULL, 'Emails' ),
( '275', 'assigned_user_id', NULL, '1' ),
( '275', 'subject', NULL, 'Regarding Contact Assignment' ),
( '275', 'description', NULL, 'An Contact has been assigned to you on vtigerCRM&lt;br&gt;Details of Contact are :&lt;br&gt;&lt;br&gt;Contact Id:&lt;b&gt;CON3&lt;/b&gt;&lt;br&gt;LastName:&lt;b&gt;M&uuml;ller&lt;/b&gt;&lt;br&gt;FirstName:&lt;b&gt;Peter test&lt;/b&gt;&lt;br&gt;Lead Source:&lt;b&gt;&lt;/b&gt;&lt;br&gt;Department:&lt;b&gt;&lt;/b&gt;&lt;br&gt;Description:&lt;b&gt;&lt;/b&gt;&lt;br&gt;&lt;br&gt;&lt;br&gt;And &lt;b&gt;CustomerPortal Login Details&lt;/b&gt; is sent to the EmailID :-peter1mueller@gmail.com&lt;br&gt;&lt;br&gt;Thank You&lt;br&gt;Admin&lt;br&gt;&lt;br&gt;' ),
( '275', 'time_start', NULL, '19:40:02' ),
( '275', 'createdtime', NULL, '2024-06-10 19:40:02' ),
( '275', 'modifiedby', NULL, '1' ),
( '275', 'from_email', NULL, 'anton-felk@hotmail.de' ),
( '275', 'saved_toid', NULL, '[&quot;anton-felk@hotmail.de&quot;]' ),
( '275', 'ccmail', NULL, '[&quot;&quot;]' ),
( '275', 'bccmail', NULL, '[&quot;&quot;]' ),
( '275', 'parent_id', NULL, '58@1|' ),
( '275', 'email_flag', NULL, 'SENT' ),
( '275', 'source', NULL, 'CRM' ),
( '275', 'record_id', NULL, '88' ),
( '275', 'record_module', NULL, 'Emails' ),
( '278', 'label', NULL, 'Regarding Contact Assignment' ),
( '278', 'date_start', NULL, '2024-06-10' ),
( '278', 'activitytype', NULL, 'Emails' );

INSERT INTO `vtiger_modtracker_detail`(`id`,`fieldname`,`prevalue`,`postvalue`) VALUES 
( '278', 'assigned_user_id', NULL, '1' ),
( '278', 'subject', NULL, 'Regarding Contact Assignment' ),
( '278', 'description', NULL, 'An Contact has been assigned to you on vtigerCRM&lt;br&gt;Details of Contact are :&lt;br&gt;&lt;br&gt;Contact Id:&lt;b&gt;CON1&lt;/b&gt;&lt;br&gt;LastName:&lt;b&gt;M&uuml;ller&lt;/b&gt;&lt;br&gt;FirstName:&lt;b&gt;Florian&lt;/b&gt;&lt;br&gt;Lead Source:&lt;b&gt;Other&lt;/b&gt;&lt;br&gt;Department:&lt;b&gt;&lt;/b&gt;&lt;br&gt;Description:&lt;b&gt;&lt;/b&gt;&lt;br&gt;&lt;br&gt;&lt;br&gt;And &lt;b&gt;CustomerPortal Login Details&lt;/b&gt; is sent to the EmailID :-florian_co74@yahoo.com&lt;br&gt;&lt;br&gt;Thank You&lt;br&gt;Admin&lt;br&gt;&lt;br&gt;' ),
( '278', 'time_start', NULL, '19:40:03' ),
( '278', 'createdtime', NULL, '2024-06-10 19:40:03' ),
( '278', 'modifiedby', NULL, '1' ),
( '278', 'from_email', NULL, 'se@sergeyem.ru' ),
( '278', 'saved_toid', NULL, '[&quot;se@sergeyem.ru&quot;]' ),
( '278', 'ccmail', NULL, '[&quot;&quot;]' ),
( '278', 'bccmail', NULL, '[&quot;&quot;]' ),
( '278', 'parent_id', NULL, '4@1|' ),
( '278', 'email_flag', NULL, 'SENT' ),
( '278', 'source', NULL, 'CRM' ),
( '278', 'record_id', NULL, '89' ),
( '278', 'record_module', NULL, 'Emails' ),
( '281', 'invoicestatus', 'Created', 'Paid' ),
( '281', 'received', '0.00000000', '250.00000000' ),
( '281', 'balance', '250.00000000', '0.00000000' ),
( '281', 'cf_908', '0', '1' ),
( '282', 'label', NULL, 'Mitgliedschaft' ),
( '282', 'subject', NULL, 'Mitgliedschaft' ),
( '282', 'contact_id', NULL, '42' ),
( '282', 'txtAdjustment', NULL, '0.00000000' ),
( '282', 'salescommission', NULL, '0.000' ),
( '282', 'exciseduty', NULL, '0.000' ),
( '282', 'hdnSubTotal', NULL, '250.00000000' ),
( '282', 'hdnGrandTotal', NULL, '317.50000000' ),
( '282', 'hdnTaxType', NULL, 'group' ),
( '282', 'hdnS_H_Amount', NULL, '0.00000000' ),
( '282', 'invoicestatus', NULL, 'Created' ),
( '282', 'assigned_user_id', NULL, '7' ),
( '282', 'createdtime', NULL, '2024-06-10 20:17:18' ),
( '282', 'modifiedby', NULL, '7' ),
( '282', 'currency_id', NULL, '2' ),
( '282', 'conversion_rate', NULL, '1.000' ),
( '282', 'bill_street', NULL, 'Beitestrasse 12' ),
( '282', 'ship_street', NULL, 'Breitestrasse 12' ),
( '282', 'terms_conditions', NULL, '- Unless otherwise agreed in writing by the supplier all invoices are payable within thirty (30) days of the date of invoice, in the currency of the invoice, drawn on a bank based in India or by such other method as is agreed in advance by the Supplier.

 - All prices are not inclusive of VAT which shall be payable in addition by the Customer at the applicable rate.' ),
( '282', 'invoice_no', NULL, 'INV8' ),
( '282', 'productid', NULL, '62' ),
( '282', 'quantity', NULL, '1.000' ),
( '282', 'listprice', NULL, '250.00000000' ),
( '282', 'comment', NULL, 'Hierbei handelt es sich um die Monatliche Mitgliedschaft.' ),
( '282', 'tax1', NULL, '4.500' ),
( '282', 'tax2', NULL, '10.000' ),
( '282', 'tax3', NULL, '12.500' ),
( '282', 'pre_tax_total', NULL, '250.00000000' ),
( '282', 'received', NULL, '0.00000000' ),
( '282', 'balance', NULL, '317.50000000' ),
( '282', 'hdnS_H_Percent', NULL, '0.00000000' ),
( '282', 'potential_id', NULL, '43' ),
( '282', 'source', NULL, 'CRM' ),
( '282', 'record_id', NULL, '91' ),
( '282', 'record_module', NULL, 'Invoice' ),
( '283', 'hdnGrandTotal', '317.50000000', '250.00000000' ),
( '283', 'hdnTaxType', 'group', 'individual' ),
( '283', 'tax1', '4.500', '' ),
( '283', 'tax2', '10.000', '' ),
( '283', 'tax3', '12.500', '' ),
( '283', 'balance', '317.50000000', '250.00000000' ),
( '284', 'invoicestatus', 'Created', 'Paid' ),
( '284', 'received', '0.00000000', '250.00000000' ),
( '284', 'balance', '250.00000000', '0.00000000' ),
( '284', 'cf_908', '0', '1' ),
( '285', 'label', NULL, 'avatar' ),
( '285', 'notes_title', NULL, 'avatar' ),
( '285', 'createdtime', NULL, '2024-06-11 16:33:14' ),
( '285', 'filename', NULL, 'avatar.jpg' ),
( '285', 'assigned_user_id', NULL, '1' ),
( '285', 'filetype', NULL, 'image/jpeg' ),
( '285', 'filesize', NULL, '29742' ),
( '285', 'filelocationtype', NULL, 'I' ),
( '285', 'filestatus', NULL, '1' ),
( '285', 'folderid', NULL, '1' ),
( '285', 'note_no', NULL, 'DOC2' ),
( '285', 'modifiedby', NULL, '1' ),
( '285', 'source', NULL, 'CRM' ),
( '285', 'record_id', NULL, '93' ),
( '285', 'record_module', NULL, 'Documents' ),
( '287', 'label', NULL, 'attach-external' ),
( '287', 'notes_title', NULL, 'attach-external' ),
( '287', 'createdtime', NULL, '2024-06-11 16:33:54' ),
( '287', 'filename', NULL, 'attach-external.png' ),
( '287', 'assigned_user_id', NULL, '1' ),
( '287', 'filetype', NULL, 'image/png' ),
( '287', 'filesize', NULL, '86473' ),
( '287', 'filelocationtype', NULL, 'I' ),
( '287', 'filestatus', NULL, '1' ),
( '287', 'folderid', NULL, '1' ),
( '287', 'note_no', NULL, 'DOC3' ),
( '287', 'modifiedby', NULL, '1' ),
( '287', 'source', NULL, 'CRM' ),
( '287', 'record_id', NULL, '95' ),
( '287', 'record_module', NULL, 'Documents' ),
( '289', 'label', NULL, 'cv-emelyanov-en' ),
( '289', 'notes_title', NULL, 'cv-emelyanov-en' ),
( '289', 'createdtime', NULL, '2024-06-11 16:34:49' ),
( '289', 'filename', NULL, 'cv-emelyanov-en.pdf' ),
( '289', 'assigned_user_id', NULL, '1' ),
( '289', 'filetype', NULL, 'application/pdf' ),
( '289', 'filesize', NULL, '92599' ),
( '289', 'filelocationtype', NULL, 'I' ),
( '289', 'filestatus', NULL, '1' ),
( '289', 'folderid', NULL, '1' ),
( '289', 'note_no', NULL, 'DOC4' ),
( '289', 'modifiedby', NULL, '1' ),
( '289', 'source', NULL, 'CRM' ),
( '289', 'record_id', NULL, '96' ),
( '289', 'record_module', NULL, 'Documents' ),
( '294', 'amount', '0.00000000', '100.00000000' ),
( '295', 'label', NULL, 'Ware' ),
( '295', 'subject', NULL, 'Ware' ),
( '295', 'contact_id', NULL, '67' ),
( '295', 'invoicedate', NULL, '2024-06-11' ),
( '295', 'txtAdjustment', NULL, '0.00000000' ),
( '295', 'salescommission', NULL, '0.000' ),
( '295', 'exciseduty', NULL, '0.000' ),
( '295', 'hdnSubTotal', NULL, '64.00000000' ),
( '295', 'hdnGrandTotal', NULL, '64.00000000' ),
( '295', 'hdnTaxType', NULL, 'individual' ),
( '295', 'hdnS_H_Amount', NULL, '0.00000000' ),
( '295', 'invoicestatus', NULL, 'Created' ),
( '295', 'assigned_user_id', NULL, '7' ),
( '295', 'createdtime', NULL, '2024-06-11 19:49:20' ),
( '295', 'modifiedby', NULL, '7' ),
( '295', 'currency_id', NULL, '1' ),
( '295', 'conversion_rate', NULL, '1.000' ),
( '295', 'bill_street', NULL, 'asdasd 23' ),
( '295', 'ship_street', NULL, 'asda 23' ),
( '295', 'terms_conditions', NULL, '- Unless otherwise agreed in writing by the supplier all invoices are payable within thirty (30) days of the date of invoice, in the currency of the invoice, drawn on a bank based in India or by such other method as is agreed in advance by the Supplier.

 - All prices are not inclusive of VAT which shall be payable in addition by the Customer at the applicable rate.' ),
( '295', 'invoice_no', NULL, 'INV9' ),
( '295', 'productid', NULL, '55' ),
( '295', 'quantity', NULL, '8.000' ),
( '295', 'listprice', NULL, '8.00000000' ),
( '295', 'pre_tax_total', NULL, '64.00000000' ),
( '295', 'received', NULL, '0.00000000' ),
( '295', 'balance', NULL, '64.00000000' ),
( '295', 'hdnS_H_Percent', NULL, '0.00000000' ),
( '295', 'potential_id', NULL, '68' ),
( '295', 'source', NULL, 'CRM' ),
( '295', 'record_id', NULL, '101' ),
( '295', 'record_module', NULL, 'Invoice' ),
( '296', 'invoicestatus', 'Created', 'Cancel' ),
( '299', 'unit_price', '1.00000000', '0.00000000' ),
( '300', 'modifiedby', '1', '7' ),
( '300', 'unit_price', '11.00000000', '0.00000000' ),
( '301', 'productcode', '', '0002' ),
( '302', 'label', 'Mitgliedschaft', 'June2024' ),
( '302', 'subject', 'Mitgliedschaft', 'June2024' ),
( '303', 'invoicedate', '', '2024-06-30' ),
( '304', 'invoicedate', '2024-06-01', '2024-06-13' ),
( '305', 'modifiedby', '7', '1' ),
( '305', 'cf_933', 'Viewed', 'Not Vieved' ),
( '307', 'label', NULL, 'BET 100' ),
( '307', 'commentcontent', NULL, 'BET 100' ),
( '307', 'assigned_user_id', NULL, '1' ),
( '307', 'createdtime', NULL, '2024-06-17 06:25:01' ),
( '307', 'related_to', NULL, '60' ),
( '307', 'creator', NULL, '1' ),
( '307', 'source', NULL, 'CRM' ),
( '307', 'userid', NULL, '1' ),
( '307', 'record_id', NULL, '102' ),
( '307', 'record_module', NULL, 'ModComments' ),
( '309', 'label', NULL, 'BET 200 - check' ),
( '309', 'commentcontent', NULL, 'BET 200 - check' ),
( '309', 'assigned_user_id', NULL, '1' ),
( '309', 'createdtime', NULL, '2024-06-17 06:42:14' ),
( '309', 'related_to', NULL, '60' ),
( '309', 'creator', NULL, '1' ),
( '309', 'source', NULL, 'CRM' ),
( '309', 'userid', NULL, '1' ),
( '309', 'record_id', NULL, '103' ),
( '309', 'record_module', NULL, 'ModComments' ),
( '310', 'label', NULL, '123' ),
( '310', 'subject', NULL, '123' ),
( '310', 'assigned_user_id', NULL, '1' ),
( '310', 'date_start', NULL, '2024-06-17' ),
( '310', 'time_start', NULL, '06:44:00' ),
( '310', 'due_date', NULL, '2024-06-17' ),
( '310', 'duration_hours', NULL, '15' ),
( '310', 'duration_minutes', NULL, '16' ),
( '310', 'parent_id', NULL, '60' ),
( '310', 'activitytype', NULL, 'Task' ),
( '310', 'createdtime', NULL, '2024-06-17 06:44:50' ),
( '310', 'visibility', NULL, 'Private' ),
( '310', 'modifiedby', NULL, '1' ),
( '310', 'source', NULL, 'CRM' ),
( '310', 'taskstatus', NULL, 'Not Started' ),
( '310', 'record_id', NULL, '104' ),
( '310', 'record_module', NULL, 'Calendar' ),
( '313', 'label', NULL, 'HH' ),
( '313', 'commentcontent', NULL, 'HH' ),
( '313', 'assigned_user_id', NULL, '1' ),
( '313', 'createdtime', NULL, '2024-06-17 06:52:06' ),
( '313', 'related_to', NULL, '58' ),
( '313', 'creator', NULL, '1' ),
( '313', 'source', NULL, 'CRM' ),
( '313', 'userid', NULL, '1' ),
( '313', 'record_id', NULL, '105' ),
( '313', 'record_module', NULL, 'ModComments' ),
( '314', 'label', NULL, 'Wedding Cake' ),
( '314', 'productname', NULL, 'Wedding Cake' ),
( '314', 'product_no', NULL, 'PRO5' ),
( '314', 'productcode', NULL, '0003' ),
( '314', 'discontinued', NULL, '1' ),
( '314', 'createdtime', NULL, '2024-06-17 19:42:33' ),
( '314', 'modifiedby', NULL, '7' ),
( '314', 'unit_price', NULL, '0.00000000' ),
( '314', 'commissionrate', NULL, '0.000' ),
( '314', 'usageunit', NULL, 'Pack' ),
( '314', 'qty_per_unit', NULL, '1.00' ),
( '314', 'qtyinstock', NULL, '0.000' ),
( '314', 'assigned_user_id', NULL, '7' ),
( '314', 'purchase_cost', NULL, '0.00000000' ),
( '314', 'source', NULL, 'CRM' ),
( '314', 'record_id', NULL, '106' ),
( '314', 'record_module', NULL, 'Products' ),
( '315', 'qtyinstock', '0.000', '555.000' ),
( '316', 'email', 'c.Ronaldo@gmail.com', 'anton-felk@hotmail.de' ),
( '316', 'modifiedby', '1', '7' ),
( '317', 'label', NULL, 'asd' ),
( '317', 'date_start', NULL, '2024-07-23' ),
( '317', 'activitytype', NULL, 'Emails' ),
( '317', 'assigned_user_id', NULL, '7' ),
( '317', 'subject', NULL, 'asd' ),
( '317', 'description', NULL, '&lt;html&gt;
&lt;head&gt;
	&lt;title&gt;&lt;/title&gt;
&lt;/head&gt;
&lt;body&gt;asd&lt;/body&gt;
&lt;/html&gt;
' ),
( '317', 'time_start', NULL, '11:23' ),
( '317', 'createdtime', NULL, '2024-07-23 11:23:12' ),
( '317', 'modifiedby', NULL, '7' ),
( '317', 'from_email', NULL, 'anton-felk@hotmail.de' ),
( '317', 'saved_toid', NULL, '[&quot;anton-felk@hotmail.de&quot;]' ),
( '317', 'ccmail', NULL, '[&quot;&quot;]' ),
( '317', 'bccmail', NULL, '[&quot;&quot;]' ),
( '317', 'parent_id', NULL, '82@1|' ),
( '317', 'email_flag', NULL, 'SENT' ),
( '317', 'source', NULL, 'CRM' ),
( '317', 'record_id', NULL, '107' ),
( '317', 'record_module', NULL, 'Emails' ),
( '319', 'label', NULL, 'Regarding Contact Assignment' ),
( '319', 'date_start', NULL, '2024-07-23' ),
( '319', 'activitytype', NULL, 'Emails' ),
( '319', 'assigned_user_id', NULL, '1' ),
( '319', 'subject', NULL, 'Regarding Contact Assignment' ),
( '319', 'description', NULL, 'An Contact has been assigned to you on vtigerCRM&lt;br&gt;Details of Contact are :&lt;br&gt;&lt;br&gt;Contact Id:&lt;b&gt;CON5&lt;/b&gt;&lt;br&gt;LastName:&lt;b&gt;Ronaldo&lt;/b&gt;&lt;br&gt;FirstName:&lt;b&gt;Christiano&lt;/b&gt;&lt;br&gt;Lead Source:&lt;b&gt;&lt;/b&gt;&lt;br&gt;Department:&lt;b&gt;&lt;/b&gt;&lt;br&gt;Description:&lt;b&gt;&lt;/b&gt;&lt;br&gt;&lt;br&gt;&lt;br&gt;And &lt;b&gt;CustomerPortal Login Details&lt;/b&gt; is sent to the EmailID :-anton-felk@hotmail.de&lt;br&gt;&lt;br&gt;Thank You&lt;br&gt;Admin&lt;br&gt;&lt;br&gt;' ),
( '319', 'time_start', NULL, '11:24:01' ),
( '319', 'createdtime', NULL, '2024-07-23 11:24:01' ),
( '319', 'modifiedby', NULL, '1' ),
( '319', 'from_email', NULL, 'anton-felk@hotmail.de' ),
( '319', 'saved_toid', NULL, '[&quot;anton-felk@hotmail.de&quot;]' ),
( '319', 'ccmail', NULL, '[&quot;&quot;]' );

INSERT INTO `vtiger_modtracker_detail`(`id`,`fieldname`,`prevalue`,`postvalue`) VALUES 
( '319', 'bccmail', NULL, '[&quot;&quot;]' ),
( '319', 'parent_id', NULL, '82@1|' ),
( '319', 'email_flag', NULL, 'SENT' ),
( '319', 'source', NULL, 'CRM' ),
( '319', 'record_id', NULL, '108' ),
( '319', 'record_module', NULL, 'Emails' ),
( '323', 'label', NULL, 'M&uuml;ller, Peter' ),
( '323', 'potentialname', NULL, 'M&uuml;ller, Peter' ),
( '323', 'potential_no', NULL, 'POT5' ),
( '323', 'amount', NULL, '0.00000000' ),
( '323', 'sales_stage', NULL, 'Prospecting' ),
( '323', 'assigned_user_id', NULL, '7' ),
( '323', 'probability', NULL, '0.000' ),
( '323', 'createdtime', NULL, '2024-08-06 11:54:49' ),
( '323', 'modifiedby', NULL, '7' ),
( '323', 'forecast_amount', NULL, '0.00000000' ),
( '323', 'contact_id', NULL, '58' ),
( '323', 'source', NULL, 'CRM' ),
( '323', 'record_id', NULL, '109' ),
( '323', 'record_module', NULL, 'Potentials' ),
( '325', 'label', NULL, 'Regarding Potential Assignment' ),
( '325', 'date_start', NULL, '2024-08-06' ),
( '325', 'activitytype', NULL, 'Emails' ),
( '325', 'assigned_user_id', NULL, '1' ),
( '325', 'subject', NULL, 'Regarding Potential Assignment' ),
( '325', 'description', NULL, 'An Potential has been assigned to you on vtigerCRM&lt;br&gt;Details of Potential are :&lt;br&gt;&lt;br&gt;Potential No:&lt;b&gt;POT5&lt;/b&gt;&lt;br&gt;Potential Name:&lt;b&gt;M&uuml;ller, Peter&lt;/b&gt;&lt;br&gt;Amount:&lt;b&gt;0.00&amp;euro;&lt;/b&gt;&lt;br&gt;Expected Close Date:&lt;b&gt; (dd-mm-yyyy)&lt;/b&gt;&lt;br&gt;Type:&lt;b&gt;&lt;/b&gt;&lt;br&gt;&lt;br&gt;&lt;br&gt;Description :&lt;br&gt;&lt;br&gt;Thank You&lt;br&gt;Admin&lt;br&gt;&lt;br&gt;' ),
( '325', 'time_start', NULL, '11:56:01' ),
( '325', 'createdtime', NULL, '2024-08-06 11:56:01' ),
( '325', 'modifiedby', NULL, '1' ),
( '325', 'from_email', NULL, 'anton-felk@hotmail.de' ),
( '325', 'saved_toid', NULL, '[&quot;anton-felk@hotmail.de&quot;]' ),
( '325', 'ccmail', NULL, '[&quot;&quot;]' ),
( '325', 'bccmail', NULL, '[&quot;&quot;]' ),
( '325', 'parent_id', NULL, '109@1|' ),
( '325', 'email_flag', NULL, 'SENT' ),
( '325', 'source', NULL, 'CRM' ),
( '325', 'record_id', NULL, '110' ),
( '325', 'record_module', NULL, 'Emails' ),
( '328', 'label', NULL, 'Mitgliedschaft' ),
( '328', 'subject', NULL, 'Mitgliedschaft' ),
( '328', 'contact_id', NULL, '58' ),
( '328', 'invoicedate', NULL, '2024-08-06' ),
( '328', 'txtAdjustment', NULL, '0.00000000' ),
( '328', 'salescommission', NULL, '0.000' ),
( '328', 'exciseduty', NULL, '0.000' ),
( '328', 'hdnSubTotal', NULL, '250.00000000' ),
( '328', 'hdnGrandTotal', NULL, '317.50000000' ),
( '328', 'hdnTaxType', NULL, 'group' ),
( '328', 'hdnS_H_Amount', NULL, '0.00000000' ),
( '328', 'invoicestatus', NULL, 'Created' ),
( '328', 'assigned_user_id', NULL, '7' ),
( '328', 'createdtime', NULL, '2024-08-06 12:03:52' ),
( '328', 'modifiedby', NULL, '7' ),
( '328', 'currency_id', NULL, '2' ),
( '328', 'conversion_rate', NULL, '1.000' ),
( '328', 'bill_street', NULL, 'ssss' ),
( '328', 'bill_city', NULL, 'ss' ),
( '328', 'bill_state', NULL, 'ss' ),
( '328', 'bill_code', NULL, 'ss' ),
( '328', 'bill_country', NULL, 'ss' ),
( '328', 'terms_conditions', NULL, '- Unless otherwise agreed in writing by the supplier all invoices are payable within thirty (30) days of the date of invoice, in the currency of the invoice, drawn on a bank based in India or by such other method as is agreed in advance by the Supplier.

 - All prices are not inclusive of VAT which shall be payable in addition by the Customer at the applicable rate.' ),
( '328', 'invoice_no', NULL, 'INV10' ),
( '328', 'productid', NULL, '62' ),
( '328', 'quantity', NULL, '1.000' ),
( '328', 'listprice', NULL, '250.00000000' ),
( '328', 'comment', NULL, 'Hierbei handelt es sich um die Monatliche Mitgliedschaft.' ),
( '328', 'tax1', NULL, '4.500' ),
( '328', 'tax2', NULL, '10.000' ),
( '328', 'tax3', NULL, '12.500' ),
( '328', 'pre_tax_total', NULL, '250.00000000' ),
( '328', 'received', NULL, '0.00000000' ),
( '328', 'balance', NULL, '317.50000000' ),
( '328', 'hdnS_H_Percent', NULL, '0.00000000' ),
( '328', 'potential_id', NULL, '109' ),
( '328', 'source', NULL, 'CRM' ),
( '328', 'record_id', NULL, '112' ),
( '328', 'record_module', NULL, 'Invoice' ),
( '330', 'hdnGrandTotal', '317.50000000', '250.00000000' ),
( '330', 'hdnTaxType', 'group', 'individual' ),
( '330', 'invoicestatus', 'Created', 'Paid' ),
( '330', 'tax1', '4.500', '' ),
( '330', 'tax2', '10.000', '' ),
( '330', 'tax3', '12.500', '' ),
( '330', 'balance', '317.50000000', '250.00000000' ),
( '330', 'cf_908', '0', '1' ),
( '331', 'invoicestatus', 'Paid', 'Created' ),
( '333', 'leadsource', '', 'Cold Call' ),
( '334', 'leadsource', 'Cold Call', '' ),
( '336', 'label', NULL, 'M&uuml;ller, Peter' ),
( '336', 'potentialname', NULL, 'M&uuml;ller, Peter' ),
( '336', 'potential_no', NULL, 'POT6' ),
( '336', 'amount', NULL, '250.00000000' ),
( '336', 'sales_stage', NULL, 'Prospecting' ),
( '336', 'assigned_user_id', NULL, '7' ),
( '336', 'probability', NULL, '0.000' ),
( '336', 'createdtime', NULL, '2024-08-07 11:12:35' ),
( '336', 'modifiedby', NULL, '7' ),
( '336', 'forecast_amount', NULL, '0.00000000' ),
( '336', 'source', NULL, 'CRM' ),
( '336', 'record_id', NULL, '114' ),
( '336', 'record_module', NULL, 'Potentials' ),
( '337', 'label', NULL, 'M&uuml;ller, Peter' ),
( '337', 'potentialname', NULL, 'M&uuml;ller, Peter' ),
( '337', 'potential_no', NULL, 'POT7' ),
( '337', 'amount', NULL, '250.00000000' ),
( '337', 'sales_stage', NULL, 'Prospecting' ),
( '337', 'assigned_user_id', NULL, '7' ),
( '337', 'probability', NULL, '0.000' ),
( '337', 'createdtime', NULL, '2024-08-07 11:17:03' ),
( '337', 'modifiedby', NULL, '7' ),
( '337', 'forecast_amount', NULL, '0.00000000' ),
( '337', 'contact_id', NULL, '58' ),
( '337', 'source', NULL, 'CRM' ),
( '337', 'record_id', NULL, '115' ),
( '337', 'record_module', NULL, 'Potentials' ),
( '339', 'label', NULL, 'Regarding Potential Assignment' ),
( '339', 'date_start', NULL, '2024-08-07' ),
( '339', 'activitytype', NULL, 'Emails' ),
( '339', 'assigned_user_id', NULL, '1' ),
( '339', 'subject', NULL, 'Regarding Potential Assignment' ),
( '339', 'description', NULL, 'An Potential has been assigned to you on vtigerCRM&lt;br&gt;Details of Potential are :&lt;br&gt;&lt;br&gt;Potential No:&lt;b&gt;POT6&lt;/b&gt;&lt;br&gt;Potential Name:&lt;b&gt;M&uuml;ller, Peter&lt;/b&gt;&lt;br&gt;Amount:&lt;b&gt;250.00&amp;euro;&lt;/b&gt;&lt;br&gt;Expected Close Date:&lt;b&gt; (dd-mm-yyyy)&lt;/b&gt;&lt;br&gt;Type:&lt;b&gt;&lt;/b&gt;&lt;br&gt;&lt;br&gt;&lt;br&gt;Description :&lt;br&gt;&lt;br&gt;Thank You&lt;br&gt;Admin&lt;br&gt;&lt;br&gt;' ),
( '339', 'time_start', NULL, '11:18:01' ),
( '339', 'createdtime', NULL, '2024-08-07 11:18:01' ),
( '339', 'modifiedby', NULL, '1' ),
( '339', 'from_email', NULL, 'anton-felk@hotmail.de' ),
( '339', 'saved_toid', NULL, '[&quot;anton-felk@hotmail.de&quot;]' ),
( '339', 'ccmail', NULL, '[&quot;&quot;]' ),
( '339', 'bccmail', NULL, '[&quot;&quot;]' ),
( '339', 'parent_id', NULL, '114@1|' ),
( '339', 'email_flag', NULL, 'SENT' ),
( '339', 'source', NULL, 'CRM' ),
( '339', 'record_id', NULL, '116' ),
( '339', 'record_module', NULL, 'Emails' ),
( '342', 'label', NULL, 'Regarding Potential Assignment' ),
( '342', 'date_start', NULL, '2024-08-07' ),
( '342', 'activitytype', NULL, 'Emails' ),
( '342', 'assigned_user_id', NULL, '1' ),
( '342', 'subject', NULL, 'Regarding Potential Assignment' ),
( '342', 'description', NULL, 'An Potential has been assigned to you on vtigerCRM&lt;br&gt;Details of Potential are :&lt;br&gt;&lt;br&gt;Potential No:&lt;b&gt;POT7&lt;/b&gt;&lt;br&gt;Potential Name:&lt;b&gt;M&uuml;ller, Peter&lt;/b&gt;&lt;br&gt;Amount:&lt;b&gt;250.00&amp;euro;&lt;/b&gt;&lt;br&gt;Expected Close Date:&lt;b&gt; (dd-mm-yyyy)&lt;/b&gt;&lt;br&gt;Type:&lt;b&gt;&lt;/b&gt;&lt;br&gt;&lt;br&gt;&lt;br&gt;Description :&lt;br&gt;&lt;br&gt;Thank You&lt;br&gt;Admin&lt;br&gt;&lt;br&gt;' ),
( '342', 'time_start', NULL, '11:18:02' ),
( '342', 'createdtime', NULL, '2024-08-07 11:18:02' ),
( '342', 'modifiedby', NULL, '1' ),
( '342', 'from_email', NULL, 'anton-felk@hotmail.de' ),
( '342', 'saved_toid', NULL, '[&quot;anton-felk@hotmail.de&quot;]' ),
( '342', 'ccmail', NULL, '[&quot;&quot;]' ),
( '342', 'bccmail', NULL, '[&quot;&quot;]' ),
( '342', 'parent_id', NULL, '115@1|' ),
( '342', 'email_flag', NULL, 'SENT' ),
( '342', 'source', NULL, 'CRM' ),
( '342', 'record_id', NULL, '117' ),
( '342', 'record_module', NULL, 'Emails' ),
( '345', 'label', NULL, 'Mitgliedschaft' ),
( '345', 'subject', NULL, 'Mitgliedschaft' ),
( '345', 'contact_id', NULL, '58' ),
( '345', 'invoicedate', NULL, '2024-08-07' ),
( '345', 'txtAdjustment', NULL, '0.00000000' ),
( '345', 'salescommission', NULL, '0.000' ),
( '345', 'exciseduty', NULL, '0.000' ),
( '345', 'hdnSubTotal', NULL, '250.00000000' ),
( '345', 'hdnGrandTotal', NULL, '250.00000000' ),
( '345', 'hdnTaxType', NULL, 'individual' ),
( '345', 'hdnS_H_Amount', NULL, '0.00000000' ),
( '345', 'invoicestatus', NULL, 'Created' ),
( '345', 'assigned_user_id', NULL, '7' ),
( '345', 'createdtime', NULL, '2024-08-07 11:19:37' ),
( '345', 'modifiedby', NULL, '7' ),
( '345', 'currency_id', NULL, '2' ),
( '345', 'conversion_rate', NULL, '1.000' ),
( '345', 'bill_street', NULL, 'sgsd' ),
( '345', 'bill_city', NULL, 'sdds' ),
( '345', 'bill_state', NULL, 'sdsd' ),
( '345', 'bill_code', NULL, 'dsds' ),
( '345', 'bill_country', NULL, 'sdds' ),
( '345', 'terms_conditions', NULL, '- Unless otherwise agreed in writing by the supplier all invoices are payable within thirty (30) days of the date of invoice, in the currency of the invoice, drawn on a bank based in India or by such other method as is agreed in advance by the Supplier.

 - All prices are not inclusive of VAT which shall be payable in addition by the Customer at the applicable rate.' ),
( '345', 'invoice_no', NULL, 'INV11' ),
( '345', 'productid', NULL, '62' ),
( '345', 'quantity', NULL, '1.000' ),
( '345', 'listprice', NULL, '250.00000000' ),
( '345', 'comment', NULL, 'Hierbei handelt es sich um die Monatliche Mitgliedschaft.' ),
( '345', 'pre_tax_total', NULL, '250.00000000' ),
( '345', 'received', NULL, '0.00000000' ),
( '345', 'balance', NULL, '250.00000000' ),
( '345', 'hdnS_H_Percent', NULL, '0.00000000' ),
( '345', 'potential_id', NULL, '114' ),
( '345', 'source', NULL, 'CRM' ),
( '345', 'record_id', NULL, '118' ),
( '345', 'record_module', NULL, 'Invoice' ),
( '348', 'label', NULL, 'Philipp Goldberg' ),
( '348', 'salutationtype', NULL, 'Mr.' ),
( '348', 'firstname', NULL, 'Philipp' ),
( '348', 'lead_no', NULL, 'LEA8' ),
( '348', 'phone', NULL, '123123123' ),
( '348', 'lastname', NULL, 'Goldberg' ),
( '348', 'email', NULL, 'aaa@gmail.com' ),
( '348', 'leadstatus', NULL, 'Cold' ),
( '348', 'assigned_user_id', NULL, '7' ),
( '348', 'createdtime', NULL, '2024-08-07 11:27:48' ),
( '348', 'modifiedby', NULL, '7' ),
( '348', 'lane', NULL, 'ssxsx' ),
( '348', 'code', NULL, '123123' ),
( '348', 'city', NULL, 'ss' ),
( '348', 'country', NULL, 'Deutschland' ),
( '348', 'source', NULL, 'CRM' ),
( '348', 'cf_871', NULL, '1990-08-31' ),
( '348', 'cf_873', NULL, 'PS888556' ),
( '348', 'cf_933', NULL, 'Viewed' ),
( '348', 'record_id', NULL, '119' ),
( '348', 'record_module', NULL, 'Leads' ),
( '349', 'leadstatus', 'Cold', 'Pre Qualified' ),
( '350', 'label', NULL, 'Sie wurden zur x2tree-Warteliste hinzugef&uuml;gt' ),
( '350', 'date_start', NULL, '2024-08-07' ),
( '350', 'activitytype', NULL, 'Emails' ),
( '350', 'assigned_user_id', NULL, '1' ),
( '350', 'subject', NULL, 'Sie wurden zur x2tree-Warteliste hinzugef&uuml;gt' ),
( '350', 'description', NULL, '&lt;!DOCTYPE html&gt;
&lt;html lang=&quot;de&quot;&gt;
&lt;head&gt;
	&lt;meta charset=&quot;UTF-8&quot; /&gt;
	&lt;meta cname=&quot;viewport&quot; /&gt;
	&lt;title&gt;Mitgliedschaftsbest&amp;auml;tigung&lt;/title&gt;
	&lt;style type=&quot;text/css&quot;&gt;body {
            font-family: Helvetica Neue, sans-serif;
            margin: 20px;
        }
        .container {
            width: 70%;
            margin: 0 auto;
            padding: 20px;
            border: 1px solid #ccc;
            border-radius: 10px;
            background-color: #f9f9f9;
        }
        .section {
            margin-bottom: 1 px;
        }
        .section p {
            margin: 1 px 0;
            font-size: 11px;
        }
        .greeting {
            font-weight: bold;
        }
        .address {
            margin: 1px 0;
        }
	&lt;/style&gt;
&lt;/head&gt;
&lt;body&gt;
&lt;div class=&quot;container&quot;&gt;
&lt;div class=&quot;section greeting&quot;&gt;
&lt;p&gt;Sehr geehrte/r Philipp Goldberg&lt;/p&gt;
&lt;/div&gt;

&lt;div class=&quot;section&quot;&gt;
&lt;p&gt;es freut uns sehr, dass Sie alle Voraussetzungen f&amp;uuml;r eine Mitgliedschaft erf&amp;uuml;llen. Wir w&amp;uuml;rden uns sehr freuen wenn Sie ein Mitglied unseres x2tree e.V. werden.&lt;/p&gt;
&lt;/div&gt;

&lt;div class=&quot;section&quot;&gt;
&lt;p&gt;Hierf&amp;uuml;r bitte wir Sie, sich innerhalb von 14 Tagen in unserem Vereinsraum&lt;/p&gt;
&lt;/div&gt;

&lt;div class=&quot;section address&quot;&gt;
&lt;p&gt;&lt;b&gt;22000, Hamburg, Valentinskamp 40-42&lt;/b&gt;&lt;/p&gt;
&lt;/div&gt;

&lt;div class=&quot;section&quot;&gt;
&lt;p&gt;zu legitimieren und die Mitgliedschaftsvereinbarung zu unterschreiben.&lt;/p&gt;
&lt;/div&gt;

&lt;div class=&quot;section&quot;&gt;
&lt;p&gt;Mit freundlichen Gr&amp;uuml;&amp;szlig;en&lt;/p&gt;

&lt;p&gt;x2tree Team&lt;/p&gt;
&lt;/div&gt;
&lt;/div&gt;
&lt;/body&gt;
&lt;/html&gt;
&lt;br&gt;&lt;br&gt;' ),
( '350', 'time_start', NULL, '11:32:01' ),
( '350', 'createdtime', NULL, '2024-08-07 11:32:01' ),
( '350', 'modifiedby', NULL, '1' ),
( '350', 'from_email', NULL, 'info@x2tree.de' ),
( '350', 'saved_toid', NULL, '[&quot;&quot;,&quot;aaa@gmail.com&quot;]' ),
( '350', 'ccmail', NULL, '[&quot;&quot;]' ),
( '350', 'bccmail', NULL, '[&quot;&quot;]' ),
( '350', 'parent_id', NULL, '119@1|' ),
( '350', 'email_flag', NULL, 'SENT' ),
( '350', 'source', NULL, 'CRM' ),
( '350', 'record_id', NULL, '120' ),
( '350', 'record_module', NULL, 'Emails' ),
( '352', 'label', NULL, 'Philipp Goldberg' ),
( '352', 'firstname', NULL, 'Philipp' ),
( '352', 'salutationtype', NULL, 'Mr.' ),
( '352', 'contact_no', NULL, 'CON6' ),
( '352', 'lastname', NULL, 'Goldberg' ),
( '352', 'cf_937', NULL, ' ' ),
( '352', 'mobile', NULL, '123123123' ),
( '352', 'email', NULL, 'aaa@gmail.com' ),
( '352', 'birthday', NULL, '2000-08-31' ),
( '352', 'createdtime', NULL, '2024-08-07 11:37:22' ),
( '352', 'source', NULL, 'CRM' ),
( '352', 'assigned_user_id', NULL, '7' ),
( '352', 'cf_875', NULL, 'AS347657' ),
( '352', 'isconvertedfromlead', NULL, '1' ),
( '352', 'modifiedby', NULL, '7' ),
( '352', 'mailingstreet', NULL, 'ssxsx' ),
( '352', 'mailingcity', NULL, 'sdfsdfs' ),
( '352', 'mailingstate', NULL, 'cxvxc' ),
( '352', 'mailingzip', NULL, '234234' ),
( '352', 'mailingcountry', NULL, 'Deutschland' ),
( '352', 'record_id', NULL, '121' ),
( '352', 'record_module', NULL, 'Contacts' ),
( '353', 'label', NULL, 'Philipp Goldberg' );

INSERT INTO `vtiger_modtracker_detail`(`id`,`fieldname`,`prevalue`,`postvalue`) VALUES 
( '353', 'potentialname', NULL, 'Philipp Goldberg' ),
( '353', 'potential_no', NULL, 'POT8' ),
( '353', 'contact_id', NULL, '121' ),
( '353', 'amount', NULL, '0.00000000' ),
( '353', 'assigned_user_id', NULL, '7' ),
( '353', 'sales_stage', NULL, 'Prospecting' ),
( '353', 'probability', NULL, '0.000' ),
( '353', 'createdtime', NULL, '2024-08-07 11:37:22' ),
( '353', 'modifiedby', NULL, '7' ),
( '353', 'forecast_amount', NULL, '0.00000000' ),
( '353', 'isconvertedfromlead', NULL, '1' ),
( '353', 'source', NULL, 'CRM' ),
( '353', 'record_id', NULL, '122' ),
( '353', 'record_module', NULL, 'Potentials' ),
( '355', 'label', NULL, 'M&uuml;ller, Florian' ),
( '355', 'potentialname', NULL, 'M&uuml;ller, Florian' ),
( '355', 'potential_no', NULL, 'POT9' ),
( '355', 'amount', NULL, '250.00000000' ),
( '355', 'sales_stage', NULL, 'Prospecting' ),
( '355', 'assigned_user_id', NULL, '7' ),
( '355', 'probability', NULL, '0.000' ),
( '355', 'createdtime', NULL, '2024-08-07 11:44:46' ),
( '355', 'modifiedby', NULL, '7' ),
( '355', 'forecast_amount', NULL, '0.00000000' ),
( '355', 'contact_id', NULL, '4' ),
( '355', 'source', NULL, 'CRM' ),
( '355', 'record_id', NULL, '123' ),
( '355', 'record_module', NULL, 'Potentials' ),
( '357', 'label', NULL, 'Regarding Contact Assignment' ),
( '357', 'date_start', NULL, '2024-08-07' ),
( '357', 'activitytype', NULL, 'Emails' ),
( '357', 'assigned_user_id', NULL, '1' ),
( '357', 'subject', NULL, 'Regarding Contact Assignment' ),
( '357', 'description', NULL, 'An Contact has been assigned to you on vtigerCRM&lt;br&gt;Details of Contact are :&lt;br&gt;&lt;br&gt;Contact Id:&lt;b&gt;CON6&lt;/b&gt;&lt;br&gt;LastName:&lt;b&gt;Goldberg&lt;/b&gt;&lt;br&gt;FirstName:&lt;b&gt;Philipp&lt;/b&gt;&lt;br&gt;Lead Source:&lt;b&gt;&lt;/b&gt;&lt;br&gt;Department:&lt;b&gt;&lt;/b&gt;&lt;br&gt;Description:&lt;b&gt;&lt;/b&gt;&lt;br&gt;&lt;br&gt;&lt;br&gt;And &lt;b&gt;CustomerPortal Login Details&lt;/b&gt; is sent to the EmailID :-aaa@gmail.com&lt;br&gt;&lt;br&gt;Thank You&lt;br&gt;Admin&lt;br&gt;&lt;br&gt;' ),
( '357', 'time_start', NULL, '11:46:01' ),
( '357', 'createdtime', NULL, '2024-08-07 11:46:01' ),
( '357', 'modifiedby', NULL, '1' ),
( '357', 'from_email', NULL, 'anton-felk@hotmail.de' ),
( '357', 'saved_toid', NULL, '[&quot;anton-felk@hotmail.de&quot;]' ),
( '357', 'ccmail', NULL, '[&quot;&quot;]' ),
( '357', 'bccmail', NULL, '[&quot;&quot;]' ),
( '357', 'parent_id', NULL, '121@1|' ),
( '357', 'email_flag', NULL, 'SENT' ),
( '357', 'source', NULL, 'CRM' ),
( '357', 'record_id', NULL, '124' ),
( '357', 'record_module', NULL, 'Emails' ),
( '360', 'label', NULL, 'Regarding Potential Assignment' ),
( '360', 'date_start', NULL, '2024-08-07' ),
( '360', 'activitytype', NULL, 'Emails' ),
( '360', 'assigned_user_id', NULL, '1' ),
( '360', 'subject', NULL, 'Regarding Potential Assignment' ),
( '360', 'description', NULL, 'An Potential has been assigned to you on vtigerCRM&lt;br&gt;Details of Potential are :&lt;br&gt;&lt;br&gt;Potential No:&lt;b&gt;POT8&lt;/b&gt;&lt;br&gt;Potential Name:&lt;b&gt;Philipp Goldberg&lt;/b&gt;&lt;br&gt;Amount:&lt;b&gt;0.00&amp;euro;&lt;/b&gt;&lt;br&gt;Expected Close Date:&lt;b&gt; (dd-mm-yyyy)&lt;/b&gt;&lt;br&gt;Type:&lt;b&gt;&lt;/b&gt;&lt;br&gt;&lt;br&gt;&lt;br&gt;Description :&lt;br&gt;&lt;br&gt;Thank You&lt;br&gt;Admin&lt;br&gt;&lt;br&gt;' ),
( '360', 'time_start', NULL, '11:46:02' ),
( '360', 'createdtime', NULL, '2024-08-07 11:46:02' ),
( '360', 'modifiedby', NULL, '1' ),
( '360', 'from_email', NULL, 'anton-felk@hotmail.de' ),
( '360', 'saved_toid', NULL, '[&quot;anton-felk@hotmail.de&quot;]' ),
( '360', 'ccmail', NULL, '[&quot;&quot;]' ),
( '360', 'bccmail', NULL, '[&quot;&quot;]' ),
( '360', 'parent_id', NULL, '122@1|' ),
( '360', 'email_flag', NULL, 'SENT' ),
( '360', 'source', NULL, 'CRM' ),
( '360', 'record_id', NULL, '125' ),
( '360', 'record_module', NULL, 'Emails' ),
( '363', 'label', NULL, 'Regarding Potential Assignment' ),
( '363', 'date_start', NULL, '2024-08-07' ),
( '363', 'activitytype', NULL, 'Emails' ),
( '363', 'assigned_user_id', NULL, '1' ),
( '363', 'subject', NULL, 'Regarding Potential Assignment' ),
( '363', 'description', NULL, 'An Potential has been assigned to you on vtigerCRM&lt;br&gt;Details of Potential are :&lt;br&gt;&lt;br&gt;Potential No:&lt;b&gt;POT9&lt;/b&gt;&lt;br&gt;Potential Name:&lt;b&gt;M&uuml;ller, Florian&lt;/b&gt;&lt;br&gt;Amount:&lt;b&gt;250.00&amp;euro;&lt;/b&gt;&lt;br&gt;Expected Close Date:&lt;b&gt; (dd-mm-yyyy)&lt;/b&gt;&lt;br&gt;Type:&lt;b&gt;&lt;/b&gt;&lt;br&gt;&lt;br&gt;&lt;br&gt;Description :&lt;br&gt;&lt;br&gt;Thank You&lt;br&gt;Admin&lt;br&gt;&lt;br&gt;' ),
( '363', 'time_start', NULL, '11:46:02' ),
( '363', 'createdtime', NULL, '2024-08-07 11:46:02' ),
( '363', 'modifiedby', NULL, '1' ),
( '363', 'from_email', NULL, 'anton-felk@hotmail.de' ),
( '363', 'saved_toid', NULL, '[&quot;anton-felk@hotmail.de&quot;]' ),
( '363', 'ccmail', NULL, '[&quot;&quot;]' ),
( '363', 'bccmail', NULL, '[&quot;&quot;]' ),
( '363', 'parent_id', NULL, '123@1|' ),
( '363', 'email_flag', NULL, 'SENT' ),
( '363', 'source', NULL, 'CRM' ),
( '363', 'record_id', NULL, '126' ),
( '363', 'record_module', NULL, 'Emails' ),
( '366', 'label', NULL, 'Mitgliedschaft' ),
( '366', 'subject', NULL, 'Mitgliedschaft' ),
( '366', 'contact_id', NULL, '4' ),
( '366', 'txtAdjustment', NULL, '0.00000000' ),
( '366', 'salescommission', NULL, '0.000' ),
( '366', 'exciseduty', NULL, '0.000' ),
( '366', 'hdnSubTotal', NULL, '250.00000000' ),
( '366', 'hdnGrandTotal', NULL, '250.00000000' ),
( '366', 'hdnTaxType', NULL, 'individual' ),
( '366', 'hdnS_H_Amount', NULL, '0.00000000' ),
( '366', 'invoicestatus', NULL, 'Created' ),
( '366', 'assigned_user_id', NULL, '7' ),
( '366', 'createdtime', NULL, '2024-08-07 11:47:08' ),
( '366', 'modifiedby', NULL, '7' ),
( '366', 'currency_id', NULL, '2' ),
( '366', 'conversion_rate', NULL, '1.000' ),
( '366', 'bill_street', NULL, 'asdas' ),
( '366', 'bill_city', NULL, 'asdas' ),
( '366', 'bill_state', NULL, 'asd' ),
( '366', 'bill_code', NULL, 'asd' ),
( '366', 'bill_country', NULL, 'asd' ),
( '366', 'terms_conditions', NULL, '- Unless otherwise agreed in writing by the supplier all invoices are payable within thirty (30) days of the date of invoice, in the currency of the invoice, drawn on a bank based in India or by such other method as is agreed in advance by the Supplier.

 - All prices are not inclusive of VAT which shall be payable in addition by the Customer at the applicable rate.' ),
( '366', 'invoice_no', NULL, 'INV12' ),
( '366', 'productid', NULL, '62' ),
( '366', 'quantity', NULL, '1.000' ),
( '366', 'listprice', NULL, '250.00000000' ),
( '366', 'comment', NULL, 'Hierbei handelt es sich um die Monatliche Mitgliedschaft.' ),
( '366', 'pre_tax_total', NULL, '250.00000000' ),
( '366', 'received', NULL, '0.00000000' ),
( '366', 'balance', NULL, '250.00000000' ),
( '366', 'hdnS_H_Percent', NULL, '0.00000000' ),
( '366', 'potential_id', NULL, '123' ),
( '366', 'source', NULL, 'CRM' ),
( '366', 'record_id', NULL, '127' ),
( '366', 'record_module', NULL, 'Invoice' ),
( '368', 'leadstatus', 'Cold', 'Pre Qualified' ),
( '368', 'modifiedby', '1', '7' ),
( '369', 'leadstatus', 'Pre Qualified', 'Lost Lead' ),
( '370', 'leadstatus', 'Lost Lead', 'Qualified' ),
( '371', 'label', NULL, 'Ihr x2tree-Antrag wurde abgelehnt' ),
( '371', 'date_start', NULL, '2024-08-07' ),
( '371', 'activitytype', NULL, 'Emails' ),
( '371', 'assigned_user_id', NULL, '1' ),
( '371', 'subject', NULL, 'Ihr x2tree-Antrag wurde abgelehnt' ),
( '371', 'description', NULL, '&lt;html lang=&quot;de&quot;&gt;
&lt;head&gt;
	&lt;meta charset=&quot;UTF-8&quot; /&gt;
	&lt;meta cname=&quot;viewport&quot; /&gt;
	&lt;title&gt;Mitgliedschaft Absage&lt;/title&gt;
	&lt;style type=&quot;text/css&quot;&gt;body {
            font-family: Helvetica Neue, sans-serif;
            margin: 20px;
        }
        .container {
            width: 70%;
            margin: 0 auto;
            padding: 20px;
            border: 1px solid #ccc;
            border-radius: 10px;
            background-color: #f9f9f9;
        }
        .section {
            margin-bottom: 10px;
        }
        .section p {
            margin: 10px 0;
            font-size: 11px;
        }
        .greeting {
            font-weight: bold;
        }
        .reasons {
            margin: 10px 0;
        }
        .reasons li {
            margin-bottom: 5px;
            font-size: 11px;
        }
        .email-content {
            margin-top: 10px;
            padding-left: 10px;
            border-left: 2px solid #000;
        }
	&lt;/style&gt;
&lt;/head&gt;
&lt;body&gt;
&lt;div class=&quot;container&quot;&gt;
&lt;div class=&quot;section greeting&quot;&gt;
&lt;p&gt;Sehr geehrte/r Sidor Sidorov&lt;/p&gt;
&lt;/div&gt;

&lt;div class=&quot;section&quot;&gt;
&lt;p&gt;leider m&amp;uuml;ssen wir Ihnen mitteilen, dass wir Sie vorerst nicht als Mitglied aufnehmen k&amp;ouml;nnen werden.&lt;/p&gt;
&lt;/div&gt;

&lt;div class=&quot;section reasons&quot;&gt;
&lt;p&gt;M&amp;ouml;gliche Gr&amp;uuml;nde daf&amp;uuml;r k&amp;ouml;nnen sein:&lt;/p&gt;

&lt;ol&gt;
	&lt;li&gt;Sie sind unter 21 Jahre alt.&lt;/li&gt;
	&lt;li&gt;Ihr dauerhafter Wohnsitz ist nicht in Deutschland.&lt;/li&gt;
	&lt;li&gt;Der Verein hat die maximale gesetzliche Mitgliederanzahl von 500 Mitgliedern erreicht.&lt;/li&gt;
	&lt;li&gt;Der Verein hat die maximale gesetzliche Mitgliederanzahl von 500 Mitgliedern noch nicht erreicht, jedoch sind die Kapazit&amp;auml;ten bez&amp;uuml;glich der Verteilung und Verwaltung der Verein noch nicht ausreichend genug, um neue Mitglieder aufzunehmen, ohne Nachteile f&amp;uuml;r bestehende Mitglieder zu verursachen.&lt;/li&gt;
&lt;/ol&gt;
&lt;/div&gt;

&lt;div class=&quot;section&quot;&gt;
&lt;p&gt;Sofern Sie aus anderen Gr&amp;uuml;nden als Punkt 1 und 2 kein Mitglied werden konnten, wurden Sie automatisch in die Warteliste eingetragen. Sobald die M&amp;ouml;glichkeit besteht neue Mitglieder aufzunehmen, werden Sie unverz&amp;uuml;glich benachrichtigt.&lt;/p&gt;

&lt;p&gt;Wenn Sie nicht auf der Warteliste gef&amp;uuml;hrt werden m&amp;ouml;chten, schreiben Sie bitte eine Antwortemail mit folgendem Inhalt an diese E-Mail-Adresse zur&amp;uuml;ck:&lt;/p&gt;

&lt;div class=&quot;email-content&quot;&gt;
&lt;p&gt;Sidor Sidorov&lt;/p&gt;

&lt;p&gt;Bitte streichen Sie mich von der Warteliste.&lt;/p&gt;
&lt;/div&gt;

&lt;p&gt;Danach werden Sie von der Warteliste gel&amp;ouml;scht.&lt;/p&gt;
&lt;/div&gt;

&lt;div class=&quot;section&quot;&gt;
&lt;p&gt;Mit freundlichen Gr&amp;uuml;&amp;szlig;en&lt;/p&gt;

&lt;p&gt;das x2tree Team&lt;/p&gt;
&lt;/div&gt;
&lt;/div&gt;
&lt;/body&gt;
&lt;/html&gt;&lt;br&gt;&lt;br&gt;' ),
( '371', 'time_start', NULL, '12:00:01' ),
( '371', 'createdtime', NULL, '2024-08-07 12:00:01' ),
( '371', 'modifiedby', NULL, '1' ),
( '371', 'from_email', NULL, 'info@x2tree.de' ),
( '371', 'saved_toid', NULL, '[&quot;&quot;,&quot;sidor@mail.ru&quot;]' ),
( '371', 'ccmail', NULL, '[&quot;&quot;]' ),
( '371', 'bccmail', NULL, '[&quot;&quot;]' ),
( '371', 'parent_id', NULL, '8@1|' ),
( '371', 'email_flag', NULL, 'SENT' ),
( '371', 'source', NULL, 'CRM' ),
( '371', 'record_id', NULL, '129' ),
( '371', 'record_module', NULL, 'Emails' ),
( '373', 'label', NULL, 'Sie wurden f&uuml;r die Mitgliedschaft in unserer x2tree-Community zugelassen' ),
( '373', 'date_start', NULL, '2024-08-07' ),
( '373', 'activitytype', NULL, 'Emails' ),
( '373', 'assigned_user_id', NULL, '1' ),
( '373', 'subject', NULL, 'Sie wurden f&uuml;r die Mitgliedschaft in unserer x2tree-Community zugelassen' ),
( '373', 'description', NULL, '&lt;html lang=&quot;de&quot;&gt;
&lt;head&gt;
	&lt;meta charset=&quot;UTF-8&quot; /&gt;
	&lt;meta cname=&quot;viewport&quot; /&gt;
	&lt;title&gt;Willkommensbrief&lt;/title&gt;
	&lt;style type=&quot;text/css&quot;&gt;body {
            font-family: Arial, sans-serif;
            margin: 20px;
        }
        .container {
            width: 70%;
            margin: 0 auto;
            padding: 20px;
            border: 1px solid #ccc;
            border-radius: 10px;
            background-color: #f9f9f9;
        }
        .section {
            margin-bottom: 1px;
        }
        .section p {
            margin: 10px 0;
        }
        .greeting {
            font-weight: bold;
        }
	&lt;/style&gt;
&lt;/head&gt;
&lt;body&gt;
&lt;div class=&quot;container&quot;&gt;
&lt;div class=&quot;section greeting&quot;&gt;
&lt;p&gt;Sehr geehrte/r Sidor Sidorov&lt;/p&gt;
&lt;/div&gt;

&lt;div class=&quot;section&quot;&gt;
&lt;p&gt;Wir freuen uns sehr Sie als Mitglied in unserem x2tree e.V. begr&amp;uuml;&amp;szlig;en zu d&amp;uuml;rfen. Ab sofort d&amp;uuml;rfen Sie vollumf&amp;auml;nglich an allen Vereinsaktivit&amp;auml;ten teilnehmen.&lt;/p&gt;
&lt;/div&gt;

&lt;div class=&quot;section&quot;&gt;
&lt;p&gt;Ihre Mitgliedsnummer lautet: &amp;lt; Mitgliedsnummer &amp;gt;&lt;/p&gt;
&lt;/div&gt;

&lt;div class=&quot;section&quot;&gt;
&lt;p&gt;Mit freundlichen Gr&amp;uuml;&amp;szlig;en&lt;/p&gt;

&lt;p&gt;x2tree Team&lt;/p&gt;
&lt;/div&gt;
&lt;/div&gt;
&lt;/body&gt;
&lt;/html&gt;
&lt;br&gt;&lt;br&gt;' ),
( '373', 'time_start', NULL, '12:00:02' ),
( '373', 'createdtime', NULL, '2024-08-07 12:00:02' ),
( '373', 'modifiedby', NULL, '1' ),
( '373', 'from_email', NULL, 'info@x2tree.de' ),
( '373', 'saved_toid', NULL, '[&quot;&quot;,&quot;sidor@mail.ru&quot;]' ),
( '373', 'ccmail', NULL, '[&quot;&quot;]' ),
( '373', 'bccmail', NULL, '[&quot;&quot;]' ),
( '373', 'parent_id', NULL, '8@1|' ),
( '373', 'email_flag', NULL, 'SENT' ),
( '373', 'source', NULL, 'CRM' ),
( '373', 'record_id', NULL, '130' ),
( '373', 'record_module', NULL, 'Emails' ),
( '375', 'modifiedby', '1', '7' ),
( '375', 'cf_937', ' ', 'Qalified' ),
( '376', 'label', NULL, 'Regarding Contact Assignment' ),
( '376', 'date_start', NULL, '2024-08-08' ),
( '376', 'activitytype', NULL, 'Emails' ),
( '376', 'assigned_user_id', NULL, '1' ),
( '376', 'subject', NULL, 'Regarding Contact Assignment' ),
( '376', 'description', NULL, 'An Contact has been assigned to you on vtigerCRM&lt;br&gt;Details of Contact are :&lt;br&gt;&lt;br&gt;Contact Id:&lt;b&gt;CON6&lt;/b&gt;&lt;br&gt;LastName:&lt;b&gt;Goldberg&lt;/b&gt;&lt;br&gt;FirstName:&lt;b&gt;Philipp&lt;/b&gt;&lt;br&gt;Lead Source:&lt;b&gt;&lt;/b&gt;&lt;br&gt;Department:&lt;b&gt;&lt;/b&gt;&lt;br&gt;Description:&lt;b&gt;&lt;/b&gt;&lt;br&gt;&lt;br&gt;&lt;br&gt;And &lt;b&gt;CustomerPortal Login Details&lt;/b&gt; is sent to the EmailID :-aaa@gmail.com&lt;br&gt;&lt;br&gt;Thank You&lt;br&gt;Admin&lt;br&gt;&lt;br&gt;' ),
( '376', 'time_start', NULL, '10:20:02' ),
( '376', 'createdtime', NULL, '2024-08-08 10:20:02' ),
( '376', 'modifiedby', NULL, '1' ),
( '376', 'from_email', NULL, 'anton-felk@hotmail.de' ),
( '376', 'saved_toid', NULL, '[&quot;anton-felk@hotmail.de&quot;]' ),
( '376', 'ccmail', NULL, '[&quot;&quot;]' ),
( '376', 'bccmail', NULL, '[&quot;&quot;]' ),
( '376', 'parent_id', NULL, '121@1|' ),
( '376', 'email_flag', NULL, 'SENT' ),
( '376', 'source', NULL, 'CRM' ),
( '376', 'record_id', NULL, '131' ),
( '376', 'record_module', NULL, 'Emails' ),
( '379', 'cf_957', '', '32.90' ),
( '380', 'cf_959', '', '32.90000' ),
( '381', 'cf_959', '32.90000', '3290.00000' ),
( '382', 'label', NULL, 'Regarding Contact Assignment' ),
( '382', 'date_start', NULL, '2024-08-09' ),
( '382', 'activitytype', NULL, 'Emails' ),
( '382', 'assigned_user_id', NULL, '1' ),
( '382', 'subject', NULL, 'Regarding Contact Assignment' ),
( '382', 'description', NULL, 'An Contact has been assigned to you on vtigerCRM&lt;br&gt;Details of Contact are :&lt;br&gt;&lt;br&gt;Contact Id:&lt;b&gt;CON2&lt;/b&gt;&lt;br&gt;LastName:&lt;b&gt;Muster&lt;/b&gt;&lt;br&gt;FirstName:&lt;b&gt;Stefan&lt;/b&gt;&lt;br&gt;Lead Source:&lt;b&gt;Web Site&lt;/b&gt;&lt;br&gt;Department:&lt;b&gt;&lt;/b&gt;&lt;br&gt;Description:&lt;b&gt;&lt;/b&gt;&lt;br&gt;&lt;br&gt;&lt;br&gt;And &lt;b&gt;CustomerPortal Login Details&lt;/b&gt; is sent to the EmailID :-it@itvolga.com&lt;br&gt;&lt;br&gt;Thank You&lt;br&gt;Admin&lt;br&gt;&lt;br&gt;' ),
( '382', 'time_start', NULL, '13:32:01' ),
( '382', 'createdtime', NULL, '2024-08-09 13:32:01' ),
( '382', 'modifiedby', NULL, '1' ),
( '382', 'from_email', NULL, 'se@sergeyem.ru' ),
( '382', 'saved_toid', NULL, '[&quot;se@sergeyem.ru&quot;]' ),
( '382', 'ccmail', NULL, '[&quot;&quot;]' ),
( '382', 'bccmail', NULL, '[&quot;&quot;]' ),
( '382', 'parent_id', NULL, '42@1|' ),
( '382', 'email_flag', NULL, 'SENT' ),
( '382', 'source', NULL, 'CRM' ),
( '382', 'record_id', NULL, '132' ),
( '382', 'record_module', NULL, 'Emails' ),
( '385', 'label', NULL, 'Regarding Contact Assignment' ),
( '385', 'date_start', NULL, '2024-08-09' ),
( '385', 'activitytype', NULL, 'Emails' ),
( '385', 'assigned_user_id', NULL, '1' ),
( '385', 'subject', NULL, 'Regarding Contact Assignment' ),
( '385', 'description', NULL, 'An Contact has been assigned to you on vtigerCRM&lt;br&gt;Details of Contact are :&lt;br&gt;&lt;br&gt;Contact Id:&lt;b&gt;CON2&lt;/b&gt;&lt;br&gt;LastName:&lt;b&gt;Muster&lt;/b&gt;&lt;br&gt;FirstName:&lt;b&gt;Stefan&lt;/b&gt;&lt;br&gt;Lead Source:&lt;b&gt;Web Site&lt;/b&gt;&lt;br&gt;Department:&lt;b&gt;&lt;/b&gt;&lt;br&gt;Description:&lt;b&gt;&lt;/b&gt;&lt;br&gt;&lt;br&gt;&lt;br&gt;And &lt;b&gt;CustomerPortal Login Details&lt;/b&gt; is sent to the EmailID :-it@itvolga.com&lt;br&gt;&lt;br&gt;Thank You&lt;br&gt;Admin&lt;br&gt;&lt;br&gt;' ),
( '385', 'time_start', NULL, '13:32:01' ),
( '385', 'createdtime', NULL, '2024-08-09 13:32:01' ),
( '385', 'modifiedby', NULL, '1' ),
( '385', 'from_email', NULL, 'se@sergeyem.ru' ),
( '385', 'saved_toid', NULL, '[&quot;se@sergeyem.ru&quot;]' ),
( '385', 'ccmail', NULL, '[&quot;&quot;]' ),
( '385', 'bccmail', NULL, '[&quot;&quot;]' ),
( '385', 'parent_id', NULL, '42@1|' ),
( '385', 'email_flag', NULL, 'SENT' ),
( '385', 'source', NULL, 'CRM' ),
( '385', 'record_id', NULL, '133' ),
( '385', 'record_module', NULL, 'Emails' ),
( '387', 'cf_959', '3290.00000', '32.90000' ),
( '389', 'label', NULL, 'Regarding Contact Assignment' ),
( '389', 'date_start', NULL, '2024-08-09' ),
( '389', 'activitytype', NULL, 'Emails' ),
( '389', 'assigned_user_id', NULL, '1' ),
( '389', 'subject', NULL, 'Regarding Contact Assignment' ),
( '389', 'description', NULL, 'An Contact has been assigned to you on vtigerCRM&lt;br&gt;Details of Contact are :&lt;br&gt;&lt;br&gt;Contact Id:&lt;b&gt;CON2&lt;/b&gt;&lt;br&gt;LastName:&lt;b&gt;Muster&lt;/b&gt;&lt;br&gt;FirstName:&lt;b&gt;Stefan&lt;/b&gt;&lt;br&gt;Lead Source:&lt;b&gt;Web Site&lt;/b&gt;&lt;br&gt;Department:&lt;b&gt;&lt;/b&gt;&lt;br&gt;Description:&lt;b&gt;&lt;/b&gt;&lt;br&gt;&lt;br&gt;&lt;br&gt;And &lt;b&gt;CustomerPortal Login Details&lt;/b&gt; is sent to the EmailID :-it@itvolga.com&lt;br&gt;&lt;br&gt;Thank You&lt;br&gt;Admin&lt;br&gt;&lt;br&gt;' ),
( '389', 'time_start', NULL, '13:32:02' ),
( '389', 'createdtime', NULL, '2024-08-09 13:32:02' ),
( '389', 'modifiedby', NULL, '1' ),
( '389', 'from_email', NULL, 'se@sergeyem.ru' ),
( '389', 'saved_toid', NULL, '[&quot;se@sergeyem.ru&quot;]' ),
( '389', 'ccmail', NULL, '[&quot;&quot;]' ),
( '389', 'bccmail', NULL, '[&quot;&quot;]' ),
( '389', 'parent_id', NULL, '42@1|' ),
( '389', 'email_flag', NULL, 'SENT' ),
( '389', 'source', NULL, 'CRM' ),
( '389', 'record_id', NULL, '134' ),
( '389', 'record_module', NULL, 'Emails' ),
( '392', 'amount', '500.00000000', '250.00000000' ),
( '392', 'modifiedby', '7', '1' ),
( '394', 'label', NULL, 'net opport' ),
( '394', 'potentialname', NULL, 'net opport' ),
( '394', 'potential_no', NULL, 'POT10' ),
( '394', 'amount', NULL, '300.00000000' ),
( '394', 'sales_stage', NULL, 'Prospecting' ),
( '394', 'assigned_user_id', NULL, '1' ),
( '394', 'probability', NULL, '0.000' ),
( '394', 'createdtime', NULL, '2024-08-09 13:37:26' ),
( '394', 'modifiedby', NULL, '1' ),
( '394', 'forecast_amount', NULL, '0.00000000' ),
( '394', 'contact_id', NULL, '42' ),
( '394', 'source', NULL, 'CRM' ),
( '394', 'record_id', NULL, '135' );

INSERT INTO `vtiger_modtracker_detail`(`id`,`fieldname`,`prevalue`,`postvalue`) VALUES 
( '394', 'record_module', NULL, 'Potentials' ),
( '396', 'amount', '300.00000000', '350.00000000' ),
( '396', 'description', '', '350' ),
( '397', 'label', NULL, 'Regarding Contact Assignment' ),
( '397', 'date_start', NULL, '2024-08-09' ),
( '397', 'activitytype', NULL, 'Emails' ),
( '397', 'assigned_user_id', NULL, '1' ),
( '397', 'subject', NULL, 'Regarding Contact Assignment' ),
( '397', 'description', NULL, 'An Contact has been assigned to you on vtigerCRM&lt;br&gt;Details of Contact are :&lt;br&gt;&lt;br&gt;Contact Id:&lt;b&gt;CON2&lt;/b&gt;&lt;br&gt;LastName:&lt;b&gt;Muster&lt;/b&gt;&lt;br&gt;FirstName:&lt;b&gt;Stefan&lt;/b&gt;&lt;br&gt;Lead Source:&lt;b&gt;Web Site&lt;/b&gt;&lt;br&gt;Department:&lt;b&gt;&lt;/b&gt;&lt;br&gt;Description:&lt;b&gt;&lt;/b&gt;&lt;br&gt;&lt;br&gt;&lt;br&gt;And &lt;b&gt;CustomerPortal Login Details&lt;/b&gt; is sent to the EmailID :-it@itvolga.com&lt;br&gt;&lt;br&gt;Thank You&lt;br&gt;Admin&lt;br&gt;&lt;br&gt;' ),
( '397', 'time_start', NULL, '13:46:01' ),
( '397', 'createdtime', NULL, '2024-08-09 13:46:01' ),
( '397', 'modifiedby', NULL, '1' ),
( '397', 'from_email', NULL, 'se@sergeyem.ru' ),
( '397', 'saved_toid', NULL, '[&quot;se@sergeyem.ru&quot;]' ),
( '397', 'ccmail', NULL, '[&quot;&quot;]' ),
( '397', 'bccmail', NULL, '[&quot;&quot;]' ),
( '397', 'parent_id', NULL, '42@1|' ),
( '397', 'email_flag', NULL, 'SENT' ),
( '397', 'source', NULL, 'CRM' ),
( '397', 'record_id', NULL, '136' ),
( '397', 'record_module', NULL, 'Emails' ),
( '400', 'label', NULL, 'Regarding Contact Assignment' ),
( '400', 'date_start', NULL, '2024-08-09' ),
( '400', 'activitytype', NULL, 'Emails' ),
( '400', 'assigned_user_id', NULL, '1' ),
( '400', 'subject', NULL, 'Regarding Contact Assignment' ),
( '400', 'description', NULL, 'An Contact has been assigned to you on vtigerCRM&lt;br&gt;Details of Contact are :&lt;br&gt;&lt;br&gt;Contact Id:&lt;b&gt;CON2&lt;/b&gt;&lt;br&gt;LastName:&lt;b&gt;Muster&lt;/b&gt;&lt;br&gt;FirstName:&lt;b&gt;Stefan&lt;/b&gt;&lt;br&gt;Lead Source:&lt;b&gt;Web Site&lt;/b&gt;&lt;br&gt;Department:&lt;b&gt;&lt;/b&gt;&lt;br&gt;Description:&lt;b&gt;&lt;/b&gt;&lt;br&gt;&lt;br&gt;&lt;br&gt;And &lt;b&gt;CustomerPortal Login Details&lt;/b&gt; is sent to the EmailID :-it@itvolga.com&lt;br&gt;&lt;br&gt;Thank You&lt;br&gt;Admin&lt;br&gt;&lt;br&gt;' ),
( '400', 'time_start', NULL, '13:46:01' ),
( '400', 'createdtime', NULL, '2024-08-09 13:46:01' ),
( '400', 'modifiedby', NULL, '1' ),
( '400', 'from_email', NULL, 'se@sergeyem.ru' ),
( '400', 'saved_toid', NULL, '[&quot;se@sergeyem.ru&quot;]' ),
( '400', 'ccmail', NULL, '[&quot;&quot;]' ),
( '400', 'bccmail', NULL, '[&quot;&quot;]' ),
( '400', 'parent_id', NULL, '42@1|' ),
( '400', 'email_flag', NULL, 'SENT' ),
( '400', 'source', NULL, 'CRM' ),
( '400', 'record_id', NULL, '137' ),
( '400', 'record_module', NULL, 'Emails' ),
( '403', 'label', NULL, 'Regarding Contact Assignment' ),
( '403', 'date_start', NULL, '2024-08-09' ),
( '403', 'activitytype', NULL, 'Emails' ),
( '403', 'assigned_user_id', NULL, '1' ),
( '403', 'subject', NULL, 'Regarding Contact Assignment' ),
( '403', 'description', NULL, 'An Contact has been assigned to you on vtigerCRM&lt;br&gt;Details of Contact are :&lt;br&gt;&lt;br&gt;Contact Id:&lt;b&gt;CON2&lt;/b&gt;&lt;br&gt;LastName:&lt;b&gt;Muster&lt;/b&gt;&lt;br&gt;FirstName:&lt;b&gt;Stefan&lt;/b&gt;&lt;br&gt;Lead Source:&lt;b&gt;Web Site&lt;/b&gt;&lt;br&gt;Department:&lt;b&gt;&lt;/b&gt;&lt;br&gt;Description:&lt;b&gt;&lt;/b&gt;&lt;br&gt;&lt;br&gt;&lt;br&gt;And &lt;b&gt;CustomerPortal Login Details&lt;/b&gt; is sent to the EmailID :-it@itvolga.com&lt;br&gt;&lt;br&gt;Thank You&lt;br&gt;Admin&lt;br&gt;&lt;br&gt;' ),
( '403', 'time_start', NULL, '13:46:02' ),
( '403', 'createdtime', NULL, '2024-08-09 13:46:02' ),
( '403', 'modifiedby', NULL, '1' ),
( '403', 'from_email', NULL, 'se@sergeyem.ru' ),
( '403', 'saved_toid', NULL, '[&quot;se@sergeyem.ru&quot;]' ),
( '403', 'ccmail', NULL, '[&quot;&quot;]' ),
( '403', 'bccmail', NULL, '[&quot;&quot;]' ),
( '403', 'parent_id', NULL, '42@1|' ),
( '403', 'email_flag', NULL, 'SENT' ),
( '403', 'source', NULL, 'CRM' ),
( '403', 'record_id', NULL, '138' ),
( '403', 'record_module', NULL, 'Emails' ),
( '406', 'label', NULL, 'Regarding Potential Assignment' ),
( '406', 'date_start', NULL, '2024-08-09' ),
( '406', 'activitytype', NULL, 'Emails' ),
( '406', 'assigned_user_id', NULL, '1' ),
( '406', 'subject', NULL, 'Regarding Potential Assignment' ),
( '406', 'description', NULL, 'An Potential has been assigned to you on vtigerCRM&lt;br&gt;Details of Potential are :&lt;br&gt;&lt;br&gt;Potential No:&lt;b&gt;POT10&lt;/b&gt;&lt;br&gt;Potential Name:&lt;b&gt;net opport&lt;/b&gt;&lt;br&gt;Amount:&lt;b&gt;300&amp;euro;&lt;/b&gt;&lt;br&gt;Expected Close Date:&lt;b&gt; (dd-mm-yyyy)&lt;/b&gt;&lt;br&gt;Type:&lt;b&gt;&lt;/b&gt;&lt;br&gt;&lt;br&gt;&lt;br&gt;Description :&lt;br&gt;&lt;br&gt;Thank You&lt;br&gt;Admin&lt;br&gt;&lt;br&gt;' ),
( '406', 'time_start', NULL, '13:46:02' ),
( '406', 'createdtime', NULL, '2024-08-09 13:46:02' ),
( '406', 'modifiedby', NULL, '1' ),
( '406', 'from_email', NULL, 'se@sergeyem.ru' ),
( '406', 'saved_toid', NULL, '[&quot;se@sergeyem.ru&quot;]' ),
( '406', 'ccmail', NULL, '[&quot;&quot;]' ),
( '406', 'bccmail', NULL, '[&quot;&quot;]' ),
( '406', 'parent_id', NULL, '135@1|' ),
( '406', 'email_flag', NULL, 'SENT' ),
( '406', 'source', NULL, 'CRM' ),
( '406', 'record_id', NULL, '139' ),
( '406', 'record_module', NULL, 'Emails' ),
( '409', 'label', NULL, 'Mitgliedschaft' ),
( '409', 'subject', NULL, 'Mitgliedschaft' ),
( '409', 'contact_id', NULL, '4' ),
( '409', 'txtAdjustment', NULL, '0.00000000' ),
( '409', 'salescommission', NULL, '0.000' ),
( '409', 'exciseduty', NULL, '0.000' ),
( '409', 'hdnSubTotal', NULL, '250.00000000' ),
( '409', 'hdnGrandTotal', NULL, '250.00000000' ),
( '409', 'hdnTaxType', NULL, 'individual' ),
( '409', 'hdnS_H_Amount', NULL, '0.00000000' ),
( '409', 'invoicestatus', NULL, 'Created' ),
( '409', 'assigned_user_id', NULL, '7' ),
( '409', 'createdtime', NULL, '2024-08-11 09:19:52' ),
( '409', 'modifiedby', NULL, '7' ),
( '409', 'currency_id', NULL, '2' ),
( '409', 'conversion_rate', NULL, '1.000' ),
( '409', 'bill_street', NULL, 'fsdf' ),
( '409', 'bill_city', NULL, 'dsfdsd' ),
( '409', 'bill_state', NULL, 'sdfds' ),
( '409', 'bill_code', NULL, 'dfds' ),
( '409', 'bill_country', NULL, 'adfasd' ),
( '409', 'terms_conditions', NULL, '- Unless otherwise agreed in writing by the supplier all invoices are payable within thirty (30) days of the date of invoice, in the currency of the invoice, drawn on a bank based in India or by such other method as is agreed in advance by the Supplier.

 - All prices are not inclusive of VAT which shall be payable in addition by the Customer at the applicable rate.' ),
( '409', 'invoice_no', NULL, 'INV13' ),
( '409', 'productid', NULL, '62' ),
( '409', 'quantity', NULL, '1.000' ),
( '409', 'listprice', NULL, '250.00000000' ),
( '409', 'comment', NULL, 'Hierbei handelt es sich um die Monatliche Mitgliedschaft.' ),
( '409', 'pre_tax_total', NULL, '250.00000000' ),
( '409', 'received', NULL, '0.00000000' ),
( '409', 'balance', NULL, '250.00000000' ),
( '409', 'hdnS_H_Percent', NULL, '0.00000000' ),
( '409', 'potential_id', NULL, '123' ),
( '409', 'source', NULL, 'CRM' ),
( '409', 'record_id', NULL, '140' ),
( '409', 'record_module', NULL, 'Invoice' ),
( '411', 'label', NULL, 'test' ),
( '411', 'subject', NULL, 'test' ),
( '411', 'contact_id', NULL, '42' ),
( '411', 'txtAdjustment', NULL, '0.00000000' ),
( '411', 'salescommission', NULL, '0.000' ),
( '411', 'exciseduty', NULL, '0.000' ),
( '411', 'hdnSubTotal', NULL, '250.00000000' ),
( '411', 'hdnGrandTotal', NULL, '317.50000000' ),
( '411', 'hdnTaxType', NULL, 'group' ),
( '411', 'hdnS_H_Amount', NULL, '0.00000000' ),
( '411', 'invoicestatus', NULL, 'Created' ),
( '411', 'assigned_user_id', NULL, '1' ),
( '411', 'createdtime', NULL, '2024-08-11 11:25:53' ),
( '411', 'modifiedby', NULL, '1' ),
( '411', 'currency_id', NULL, '2' ),
( '411', 'conversion_rate', NULL, '1.000' ),
( '411', 'bill_street', NULL, '31' ),
( '411', 'bill_city', NULL, '321' ),
( '411', 'bill_state', NULL, '321' ),
( '411', 'bill_code', NULL, '213' ),
( '411', 'bill_country', NULL, '123' ),
( '411', 'terms_conditions', NULL, '- Unless otherwise agreed in writing by the supplier all invoices are payable within thirty (30) days of the date of invoice, in the currency of the invoice, drawn on a bank based in India or by such other method as is agreed in advance by the Supplier.

 - All prices are not inclusive of VAT which shall be payable in addition by the Customer at the applicable rate.' ),
( '411', 'invoice_no', NULL, 'INV14' ),
( '411', 'productid', NULL, '62' ),
( '411', 'quantity', NULL, '1.000' ),
( '411', 'listprice', NULL, '250.00000000' ),
( '411', 'comment', NULL, 'Hierbei handelt es sich um die Monatliche Mitgliedschaft.' ),
( '411', 'tax1', NULL, '4.500' ),
( '411', 'tax2', NULL, '10.000' ),
( '411', 'tax3', NULL, '12.500' ),
( '411', 'pre_tax_total', NULL, '250.00000000' ),
( '411', 'received', NULL, '0.00000000' ),
( '411', 'balance', NULL, '317.50000000' ),
( '411', 'hdnS_H_Percent', NULL, '0.00000000' ),
( '411', 'potential_id', NULL, '135' ),
( '411', 'source', NULL, 'CRM' ),
( '411', 'record_id', NULL, '141' ),
( '411', 'record_module', NULL, 'Invoice' ),
( '413', 'invoicestatus', 'Created', 'Partially Paid' ),
( '413', 'received', '0.00000000', '250.00000000' ),
( '413', 'balance', '317.50000000', '67.50000000' ),
( '414', 'label', NULL, 'test test customno' ),
( '414', 'firstname', NULL, 'test' ),
( '414', 'contact_no', NULL, 'CON7' ),
( '414', 'lastname', NULL, 'test customno' ),
( '414', 'mobile', NULL, '' ),
( '414', 'birthday', NULL, '2000-02-01' ),
( '414', 'email', NULL, 'dadsa@m.ru' ),
( '414', 'assigned_user_id', NULL, '1' ),
( '414', 'createdtime', NULL, '2024-08-11 20:13:39' ),
( '414', 'modifiedby', NULL, '1' ),
( '414', 'support_start_date', NULL, '2024-08-11' ),
( '414', 'support_end_date', NULL, '2025-08-11' ),
( '414', 'mailingstreet', NULL, 'ada' ),
( '414', 'mailingcity', NULL, 'dsad' ),
( '414', 'mailingstate', NULL, 'dsa' ),
( '414', 'mailingzip', NULL, '213231' ),
( '414', 'mailingcountry', NULL, 'Deutschland' ),
( '414', 'source', NULL, 'CRM' ),
( '414', 'cf_875', NULL, '12313213131' ),
( '414', 'cf_931', NULL, '7' ),
( '414', 'cf_959', NULL, '0.00000' ),
( '414', 'record_id', NULL, '143' ),
( '414', 'record_module', NULL, 'Contacts' ),
( '415', 'label', NULL, 'Regarding Contact Assignment' ),
( '415', 'date_start', NULL, '2024-08-11' ),
( '415', 'activitytype', NULL, 'Emails' ),
( '415', 'assigned_user_id', NULL, '1' ),
( '415', 'subject', NULL, 'Regarding Contact Assignment' ),
( '415', 'description', NULL, 'An Contact has been assigned to you on vtigerCRM&lt;br&gt;Details of Contact are :&lt;br&gt;&lt;br&gt;Contact Id:&lt;b&gt;CON7&lt;/b&gt;&lt;br&gt;LastName:&lt;b&gt;test customno&lt;/b&gt;&lt;br&gt;FirstName:&lt;b&gt;test&lt;/b&gt;&lt;br&gt;Lead Source:&lt;b&gt;&lt;/b&gt;&lt;br&gt;Department:&lt;b&gt;&lt;/b&gt;&lt;br&gt;Description:&lt;b&gt;&lt;/b&gt;&lt;br&gt;&lt;br&gt;&lt;br&gt;And &lt;b&gt;CustomerPortal Login Details&lt;/b&gt; is sent to the EmailID :-dadsa@m.ru&lt;br&gt;&lt;br&gt;Thank You&lt;br&gt;Admin&lt;br&gt;&lt;br&gt;' ),
( '415', 'time_start', NULL, '20:16:01' ),
( '415', 'createdtime', NULL, '2024-08-11 20:16:01' ),
( '415', 'modifiedby', NULL, '1' ),
( '415', 'from_email', NULL, 'se@sergeyem.ru' ),
( '415', 'saved_toid', NULL, '[&quot;se@sergeyem.ru&quot;]' ),
( '415', 'ccmail', NULL, '[&quot;&quot;]' ),
( '415', 'bccmail', NULL, '[&quot;&quot;]' ),
( '415', 'parent_id', NULL, '143@1|' ),
( '415', 'email_flag', NULL, 'SENT' ),
( '415', 'source', NULL, 'CRM' ),
( '415', 'record_id', NULL, '144' ),
( '415', 'record_module', NULL, 'Emails' ),
( '419', 'label', NULL, 'dadsa adsa' ),
( '419', 'firstname', NULL, 'dadsa' ),
( '419', 'contact_no', NULL, 'CON8' ),
( '419', 'lastname', NULL, 'adsa' ),
( '419', 'mobile', NULL, '41242314' ),
( '419', 'birthday', NULL, '2000-02-01' ),
( '419', 'email', NULL, 'da@m.tu' ),
( '419', 'assigned_user_id', NULL, '1' ),
( '419', 'createdtime', NULL, '2024-08-11 20:24:05' ),
( '419', 'modifiedby', NULL, '1' ),
( '419', 'support_start_date', NULL, '2024-08-11' ),
( '419', 'support_end_date', NULL, '2025-08-11' ),
( '419', 'mailingstreet', NULL, 'dasdad' ),
( '419', 'mailingcity', NULL, 'dasda' ),
( '419', 'mailingstate', NULL, 'dasda' ),
( '419', 'mailingzip', NULL, 'dassda' ),
( '419', 'mailingcountry', NULL, 'dada' ),
( '419', 'mailingpobox', NULL, 'dasda' ),
( '419', 'source', NULL, 'CRM' ),
( '419', 'cf_875', NULL, '123131231' ),
( '419', 'cf_931', NULL, '8' ),
( '419', 'cf_959', NULL, '0.00000' ),
( '419', 'record_id', NULL, '145' ),
( '419', 'record_module', NULL, 'Contacts' ),
( '421', 'label', NULL, 'Midleshaft' ),
( '421', 'subject', NULL, 'Midleshaft' ),
( '421', 'contact_id', NULL, '121' ),
( '421', 'txtAdjustment', NULL, '0.00000000' ),
( '421', 'salescommission', NULL, '0.000' ),
( '421', 'exciseduty', NULL, '0.000' ),
( '421', 'hdnSubTotal', NULL, '250.00000000' ),
( '421', 'hdnGrandTotal', NULL, '317.50000000' ),
( '421', 'hdnTaxType', NULL, 'group' ),
( '421', 'hdnS_H_Amount', NULL, '0.00000000' ),
( '421', 'invoicestatus', NULL, 'Created' ),
( '421', 'assigned_user_id', NULL, '1' ),
( '421', 'createdtime', NULL, '2024-08-11 20:44:00' ),
( '421', 'modifiedby', NULL, '1' ),
( '421', 'currency_id', NULL, '2' ),
( '421', 'conversion_rate', NULL, '1.000' ),
( '421', 'bill_street', NULL, 'asda' ),
( '421', 'bill_city', NULL, 'sda' ),
( '421', 'bill_state', NULL, 'sasdad' ),
( '421', 'bill_code', NULL, 'dasda' ),
( '421', 'bill_country', NULL, 'das' ),
( '421', 'terms_conditions', NULL, '- Unless otherwise agreed in writing by the supplier all invoices are payable within thirty (30) days of the date of invoice, in the currency of the invoice, drawn on a bank based in India or by such other method as is agreed in advance by the Supplier.

 - All prices are not inclusive of VAT which shall be payable in addition by the Customer at the applicable rate.' ),
( '421', 'invoice_no', NULL, 'INV15' ),
( '421', 'productid', NULL, '62' ),
( '421', 'quantity', NULL, '1.000' ),
( '421', 'listprice', NULL, '250.00000000' ),
( '421', 'comment', NULL, 'Hierbei handelt es sich um die Monatliche Mitgliedschaft.' ),
( '421', 'tax1', NULL, '4.500' ),
( '421', 'tax2', NULL, '10.000' ),
( '421', 'tax3', NULL, '12.500' ),
( '421', 'pre_tax_total', NULL, '250.00000000' ),
( '421', 'received', NULL, '0.00000000' ),
( '421', 'balance', NULL, '317.50000000' ),
( '421', 'hdnS_H_Percent', NULL, '0.00000000' );

INSERT INTO `vtiger_modtracker_detail`(`id`,`fieldname`,`prevalue`,`postvalue`) VALUES 
( '421', 'potential_id', NULL, '122' ),
( '421', 'source', NULL, 'CRM' ),
( '421', 'record_id', NULL, '146' ),
( '421', 'record_module', NULL, 'Invoice' );
COMMIT;
-- ---------------------------------------------------------


-- Dump data of "vtiger_modtracker_relations" --------------
BEGIN;

INSERT INTO `vtiger_modtracker_relations`(`id`,`targetmodule`,`targetid`,`changedon`) VALUES 
( '15', 'Emails', '9', '2024-06-01 09:45:01' ),
( '36', 'Emails', '18', '2024-06-01 15:30:01' ),
( '40', 'CustomPayments', '19', '2024-06-01 15:38:07' ),
( '43', 'Invoice', '20', '2024-06-01 16:22:17' ),
( '53', 'Emails', '23', '2024-06-01 18:00:01' ),
( '55', 'Emails', '24', '2024-06-01 18:00:02' ),
( '61', 'Emails', '25', '2024-06-01 18:15:01' ),
( '63', 'Emails', '26', '2024-06-01 18:15:02' ),
( '67', 'Emails', '27', '2024-06-01 18:30:01' ),
( '79', 'Emails', '28', '2024-06-01 18:51:39' ),
( '87', 'Emails', '30', '2024-06-01 19:00:01' ),
( '89', 'Emails', '31', '2024-06-01 19:00:02' ),
( '91', 'Emails', '32', '2024-06-01 19:00:03' ),
( '93', 'Emails', '33', '2024-06-01 19:00:03' ),
( '95', 'Emails', '34', '2024-06-01 19:00:04' ),
( '97', 'Emails', '35', '2024-06-01 19:00:05' ),
( '99', 'Emails', '36', '2024-06-01 19:15:01' ),
( '102', 'Emails', '37', '2024-06-01 21:16:01' ),
( '105', 'Emails', '38', '2024-06-01 21:30:01' ),
( '108', 'Emails', '39', '2024-06-01 21:44:01' ),
( '110', 'CustomPayments', '40', '2024-06-02 11:21:27' ),
( '113', 'Invoice', '41', '2024-06-02 11:28:27' ),
( '125', 'CustomPayments', '44', '2024-06-02 11:54:33' ),
( '129', 'Emails', '45', '2024-06-02 11:56:01' ),
( '132', 'Emails', '46', '2024-06-02 11:56:02' ),
( '135', 'Invoice', '47', '2024-06-02 11:58:45' ),
( '146', 'Emails', '48', '2024-06-04 13:56:02' ),
( '149', 'Emails', '49', '2024-06-04 13:56:02' ),
( '152', 'Emails', '50', '2024-06-04 13:56:03' ),
( '155', 'Emails', '51', '2024-06-04 13:56:03' ),
( '158', 'Emails', '52', '2024-06-04 13:56:04' ),
( '161', 'Emails', '53', '2024-06-04 13:56:04' ),
( '164', 'Emails', '54', '2024-06-04 13:56:05' ),
( '169', 'Emails', '56', '2024-06-04 23:18:01' ),
( '176', 'Emails', '59', '2024-06-08 10:58:01' ),
( '179', 'Potentials', '60', '2024-06-08 11:00:43' ),
( '181', 'Emails', '61', '2024-06-08 11:12:02' ),
( '185', 'Invoice', '63', '2024-06-08 11:17:56' ),
( '187', 'ServiceContracts', '64', '2024-06-08 11:20:11' ),
( '192', 'Emails', '65', '2024-06-08 11:40:01' ),
( '198', 'Potentials', '68', '2024-06-08 11:53:36' ),
( '200', 'Emails', '69', '2024-06-08 11:54:01' ),
( '203', 'Emails', '70', '2024-06-08 11:54:02' ),
( '206', 'Invoice', '71', '2024-06-08 11:55:17' ),
( '209', 'Services', '72', '2024-06-08 12:03:15' ),
( '211', 'ServiceContracts', '73', '2024-06-08 12:06:08' ),
( '213', 'Potentials', '68', '2024-06-08 12:07:50' ),
( '215', 'HelpDesk', '74', '2024-06-08 12:09:13' ),
( '216', 'ServiceContracts', '73', '2024-06-08 12:11:42' ),
( '218', 'ServiceContracts', '75', '2024-06-08 12:12:43' ),
( '220', 'ServiceContracts', '76', '2024-06-08 12:13:05' ),
( '221', 'ServiceContracts', '75', '2024-06-08 12:13:49' ),
( '222', 'ServiceContracts', '76', '2024-06-08 12:13:56' ),
( '224', 'Emails', '77', '2024-06-08 12:22:01' ),
( '227', 'Documents', '78', '2024-06-08 15:01:15' ),
( '233', 'ServiceContracts', '73', '2024-06-09 11:58:21' ),
( '234', 'ServiceContracts', '75', '2024-06-09 11:58:23' ),
( '235', 'ServiceContracts', '76', '2024-06-09 11:58:25' ),
( '253', 'Emails', '83', '2024-06-09 18:16:02' ),
( '270', 'Emails', '86', '2024-06-10 19:40:01' ),
( '273', 'Emails', '87', '2024-06-10 19:40:02' ),
( '276', 'Emails', '88', '2024-06-10 19:40:02' ),
( '279', 'Emails', '89', '2024-06-10 19:40:03' ),
( '286', 'Documents', '93', '2024-06-11 16:33:14' ),
( '288', 'Documents', '95', '2024-06-11 16:33:54' ),
( '290', 'Documents', '96', '2024-06-11 16:34:49' ),
( '297', 'Invoice', '101', '2024-06-11 20:55:42' ),
( '306', 'ModComments', '102', '2024-06-17 06:25:02' ),
( '308', 'ModComments', '103', '2024-06-17 06:42:14' ),
( '311', 'Calendar', '104', '2024-06-17 06:44:51' ),
( '312', 'ModComments', '105', '2024-06-17 06:52:06' ),
( '318', 'Emails', '107', '2024-07-23 11:23:12' ),
( '320', 'Emails', '108', '2024-07-23 11:24:01' ),
( '324', 'Potentials', '109', '2024-08-06 11:54:50' ),
( '326', 'Emails', '110', '2024-08-06 11:56:01' ),
( '329', 'Invoice', '112', '2024-08-06 12:03:52' ),
( '332', 'Invoice', '112', '2024-08-06 12:10:26' ),
( '338', 'Potentials', '115', '2024-08-07 11:17:04' ),
( '340', 'Emails', '116', '2024-08-07 11:18:01' ),
( '343', 'Emails', '117', '2024-08-07 11:18:02' ),
( '346', 'Invoice', '118', '2024-08-07 11:19:38' ),
( '351', 'Emails', '120', '2024-08-07 11:32:01' ),
( '356', 'Potentials', '123', '2024-08-07 11:44:46' ),
( '358', 'Emails', '124', '2024-08-07 11:46:01' ),
( '361', 'Emails', '125', '2024-08-07 11:46:02' ),
( '364', 'Emails', '126', '2024-08-07 11:46:02' ),
( '367', 'Invoice', '127', '2024-08-07 11:47:09' ),
( '372', 'Emails', '129', '2024-08-07 12:00:01' ),
( '374', 'Emails', '130', '2024-08-07 12:00:02' ),
( '377', 'Emails', '131', '2024-08-08 10:20:02' ),
( '383', 'Emails', '132', '2024-08-09 13:32:01' ),
( '386', 'Emails', '133', '2024-08-09 13:32:02' ),
( '390', 'Emails', '134', '2024-08-09 13:32:02' ),
( '395', 'Potentials', '135', '2024-08-09 13:37:26' ),
( '398', 'Emails', '136', '2024-08-09 13:46:01' ),
( '401', 'Emails', '137', '2024-08-09 13:46:01' ),
( '404', 'Emails', '138', '2024-08-09 13:46:02' ),
( '407', 'Emails', '139', '2024-08-09 13:46:02' ),
( '410', 'Invoice', '140', '2024-08-11 09:19:52' ),
( '412', 'Invoice', '141', '2024-08-11 11:25:53' ),
( '416', 'Emails', '144', '2024-08-11 20:16:02' ),
( '422', 'Invoice', '146', '2024-08-11 20:44:01' );
COMMIT;
-- ---------------------------------------------------------


-- Dump data of "vtiger_modtracker_tabs" -------------------
BEGIN;

INSERT INTO `vtiger_modtracker_tabs`(`tabid`,`visible`) VALUES 
( '2', '1' ),
( '4', '1' ),
( '6', '1' ),
( '7', '1' ),
( '8', '1' ),
( '9', '1' ),
( '10', '1' ),
( '13', '1' ),
( '14', '1' ),
( '15', '1' ),
( '16', '1' ),
( '18', '1' ),
( '19', '1' ),
( '20', '1' ),
( '21', '1' ),
( '22', '1' ),
( '23', '1' ),
( '26', '1' ),
( '28', '1' ),
( '31', '1' ),
( '34', '1' ),
( '35', '1' ),
( '39', '1' ),
( '40', '1' ),
( '41', '1' ),
( '46', '1' ),
( '47', '1' ),
( '48', '1' ),
( '58', '1' ),
( '63', '1' );
COMMIT;
-- ---------------------------------------------------------


-- Dump data of "vtiger_module_dashboard_widgets" ----------
BEGIN;

INSERT INTO `vtiger_module_dashboard_widgets`(`id`,`linkid`,`userid`,`filterid`,`title`,`data`,`position`,`reportid`,`dashboardtabid`,`size`) VALUES 
( '1', '56', '1', NULL, NULL, 'null', '{"row":"1","col":"1"}', NULL, '2', NULL ),
( '3', '99', '1', NULL, NULL, 'null', '{"row":"1","col":"2"}', NULL, '2', NULL ),
( '4', '63', '1', NULL, NULL, 'null', '{"row":"1","col":"4"}', NULL, '2', NULL ),
( '5', '61', '1', NULL, NULL, 'null', '{"row":"1","col":"3"}', NULL, '2', NULL ),
( '6', '56', '7', NULL, NULL, 'null', '{"row":"1","col":"1"}', NULL, '5', NULL ),
( '7', '63', '7', NULL, NULL, 'null', '{"row":"1","col":"2"}', NULL, '5', NULL ),
( '8', '61', '7', NULL, NULL, 'null', '{"row":"1","col":"4"}', NULL, '5', NULL ),
( '9', '99', '7', NULL, NULL, 'null', '{"row":"1","col":"3"}', NULL, '5', NULL ),
( '10', '104', '7', '0', 'Main', '{"contents":"","lastSavedOn":"2024-05-27 19:14:13"}', '{"row":"2","col":"2"}', NULL, '5', NULL );
COMMIT;
-- ---------------------------------------------------------


-- Dump data of "vtiger_no_of_currency_decimals" -----------
BEGIN;

INSERT INTO `vtiger_no_of_currency_decimals`(`no_of_currency_decimalsid`,`no_of_currency_decimals`,`sortorderid`,`presence`) VALUES 
( '2', '2', '2', '1' ),
( '3', '3', '3', '1' ),
( '4', '4', '4', '1' ),
( '5', '5', '5', '1' ),
( '6', '0', '0', '1' ),
( '7', '1', '1', '1' );
COMMIT;
-- ---------------------------------------------------------


-- Dump data of "vtiger_no_of_currency_decimals_seq" -------
BEGIN;

INSERT INTO `vtiger_no_of_currency_decimals_seq`(`id`) VALUES 
( '7' );
COMMIT;
-- ---------------------------------------------------------


-- Dump data of "vtiger_notebook_contents" -----------------
-- ---------------------------------------------------------


-- Dump data of "vtiger_notes" -----------------------------
BEGIN;

INSERT INTO `vtiger_notes`(`notesid`,`note_no`,`title`,`filename`,`notecontent`,`folderid`,`filetype`,`filelocationtype`,`filedownloadcount`,`filestatus`,`filesize`,`fileversion`,`tags`) VALUES 
( '78', 'DOC1', 'cat-passport-3496738072', 'cat-passport-3496738072.png', '', '1', 'image/png', 'I', '6', '1', '423348', '', '' ),
( '93', 'DOC2', 'avatar', 'avatar.jpg', '', '1', 'image/jpeg', 'I', '5', '1', '29742', '', '' ),
( '95', 'DOC3', 'attach-external', 'attach-external.png', '', '1', 'image/png', 'I', '1', '1', '86473', '', '' ),
( '96', 'DOC4', 'cv-emelyanov-en', 'cv-emelyanov-en.pdf', '', '1', 'application/pdf', 'I', '1', '1', '92599', '', '' );
COMMIT;
-- ---------------------------------------------------------


-- Dump data of "vtiger_notescf" ---------------------------
BEGIN;

INSERT INTO `vtiger_notescf`(`notesid`) VALUES 
( '78' ),
( '93' ),
( '95' ),
( '96' );
COMMIT;
-- ---------------------------------------------------------


-- Dump data of "vtiger_notificationscheduler" -------------
BEGIN;

INSERT INTO `vtiger_notificationscheduler`(`schedulednotificationid`,`schedulednotificationname`,`active`,`notificationsubject`,`notificationbody`,`label`,`type`) VALUES 
( '1', 'LBL_TASK_NOTIFICATION_DESCRITPION', '1', 'Task Delay Notification', 'Tasks delayed beyond 24 hrs ', 'LBL_TASK_NOTIFICATION', NULL ),
( '2', 'LBL_BIG_DEAL_DESCRIPTION', '1', 'Big Deal notification', 'Success! A big deal has been won! ', 'LBL_BIG_DEAL', NULL ),
( '3', 'LBL_TICKETS_DESCRIPTION', '1', 'Pending Tickets notification', 'Ticket pending please ', 'LBL_PENDING_TICKETS', NULL ),
( '4', 'LBL_MANY_TICKETS_DESCRIPTION', '1', 'Too many tickets Notification', 'Too many tickets pending against this entity ', 'LBL_MANY_TICKETS', NULL ),
( '5', 'LBL_START_DESCRIPTION', '1', 'Support Start Notification', '10', 'LBL_START_NOTIFICATION', 'select' ),
( '6', 'LBL_SUPPORT_DESCRIPTION', '1', 'Support ending please', '11', 'LBL_SUPPORT_NOTICIATION', 'select' ),
( '7', 'LBL_SUPPORT_DESCRIPTION_MONTH', '1', 'Support ending please', '12', 'LBL_SUPPORT_NOTICIATION_MONTH', 'select' ),
( '8', 'LBL_ACTIVITY_REMINDER_DESCRIPTION', '1', 'Activity Reminder Notification', 'This is a reminder notification for the Activity', 'LBL_ACTIVITY_NOTIFICATION', NULL );
COMMIT;
-- ---------------------------------------------------------


-- Dump data of "vtiger_notificationscheduler_seq" ---------
BEGIN;

INSERT INTO `vtiger_notificationscheduler_seq`(`id`) VALUES 
( '8' );
COMMIT;
-- ---------------------------------------------------------


-- Dump data of "vtiger_opportunity_type" ------------------
BEGIN;

INSERT INTO `vtiger_opportunity_type`(`opptypeid`,`opportunity_type`,`presence`,`picklist_valueid`,`sortorderid`,`color`) VALUES 
( '2', 'Existing Business', '1', '128', '1', NULL ),
( '3', 'New Business', '1', '129', '2', NULL );
COMMIT;
-- ---------------------------------------------------------


-- Dump data of "vtiger_opportunity_type_seq" --------------
BEGIN;

INSERT INTO `vtiger_opportunity_type_seq`(`id`) VALUES 
( '3' );
COMMIT;
-- ---------------------------------------------------------


-- Dump data of "vtiger_opportunitystage" ------------------
-- ---------------------------------------------------------


-- Dump data of "vtiger_org_share_action2tab" --------------
BEGIN;

INSERT INTO `vtiger_org_share_action2tab`(`share_action_id`,`tabid`) VALUES 
( '0', '2' ),
( '1', '2' ),
( '2', '2' ),
( '3', '2' ),
( '0', '4' ),
( '1', '4' ),
( '2', '4' ),
( '3', '4' ),
( '0', '6' ),
( '1', '6' ),
( '2', '6' ),
( '3', '6' ),
( '0', '7' ),
( '1', '7' ),
( '2', '7' ),
( '3', '7' ),
( '0', '8' ),
( '1', '8' ),
( '2', '8' ),
( '3', '8' ),
( '0', '9' ),
( '1', '9' ),
( '2', '9' ),
( '3', '9' ),
( '0', '10' ),
( '1', '10' ),
( '2', '10' ),
( '3', '10' ),
( '0', '13' ),
( '1', '13' ),
( '2', '13' ),
( '3', '13' ),
( '0', '14' ),
( '1', '14' ),
( '2', '14' ),
( '3', '14' ),
( '0', '16' ),
( '1', '16' ),
( '2', '16' ),
( '3', '16' ),
( '0', '18' ),
( '1', '18' ),
( '2', '18' ),
( '3', '18' ),
( '0', '20' ),
( '1', '20' ),
( '2', '20' ),
( '3', '20' ),
( '0', '21' ),
( '1', '21' ),
( '2', '21' ),
( '3', '21' ),
( '0', '22' ),
( '1', '22' ),
( '2', '22' ),
( '3', '22' ),
( '0', '23' ),
( '1', '23' ),
( '2', '23' ),
( '3', '23' ),
( '0', '26' ),
( '1', '26' ),
( '2', '26' ),
( '3', '26' ),
( '0', '31' ),
( '1', '31' ),
( '2', '31' ),
( '3', '31' ),
( '0', '34' ),
( '1', '34' ),
( '2', '34' ),
( '3', '34' ),
( '0', '35' ),
( '1', '35' ),
( '2', '35' ),
( '3', '35' ),
( '0', '39' ),
( '1', '39' ),
( '2', '39' ),
( '3', '39' ),
( '0', '40' ),
( '1', '40' ),
( '2', '40' ),
( '3', '40' ),
( '0', '41' ),
( '1', '41' ),
( '2', '41' ),
( '3', '41' ),
( '0', '46' ),
( '1', '46' ),
( '2', '46' ),
( '3', '46' ),
( '0', '47' ),
( '1', '47' ),
( '2', '47' ),
( '3', '47' ),
( '0', '48' ),
( '1', '48' ),
( '2', '48' ),
( '3', '48' ),
( '0', '58' ),
( '1', '58' ),
( '2', '58' ),
( '3', '58' ),
( '0', '61' ),
( '1', '61' ),
( '2', '61' ),
( '3', '61' );
COMMIT;
-- ---------------------------------------------------------


-- Dump data of "vtiger_org_share_action_mapping" ----------
BEGIN;

INSERT INTO `vtiger_org_share_action_mapping`(`share_action_id`,`share_action_name`) VALUES 
( '0', 'Public: Read Only' ),
( '1', 'Public: Read, Create/Edit' ),
( '2', 'Public: Read, Create/Edit, Delete' ),
( '3', 'Private' ),
( '4', 'Hide Details' ),
( '5', 'Hide Details and Add Events' ),
( '6', 'Show Details' ),
( '7', 'Show Details and Add Events' );
COMMIT;
-- ---------------------------------------------------------


-- Dump data of "vtiger_organizationdetails" ---------------
BEGIN;

INSERT INTO `vtiger_organizationdetails`(`organization_id`,`organizationname`,`address`,`city`,`state`,`country`,`code`,`phone`,`fax`,`website`,`logoname`,`logo`,`vatid`) VALUES 
( '1', 'x2tree e.V.', 'Valentinskamp 40-42', 'Hamburg', '', 'Germany', '22000', '+91 9243602352', '+91 9243602352', 'www.x2tree.de', 'photo_2024-05-28_15-11-40.jpg', NULL, '' );
COMMIT;
-- ---------------------------------------------------------


-- Dump data of "vtiger_organizationdetails_seq" -----------
BEGIN;

INSERT INTO `vtiger_organizationdetails_seq`(`id`) VALUES 
( '1' );
COMMIT;
-- ---------------------------------------------------------


-- Dump data of "vtiger_othereventduration" ----------------
BEGIN;

INSERT INTO `vtiger_othereventduration`(`othereventdurationid`,`othereventduration`,`sortorderid`,`presence`) VALUES 
( '1', '5', '0', '1' ),
( '2', '10', '1', '1' ),
( '3', '30', '2', '1' ),
( '4', '60', '3', '1' ),
( '5', '120', '4', '1' );
COMMIT;
-- ---------------------------------------------------------


-- Dump data of "vtiger_othereventduration_seq" ------------
BEGIN;

INSERT INTO `vtiger_othereventduration_seq`(`id`) VALUES 
( '5' );
COMMIT;
-- ---------------------------------------------------------


-- Dump data of "vtiger_parenttab" -------------------------
BEGIN;

INSERT INTO `vtiger_parenttab`(`parenttabid`,`parenttab_label`,`sequence`,`visible`) VALUES 
( '1', 'My Home Page', '1', '0' ),
( '2', 'Marketing', '2', '0' ),
( '3', 'Sales', '3', '0' ),
( '4', 'Support', '4', '0' ),
( '5', 'Analytics', '5', '0' ),
( '6', 'Inventory', '6', '0' ),
( '7', 'Tools', '7', '0' ),
( '8', 'Settings', '8', '0' );
COMMIT;
-- ---------------------------------------------------------


-- Dump data of "vtiger_parenttabrel" ----------------------
BEGIN;

INSERT INTO `vtiger_parenttabrel`(`parenttabid`,`tabid`,`sequence`) VALUES 
( '1', '9', '2' ),
( '1', '28', '4' ),
( '1', '3', '1' ),
( '3', '7', '1' ),
( '3', '6', '2' ),
( '3', '4', '3' ),
( '3', '2', '4' ),
( '3', '20', '5' ),
( '3', '22', '6' ),
( '3', '23', '7' ),
( '3', '19', '8' ),
( '3', '8', '9' ),
( '4', '13', '1' ),
( '4', '15', '2' ),
( '4', '6', '3' ),
( '4', '4', '4' ),
( '4', '8', '5' ),
( '5', '1', '2' ),
( '5', '25', '1' ),
( '6', '14', '1' ),
( '6', '18', '2' ),
( '6', '19', '3' ),
( '6', '21', '4' ),
( '6', '22', '5' ),
( '6', '20', '6' ),
( '6', '23', '7' ),
( '7', '24', '1' ),
( '7', '27', '2' ),
( '7', '8', '3' ),
( '2', '26', '1' ),
( '2', '6', '2' ),
( '2', '4', '3' ),
( '2', '28', '4' ),
( '4', '28', '7' ),
( '2', '7', '5' ),
( '2', '9', '6' ),
( '4', '9', '8' ),
( '2', '8', '8' ),
( '3', '9', '11' ),
( '7', '30', '4' ),
( '7', '30', '5' ),
( '7', '31', '6' ),
( '7', '31', '7' ),
( '4', '34', '9' ),
( '4', '34', '10' ),
( '6', '35', '8' ),
( '6', '35', '9' ),
( '7', '38', '8' ),
( '7', '38', '9' ),
( '4', '39', '11' ),
( '4', '39', '12' ),
( '4', '40', '13' ),
( '4', '40', '14' ),
( '4', '41', '15' ),
( '4', '41', '16' ),
( '7', '43', '10' ),
( '7', '43', '11' ),
( '6', '47', '10' ),
( '6', '47', '11' ),
( '3', '48', '12' ),
( '3', '48', '13' ),
( '8', '49', '1' ),
( '8', '49', '2' ),
( '7', '24', '12' ),
( '7', '27', '13' ),
( '7', '43', '14' ),
( '7', '38', '15' ),
( '8', '50', '3' ),
( '8', '50', '4' ),
( '3', '58', '16' ),
( '3', '58', '17' ),
( '3', '61', '18' ),
( '3', '61', '19' ),
( '7', '62', '16' ),
( '7', '62', '17' );
COMMIT;
-- ---------------------------------------------------------


-- Dump data of "vtiger_payment_duration" ------------------
BEGIN;

INSERT INTO `vtiger_payment_duration`(`payment_duration_id`,`payment_duration`,`sortorderid`,`presence`,`color`) VALUES 
( '1', 'Net 30 days', '6', '1', NULL ),
( '2', 'Net 45 days', '7', '1', NULL ),
( '3', 'Net 60 days', '8', '1', NULL ),
( '4', 'Net 01 day', '1', '1', NULL ),
( '5', 'Net 05 days', '2', '1', NULL ),
( '6', 'Net 07 days', '3', '1', NULL ),
( '7', 'Net 10 days', '4', '1', NULL ),
( '8', 'Net 15 days', '5', '1', NULL );
COMMIT;
-- ---------------------------------------------------------


-- Dump data of "vtiger_payment_duration_seq" --------------
BEGIN;

INSERT INTO `vtiger_payment_duration_seq`(`id`) VALUES 
( '8' );
COMMIT;
-- ---------------------------------------------------------


-- Dump data of "vtiger_payment_status" --------------------
BEGIN;

INSERT INTO `vtiger_payment_status`(`payment_statusid`,`payment_status`,`presence`,`picklist_valueid`,`sortorderid`,`color`) VALUES 
( '1', 'Paid', '1', '311', '1', '#23cf00' ),
( '2', 'Completed', '1', '312', '2', NULL ),
( '3', 'Pending', '1', '313', '3', '#617f82' ),
( '4', '*Scheduled', '1', '314', '4', NULL ),
( '5', '*Requested', '1', '315', '5', NULL ),
( '6', '*Cancelled', '1', '316', '6', NULL ),
( '7', '*Refund', '1', '317', '7', NULL ),
( '8', '*Unpaid', '1', '318', '8', NULL ),
( '9', '-Failed', '1', '319', '9', '#d42828' ),
( '10', '*Credit', '1', '320', '10', NULL ),
( '11', '*Credit - Used', '1', '321', '11', NULL ),
( '12', 'Credit Applied', '1', '322', '12', NULL );
COMMIT;
-- ---------------------------------------------------------


-- Dump data of "vtiger_payment_status_seq" ----------------
BEGIN;

INSERT INTO `vtiger_payment_status_seq`(`id`) VALUES 
( '25' );
COMMIT;
-- ---------------------------------------------------------


-- Dump data of "vtiger_payment_type" ----------------------
BEGIN;

INSERT INTO `vtiger_payment_type`(`payment_typeid`,`payment_type`,`presence`,`picklist_valueid`,`sortorderid`,`color`) VALUES 
( '1', 'Check', '1', '305', '1', NULL ),
( '2', 'Credit Card', '1', '306', '2', NULL ),
( '3', 'Bank Account', '1', '307', '3', NULL ),
( '4', 'Cash', '1', '308', '4', NULL ),
( '5', 'PayPal', '1', '309', '5', NULL ),
( '6', 'Other', '1', '310', '6', NULL );
COMMIT;
-- ---------------------------------------------------------


-- Dump data of "vtiger_payment_type_seq" ------------------
BEGIN;

INSERT INTO `vtiger_payment_type_seq`(`id`) VALUES 
( '12' );
COMMIT;
-- ---------------------------------------------------------


-- Dump data of "vtiger_payments" --------------------------
BEGIN;

INSERT INTO `vtiger_payments`(`paymentid`,`paymentno`,`reference`,`invoice`,`organization`,`contact`,`amount_paid`,`payment_type`,`payment_status`,`date`,`tags`,`auth_net_invoice_no`,`potential`) VALUES 
( '14', 'PAY1', '', '12', '2', '4', '27.94000', 'Cash', '-Failed', '2024-06-01', '', '', NULL ),
( '15', 'PAY2', '', '12', '2', '4', '0.00000', 'Cash', '*Refund', '2024-06-01', '', '', NULL ),
( '80', 'PAY1', '', '0', '0', '42', '10.00000', 'Cash', 'Pending', '2024-06-09', '', '', '43' ),
( '84', 'PAY2', '', '0', '0', '0', '250.00000', 'Cash', 'Paid', '2024-06-09', '', 'A12', '43' ),
( '85', 'PAY3', '', '71', '0', '67', '250.00000', 'Cash', 'Paid', '2024-06-09', '', 'A13', '68' ),
( '90', 'PAY4', '', '79', '0', '4', '250.00000', 'Cash', 'Paid', '2024-06-10', '', '', '17' ),
( '92', 'PAY5', '', '91', '0', '42', '250.00000', 'Cash', 'Paid', '2024-06-10', '', '', '43' ),
( '98', 'PAY6', '', '0', '0', '4', '0.00000', 'Cash', 'Pending', '2024-06-11', '', '', '17' ),
( '99', 'PAY7', '123', '0', '0', '4', '250.00000', 'Other', 'Paid', '2024-06-11', '', '', '17' ),
( '100', 'PAY8', '', '0', '0', '4', '250.00000', 'Cash', 'Paid', '2024-06-11', '', '', '17' ),
( '111', 'PAY9', '', '0', '0', '58', '250.00000', 'Cash', 'Paid', '2024-08-06', '', '', '109' ),
( '113', 'PAY10', '', '0', '0', '58', '250.00000', 'Cash', 'Paid', '2024-08-06', '', '', '109' ),
( '128', 'PAY11', '', '0', '0', '42', '750.00000', 'Cash', 'Paid', '2024-08-07', '', '', '43' ),
( '142', 'PAY12', '', '141', '0', '42', '250.00000', 'Cash', 'Paid', '2024-08-11', '', '', '135' );
COMMIT;
-- ---------------------------------------------------------


-- Dump data of "vtiger_paymentscf" ------------------------
BEGIN;

INSERT INTO `vtiger_paymentscf`(`paymentid`) VALUES 
( '14' ),
( '15' ),
( '80' ),
( '84' ),
( '85' ),
( '90' ),
( '92' ),
( '98' ),
( '99' ),
( '100' ),
( '111' ),
( '113' ),
( '128' ),
( '142' );
COMMIT;
-- ---------------------------------------------------------


-- Dump data of "vtiger_pbxmanager" ------------------------
-- ---------------------------------------------------------


-- Dump data of "vtiger_pbxmanager_gateway" ----------------
-- ---------------------------------------------------------


-- Dump data of "vtiger_pbxmanager_phonelookup" ------------
-- ---------------------------------------------------------


-- Dump data of "vtiger_pbxmanagercf" ----------------------
-- ---------------------------------------------------------


-- Dump data of "vtiger_pdfmaker" --------------------------
BEGIN;

INSERT INTO `vtiger_pdfmaker`(`templateid`,`filename`,`module`,`body`,`description`,`deleted`,`type`) VALUES 
( '1', 'Invoice', 'Invoice', 0x3c68746d6c3e0d0a3c686561643e0d0a093c7469746c653e3c2f7469746c653e0d0a3c2f686561643e0d0a3c626f64793e0d0a3c7374796c6520747970653d22746578742f637373223e40666f6e742d66616365207b0d0a20202020666f6e742d66616d696c793a20536f7572636553616e7350726f3b0d0a202020207372633a2075726c28536f7572636553616e7350726f2d526567756c61722e747466293b0d0a20202020666f6e742d66616d696c793a205562756e74753b0d0a7d0d0a0d0a2e636c6561726669783a6166746572207b0d0a2020636f6e74656e743a2022223b0d0a2020646973706c61793a207461626c653b0d0a20636c6561723a20626f74683b0d0a7d0d0a0d0a61207b0d0a20202020636f6c6f723a20233142394242383b0d0a20202020746578742d6465636f726174696f6e3a206e6f6e653b0d0a7d0d0a0d0a7b0d0a20202020636f6c6f723a20233535353535353b0d0a202020206261636b67726f756e643a20234646464646463b0d0a20202020666f6e742d73697a653a20313470783b0d0a20202020666f6e742d66616d696c793a20536f7572636553616e7350726f3b0d0a7d0d0a0d0a23686561646572207b0d0a2020202070616464696e673a203130707820303b0d0a202020206d617267696e2d626f74746f6d3a203070783b0d0a20202020626f726465722d626f74746f6d3a2031707820736f6c696420234141414141413b0d0a7d0d0a0d0a236c6f676f207b0d0a20202020666c6f61743a6c6566743b0d0a202020206d617267696e3a203070783b0d0a2020202077696474683a2032353070783b0d0a7d0d0a0d0a236c6f676f20696d67207b0d0a202020206865696768743a20373070783b0d0a7d0d0a0d0a23636f6d70616e79207b0d0a20202020666c6f61743a6c6566743b0d0a20202020746578742d616c69676e3a206c6566743b0d0a2020202077696474683a33353070783b0d0a7d0d0a0d0a2364657461696c73207b0d0a202020206d617267696e2d626f74746f6d3a20313570783b0d0a2020202070616464696e672d746f703a20333070783b0d0a7d0d0a0d0a23636c69656e74207b0d0a2020202070616464696e672d6c6566743a203670783b0d0a20202020626f726465722d6c6566743a2036707820736f6c696420233142394242383b0d0a20202020666c6f61743a206c6566743b0d0a2020202077696474683a2034323070783b0d0a7d0d0a23636c69656e7432207b0d0a2020202070616464696e672d6c6566743a203670783b0d0a20202020626f726465722d6c6566743a2036707820736f6c696420234244423942393b3b0d0a20202020666c6f61743a206c6566743b0d0a2020202077696474683a2034323070783b0d0a0d0a7d0d0a0d0a23636c69656e74202e746f207b0d0a20202020636f6c6f723a20233933393539383b0d0a7d0d0a23636c69656e7432202e746f207b0d0a20202020636f6c6f723a20626c61636b3b0d0a7d0d0a0d0a68322e6e616d65207b0d0a20202020666f6e742d73697a653a20312e34656d3b0d0a20202020666f6e742d7765696768743a20626f6c643b0d0a202020206d617267696e3a20303b0d0a7d0d0a0d0a23696e766f696365207b0d0a20202020666c6f61743a2072696768743b0d0a20202020746578742d616c69676e3a2072696768743b0d0a7d0d0a23696e766f69636532207b0d0a20202020666c6f61743a2072696768743b0d0a20202020746578742d616c69676e3a2072696768743b0d0a0d0a7d0d0a0d0a23696e766f6963652068312c206831207b0d0a20202020666c6f61743a2072696768743b0d0a20202020636f6c6f723a20233142394242383b0d0a20202020666f6e742d73697a653a2032656d3b0d0a202020206c696e652d6865696768743a20322e32656d3b0d0a20202020666f6e742d7765696768743a20626f6c643b0d0a202020206d617267696e3a203070783b0d0a2020202070616464696e673a203070783b0d0a7d0d0a23696e766f696365322068312c206831207b0d0a20202020666c6f61743a2072696768743b0d0a20202020636f6c6f723a20233142394242383b0d0a20202020666f6e742d73697a653a2032656d3b0d0a202020206c696e652d6865696768743a20322e32656d3b0d0a20202020666f6e742d7765696768743a20626f6c643b0d0a202020206d617267696e3a203070783b0d0a2020202070616464696e673a203070783b0d0a7d0d0a0d0a23696e766f696365202e696e666f207b0d0a20202020666f6e742d73697a653a20302e38656d3b0d0a7d0d0a23696e766f69636532202e696e666f207b0d0a20202020666f6e742d73697a653a20302e38656d3b0d0a7d0d0a0d0a7461626c65207b0d0a2020202077696474683a20313030253b0d0a20202020626f726465722d636f6c6c617073653a20636f6c6c617073653b0d0a20202020626f726465722d73706163696e673a20303b0d0a202020206d617267696e2d626f74746f6d3a20323070783b0d0a7d0d0a0d0a7461626c652074682c0d0a7461626c65207464207b0d0a2020202070616464696e673a203130707820313070783b0d0a202020206261636b67726f756e643a20234545454545453b0d0a20202020746578742d616c69676e3a2063656e7465723b0d0a20202020626f726465722d626f74746f6d3a2031707820736f6c696420234646464646463b0d0a7d0d0a0d0a7461626c65207468207b0d0a2020202077686974652d73706163653a206e6f777261703b0d0a20202020666f6e742d7765696768743a206e6f726d616c3b0d0a7d0d0a0d0a7461626c65207464207b0d0a20202020746578742d616c69676e3a2072696768743b0d0a7d0d0a0d0a7461626c652074642068337b0d0a20202020636f6c6f723a20233142394242383b0d0a20202020666f6e742d73697a653a20313070783b0d0a20202020666f6e742d7765696768743a206e6f726d616c3b0d0a202020206d617267696e3a2030203020302e32656d20303b0d0a7d0d0a0d0a7461626c65202e6e6f207b0d0a20202020636f6c6f723a20234646464646463b0d0a20202020666f6e742d73697a653a20312e32656d3b0d0a202020206261636b67726f756e643a20233142394242383b0d0a7d0d0a0d0a7461626c65202e64657363207b0d0a20202020746578742d616c69676e3a206c6566743b0d0a7d0d0a0d0a7461626c65202e756e6974207b0d0a202020206261636b67726f756e643a20234444444444443b0d0a7d0d0a0d0a7461626c65202e717479207b0d0a20202020746578742d616c69676e3a2063656e7465723b0d0a7d0d0a0d0a7461626c65202e746f74616c207b0d0a202020206261636b67726f756e643a20233142394242383b0d0a20202020636f6c6f723a20234646464646463b0d0a7d0d0a0d0a7461626c652074642e756e69742c0d0a7461626c652074642e7174792c0d0a7461626c652074642e746f74616c207b0d0a20202020666f6e742d73697a653a203120656d3b0d0a7d0d0a0d0a7461626c652074626f64792074723a6c6173742d6368696c64207464207b0d0a20202020626f726465723a206e6f6e653b0d0a7d0d0a0d0a7461626c652074666f6f74207464207b0d0a2020202070616464696e673a20313070783b0d0a20202020666f6e742d73697a653a20312e32656d3b0d0a202020206261636b67726f756e643a20234646464646463b0d0a20202020626f726465722d626f74746f6d3a206e6f6e653b0d0a2020202077686974652d73706163653a206e6f777261703b0d0a20202020626f726465722d746f703a2031707820736f6c696420234141414141413b0d0a7d0d0a0d0a7461626c652074666f6f74202e626f726465722d6e6f6e652d746f70207b0d0a20202020626f726465722d746f703a206e6f6e653b0d0a7d0d0a0d0a7461626c652074666f6f74202e6772616e642d746f74616c207b0d0a2020202070616464696e673a2031307078203770783b0d0a20202020636f6c6f723a20233142394242383b0d0a20202020666f6e742d73697a653a20312e33656d3b0d0a20202020626f726465722d746f703a2031707820736f6c696420233142394242383b0d0a20202020666f6e742d7765696768743a626f6c640d0a7d0d0a0d0a7461626c652074666f6f74202e626f726465722d6e6f6e65207b0d0a20202020626f726465723a206e6f6e653b0d0a7d0d0a0d0a237064665f7461677b0d0a20202020666f6e742d73697a653a20312e31656d3b0d0a202020206d617267696e3a2033307078203070782031357078203070783b0d0a7d0d0a0d0a236e6f74696365737b0d0a2020202070616464696e672d6c6566743a203670783b0d0a20202020626f726465722d6c6566743a2036707820736f6c696420233142394242383b0d0a7d0d0a0d0a236e6f7469636573202e6e6f74696365207b0d0a20202020666f6e742d73697a653a20312e32656d3b0d0a7d0d0a0d0a2e666f6f7465722c202e666f6f746572207464207b0d0a202020206261636b67726f756e642d636f6c6f723a234646464646463b0d0a20202020636f6c6f723a20233933393539383b0d0a20202020626f726465723a206e6f6e653b0d0a20202020626f726465722d746f703a2031707820736f6c696420234141414141413b0d0a20202020666f6e742d73697a653a20302e39656d3b0d0a2020202070616464696e673a203130707820303b0d0a7d0d0a0d0a2e6865616465722c202e686561646572207464207b0d0a202020206261636b67726f756e642d636f6c6f723a234646464646463b0d0a20202020626f726465723a206e6f6e653b0d0a20202020626f726465722d626f74746f6d3a2031707820736f6c696420234141414141413b0d0a202020206d617267696e3a3070783b0d0a2020202070616464696e673a3070783b0d0a7d0d0a3c2f7374796c653e0d0a3c6469762069643d2264657461696c73223e0d0a3c6469762069643d22636c69656e7432223e0d0a3c70207374796c653d22636f6c6f723a2072676228302c20302c2030293b20666f6e742d66616d696c793a2056657264616e613b20666f6e742d73697a653a206d656469756d3b20666f6e742d7374796c653a206e6f726d616c3b20666f6e742d76617269616e742d6c69676174757265733a206e6f726d616c3b20666f6e742d76617269616e742d636170733a206e6f726d616c3b20666f6e742d7765696768743a206e6f726d616c3b206c65747465722d73706163696e673a206e6f726d616c3b206f727068616e733a20323b20746578742d616c69676e3a2073746172743b20746578742d696e64656e743a203070783b20746578742d7472616e73666f726d3a206e6f6e653b2077686974652d73706163653a206e6f726d616c3b207769646f77733a20323b20776f72642d73706163696e673a203070783b202d7765626b69742d746578742d7374726f6b652d77696474683a203070783b20746578742d6465636f726174696f6e2d7374796c653a20696e697469616c3b20746578742d6465636f726174696f6e2d636f6c6f723a20696e697469616c3b223e3c7370616e207374796c653d22666f6e742d7765696768743a20626f6c643b223e24494e564f4943455f4143434f554e545f4944243c2f7370616e3e3c2f703e0d0a24494e564f4943455f42494c4c5f535452454554243c6272202f3e0d0a24494e564f4943455f42494c4c5f434f4445242024494e564f4943455f42494c4c5f43495459243c6272202f3e0d0a24494e564f4943455f42494c4c5f5354415445243c6272202f3e0d0a3c6272202f3e0d0a3c6272202f3e0d0a3c6272202f3e0d0a266e6273703b3c2f6469763e0d0a0d0a3c6469762069643d22696e766f69636532223e0d0a3c64697620636c6173733d22696e666f223e0d0a3c70207374796c653d22636f6c6f723a2072676228302c20302c2030293b20666f6e742d66616d696c793a2056657264616e613b20666f6e742d73697a653a206d656469756d3b20666f6e742d7374796c653a206e6f726d616c3b20666f6e742d76617269616e742d6c69676174757265733a206e6f726d616c3b20666f6e742d76617269616e742d636170733a206e6f726d616c3b20666f6e742d7765696768743a206e6f726d616c3b206c65747465722d73706163696e673a206e6f726d616c3b206f727068616e733a20323b20746578742d616c69676e3a2073746172743b20746578742d696e64656e743a203070783b20746578742d7472616e73666f726d3a206e6f6e653b2077686974652d73706163653a206e6f726d616c3b207769646f77733a20323b20776f72642d73706163696e673a203070783b202d7765626b69742d746578742d7374726f6b652d77696474683a203070783b20746578742d6465636f726174696f6e2d7374796c653a20696e697469616c3b20746578742d6465636f726174696f6e2d636f6c6f723a20696e697469616c3b223e3c7370616e207374796c653d22666f6e742d7765696768743a20626f6c643b223e24434f4d50414e595f4e414d45243c2f7370616e3e3c2f703e0d0a0d0a3c70207374796c653d22636f6c6f723a2072676228302c20302c2030293b20666f6e742d66616d696c793a2056657264616e613b20666f6e742d73697a653a206d656469756d3b20666f6e742d7374796c653a206e6f726d616c3b20666f6e742d76617269616e742d6c69676174757265733a206e6f726d616c3b20666f6e742d76617269616e742d636170733a206e6f726d616c3b20666f6e742d7765696768743a206e6f726d616c3b206c65747465722d73706163696e673a206e6f726d616c3b206f727068616e733a20323b20746578742d616c69676e3a2073746172743b20746578742d696e64656e743a203070783b20746578742d7472616e73666f726d3a206e6f6e653b2077686974652d73706163653a206e6f726d616c3b207769646f77733a20323b20776f72642d73706163696e673a203070783b202d7765626b69742d746578742d7374726f6b652d77696474683a203070783b20746578742d6465636f726174696f6e2d7374796c653a20696e697469616c3b20746578742d6465636f726174696f6e2d636f6c6f723a20696e697469616c3b223e24434f4d50414e595f41444452455353243c6272202f3e0d0a24434f4d50414e595f5a4950242024434f4d50414e595f43495459243c6272202f3e0d0a24434f4d50414e595f434f554e545259243c2f703e0d0a0d0a3c70207374796c653d22636f6c6f723a2072676228302c20302c2030293b20666f6e742d66616d696c793a2056657264616e613b20666f6e742d73697a653a206d656469756d3b20666f6e742d7374796c653a206e6f726d616c3b20666f6e742d76617269616e742d6c69676174757265733a206e6f726d616c3b20666f6e742d76617269616e742d636170733a206e6f726d616c3b20666f6e742d7765696768743a206e6f726d616c3b206c65747465722d73706163696e673a206e6f726d616c3b206f727068616e733a20323b20746578742d616c69676e3a2073746172743b20746578742d696e64656e743a203070783b20746578742d7472616e73666f726d3a206e6f6e653b2077686974652d73706163653a206e6f726d616c3b207769646f77733a20323b20776f72642d73706163696e673a203070783b202d7765626b69742d746578742d7374726f6b652d77696474683a203070783b20746578742d6465636f726174696f6e2d7374796c653a20696e697469616c3b20746578742d6465636f726174696f6e2d636f6c6f723a20696e697469616c3b223e25434f4d50414e595f50484f4e45252024434f4d50414e595f50484f4e45243c6272202f3e0d0a25434f4d50414e595f464158252024434f4d50414e595f464158243c6272202f3e0d0a3c6272202f3e0d0a24434f4d50414e595f57454253495445243c6272202f3e0d0a3c6272202f3e0d0a254d5f496e766f6963652044617465253a2024494e564f4943455f494e564f49434544415445243c2f703e3c6272202f3e0d0a266e6273703b0d0a3c2f6469763e0d0a3c2f6469763e0d0a3c2f6469763e0d0a0d0a3c7461626c6520626f726465723d22302220636f6c6f723d22626c61636b22207374796c653d22666f6e742d73697a653a313070783b222077696474683d2231303025223e0d0a093c74686561643e0d0a09093c74723e0d0a0909093c7468207374796c653d22746578742d616c69676e3a2063656e7465723b636f6c6f723a2077686974653b666f6e742d7765696768743a203630303b6261636b67726f756e643a234244423942393b2077696474683a3525223e3c2f74683e0d0a0909093c7468207374796c653d22746578742d616c69676e3a206c6566743b636f6c6f723a2077686974653b666f6e742d7765696768743a203630303b6261636b67726f756e643a234244423942393b77696474683a3435253b626f726465722d72696768743a32707820736f6c6964207768697465223e3c7370616e207374796c653d22666f6e742d66616d696c793a76657264616e612c67656e6576612c73616e732d73657269663b223e3c7370616e207374796c653d22636f6c6f723a233030303030303b223e3c7374726f6e673e25475f4465736372697074696f6e253c2f7374726f6e673e3c2f7370616e3e3c2f7370616e3e3c2f74683e0d0a0909093c7468207374796c653d22746578742d616c69676e3a2063656e7465723b636f6c6f723a2077686974653b666f6e742d7765696768743a203630303b6261636b67726f756e643a234244423942393b77696474683a3135253b626f726465722d72696768743a32707820736f6c6964207768697465223e3c7370616e207374796c653d22666f6e742d66616d696c793a76657264616e612c67656e6576612c73616e732d73657269663b223e3c7370616e207374796c653d22636f6c6f723a233030303030303b223e3c7374726f6e673e25475f4c697374205072696365253c2f7374726f6e673e3c2f7370616e3e3c2f7370616e3e3c2f74683e0d0a0909093c7468207374796c653d22746578742d616c69676e3a2063656e7465723b636f6c6f723a2077686974653b666f6e742d7765696768743a203630303b6261636b67726f756e643a234244423942393b77696474683a3135253b626f726465722d72696768743a32707820736f6c6964207768697465223e3c7370616e207374796c653d22666f6e742d66616d696c793a76657264616e612c67656e6576612c73616e732d73657269663b223e3c7370616e207374796c653d22636f6c6f723a233030303030303b223e3c7374726f6e673e25475f5175616e74697479253c2f7374726f6e673e3c2f7370616e3e3c2f7370616e3e3c2f74683e0d0a0909093c7468207374796c653d22746578742d616c69676e3a2063656e7465723b636f6c6f723a2077686974653b666f6e742d7765696768743a203630303b6261636b67726f756e643a234244423942393b77696474683a313525223e3c7370616e207374796c653d22666f6e742d66616d696c793a76657264616e612c67656e6576612c73616e732d73657269663b223e3c7370616e207374796c653d22636f6c6f723a233030303030303b223e3c7374726f6e673e25475f546f74616c253c2f7374726f6e673e3c2f7370616e3e3c2f7370616e3e3c2f74683e0d0a09093c2f74723e0d0a093c2f74686561643e0d0a093c74626f64793e0d0a09093c74723e0d0a0909093c746420636f6c7370616e3d2235223e3c7370616e207374796c653d22666f6e742d66616d696c793a76657264616e612c67656e6576612c73616e732d73657269663b223e2350524f44554354424c4f435f5354415254233c2f7370616e3e3c2f74643e0d0a09093c2f74723e0d0a09093c74723e0d0a0909093c7464207374796c653d226261636b67726f756e643a234244423942393b626f726465722d626f74746f6d3a32707820736f6c6964207768697465223e3c7370616e207374796c653d22666f6e742d66616d696c793a76657264616e612c67656e6576612c73616e732d73657269663b223e2450524f44554354504f534954494f4e243c2f7370616e3e3c2f74643e0d0a0909093c7464207374796c653d22746578742d616c69676e3a6c6566743b20626f726465722d626f74746f6d3a32707820736f6c69642077686974653b626f726465722d72696768743a32707820736f6c69642077686974653b223e0d0a0909093c68333e3c7370616e207374796c653d22666f6e742d66616d696c793a76657264616e612c67656e6576612c73616e732d73657269663b223e2450524f445543545449544c45243c2f7370616e3e3c2f68333e0d0a0909093c7370616e207374796c653d22666f6e742d66616d696c793a76657264616e612c67656e6576612c73616e732d73657269663b223e2450524f44554354454449544445534352495054494f4e243c2f7370616e3e3c2f74643e0d0a0909093c7464207374796c653d22626f726465722d72696768743a32707820736f6c69642077686974653b626f726465722d626f74746f6d3a32707820736f6c6964207768697465223e3c7370616e207374796c653d22666f6e742d66616d696c793a76657264616e612c67656e6576612c73616e732d73657269663b223e2450524f445543544c495354505249434524202443555252454e435953594d424f4c243c2f7370616e3e3c2f74643e0d0a0909093c7464207374796c653d22626f726465722d72696768743a32707820736f6c69642077686974653b626f726465722d626f74746f6d3a32707820736f6c6964207768697465223e3c7370616e207374796c653d22666f6e742d66616d696c793a76657264616e612c67656e6576612c73616e732d73657269663b223e2450524f445543545155414e54495459243c2f7370616e3e3c2f74643e0d0a0909093c7464207374796c653d22626f726465722d626f74746f6d3a32707820736f6c6964207768697465223e3c7370616e207374796c653d22666f6e742d66616d696c793a76657264616e612c67656e6576612c73616e732d73657269663b223e3c7374726f6e673e2450524f4455435453544f54414c4146544552444953434f554e5424202443555252454e435953594d424f4c243c2f7374726f6e673e3c2f7370616e3e3c2f74643e0d0a09093c2f74723e0d0a09093c74723e0d0a0909093c746420636f6c7370616e3d2235223e3c7370616e207374796c653d22666f6e742d66616d696c793a76657264616e612c67656e6576612c73616e732d73657269663b223e2350524f44554354424c4f435f454e44233c2f7370616e3e3c2f74643e0d0a09093c2f74723e0d0a09093c74723e0d0a0909093c746420636f6c7370616e3d223522207374796c653d226261636b67726f756e643a7768697465223e3c2f74643e0d0a09093c2f74723e0d0a09093c74723e0d0a0909093c746420636f6c7370616e3d223422207374796c653d226261636b67726f756e643a77686974653b20626f726465722d626f74746f6d3a31707820736f6c69642023424442394239223e3c7370616e207374796c653d22666f6e742d66616d696c793a76657264616e612c67656e6576612c73616e732d73657269663b223e25475f537562746f74616c253c2f7370616e3e3c2f74643e0d0a0909093c7464207374796c653d226261636b67726f756e643a234244423942393b223e3c7370616e207374796c653d22666f6e742d66616d696c793a76657264616e612c67656e6576612c73616e732d73657269663b223e24544f54414c574954484f555456415424202443555252454e435953594d424f4c243c2f7370616e3e3c2f74643e0d0a09093c2f74723e0d0a09093c74723e0d0a0909093c746420636f6c7370616e3d223422207374796c653d226261636b67726f756e643a77686974653b20626f726465722d626f74746f6d3a31707820736f6c69642023424442394239223e3c7370616e207374796c653d22666f6e742d66616d696c793a76657264616e612c67656e6576612c73616e732d73657269663b223e25475f4c424c5f444953434f554e54253c2f7370616e3e3c2f74643e0d0a0909093c7464207374796c653d226261636b67726f756e643a234244423942393b223e3c7370616e207374796c653d22666f6e742d66616d696c793a76657264616e612c67656e6576612c73616e732d73657269663b223e24544f54414c444953434f554e5424202443555252454e435953594d424f4c243c2f7370616e3e3c2f74643e0d0a09093c2f74723e0d0a09093c74723e0d0a0909093c746420636f6c7370616e3d223422207374796c653d226261636b67726f756e643a77686974653b20626f726465722d626f74746f6d3a31707820736f6c69642023424442394239223e3c7370616e207374796c653d22666f6e742d66616d696c793a76657264616e612c67656e6576612c73616e732d73657269663b223e25475f546f74616c253c2f7370616e3e3c2f74643e0d0a0909093c7464207374796c653d226261636b67726f756e643a234244423942393b223e3c7370616e207374796c653d22666f6e742d66616d696c793a76657264616e612c67656e6576612c73616e732d73657269663b223e24544f54414c4146544552444953434f554e5424202443555252454e435953594d424f4c243c2f7370616e3e3c2f74643e0d0a09093c2f74723e0d0a09093c74723e0d0a0909093c746420636f6c7370616e3d223422207374796c653d226261636b67726f756e643a77686974653b20626f726465722d626f74746f6d3a32707820736f6c69642023424442394239223e3c7370616e207374796c653d22666f6e742d66616d696c793a76657264616e612c67656e6576612c73616e732d73657269663b223e25475f54617825202456415450455243454e5424253c2f7370616e3e3c2f74643e0d0a0909093c7464207374796c653d226261636b67726f756e643a234244423942393b3b626f726465722d626f74746f6d3a32707820736f6c69642023424442394239223e3c7370616e207374796c653d22666f6e742d66616d696c793a76657264616e612c67656e6576612c73616e732d73657269663b223e2456415424202443555252454e435953594d424f4c243c2f7370616e3e3c2f74643e0d0a09093c2f74723e0d0a09093c74723e0d0a0909093c746420636f6c7370616e3d223422207374796c653d226261636b67726f756e643a77686974653b223e3c7374726f6e673e266e6273703b266e6273703b266e6273703b266e6273703b2025475f4c424c5f4752414e445f544f54414c253c2f7374726f6e673e3c2f74643e0d0a0909093c7464207374796c653d226261636b67726f756e643a7768697465223e3c7370616e207374796c653d22666f6e742d66616d696c793a76657264616e612c67656e6576612c73616e732d73657269663b223e3c7370616e207374796c653d22666f6e742d73697a653a313270783b223e3c7374726f6e673e24544f54414c24202443555252454e435953594d424f4c243c2f7374726f6e673e3c2f7370616e3e3c2f7370616e3e3c2f74643e0d0a09093c2f74723e0d0a093c2f74626f64793e0d0a3c2f7461626c653e0d0a0d0a3c6469762069643d2264657461696c73223e0d0a3c6469762069643d22636c69656e7432223e3c7370616e207374796c653d22666f6e742d66616d696c793a76657264616e612c67656e6576612c73616e732d73657269663b223e24494e564f4943455f5445524d535f434f4e444954494f4e53243c2f7370616e3e3c2f6469763e0d0a0d0a3c6469762069643d22696e766f696365223e3c6272202f3e0d0a3c6272202f3e0d0a3c6272202f3e0d0a3c6272202f3e0d0a3c7370616e207374796c653d22666f6e742d66616d696c793a76657264616e612c67656e6576612c73616e732d73657269663b223e5f5f5f5f5f5f5f5f5f5f5f5f5f5f5f5f5f5f5f5f5f5f5f5f5f5f5f5f3c2f7370616e3e3c6272202f3e0d0a24525f55534552535f46495253545f4e414d4524e2808b2024525f55534552535f4c4153545f4e414d4524e2808b3c2f6469763e0d0a3c2f6469763e0d0a3c2f626f64793e0d0a3c2f68746d6c3e0d0a, 'Template for Invoice', '0', NULL ),
( '2', 'SalesOrder', 'SalesOrder', 0x3c68746d6c3e0d0a3c686561643e0d0a093c7469746c653e3c2f7469746c653e0d0a3c2f686561643e0d0a3c626f64793e0d0a3c7374796c6520747970653d22746578742f637373223e40666f6e742d66616365207b0d0a20202020666f6e742d66616d696c793a20536f7572636553616e7350726f3b0d0a202020207372633a2075726c28536f7572636553616e7350726f2d526567756c61722e747466293b0d0a20202020666f6e742d66616d696c793a205562756e74753b0d0a7d0d0a0d0a2e636c6561726669783a6166746572207b0d0a2020636f6e74656e743a2022223b0d0a2020646973706c61793a207461626c653b0d0a20636c6561723a20626f74683b0d0a7d0d0a0d0a61207b0d0a20202020636f6c6f723a20233142394242383b0d0a20202020746578742d6465636f726174696f6e3a206e6f6e653b0d0a7d0d0a0d0a7b0d0a20202020636f6c6f723a20233535353535353b0d0a202020206261636b67726f756e643a20234646464646463b0d0a20202020666f6e742d73697a653a20313470783b0d0a20202020666f6e742d66616d696c793a20536f7572636553616e7350726f3b0d0a7d0d0a0d0a23686561646572207b0d0a2020202070616464696e673a203130707820303b0d0a202020206d617267696e2d626f74746f6d3a203070783b0d0a20202020626f726465722d626f74746f6d3a2031707820736f6c696420234141414141413b0d0a7d0d0a0d0a236c6f676f207b0d0a20202020666c6f61743a6c6566743b0d0a202020206d617267696e3a203070783b0d0a2020202077696474683a2032353070783b0d0a7d0d0a0d0a236c6f676f20696d67207b0d0a202020206865696768743a20373070783b0d0a7d0d0a0d0a23636f6d70616e79207b0d0a20202020666c6f61743a6c6566743b0d0a20202020746578742d616c69676e3a206c6566743b0d0a2020202077696474683a33353070783b0d0a7d0d0a0d0a2364657461696c73207b0d0a202020206d617267696e2d626f74746f6d3a20313570783b0d0a2020202070616464696e672d746f703a20333070783b0d0a7d0d0a0d0a23636c69656e74207b0d0a2020202070616464696e672d6c6566743a203670783b0d0a20202020626f726465722d6c6566743a2036707820736f6c696420233142394242383b0d0a20202020666c6f61743a206c6566743b0d0a2020202077696474683a2034323070783b0d0a7d0d0a23636c69656e7432207b0d0a2020202070616464696e672d6c6566743a203670783b0d0a20202020626f726465722d6c6566743a2036707820736f6c696420234244423942393b3b0d0a20202020666c6f61743a206c6566743b0d0a2020202077696474683a2034323070783b0d0a0d0a7d0d0a0d0a23636c69656e74202e746f207b0d0a20202020636f6c6f723a20233933393539383b0d0a7d0d0a23636c69656e7432202e746f207b0d0a20202020636f6c6f723a20626c61636b3b0d0a7d0d0a0d0a68322e6e616d65207b0d0a20202020666f6e742d73697a653a20312e34656d3b0d0a20202020666f6e742d7765696768743a20626f6c643b0d0a202020206d617267696e3a20303b0d0a7d0d0a0d0a23696e766f696365207b0d0a20202020666c6f61743a2072696768743b0d0a20202020746578742d616c69676e3a2072696768743b0d0a7d0d0a23696e766f69636532207b0d0a20202020666c6f61743a2072696768743b0d0a20202020746578742d616c69676e3a2072696768743b0d0a0d0a7d0d0a0d0a23696e766f6963652068312c206831207b0d0a20202020666c6f61743a2072696768743b0d0a20202020636f6c6f723a20233142394242383b0d0a20202020666f6e742d73697a653a2032656d3b0d0a202020206c696e652d6865696768743a20322e32656d3b0d0a20202020666f6e742d7765696768743a20626f6c643b0d0a202020206d617267696e3a203070783b0d0a2020202070616464696e673a203070783b0d0a7d0d0a23696e766f696365322068312c206831207b0d0a20202020666c6f61743a2072696768743b0d0a20202020636f6c6f723a20233142394242383b0d0a20202020666f6e742d73697a653a2032656d3b0d0a202020206c696e652d6865696768743a20322e32656d3b0d0a20202020666f6e742d7765696768743a20626f6c643b0d0a202020206d617267696e3a203070783b0d0a2020202070616464696e673a203070783b0d0a7d0d0a0d0a23696e766f696365202e696e666f207b0d0a20202020666f6e742d73697a653a20302e38656d3b0d0a7d0d0a23696e766f69636532202e696e666f207b0d0a20202020666f6e742d73697a653a20302e38656d3b0d0a7d0d0a0d0a7461626c65207b0d0a2020202077696474683a20313030253b0d0a20202020626f726465722d636f6c6c617073653a20636f6c6c617073653b0d0a20202020626f726465722d73706163696e673a20303b0d0a202020206d617267696e2d626f74746f6d3a20323070783b0d0a7d0d0a0d0a7461626c652074682c0d0a7461626c65207464207b0d0a2020202070616464696e673a203130707820313070783b0d0a202020206261636b67726f756e643a20234545454545453b0d0a20202020746578742d616c69676e3a2063656e7465723b0d0a20202020626f726465722d626f74746f6d3a2031707820736f6c696420234646464646463b0d0a7d0d0a0d0a7461626c65207468207b0d0a2020202077686974652d73706163653a206e6f777261703b0d0a20202020666f6e742d7765696768743a206e6f726d616c3b0d0a7d0d0a0d0a7461626c65207464207b0d0a20202020746578742d616c69676e3a2072696768743b0d0a7d0d0a0d0a7461626c652074642068337b0d0a20202020636f6c6f723a20233142394242383b0d0a20202020666f6e742d73697a653a20313070783b0d0a20202020666f6e742d7765696768743a206e6f726d616c3b0d0a202020206d617267696e3a2030203020302e32656d20303b0d0a7d0d0a0d0a7461626c65202e6e6f207b0d0a20202020636f6c6f723a20234646464646463b0d0a20202020666f6e742d73697a653a20312e32656d3b0d0a202020206261636b67726f756e643a20233142394242383b0d0a7d0d0a0d0a7461626c65202e64657363207b0d0a20202020746578742d616c69676e3a206c6566743b0d0a7d0d0a0d0a7461626c65202e756e6974207b0d0a202020206261636b67726f756e643a20234444444444443b0d0a7d0d0a0d0a7461626c65202e717479207b0d0a20202020746578742d616c69676e3a2063656e7465723b0d0a7d0d0a0d0a7461626c65202e746f74616c207b0d0a202020206261636b67726f756e643a20233142394242383b0d0a20202020636f6c6f723a20234646464646463b0d0a7d0d0a0d0a7461626c652074642e756e69742c0d0a7461626c652074642e7174792c0d0a7461626c652074642e746f74616c207b0d0a20202020666f6e742d73697a653a203120656d3b0d0a7d0d0a0d0a7461626c652074626f64792074723a6c6173742d6368696c64207464207b0d0a20202020626f726465723a206e6f6e653b0d0a7d0d0a0d0a7461626c652074666f6f74207464207b0d0a2020202070616464696e673a20313070783b0d0a20202020666f6e742d73697a653a20312e32656d3b0d0a202020206261636b67726f756e643a20234646464646463b0d0a20202020626f726465722d626f74746f6d3a206e6f6e653b0d0a2020202077686974652d73706163653a206e6f777261703b0d0a20202020626f726465722d746f703a2031707820736f6c696420234141414141413b0d0a7d0d0a0d0a7461626c652074666f6f74202e626f726465722d6e6f6e652d746f70207b0d0a20202020626f726465722d746f703a206e6f6e653b0d0a7d0d0a0d0a7461626c652074666f6f74202e6772616e642d746f74616c207b0d0a2020202070616464696e673a2031307078203770783b0d0a20202020636f6c6f723a20233142394242383b0d0a20202020666f6e742d73697a653a20312e33656d3b0d0a20202020626f726465722d746f703a2031707820736f6c696420233142394242383b0d0a20202020666f6e742d7765696768743a626f6c640d0a7d0d0a0d0a7461626c652074666f6f74202e626f726465722d6e6f6e65207b0d0a20202020626f726465723a206e6f6e653b0d0a7d0d0a0d0a237064665f7461677b0d0a20202020666f6e742d73697a653a20312e31656d3b0d0a202020206d617267696e3a2033307078203070782031357078203070783b0d0a7d0d0a0d0a236e6f74696365737b0d0a2020202070616464696e672d6c6566743a203670783b0d0a20202020626f726465722d6c6566743a2036707820736f6c696420233142394242383b0d0a7d0d0a0d0a236e6f7469636573202e6e6f74696365207b0d0a20202020666f6e742d73697a653a20312e32656d3b0d0a7d0d0a0d0a2e666f6f7465722c202e666f6f746572207464207b0d0a202020206261636b67726f756e642d636f6c6f723a234646464646463b0d0a20202020636f6c6f723a20233933393539383b0d0a20202020626f726465723a206e6f6e653b0d0a20202020626f726465722d746f703a2031707820736f6c696420234141414141413b0d0a20202020666f6e742d73697a653a20302e39656d3b0d0a2020202070616464696e673a203130707820303b0d0a7d0d0a0d0a2e6865616465722c202e686561646572207464207b0d0a202020206261636b67726f756e642d636f6c6f723a234646464646463b0d0a20202020626f726465723a206e6f6e653b0d0a20202020626f726465722d626f74746f6d3a2031707820736f6c696420234141414141413b0d0a202020206d617267696e3a3070783b0d0a2020202070616464696e673a3070783b0d0a7d0d0a3c2f7374796c653e0d0a3c6469762069643d2264657461696c73223e0d0a3c6469762069643d22636c69656e7432223e0d0a3c70207374796c653d22636f6c6f723a2072676228302c20302c2030293b20666f6e742d66616d696c793a2056657264616e613b20666f6e742d73697a653a206d656469756d3b20666f6e742d7374796c653a206e6f726d616c3b20666f6e742d76617269616e742d6c69676174757265733a206e6f726d616c3b20666f6e742d76617269616e742d636170733a206e6f726d616c3b20666f6e742d7765696768743a206e6f726d616c3b206c65747465722d73706163696e673a206e6f726d616c3b206f727068616e733a20323b20746578742d616c69676e3a2073746172743b20746578742d696e64656e743a203070783b20746578742d7472616e73666f726d3a206e6f6e653b2077686974652d73706163653a206e6f726d616c3b207769646f77733a20323b20776f72642d73706163696e673a203070783b202d7765626b69742d746578742d7374726f6b652d77696474683a203070783b20746578742d6465636f726174696f6e2d7374796c653a20696e697469616c3b20746578742d6465636f726174696f6e2d636f6c6f723a20696e697469616c3b223e3c7370616e207374796c653d22666f6e742d7765696768743a20626f6c643b223e2453414c45534f524445525f4143434f554e545f4944243c2f7370616e3e3c2f703e0d0a2453414c45534f524445525f42494c4c5f535452454554243c6272202f3e0d0a2453414c45534f524445525f42494c4c5f434f444524202453414c45534f524445525f42494c4c5f43495459243c6272202f3e0d0a2453414c45534f524445525f42494c4c5f5354415445243c6272202f3e0d0a3c6272202f3e0d0a3c6272202f3e0d0a3c6272202f3e0d0a266e6273703b3c2f6469763e0d0a0d0a3c6469762069643d22696e766f69636532223e0d0a3c64697620636c6173733d22696e666f223e0d0a3c70207374796c653d22636f6c6f723a2072676228302c20302c2030293b20666f6e742d66616d696c793a2056657264616e613b20666f6e742d73697a653a206d656469756d3b20666f6e742d7374796c653a206e6f726d616c3b20666f6e742d76617269616e742d6c69676174757265733a206e6f726d616c3b20666f6e742d76617269616e742d636170733a206e6f726d616c3b20666f6e742d7765696768743a206e6f726d616c3b206c65747465722d73706163696e673a206e6f726d616c3b206f727068616e733a20323b20746578742d616c69676e3a2073746172743b20746578742d696e64656e743a203070783b20746578742d7472616e73666f726d3a206e6f6e653b2077686974652d73706163653a206e6f726d616c3b207769646f77733a20323b20776f72642d73706163696e673a203070783b202d7765626b69742d746578742d7374726f6b652d77696474683a203070783b20746578742d6465636f726174696f6e2d7374796c653a20696e697469616c3b20746578742d6465636f726174696f6e2d636f6c6f723a20696e697469616c3b223e3c7370616e207374796c653d22666f6e742d7765696768743a20626f6c643b223e24434f4d50414e595f4e414d45243c2f7370616e3e3c2f703e0d0a0d0a3c70207374796c653d22636f6c6f723a2072676228302c20302c2030293b20666f6e742d66616d696c793a2056657264616e613b20666f6e742d73697a653a206d656469756d3b20666f6e742d7374796c653a206e6f726d616c3b20666f6e742d76617269616e742d6c69676174757265733a206e6f726d616c3b20666f6e742d76617269616e742d636170733a206e6f726d616c3b20666f6e742d7765696768743a206e6f726d616c3b206c65747465722d73706163696e673a206e6f726d616c3b206f727068616e733a20323b20746578742d616c69676e3a2073746172743b20746578742d696e64656e743a203070783b20746578742d7472616e73666f726d3a206e6f6e653b2077686974652d73706163653a206e6f726d616c3b207769646f77733a20323b20776f72642d73706163696e673a203070783b202d7765626b69742d746578742d7374726f6b652d77696474683a203070783b20746578742d6465636f726174696f6e2d7374796c653a20696e697469616c3b20746578742d6465636f726174696f6e2d636f6c6f723a20696e697469616c3b223e24434f4d50414e595f41444452455353243c6272202f3e0d0a24434f4d50414e595f5a4950242024434f4d50414e595f43495459243c6272202f3e0d0a24434f4d50414e595f434f554e545259243c2f703e0d0a0d0a3c70207374796c653d22636f6c6f723a2072676228302c20302c2030293b20666f6e742d66616d696c793a2056657264616e613b20666f6e742d73697a653a206d656469756d3b20666f6e742d7374796c653a206e6f726d616c3b20666f6e742d76617269616e742d6c69676174757265733a206e6f726d616c3b20666f6e742d76617269616e742d636170733a206e6f726d616c3b20666f6e742d7765696768743a206e6f726d616c3b206c65747465722d73706163696e673a206e6f726d616c3b206f727068616e733a20323b20746578742d616c69676e3a2073746172743b20746578742d696e64656e743a203070783b20746578742d7472616e73666f726d3a206e6f6e653b2077686974652d73706163653a206e6f726d616c3b207769646f77733a20323b20776f72642d73706163696e673a203070783b202d7765626b69742d746578742d7374726f6b652d77696474683a203070783b20746578742d6465636f726174696f6e2d7374796c653a20696e697469616c3b20746578742d6465636f726174696f6e2d636f6c6f723a20696e697469616c3b223e54656c65666f6e2024434f4d50414e595f50484f4e45243c6272202f3e0d0a54656c656661782024434f4d50414e595f464158243c6272202f3e0d0a3c6272202f3e0d0a24434f4d50414e595f57454253495445243c6272202f3e0d0a3c6272202f3e0d0a2553414c45534f524445525f44554544415445253a202453414c45534f524445525f44554544415445243c2f703e0d0a3c6272202f3e266e6273703b0d0a3c2f6469763e0d0a3c2f6469763e0d0a3c2f6469763e0d0a0d0a3c7461626c6520626f726465723d22302220636f6c6f723d22626c61636b22207374796c653d22666f6e742d73697a653a313070783b222077696474683d2231303025223e0d0a093c74686561643e0d0a09093c74723e0d0a0909093c7468207374796c653d22746578742d616c69676e3a2063656e7465723b636f6c6f723a2077686974653b666f6e742d7765696768743a203630303b6261636b67726f756e643a234244423942393b2077696474683a3525223e3c2f74683e0d0a0909093c7468207374796c653d22746578742d616c69676e3a206c6566743b636f6c6f723a2077686974653b666f6e742d7765696768743a203630303b6261636b67726f756e643a234244423942393b77696474683a3435253b626f726465722d72696768743a32707820736f6c6964207768697465223e3c7370616e207374796c653d22666f6e742d66616d696c793a76657264616e612c67656e6576612c73616e732d73657269663b223e3c7370616e207374796c653d22636f6c6f723a233030303030303b223e3c7374726f6e673e25475f4465736372697074696f6e253c2f7374726f6e673e3c2f7370616e3e3c2f7370616e3e3c2f74683e0d0a0909093c7468207374796c653d22746578742d616c69676e3a2063656e7465723b636f6c6f723a2077686974653b666f6e742d7765696768743a203630303b6261636b67726f756e643a234244423942393b77696474683a3135253b626f726465722d72696768743a32707820736f6c6964207768697465223e3c7370616e207374796c653d22666f6e742d66616d696c793a76657264616e612c67656e6576612c73616e732d73657269663b223e3c7370616e207374796c653d22636f6c6f723a233030303030303b223e3c7374726f6e673e25475f4c697374205072696365253c2f7374726f6e673e3c2f7370616e3e3c2f7370616e3e3c2f74683e0d0a0909093c7468207374796c653d22746578742d616c69676e3a2063656e7465723b636f6c6f723a2077686974653b666f6e742d7765696768743a203630303b6261636b67726f756e643a234244423942393b77696474683a3135253b626f726465722d72696768743a32707820736f6c6964207768697465223e3c7370616e207374796c653d22666f6e742d66616d696c793a76657264616e612c67656e6576612c73616e732d73657269663b223e3c7370616e207374796c653d22636f6c6f723a233030303030303b223e3c7374726f6e673e25475f5175616e74697479253c2f7374726f6e673e3c2f7370616e3e3c2f7370616e3e3c2f74683e0d0a0909093c7468207374796c653d22746578742d616c69676e3a2063656e7465723b636f6c6f723a2077686974653b666f6e742d7765696768743a203630303b6261636b67726f756e643a234244423942393b77696474683a313525223e3c7370616e207374796c653d22666f6e742d66616d696c793a76657264616e612c67656e6576612c73616e732d73657269663b223e3c7370616e207374796c653d22636f6c6f723a233030303030303b223e3c7374726f6e673e25475f546f74616c253c2f7374726f6e673e3c2f7370616e3e3c2f7370616e3e3c2f74683e0d0a09093c2f74723e0d0a093c2f74686561643e0d0a093c74626f64793e0d0a09093c74723e0d0a0909093c746420636f6c7370616e3d2235223e3c7370616e207374796c653d22666f6e742d66616d696c793a76657264616e612c67656e6576612c73616e732d73657269663b223e2350524f44554354424c4f435f5354415254233c2f7370616e3e3c2f74643e0d0a09093c2f74723e0d0a09093c74723e0d0a0909093c7464207374796c653d226261636b67726f756e643a234244423942393b626f726465722d626f74746f6d3a32707820736f6c6964207768697465223e3c7370616e207374796c653d22666f6e742d66616d696c793a76657264616e612c67656e6576612c73616e732d73657269663b223e2450524f44554354504f534954494f4e243c2f7370616e3e3c2f74643e0d0a0909093c7464207374796c653d22746578742d616c69676e3a6c6566743b20626f726465722d626f74746f6d3a32707820736f6c69642077686974653b626f726465722d72696768743a32707820736f6c69642077686974653b223e0d0a0909093c68333e3c7370616e207374796c653d22666f6e742d66616d696c793a76657264616e612c67656e6576612c73616e732d73657269663b223e2450524f445543545449544c45243c2f7370616e3e3c2f68333e0d0a0909093c7370616e207374796c653d22666f6e742d66616d696c793a76657264616e612c67656e6576612c73616e732d73657269663b223e2450524f44554354454449544445534352495054494f4e243c2f7370616e3e3c2f74643e0d0a0909093c7464207374796c653d22626f726465722d72696768743a32707820736f6c69642077686974653b626f726465722d626f74746f6d3a32707820736f6c6964207768697465223e3c7370616e207374796c653d22666f6e742d66616d696c793a76657264616e612c67656e6576612c73616e732d73657269663b223e2450524f445543544c495354505249434524202443555252454e435953594d424f4c243c2f7370616e3e3c2f74643e0d0a0909093c7464207374796c653d22626f726465722d72696768743a32707820736f6c69642077686974653b626f726465722d626f74746f6d3a32707820736f6c6964207768697465223e3c7370616e207374796c653d22666f6e742d66616d696c793a76657264616e612c67656e6576612c73616e732d73657269663b223e2450524f445543545155414e54495459243c2f7370616e3e3c2f74643e0d0a0909093c7464207374796c653d22626f726465722d626f74746f6d3a32707820736f6c6964207768697465223e3c7370616e207374796c653d22666f6e742d66616d696c793a76657264616e612c67656e6576612c73616e732d73657269663b223e3c7374726f6e673e2450524f4455435453544f54414c4146544552444953434f554e5424202443555252454e435953594d424f4c243c2f7374726f6e673e3c2f7370616e3e3c2f74643e0d0a09093c2f74723e0d0a09093c74723e0d0a0909093c746420636f6c7370616e3d2235223e3c7370616e207374796c653d22666f6e742d66616d696c793a76657264616e612c67656e6576612c73616e732d73657269663b223e2350524f44554354424c4f435f454e44233c2f7370616e3e3c2f74643e0d0a09093c2f74723e0d0a09093c74723e0d0a0909093c746420636f6c7370616e3d223522207374796c653d226261636b67726f756e643a7768697465223e3c2f74643e0d0a09093c2f74723e0d0a09093c74723e0d0a0909093c746420636f6c7370616e3d223422207374796c653d226261636b67726f756e643a77686974653b20626f726465722d626f74746f6d3a31707820736f6c69642023424442394239223e3c7370616e207374796c653d22666f6e742d66616d696c793a76657264616e612c67656e6576612c73616e732d73657269663b223e25475f537562746f74616c253c2f7370616e3e3c2f74643e0d0a0909093c7464207374796c653d226261636b67726f756e643a234244423942393b223e3c7370616e207374796c653d22666f6e742d66616d696c793a76657264616e612c67656e6576612c73616e732d73657269663b223e24544f54414c574954484f555456415424202443555252454e435953594d424f4c243c2f7370616e3e3c2f74643e0d0a09093c2f74723e0d0a09093c74723e0d0a0909093c746420636f6c7370616e3d223422207374796c653d226261636b67726f756e643a77686974653b20626f726465722d626f74746f6d3a31707820736f6c69642023424442394239223e3c7370616e207374796c653d22666f6e742d66616d696c793a76657264616e612c67656e6576612c73616e732d73657269663b223e25475f4c424c5f444953434f554e54253c2f7370616e3e3c2f74643e0d0a0909093c7464207374796c653d226261636b67726f756e643a234244423942393b223e3c7370616e207374796c653d22666f6e742d66616d696c793a76657264616e612c67656e6576612c73616e732d73657269663b223e24544f54414c444953434f554e5424202443555252454e435953594d424f4c243c2f7370616e3e3c2f74643e0d0a09093c2f74723e0d0a09093c74723e0d0a0909093c746420636f6c7370616e3d223422207374796c653d226261636b67726f756e643a77686974653b20626f726465722d626f74746f6d3a31707820736f6c69642023424442394239223e3c7370616e207374796c653d22666f6e742d66616d696c793a76657264616e612c67656e6576612c73616e732d73657269663b223e25475f546f74616c253c2f7370616e3e3c2f74643e0d0a0909093c7464207374796c653d226261636b67726f756e643a234244423942393b223e3c7370616e207374796c653d22666f6e742d66616d696c793a76657264616e612c67656e6576612c73616e732d73657269663b223e24544f54414c4146544552444953434f554e5424202443555252454e435953594d424f4c243c2f7370616e3e3c2f74643e0d0a09093c2f74723e0d0a09093c74723e0d0a0909093c746420636f6c7370616e3d223422207374796c653d226261636b67726f756e643a77686974653b20626f726465722d626f74746f6d3a32707820736f6c69642023424442394239223e3c7370616e207374796c653d22666f6e742d66616d696c793a76657264616e612c67656e6576612c73616e732d73657269663b223e25475f54617825202456415450455243454e5424253c2f7370616e3e3c2f74643e0d0a0909093c7464207374796c653d226261636b67726f756e643a234244423942393b3b626f726465722d626f74746f6d3a32707820736f6c69642023424442394239223e3c7370616e207374796c653d22666f6e742d66616d696c793a76657264616e612c67656e6576612c73616e732d73657269663b223e2456415424202443555252454e435953594d424f4c243c2f7370616e3e3c2f74643e0d0a09093c2f74723e0d0a09093c74723e0d0a0909093c746420636f6c7370616e3d223422207374796c653d226261636b67726f756e643a77686974653b223e3c7374726f6e673e266e6273703b266e6273703b266e6273703b266e6273703b2025475f4c424c5f4752414e445f544f54414c253c2f7374726f6e673e3c2f74643e0d0a0909093c7464207374796c653d226261636b67726f756e643a7768697465223e3c7370616e207374796c653d22666f6e742d66616d696c793a76657264616e612c67656e6576612c73616e732d73657269663b223e3c7370616e207374796c653d22666f6e742d73697a653a313270783b223e3c7374726f6e673e24544f54414c24202443555252454e435953594d424f4c243c2f7374726f6e673e3c2f7370616e3e3c2f7370616e3e3c2f74643e0d0a09093c2f74723e0d0a093c2f74626f64793e0d0a3c2f7461626c653e0d0a0d0a3c6469762069643d2264657461696c73223e0d0a3c6469762069643d22636c69656e7432223e3c7370616e207374796c653d22666f6e742d66616d696c793a76657264616e612c67656e6576612c73616e732d73657269663b223e2453414c45534f524445525f5445524d535f434f4e444954494f4e53243c2f7370616e3e3c2f6469763e0d0a0d0a3c6469762069643d22696e766f696365223e3c6272202f3e0d0a3c6272202f3e0d0a3c6272202f3e0d0a3c6272202f3e0d0a3c7370616e207374796c653d22666f6e742d66616d696c793a76657264616e612c67656e6576612c73616e732d73657269663b223e5f5f5f5f5f5f5f5f5f5f5f5f5f5f5f5f5f5f5f5f5f5f5f5f5f5f5f5f3c2f7370616e3e3c6272202f3e0d0a24525f55534552535f46495253545f4e414d4524e2808b2024525f55534552535f4c4153545f4e414d4524e2808b3c2f6469763e0d0a3c2f6469763e0d0a3c2f626f64793e0d0a3c2f68746d6c3e0d0a, 'Template for SalesOrder', '0', NULL ),
( '3', 'PurchaseOrder', 'PurchaseOrder', 0x3c68746d6c3e0d0a3c686561643e0d0a093c7469746c653e3c2f7469746c653e0d0a3c2f686561643e0d0a3c626f64793e0d0a3c7374796c6520747970653d22746578742f637373223e40666f6e742d66616365207b0d0a20202020666f6e742d66616d696c793a20536f7572636553616e7350726f3b0d0a202020207372633a2075726c28536f7572636553616e7350726f2d526567756c61722e747466293b0d0a20202020666f6e742d66616d696c793a205562756e74753b0d0a7d0d0a0d0a2e636c6561726669783a6166746572207b0d0a2020636f6e74656e743a2022223b0d0a2020646973706c61793a207461626c653b0d0a20636c6561723a20626f74683b0d0a7d0d0a0d0a61207b0d0a20202020636f6c6f723a20233142394242383b0d0a20202020746578742d6465636f726174696f6e3a206e6f6e653b0d0a7d0d0a0d0a7b0d0a20202020636f6c6f723a20233535353535353b0d0a202020206261636b67726f756e643a20234646464646463b0d0a20202020666f6e742d73697a653a20313470783b0d0a20202020666f6e742d66616d696c793a20536f7572636553616e7350726f3b0d0a7d0d0a0d0a23686561646572207b0d0a2020202070616464696e673a203130707820303b0d0a202020206d617267696e2d626f74746f6d3a203070783b0d0a20202020626f726465722d626f74746f6d3a2031707820736f6c696420234141414141413b0d0a7d0d0a0d0a236c6f676f207b0d0a20202020666c6f61743a6c6566743b0d0a202020206d617267696e3a203070783b0d0a2020202077696474683a2032353070783b0d0a7d0d0a0d0a236c6f676f20696d67207b0d0a202020206865696768743a20373070783b0d0a7d0d0a0d0a23636f6d70616e79207b0d0a20202020666c6f61743a6c6566743b0d0a20202020746578742d616c69676e3a206c6566743b0d0a2020202077696474683a33353070783b0d0a7d0d0a0d0a2364657461696c73207b0d0a202020206d617267696e2d626f74746f6d3a20313570783b0d0a2020202070616464696e672d746f703a20333070783b0d0a7d0d0a0d0a23636c69656e74207b0d0a2020202070616464696e672d6c6566743a203670783b0d0a20202020626f726465722d6c6566743a2036707820736f6c696420233142394242383b0d0a20202020666c6f61743a206c6566743b0d0a2020202077696474683a2034323070783b0d0a7d0d0a23636c69656e7432207b0d0a2020202070616464696e672d6c6566743a203670783b0d0a20202020626f726465722d6c6566743a2036707820736f6c696420234244423942393b3b0d0a20202020666c6f61743a206c6566743b0d0a2020202077696474683a2034323070783b0d0a0d0a7d0d0a0d0a23636c69656e74202e746f207b0d0a20202020636f6c6f723a20233933393539383b0d0a7d0d0a23636c69656e7432202e746f207b0d0a20202020636f6c6f723a20626c61636b3b0d0a7d0d0a0d0a68322e6e616d65207b0d0a20202020666f6e742d73697a653a20312e34656d3b0d0a20202020666f6e742d7765696768743a20626f6c643b0d0a202020206d617267696e3a20303b0d0a7d0d0a0d0a23696e766f696365207b0d0a20202020666c6f61743a2072696768743b0d0a20202020746578742d616c69676e3a2072696768743b0d0a7d0d0a23696e766f69636532207b0d0a20202020666c6f61743a2072696768743b0d0a20202020746578742d616c69676e3a2072696768743b0d0a0d0a7d0d0a0d0a23696e766f6963652068312c206831207b0d0a20202020666c6f61743a2072696768743b0d0a20202020636f6c6f723a20233142394242383b0d0a20202020666f6e742d73697a653a2032656d3b0d0a202020206c696e652d6865696768743a20322e32656d3b0d0a20202020666f6e742d7765696768743a20626f6c643b0d0a202020206d617267696e3a203070783b0d0a2020202070616464696e673a203070783b0d0a7d0d0a23696e766f696365322068312c206831207b0d0a20202020666c6f61743a2072696768743b0d0a20202020636f6c6f723a20233142394242383b0d0a20202020666f6e742d73697a653a2032656d3b0d0a202020206c696e652d6865696768743a20322e32656d3b0d0a20202020666f6e742d7765696768743a20626f6c643b0d0a202020206d617267696e3a203070783b0d0a2020202070616464696e673a203070783b0d0a7d0d0a0d0a23696e766f696365202e696e666f207b0d0a20202020666f6e742d73697a653a20302e38656d3b0d0a7d0d0a23696e766f69636532202e696e666f207b0d0a20202020666f6e742d73697a653a20302e38656d3b0d0a7d0d0a0d0a7461626c65207b0d0a2020202077696474683a20313030253b0d0a20202020626f726465722d636f6c6c617073653a20636f6c6c617073653b0d0a20202020626f726465722d73706163696e673a20303b0d0a202020206d617267696e2d626f74746f6d3a20323070783b0d0a7d0d0a0d0a7461626c652074682c0d0a7461626c65207464207b0d0a2020202070616464696e673a203130707820313070783b0d0a202020206261636b67726f756e643a20234545454545453b0d0a20202020746578742d616c69676e3a2063656e7465723b0d0a20202020626f726465722d626f74746f6d3a2031707820736f6c696420234646464646463b0d0a7d0d0a0d0a7461626c65207468207b0d0a2020202077686974652d73706163653a206e6f777261703b0d0a20202020666f6e742d7765696768743a206e6f726d616c3b0d0a7d0d0a0d0a7461626c65207464207b0d0a20202020746578742d616c69676e3a2072696768743b0d0a7d0d0a0d0a7461626c652074642068337b0d0a20202020636f6c6f723a20233142394242383b0d0a20202020666f6e742d73697a653a20313070783b0d0a20202020666f6e742d7765696768743a206e6f726d616c3b0d0a202020206d617267696e3a2030203020302e32656d20303b0d0a7d0d0a0d0a7461626c65202e6e6f207b0d0a20202020636f6c6f723a20234646464646463b0d0a20202020666f6e742d73697a653a20312e32656d3b0d0a202020206261636b67726f756e643a20233142394242383b0d0a7d0d0a0d0a7461626c65202e64657363207b0d0a20202020746578742d616c69676e3a206c6566743b0d0a7d0d0a0d0a7461626c65202e756e6974207b0d0a202020206261636b67726f756e643a20234444444444443b0d0a7d0d0a0d0a7461626c65202e717479207b0d0a20202020746578742d616c69676e3a2063656e7465723b0d0a7d0d0a0d0a7461626c65202e746f74616c207b0d0a202020206261636b67726f756e643a20233142394242383b0d0a20202020636f6c6f723a20234646464646463b0d0a7d0d0a0d0a7461626c652074642e756e69742c0d0a7461626c652074642e7174792c0d0a7461626c652074642e746f74616c207b0d0a20202020666f6e742d73697a653a203120656d3b0d0a7d0d0a0d0a7461626c652074626f64792074723a6c6173742d6368696c64207464207b0d0a20202020626f726465723a206e6f6e653b0d0a7d0d0a0d0a7461626c652074666f6f74207464207b0d0a2020202070616464696e673a20313070783b0d0a20202020666f6e742d73697a653a20312e32656d3b0d0a202020206261636b67726f756e643a20234646464646463b0d0a20202020626f726465722d626f74746f6d3a206e6f6e653b0d0a2020202077686974652d73706163653a206e6f777261703b0d0a20202020626f726465722d746f703a2031707820736f6c696420234141414141413b0d0a7d0d0a0d0a7461626c652074666f6f74202e626f726465722d6e6f6e652d746f70207b0d0a20202020626f726465722d746f703a206e6f6e653b0d0a7d0d0a0d0a7461626c652074666f6f74202e6772616e642d746f74616c207b0d0a2020202070616464696e673a2031307078203770783b0d0a20202020636f6c6f723a20233142394242383b0d0a20202020666f6e742d73697a653a20312e33656d3b0d0a20202020626f726465722d746f703a2031707820736f6c696420233142394242383b0d0a20202020666f6e742d7765696768743a626f6c640d0a7d0d0a0d0a7461626c652074666f6f74202e626f726465722d6e6f6e65207b0d0a20202020626f726465723a206e6f6e653b0d0a7d0d0a0d0a237064665f7461677b0d0a20202020666f6e742d73697a653a20312e31656d3b0d0a202020206d617267696e3a2033307078203070782031357078203070783b0d0a7d0d0a0d0a236e6f74696365737b0d0a2020202070616464696e672d6c6566743a203670783b0d0a20202020626f726465722d6c6566743a2036707820736f6c696420233142394242383b0d0a7d0d0a0d0a236e6f7469636573202e6e6f74696365207b0d0a20202020666f6e742d73697a653a20312e32656d3b0d0a7d0d0a0d0a2e666f6f7465722c202e666f6f746572207464207b0d0a202020206261636b67726f756e642d636f6c6f723a234646464646463b0d0a20202020636f6c6f723a20233933393539383b0d0a20202020626f726465723a206e6f6e653b0d0a20202020626f726465722d746f703a2031707820736f6c696420234141414141413b0d0a20202020666f6e742d73697a653a20302e39656d3b0d0a2020202070616464696e673a203130707820303b0d0a7d0d0a0d0a2e6865616465722c202e686561646572207464207b0d0a202020206261636b67726f756e642d636f6c6f723a234646464646463b0d0a20202020626f726465723a206e6f6e653b0d0a20202020626f726465722d626f74746f6d3a2031707820736f6c696420234141414141413b0d0a202020206d617267696e3a3070783b0d0a2020202070616464696e673a3070783b0d0a7d0d0a3c2f7374796c653e0d0a3c6469762069643d2264657461696c73223e0d0a3c6469762069643d22636c69656e7432223e0d0a3c70207374796c653d22636f6c6f723a2072676228302c20302c2030293b20666f6e742d66616d696c793a2056657264616e613b20666f6e742d73697a653a206d656469756d3b20666f6e742d7374796c653a206e6f726d616c3b20666f6e742d76617269616e742d6c69676174757265733a206e6f726d616c3b20666f6e742d76617269616e742d636170733a206e6f726d616c3b20666f6e742d7765696768743a206e6f726d616c3b206c65747465722d73706163696e673a206e6f726d616c3b206f727068616e733a20323b20746578742d616c69676e3a2073746172743b20746578742d696e64656e743a203070783b20746578742d7472616e73666f726d3a206e6f6e653b2077686974652d73706163653a206e6f726d616c3b207769646f77733a20323b20776f72642d73706163696e673a203070783b202d7765626b69742d746578742d7374726f6b652d77696474683a203070783b20746578742d6465636f726174696f6e2d7374796c653a20696e697469616c3b20746578742d6465636f726174696f6e2d636f6c6f723a20696e697469616c3b223e3c7370616e207374796c653d22666f6e742d7765696768743a20626f6c643b223e2450555243484153454f524445525f56454e444f525f4944243c2f7370616e3e3c2f703e0d0a2450555243484153454f524445525f42494c4c5f535452454554243c6272202f3e0d0a2450555243484153454f524445525f42494c4c5f434f444524202450555243484153454f524445525f42494c4c5f43495459243c6272202f3e0d0a2450555243484153454f524445525f42494c4c5f5354415445243c6272202f3e0d0a3c6272202f3e0d0a3c6272202f3e0d0a266e6273703b3c2f6469763e0d0a0d0a3c6469762069643d22696e766f69636532223e0d0a3c64697620636c6173733d22696e666f223e0d0a3c70207374796c653d22636f6c6f723a2072676228302c20302c2030293b20666f6e742d66616d696c793a2056657264616e613b20666f6e742d73697a653a206d656469756d3b20666f6e742d7374796c653a206e6f726d616c3b20666f6e742d76617269616e742d6c69676174757265733a206e6f726d616c3b20666f6e742d76617269616e742d636170733a206e6f726d616c3b20666f6e742d7765696768743a206e6f726d616c3b206c65747465722d73706163696e673a206e6f726d616c3b206f727068616e733a20323b20746578742d616c69676e3a2073746172743b20746578742d696e64656e743a203070783b20746578742d7472616e73666f726d3a206e6f6e653b2077686974652d73706163653a206e6f726d616c3b207769646f77733a20323b20776f72642d73706163696e673a203070783b202d7765626b69742d746578742d7374726f6b652d77696474683a203070783b20746578742d6465636f726174696f6e2d7374796c653a20696e697469616c3b20746578742d6465636f726174696f6e2d636f6c6f723a20696e697469616c3b223e3c7370616e207374796c653d22666f6e742d7765696768743a20626f6c643b223e24434f4d50414e595f4e414d45243c2f7370616e3e3c2f703e0d0a0d0a3c70207374796c653d22636f6c6f723a2072676228302c20302c2030293b20666f6e742d66616d696c793a2056657264616e613b20666f6e742d73697a653a206d656469756d3b20666f6e742d7374796c653a206e6f726d616c3b20666f6e742d76617269616e742d6c69676174757265733a206e6f726d616c3b20666f6e742d76617269616e742d636170733a206e6f726d616c3b20666f6e742d7765696768743a206e6f726d616c3b206c65747465722d73706163696e673a206e6f726d616c3b206f727068616e733a20323b20746578742d616c69676e3a2073746172743b20746578742d696e64656e743a203070783b20746578742d7472616e73666f726d3a206e6f6e653b2077686974652d73706163653a206e6f726d616c3b207769646f77733a20323b20776f72642d73706163696e673a203070783b202d7765626b69742d746578742d7374726f6b652d77696474683a203070783b20746578742d6465636f726174696f6e2d7374796c653a20696e697469616c3b20746578742d6465636f726174696f6e2d636f6c6f723a20696e697469616c3b223e24434f4d50414e595f41444452455353243c6272202f3e0d0a24434f4d50414e595f5a4950242024434f4d50414e595f43495459243c6272202f3e0d0a24434f4d50414e595f434f554e545259243c2f703e0d0a0d0a3c70207374796c653d22636f6c6f723a2072676228302c20302c2030293b20666f6e742d66616d696c793a2056657264616e613b20666f6e742d73697a653a206d656469756d3b20666f6e742d7374796c653a206e6f726d616c3b20666f6e742d76617269616e742d6c69676174757265733a206e6f726d616c3b20666f6e742d76617269616e742d636170733a206e6f726d616c3b20666f6e742d7765696768743a206e6f726d616c3b206c65747465722d73706163696e673a206e6f726d616c3b206f727068616e733a20323b20746578742d616c69676e3a2073746172743b20746578742d696e64656e743a203070783b20746578742d7472616e73666f726d3a206e6f6e653b2077686974652d73706163653a206e6f726d616c3b207769646f77733a20323b20776f72642d73706163696e673a203070783b202d7765626b69742d746578742d7374726f6b652d77696474683a203070783b20746578742d6465636f726174696f6e2d7374796c653a20696e697469616c3b20746578742d6465636f726174696f6e2d636f6c6f723a20696e697469616c3b223e25434f4d50414e595f50484f4e45252024434f4d50414e595f50484f4e45243c6272202f3e0d0a25434f4d50414e595f464158252024434f4d50414e595f464158243c6272202f3e0d0a3c6272202f3e0d0a24434f4d50414e595f57454253495445243c6272202f3e0d0a3c6272202f3e0d0a2550555243484153454f524445525f44554544415445253a202450555243484153454f524445525f44554544415445243c2f703e0d0a3c6272202f3e0d0a266e6273703b3c2f6469763e0d0a3c2f6469763e0d0a3c2f6469763e0d0a0d0a3c7461626c6520626f726465723d22302220636f6c6f723d22626c61636b22207374796c653d22666f6e742d73697a653a313070783b222077696474683d2231303025223e0d0a093c74686561643e0d0a09093c74723e0d0a0909093c7468207374796c653d22746578742d616c69676e3a2063656e7465723b636f6c6f723a2077686974653b666f6e742d7765696768743a203630303b6261636b67726f756e643a234244423942393b2077696474683a3525223e3c2f74683e0d0a0909093c7468207374796c653d22746578742d616c69676e3a206c6566743b636f6c6f723a2077686974653b666f6e742d7765696768743a203630303b6261636b67726f756e643a234244423942393b77696474683a3435253b626f726465722d72696768743a32707820736f6c6964207768697465223e3c7370616e207374796c653d22666f6e742d66616d696c793a76657264616e612c67656e6576612c73616e732d73657269663b223e3c7370616e207374796c653d22636f6c6f723a233030303030303b223e3c7374726f6e673e25475f4465736372697074696f6e253c2f7374726f6e673e3c2f7370616e3e3c2f7370616e3e3c2f74683e0d0a0909093c7468207374796c653d22746578742d616c69676e3a2063656e7465723b636f6c6f723a2077686974653b666f6e742d7765696768743a203630303b6261636b67726f756e643a234244423942393b77696474683a3135253b626f726465722d72696768743a32707820736f6c6964207768697465223e3c7370616e207374796c653d22666f6e742d66616d696c793a76657264616e612c67656e6576612c73616e732d73657269663b223e3c7370616e207374796c653d22636f6c6f723a233030303030303b223e3c7374726f6e673e25475f4c697374205072696365253c2f7374726f6e673e3c2f7370616e3e3c2f7370616e3e3c2f74683e0d0a0909093c7468207374796c653d22746578742d616c69676e3a2063656e7465723b636f6c6f723a2077686974653b666f6e742d7765696768743a203630303b6261636b67726f756e643a234244423942393b77696474683a3135253b626f726465722d72696768743a32707820736f6c6964207768697465223e3c7370616e207374796c653d22666f6e742d66616d696c793a76657264616e612c67656e6576612c73616e732d73657269663b223e3c7370616e207374796c653d22636f6c6f723a233030303030303b223e3c7374726f6e673e25475f5175616e74697479253c2f7374726f6e673e3c2f7370616e3e3c2f7370616e3e3c2f74683e0d0a0909093c7468207374796c653d22746578742d616c69676e3a2063656e7465723b636f6c6f723a2077686974653b666f6e742d7765696768743a203630303b6261636b67726f756e643a234244423942393b77696474683a313525223e3c7370616e207374796c653d22666f6e742d66616d696c793a76657264616e612c67656e6576612c73616e732d73657269663b223e3c7370616e207374796c653d22636f6c6f723a233030303030303b223e3c7374726f6e673e25475f546f74616c253c2f7374726f6e673e3c2f7370616e3e3c2f7370616e3e3c2f74683e0d0a09093c2f74723e0d0a093c2f74686561643e0d0a093c74626f64793e0d0a09093c74723e0d0a0909093c746420636f6c7370616e3d2235223e3c7370616e207374796c653d22666f6e742d66616d696c793a76657264616e612c67656e6576612c73616e732d73657269663b223e2350524f44554354424c4f435f5354415254233c2f7370616e3e3c2f74643e0d0a09093c2f74723e0d0a09093c74723e0d0a0909093c7464207374796c653d226261636b67726f756e643a234244423942393b626f726465722d626f74746f6d3a32707820736f6c6964207768697465223e3c7370616e207374796c653d22666f6e742d66616d696c793a76657264616e612c67656e6576612c73616e732d73657269663b223e2450524f44554354504f534954494f4e243c2f7370616e3e3c2f74643e0d0a0909093c7464207374796c653d22746578742d616c69676e3a6c6566743b20626f726465722d626f74746f6d3a32707820736f6c69642077686974653b626f726465722d72696768743a32707820736f6c69642077686974653b223e0d0a0909093c68333e3c7370616e207374796c653d22666f6e742d66616d696c793a76657264616e612c67656e6576612c73616e732d73657269663b223e2450524f445543545449544c45243c2f7370616e3e3c2f68333e0d0a0909093c7370616e207374796c653d22666f6e742d66616d696c793a76657264616e612c67656e6576612c73616e732d73657269663b223e2450524f44554354454449544445534352495054494f4e243c2f7370616e3e3c2f74643e0d0a0909093c7464207374796c653d22626f726465722d72696768743a32707820736f6c69642077686974653b626f726465722d626f74746f6d3a32707820736f6c6964207768697465223e3c7370616e207374796c653d22666f6e742d66616d696c793a76657264616e612c67656e6576612c73616e732d73657269663b223e2450524f445543544c495354505249434524202443555252454e435953594d424f4c243c2f7370616e3e3c2f74643e0d0a0909093c7464207374796c653d22626f726465722d72696768743a32707820736f6c69642077686974653b626f726465722d626f74746f6d3a32707820736f6c6964207768697465223e3c7370616e207374796c653d22666f6e742d66616d696c793a76657264616e612c67656e6576612c73616e732d73657269663b223e2450524f445543545155414e54495459243c2f7370616e3e3c2f74643e0d0a0909093c7464207374796c653d22626f726465722d626f74746f6d3a32707820736f6c6964207768697465223e3c7370616e207374796c653d22666f6e742d66616d696c793a76657264616e612c67656e6576612c73616e732d73657269663b223e3c7374726f6e673e2450524f4455435453544f54414c4146544552444953434f554e5424202443555252454e435953594d424f4c243c2f7374726f6e673e3c2f7370616e3e3c2f74643e0d0a09093c2f74723e0d0a09093c74723e0d0a0909093c746420636f6c7370616e3d2235223e3c7370616e207374796c653d22666f6e742d66616d696c793a76657264616e612c67656e6576612c73616e732d73657269663b223e2350524f44554354424c4f435f454e44233c2f7370616e3e3c2f74643e0d0a09093c2f74723e0d0a09093c74723e0d0a0909093c746420636f6c7370616e3d223522207374796c653d226261636b67726f756e643a7768697465223e3c2f74643e0d0a09093c2f74723e0d0a09093c74723e0d0a0909093c746420636f6c7370616e3d223422207374796c653d226261636b67726f756e643a77686974653b20626f726465722d626f74746f6d3a31707820736f6c69642023424442394239223e3c7370616e207374796c653d22666f6e742d66616d696c793a76657264616e612c67656e6576612c73616e732d73657269663b223e25475f537562746f74616c253c2f7370616e3e3c2f74643e0d0a0909093c7464207374796c653d226261636b67726f756e643a234244423942393b223e3c7370616e207374796c653d22666f6e742d66616d696c793a76657264616e612c67656e6576612c73616e732d73657269663b223e24544f54414c574954484f555456415424202443555252454e435953594d424f4c243c2f7370616e3e3c2f74643e0d0a09093c2f74723e0d0a09093c74723e0d0a0909093c746420636f6c7370616e3d223422207374796c653d226261636b67726f756e643a77686974653b20626f726465722d626f74746f6d3a31707820736f6c69642023424442394239223e3c7370616e207374796c653d22666f6e742d66616d696c793a76657264616e612c67656e6576612c73616e732d73657269663b223e25475f4c424c5f444953434f554e54253c2f7370616e3e3c2f74643e0d0a0909093c7464207374796c653d226261636b67726f756e643a234244423942393b223e3c7370616e207374796c653d22666f6e742d66616d696c793a76657264616e612c67656e6576612c73616e732d73657269663b223e24544f54414c444953434f554e5424202443555252454e435953594d424f4c243c2f7370616e3e3c2f74643e0d0a09093c2f74723e0d0a09093c74723e0d0a0909093c746420636f6c7370616e3d223422207374796c653d226261636b67726f756e643a77686974653b20626f726465722d626f74746f6d3a31707820736f6c69642023424442394239223e3c7370616e207374796c653d22666f6e742d66616d696c793a76657264616e612c67656e6576612c73616e732d73657269663b223e25475f546f74616c253c2f7370616e3e3c2f74643e0d0a0909093c7464207374796c653d226261636b67726f756e643a234244423942393b223e3c7370616e207374796c653d22666f6e742d66616d696c793a76657264616e612c67656e6576612c73616e732d73657269663b223e24544f54414c4146544552444953434f554e5424202443555252454e435953594d424f4c243c2f7370616e3e3c2f74643e0d0a09093c2f74723e0d0a09093c74723e0d0a0909093c746420636f6c7370616e3d223422207374796c653d226261636b67726f756e643a77686974653b20626f726465722d626f74746f6d3a32707820736f6c69642023424442394239223e3c7370616e207374796c653d22666f6e742d66616d696c793a76657264616e612c67656e6576612c73616e732d73657269663b223e25475f54617825202456415450455243454e5424253c2f7370616e3e3c2f74643e0d0a0909093c7464207374796c653d226261636b67726f756e643a234244423942393b3b626f726465722d626f74746f6d3a32707820736f6c69642023424442394239223e3c7370616e207374796c653d22666f6e742d66616d696c793a76657264616e612c67656e6576612c73616e732d73657269663b223e2456415424202443555252454e435953594d424f4c243c2f7370616e3e3c2f74643e0d0a09093c2f74723e0d0a09093c74723e0d0a0909093c746420636f6c7370616e3d223422207374796c653d226261636b67726f756e643a77686974653b223e3c7374726f6e673e266e6273703b266e6273703b266e6273703b266e6273703b2025475f4c424c5f4752414e445f544f54414c253c2f7374726f6e673e3c2f74643e0d0a0909093c7464207374796c653d226261636b67726f756e643a7768697465223e3c7370616e207374796c653d22666f6e742d66616d696c793a76657264616e612c67656e6576612c73616e732d73657269663b223e3c7370616e207374796c653d22666f6e742d73697a653a313270783b223e3c7374726f6e673e24544f54414c24202443555252454e435953594d424f4c243c2f7374726f6e673e3c2f7370616e3e3c2f7370616e3e3c2f74643e0d0a09093c2f74723e0d0a093c2f74626f64793e0d0a3c2f7461626c653e0d0a0d0a3c6469762069643d2264657461696c73223e0d0a3c6469762069643d22636c69656e7432223e3c7370616e207374796c653d22666f6e742d66616d696c793a76657264616e612c67656e6576612c73616e732d73657269663b223e2450555243484153454f524445525f5445524d535f434f4e444954494f4e53243c2f7370616e3e3c2f6469763e0d0a0d0a3c6469762069643d22696e766f696365223e3c6272202f3e0d0a3c6272202f3e0d0a3c6272202f3e0d0a3c6272202f3e0d0a3c7370616e207374796c653d22666f6e742d66616d696c793a76657264616e612c67656e6576612c73616e732d73657269663b223e5f5f5f5f5f5f5f5f5f5f5f5f5f5f5f5f5f5f5f5f5f5f5f5f5f5f5f5f3c2f7370616e3e3c6272202f3e0d0a24525f55534552535f46495253545f4e414d4524e2808b2024525f55534552535f4c4153545f4e414d4524e2808b3c2f6469763e0d0a3c2f6469763e0d0a3c2f626f64793e0d0a3c2f68746d6c3e0d0a, 'Template for PurchaseOrder', '0', NULL ),
( '4', 'Quotes', 'Quotes', 0x3c68746d6c3e0d0a3c686561643e0d0a093c7469746c653e3c2f7469746c653e0d0a3c2f686561643e0d0a3c626f64793e0d0a3c7374796c6520747970653d22746578742f637373223e40666f6e742d66616365207b0d0a20202020666f6e742d66616d696c793a20536f7572636553616e7350726f3b0d0a202020207372633a2075726c28536f7572636553616e7350726f2d526567756c61722e747466293b0d0a20202020666f6e742d66616d696c793a205562756e74753b0d0a7d0d0a0d0a2e636c6561726669783a6166746572207b0d0a2020636f6e74656e743a2022223b0d0a2020646973706c61793a207461626c653b0d0a20636c6561723a20626f74683b0d0a7d0d0a0d0a61207b0d0a20202020636f6c6f723a20233142394242383b0d0a20202020746578742d6465636f726174696f6e3a206e6f6e653b0d0a7d0d0a0d0a7b0d0a20202020636f6c6f723a20233535353535353b0d0a202020206261636b67726f756e643a20234646464646463b0d0a20202020666f6e742d73697a653a20313470783b0d0a20202020666f6e742d66616d696c793a20536f7572636553616e7350726f3b0d0a7d0d0a0d0a23686561646572207b0d0a2020202070616464696e673a203130707820303b0d0a202020206d617267696e2d626f74746f6d3a203070783b0d0a20202020626f726465722d626f74746f6d3a2031707820736f6c696420234141414141413b0d0a7d0d0a0d0a236c6f676f207b0d0a20202020666c6f61743a6c6566743b0d0a202020206d617267696e3a203070783b0d0a2020202077696474683a2032353070783b0d0a7d0d0a0d0a236c6f676f20696d67207b0d0a202020206865696768743a20373070783b0d0a7d0d0a0d0a23636f6d70616e79207b0d0a20202020666c6f61743a6c6566743b0d0a20202020746578742d616c69676e3a206c6566743b0d0a2020202077696474683a33353070783b0d0a7d0d0a0d0a2364657461696c73207b0d0a202020206d617267696e2d626f74746f6d3a20313570783b0d0a2020202070616464696e672d746f703a20333070783b0d0a7d0d0a0d0a23636c69656e74207b0d0a2020202070616464696e672d6c6566743a203670783b0d0a20202020626f726465722d6c6566743a2036707820736f6c696420233142394242383b0d0a20202020666c6f61743a206c6566743b0d0a2020202077696474683a2034323070783b0d0a7d0d0a23636c69656e7432207b0d0a2020202070616464696e672d6c6566743a203670783b0d0a20202020626f726465722d6c6566743a2036707820736f6c696420234244423942393b3b0d0a20202020666c6f61743a206c6566743b0d0a2020202077696474683a2034323070783b0d0a0d0a7d0d0a0d0a23636c69656e74202e746f207b0d0a20202020636f6c6f723a20233933393539383b0d0a7d0d0a23636c69656e7432202e746f207b0d0a20202020636f6c6f723a20626c61636b3b0d0a7d0d0a0d0a68322e6e616d65207b0d0a20202020666f6e742d73697a653a20312e34656d3b0d0a20202020666f6e742d7765696768743a20626f6c643b0d0a202020206d617267696e3a20303b0d0a7d0d0a0d0a23696e766f696365207b0d0a20202020666c6f61743a2072696768743b0d0a20202020746578742d616c69676e3a2072696768743b0d0a7d0d0a23696e766f69636532207b0d0a20202020666c6f61743a2072696768743b0d0a20202020746578742d616c69676e3a2072696768743b0d0a0d0a7d0d0a0d0a23696e766f6963652068312c206831207b0d0a20202020666c6f61743a2072696768743b0d0a20202020636f6c6f723a20233142394242383b0d0a20202020666f6e742d73697a653a2032656d3b0d0a202020206c696e652d6865696768743a20322e32656d3b0d0a20202020666f6e742d7765696768743a20626f6c643b0d0a202020206d617267696e3a203070783b0d0a2020202070616464696e673a203070783b0d0a7d0d0a23696e766f696365322068312c206831207b0d0a20202020666c6f61743a2072696768743b0d0a20202020636f6c6f723a20233142394242383b0d0a20202020666f6e742d73697a653a2032656d3b0d0a202020206c696e652d6865696768743a20322e32656d3b0d0a20202020666f6e742d7765696768743a20626f6c643b0d0a202020206d617267696e3a203070783b0d0a2020202070616464696e673a203070783b0d0a7d0d0a0d0a23696e766f696365202e696e666f207b0d0a20202020666f6e742d73697a653a20302e38656d3b0d0a7d0d0a23696e766f69636532202e696e666f207b0d0a20202020666f6e742d73697a653a20302e38656d3b0d0a7d0d0a0d0a7461626c65207b0d0a2020202077696474683a20313030253b0d0a20202020626f726465722d636f6c6c617073653a20636f6c6c617073653b0d0a20202020626f726465722d73706163696e673a20303b0d0a202020206d617267696e2d626f74746f6d3a20323070783b0d0a7d0d0a0d0a7461626c652074682c0d0a7461626c65207464207b0d0a2020202070616464696e673a203130707820313070783b0d0a202020206261636b67726f756e643a20234545454545453b0d0a20202020746578742d616c69676e3a2063656e7465723b0d0a20202020626f726465722d626f74746f6d3a2031707820736f6c696420234646464646463b0d0a7d0d0a0d0a7461626c65207468207b0d0a2020202077686974652d73706163653a206e6f777261703b0d0a20202020666f6e742d7765696768743a206e6f726d616c3b0d0a7d0d0a0d0a7461626c65207464207b0d0a20202020746578742d616c69676e3a2072696768743b0d0a7d0d0a0d0a7461626c652074642068337b0d0a20202020636f6c6f723a20233142394242383b0d0a20202020666f6e742d73697a653a20313070783b0d0a20202020666f6e742d7765696768743a206e6f726d616c3b0d0a202020206d617267696e3a2030203020302e32656d20303b0d0a7d0d0a0d0a7461626c65202e6e6f207b0d0a20202020636f6c6f723a20234646464646463b0d0a20202020666f6e742d73697a653a20312e32656d3b0d0a202020206261636b67726f756e643a20233142394242383b0d0a7d0d0a0d0a7461626c65202e64657363207b0d0a20202020746578742d616c69676e3a206c6566743b0d0a7d0d0a0d0a7461626c65202e756e6974207b0d0a202020206261636b67726f756e643a20234444444444443b0d0a7d0d0a0d0a7461626c65202e717479207b0d0a20202020746578742d616c69676e3a2063656e7465723b0d0a7d0d0a0d0a7461626c65202e746f74616c207b0d0a202020206261636b67726f756e643a20233142394242383b0d0a20202020636f6c6f723a20234646464646463b0d0a7d0d0a0d0a7461626c652074642e756e69742c0d0a7461626c652074642e7174792c0d0a7461626c652074642e746f74616c207b0d0a20202020666f6e742d73697a653a203120656d3b0d0a7d0d0a0d0a7461626c652074626f64792074723a6c6173742d6368696c64207464207b0d0a20202020626f726465723a206e6f6e653b0d0a7d0d0a0d0a7461626c652074666f6f74207464207b0d0a2020202070616464696e673a20313070783b0d0a20202020666f6e742d73697a653a20312e32656d3b0d0a202020206261636b67726f756e643a20234646464646463b0d0a20202020626f726465722d626f74746f6d3a206e6f6e653b0d0a2020202077686974652d73706163653a206e6f777261703b0d0a20202020626f726465722d746f703a2031707820736f6c696420234141414141413b0d0a7d0d0a0d0a7461626c652074666f6f74202e626f726465722d6e6f6e652d746f70207b0d0a20202020626f726465722d746f703a206e6f6e653b0d0a7d0d0a0d0a7461626c652074666f6f74202e6772616e642d746f74616c207b0d0a2020202070616464696e673a2031307078203770783b0d0a20202020636f6c6f723a20233142394242383b0d0a20202020666f6e742d73697a653a20312e33656d3b0d0a20202020626f726465722d746f703a2031707820736f6c696420233142394242383b0d0a20202020666f6e742d7765696768743a626f6c640d0a7d0d0a0d0a7461626c652074666f6f74202e626f726465722d6e6f6e65207b0d0a20202020626f726465723a206e6f6e653b0d0a7d0d0a0d0a237064665f7461677b0d0a20202020666f6e742d73697a653a20312e31656d3b0d0a202020206d617267696e3a2033307078203070782031357078203070783b0d0a7d0d0a0d0a236e6f74696365737b0d0a2020202070616464696e672d6c6566743a203670783b0d0a20202020626f726465722d6c6566743a2036707820736f6c696420233142394242383b0d0a7d0d0a0d0a236e6f7469636573202e6e6f74696365207b0d0a20202020666f6e742d73697a653a20312e32656d3b0d0a7d0d0a0d0a2e666f6f7465722c202e666f6f746572207464207b0d0a202020206261636b67726f756e642d636f6c6f723a234646464646463b0d0a20202020636f6c6f723a20233933393539383b0d0a20202020626f726465723a206e6f6e653b0d0a20202020626f726465722d746f703a2031707820736f6c696420234141414141413b0d0a20202020666f6e742d73697a653a20302e39656d3b0d0a2020202070616464696e673a203130707820303b0d0a7d0d0a0d0a2e6865616465722c202e686561646572207464207b0d0a202020206261636b67726f756e642d636f6c6f723a234646464646463b0d0a20202020626f726465723a206e6f6e653b0d0a20202020626f726465722d626f74746f6d3a2031707820736f6c696420234141414141413b0d0a202020206d617267696e3a3070783b0d0a2020202070616464696e673a3070783b0d0a7d0d0a3c2f7374796c653e0d0a3c6469762069643d2264657461696c73223e0d0a3c6469762069643d22636c69656e7432223e0d0a3c70207374796c653d22636f6c6f723a2072676228302c20302c2030293b20666f6e742d66616d696c793a2056657264616e613b20666f6e742d73697a653a206d656469756d3b20666f6e742d7374796c653a206e6f726d616c3b20666f6e742d76617269616e742d6c69676174757265733a206e6f726d616c3b20666f6e742d76617269616e742d636170733a206e6f726d616c3b20666f6e742d7765696768743a206e6f726d616c3b206c65747465722d73706163696e673a206e6f726d616c3b206f727068616e733a20323b20746578742d616c69676e3a2073746172743b20746578742d696e64656e743a203070783b20746578742d7472616e73666f726d3a206e6f6e653b2077686974652d73706163653a206e6f726d616c3b207769646f77733a20323b20776f72642d73706163696e673a203070783b202d7765626b69742d746578742d7374726f6b652d77696474683a203070783b20746578742d6465636f726174696f6e2d7374796c653a20696e697469616c3b20746578742d6465636f726174696f6e2d636f6c6f723a20696e697469616c3b223e3c7370616e207374796c653d22666f6e742d7765696768743a20626f6c643b223e2451554f5445535f4143434f554e545f4944243c2f7370616e3e3c2f703e0d0a2451554f5445535f42494c4c5f535452454554243c6272202f3e0d0a2451554f5445535f42494c4c5f434f444524202451554f5445535f42494c4c5f43495459243c6272202f3e0d0a2451554f5445535f42494c4c5f5354415445243c6272202f3e0d0a3c6272202f3e0d0a3c6272202f3e0d0a3c6272202f3e0d0a266e6273703b3c2f6469763e0d0a0d0a3c6469762069643d22696e766f69636532223e0d0a3c64697620636c6173733d22696e666f223e0d0a3c70207374796c653d22636f6c6f723a2072676228302c20302c2030293b20666f6e742d66616d696c793a2056657264616e613b20666f6e742d73697a653a206d656469756d3b20666f6e742d7374796c653a206e6f726d616c3b20666f6e742d76617269616e742d6c69676174757265733a206e6f726d616c3b20666f6e742d76617269616e742d636170733a206e6f726d616c3b20666f6e742d7765696768743a206e6f726d616c3b206c65747465722d73706163696e673a206e6f726d616c3b206f727068616e733a20323b20746578742d616c69676e3a2073746172743b20746578742d696e64656e743a203070783b20746578742d7472616e73666f726d3a206e6f6e653b2077686974652d73706163653a206e6f726d616c3b207769646f77733a20323b20776f72642d73706163696e673a203070783b202d7765626b69742d746578742d7374726f6b652d77696474683a203070783b20746578742d6465636f726174696f6e2d7374796c653a20696e697469616c3b20746578742d6465636f726174696f6e2d636f6c6f723a20696e697469616c3b223e3c7370616e207374796c653d22666f6e742d7765696768743a20626f6c643b223e24434f4d50414e595f4e414d45243c2f7370616e3e3c2f703e0d0a0d0a3c70207374796c653d22636f6c6f723a2072676228302c20302c2030293b20666f6e742d66616d696c793a2056657264616e613b20666f6e742d73697a653a206d656469756d3b20666f6e742d7374796c653a206e6f726d616c3b20666f6e742d76617269616e742d6c69676174757265733a206e6f726d616c3b20666f6e742d76617269616e742d636170733a206e6f726d616c3b20666f6e742d7765696768743a206e6f726d616c3b206c65747465722d73706163696e673a206e6f726d616c3b206f727068616e733a20323b20746578742d616c69676e3a2073746172743b20746578742d696e64656e743a203070783b20746578742d7472616e73666f726d3a206e6f6e653b2077686974652d73706163653a206e6f726d616c3b207769646f77733a20323b20776f72642d73706163696e673a203070783b202d7765626b69742d746578742d7374726f6b652d77696474683a203070783b20746578742d6465636f726174696f6e2d7374796c653a20696e697469616c3b20746578742d6465636f726174696f6e2d636f6c6f723a20696e697469616c3b223e24434f4d50414e595f41444452455353243c6272202f3e0d0a24434f4d50414e595f5a4950242024434f4d50414e595f43495459243c6272202f3e0d0a24434f4d50414e595f434f554e545259243c2f703e0d0a0d0a3c70207374796c653d22636f6c6f723a2072676228302c20302c2030293b20666f6e742d66616d696c793a2056657264616e613b20666f6e742d73697a653a206d656469756d3b20666f6e742d7374796c653a206e6f726d616c3b20666f6e742d76617269616e742d6c69676174757265733a206e6f726d616c3b20666f6e742d76617269616e742d636170733a206e6f726d616c3b20666f6e742d7765696768743a206e6f726d616c3b206c65747465722d73706163696e673a206e6f726d616c3b206f727068616e733a20323b20746578742d616c69676e3a2073746172743b20746578742d696e64656e743a203070783b20746578742d7472616e73666f726d3a206e6f6e653b2077686974652d73706163653a206e6f726d616c3b207769646f77733a20323b20776f72642d73706163696e673a203070783b202d7765626b69742d746578742d7374726f6b652d77696474683a203070783b20746578742d6465636f726174696f6e2d7374796c653a20696e697469616c3b20746578742d6465636f726174696f6e2d636f6c6f723a20696e697469616c3b223e25434f4d50414e595f50484f4e45252024434f4d50414e595f50484f4e45243c6272202f3e0d0a25434f4d50414e595f464158252024434f4d50414e595f464158243c6272202f3e0d0a3c6272202f3e0d0a24434f4d50414e595f57454253495445243c2f703e0d0a3c6272202f3e0d0a266e6273703b3c2f6469763e0d0a3c2f6469763e0d0a3c2f6469763e0d0a3c7461626c6520626f726465723d22302220636f6c6f723d22626c61636b22207374796c653d22666f6e742d73697a653a313070783b222077696474683d2231303025223e0d0a093c74686561643e0d0a09093c74723e0d0a0909093c7468207374796c653d22746578742d616c69676e3a2063656e7465723b636f6c6f723a2077686974653b666f6e742d7765696768743a203630303b6261636b67726f756e643a234244423942393b2077696474683a3525223e3c2f74683e0d0a0909093c7468207374796c653d22746578742d616c69676e3a206c6566743b636f6c6f723a2077686974653b666f6e742d7765696768743a203630303b6261636b67726f756e643a234244423942393b77696474683a3435253b626f726465722d72696768743a32707820736f6c6964207768697465223e3c7370616e207374796c653d22666f6e742d66616d696c793a76657264616e612c67656e6576612c73616e732d73657269663b223e3c7370616e207374796c653d22636f6c6f723a233030303030303b223e3c7374726f6e673e25475f4465736372697074696f6e253c2f7374726f6e673e3c2f7370616e3e3c2f7370616e3e3c2f74683e0d0a0909093c7468207374796c653d22746578742d616c69676e3a2063656e7465723b636f6c6f723a2077686974653b666f6e742d7765696768743a203630303b6261636b67726f756e643a234244423942393b77696474683a3135253b626f726465722d72696768743a32707820736f6c6964207768697465223e3c7370616e207374796c653d22666f6e742d66616d696c793a76657264616e612c67656e6576612c73616e732d73657269663b223e3c7370616e207374796c653d22636f6c6f723a233030303030303b223e3c7374726f6e673e25475f4c697374205072696365253c2f7374726f6e673e3c2f7370616e3e3c2f7370616e3e3c2f74683e0d0a0909093c7468207374796c653d22746578742d616c69676e3a2063656e7465723b636f6c6f723a2077686974653b666f6e742d7765696768743a203630303b6261636b67726f756e643a234244423942393b77696474683a3135253b626f726465722d72696768743a32707820736f6c6964207768697465223e3c7370616e207374796c653d22666f6e742d66616d696c793a76657264616e612c67656e6576612c73616e732d73657269663b223e3c7370616e207374796c653d22636f6c6f723a233030303030303b223e3c7374726f6e673e25475f5175616e74697479253c2f7374726f6e673e3c2f7370616e3e3c2f7370616e3e3c2f74683e0d0a0909093c7468207374796c653d22746578742d616c69676e3a2063656e7465723b636f6c6f723a2077686974653b666f6e742d7765696768743a203630303b6261636b67726f756e643a234244423942393b77696474683a313525223e3c7370616e207374796c653d22666f6e742d66616d696c793a76657264616e612c67656e6576612c73616e732d73657269663b223e3c7370616e207374796c653d22636f6c6f723a233030303030303b223e3c7374726f6e673e25475f546f74616c253c2f7374726f6e673e3c2f7370616e3e3c2f7370616e3e3c2f74683e0d0a09093c2f74723e0d0a093c2f74686561643e0d0a093c74626f64793e0d0a09093c74723e0d0a0909093c746420636f6c7370616e3d2235223e3c7370616e207374796c653d22666f6e742d66616d696c793a76657264616e612c67656e6576612c73616e732d73657269663b223e2350524f44554354424c4f435f5354415254233c2f7370616e3e3c2f74643e0d0a09093c2f74723e0d0a09093c74723e0d0a0909093c7464207374796c653d226261636b67726f756e643a234244423942393b626f726465722d626f74746f6d3a32707820736f6c6964207768697465223e3c7370616e207374796c653d22666f6e742d66616d696c793a76657264616e612c67656e6576612c73616e732d73657269663b223e2450524f44554354504f534954494f4e243c2f7370616e3e3c2f74643e0d0a0909093c7464207374796c653d22746578742d616c69676e3a6c6566743b20626f726465722d626f74746f6d3a32707820736f6c69642077686974653b626f726465722d72696768743a32707820736f6c69642077686974653b223e0d0a0909093c68333e3c7370616e207374796c653d22666f6e742d66616d696c793a76657264616e612c67656e6576612c73616e732d73657269663b223e2450524f445543545449544c45243c2f7370616e3e3c2f68333e0d0a0909093c7370616e207374796c653d22666f6e742d66616d696c793a76657264616e612c67656e6576612c73616e732d73657269663b223e2450524f44554354454449544445534352495054494f4e243c2f7370616e3e3c2f74643e0d0a0909093c7464207374796c653d22626f726465722d72696768743a32707820736f6c69642077686974653b626f726465722d626f74746f6d3a32707820736f6c6964207768697465223e3c7370616e207374796c653d22666f6e742d66616d696c793a76657264616e612c67656e6576612c73616e732d73657269663b223e2450524f445543544c495354505249434524202443555252454e435953594d424f4c243c2f7370616e3e3c2f74643e0d0a0909093c7464207374796c653d22626f726465722d72696768743a32707820736f6c69642077686974653b626f726465722d626f74746f6d3a32707820736f6c6964207768697465223e3c7370616e207374796c653d22666f6e742d66616d696c793a76657264616e612c67656e6576612c73616e732d73657269663b223e2450524f445543545155414e54495459243c2f7370616e3e3c2f74643e0d0a0909093c7464207374796c653d22626f726465722d626f74746f6d3a32707820736f6c6964207768697465223e3c7370616e207374796c653d22666f6e742d66616d696c793a76657264616e612c67656e6576612c73616e732d73657269663b223e3c7374726f6e673e2450524f4455435453544f54414c4146544552444953434f554e5424202443555252454e435953594d424f4c243c2f7374726f6e673e3c2f7370616e3e3c2f74643e0d0a09093c2f74723e0d0a09093c74723e0d0a0909093c746420636f6c7370616e3d2235223e3c7370616e207374796c653d22666f6e742d66616d696c793a76657264616e612c67656e6576612c73616e732d73657269663b223e2350524f44554354424c4f435f454e44233c2f7370616e3e3c2f74643e0d0a09093c2f74723e0d0a09093c74723e0d0a0909093c746420636f6c7370616e3d223522207374796c653d226261636b67726f756e643a7768697465223e3c2f74643e0d0a09093c2f74723e0d0a09093c74723e0d0a0909093c746420636f6c7370616e3d223422207374796c653d226261636b67726f756e643a77686974653b20626f726465722d626f74746f6d3a31707820736f6c69642023424442394239223e3c7370616e207374796c653d22666f6e742d66616d696c793a76657264616e612c67656e6576612c73616e732d73657269663b223e25475f537562746f74616c253c2f7370616e3e3c2f74643e0d0a0909093c7464207374796c653d226261636b67726f756e643a234244423942393b223e3c7370616e207374796c653d22666f6e742d66616d696c793a76657264616e612c67656e6576612c73616e732d73657269663b223e24544f54414c574954484f555456415424202443555252454e435953594d424f4c243c2f7370616e3e3c2f74643e0d0a09093c2f74723e0d0a09093c74723e0d0a0909093c746420636f6c7370616e3d223422207374796c653d226261636b67726f756e643a77686974653b20626f726465722d626f74746f6d3a31707820736f6c69642023424442394239223e3c7370616e207374796c653d22666f6e742d66616d696c793a76657264616e612c67656e6576612c73616e732d73657269663b223e25475f4c424c5f444953434f554e54253c2f7370616e3e3c2f74643e0d0a0909093c7464207374796c653d226261636b67726f756e643a234244423942393b223e3c7370616e207374796c653d22666f6e742d66616d696c793a76657264616e612c67656e6576612c73616e732d73657269663b223e24544f54414c444953434f554e5424202443555252454e435953594d424f4c243c2f7370616e3e3c2f74643e0d0a09093c2f74723e0d0a09093c74723e0d0a0909093c746420636f6c7370616e3d223422207374796c653d226261636b67726f756e643a77686974653b20626f726465722d626f74746f6d3a31707820736f6c69642023424442394239223e3c7370616e207374796c653d22666f6e742d66616d696c793a76657264616e612c67656e6576612c73616e732d73657269663b223e25475f546f74616c253c2f7370616e3e3c2f74643e0d0a0909093c7464207374796c653d226261636b67726f756e643a234244423942393b223e3c7370616e207374796c653d22666f6e742d66616d696c793a76657264616e612c67656e6576612c73616e732d73657269663b223e24544f54414c4146544552444953434f554e5424202443555252454e435953594d424f4c243c2f7370616e3e3c2f74643e0d0a09093c2f74723e0d0a09093c74723e0d0a0909093c746420636f6c7370616e3d223422207374796c653d226261636b67726f756e643a77686974653b20626f726465722d626f74746f6d3a32707820736f6c69642023424442394239223e3c7370616e207374796c653d22666f6e742d66616d696c793a76657264616e612c67656e6576612c73616e732d73657269663b223e25475f54617825202456415450455243454e5424253c2f7370616e3e3c2f74643e0d0a0909093c7464207374796c653d226261636b67726f756e643a234244423942393b3b626f726465722d626f74746f6d3a32707820736f6c69642023424442394239223e3c7370616e207374796c653d22666f6e742d66616d696c793a76657264616e612c67656e6576612c73616e732d73657269663b223e2456415424202443555252454e435953594d424f4c243c2f7370616e3e3c2f74643e0d0a09093c2f74723e0d0a09093c74723e0d0a0909093c746420636f6c7370616e3d223422207374796c653d226261636b67726f756e643a77686974653b223e3c7374726f6e673e266e6273703b266e6273703b266e6273703b266e6273703b2025475f4c424c5f4752414e445f544f54414c253c2f7374726f6e673e3c2f74643e0d0a0909093c7464207374796c653d226261636b67726f756e643a7768697465223e3c7370616e207374796c653d22666f6e742d66616d696c793a76657264616e612c67656e6576612c73616e732d73657269663b223e3c7370616e207374796c653d22666f6e742d73697a653a313270783b223e3c7374726f6e673e24544f54414c24202443555252454e435953594d424f4c243c2f7374726f6e673e3c2f7370616e3e3c2f7370616e3e3c2f74643e0d0a09093c2f74723e0d0a093c2f74626f64793e0d0a3c2f7461626c653e0d0a0d0a3c6469762069643d2264657461696c73223e0d0a3c6469762069643d22636c69656e7432223e3c7370616e207374796c653d22666f6e742d66616d696c793a76657264616e612c67656e6576612c73616e732d73657269663b223e2451554f5445535f5445524d535f434f4e444954494f4e53243c2f7370616e3e3c2f6469763e0d0a0d0a3c6469762069643d22696e766f696365223e3c6272202f3e0d0a3c6272202f3e0d0a3c6272202f3e0d0a3c6272202f3e0d0a3c7370616e207374796c653d22666f6e742d66616d696c793a76657264616e612c67656e6576612c73616e732d73657269663b223e5f5f5f5f5f5f5f5f5f5f5f5f5f5f5f5f5f5f5f5f5f5f5f5f5f5f5f5f3c2f7370616e3e3c6272202f3e0d0a24525f55534552535f46495253545f4e414d4524e2808b2024525f55534552535f4c4153545f4e414d4524e2808b3c2f6469763e0d0a3c2f6469763e0d0a3c2f626f64793e0d0a3c2f68746d6c3e0d0a, 'Templates for Quotes', '0', NULL ),
( '5', '11', 'Invoice', 0x3c68746d6c3e0d0a3c686561643e0d0a093c7469746c653e3c2f7469746c653e0d0a3c2f686561643e0d0a3c626f64793e617364616461643c6272202f3e0d0a6473613c2f626f64793e0d0a3c2f68746d6c3e0d0a, '', '0', '' );
COMMIT;
-- ---------------------------------------------------------


-- Dump data of "vtiger_pdfmaker_breakline" ----------------
-- ---------------------------------------------------------


-- Dump data of "vtiger_pdfmaker_displayed" ----------------
-- ---------------------------------------------------------


-- Dump data of "vtiger_pdfmaker_extensions" ---------------
-- ---------------------------------------------------------


-- Dump data of "vtiger_pdfmaker_ignorepicklistvalues" -----
BEGIN;

INSERT INTO `vtiger_pdfmaker_ignorepicklistvalues`(`value`) VALUES 
( '' );
COMMIT;
-- ---------------------------------------------------------


-- Dump data of "vtiger_pdfmaker_images" -------------------
-- ---------------------------------------------------------


-- Dump data of "vtiger_pdfmaker_label_keys" ---------------
-- ---------------------------------------------------------


-- Dump data of "vtiger_pdfmaker_label_vals" ---------------
-- ---------------------------------------------------------


-- Dump data of "vtiger_pdfmaker_productbloc_tpl" ----------
BEGIN;

INSERT INTO `vtiger_pdfmaker_productbloc_tpl`(`id`,`name`,`body`) VALUES 
( '1', 'Product block for group tax', '<table border="1" cellpadding="3" cellspacing="0" style="font-size:10px;" width="100%">
	<thead>
		<tr bgcolor="#c0c0c0">
			<td style="TEXT-ALIGN: center">
				<span><strong>Pos</strong></span></td>
			<td colspan="2" style="TEXT-ALIGN: center">
				<span><strong>%G_Qty%</strong></span></td>
			<td style="TEXT-ALIGN: center">
				<span><span style="font-weight: bold;">Text</span></span></td>
			<td style="TEXT-ALIGN: center">
				<span><strong>%G_LBL_LIST_PRICE%<br />
				</strong></span></td>
			<td style="text-align: center;">
				<strong>%G_Subtotal%</strong></td>
			<td style="TEXT-ALIGN: center">
				<span><strong>%G_Discount%</strong></span></td>
			<td style="TEXT-ALIGN: center">
				<span><strong>%M_Total%</strong></span></td>
		</tr>
	</thead>
	<tbody>
		<tr>
			<td colspan="8">
				#PRODUCTBLOC_START#</td>
		</tr>
		<tr>
			<td style="text-align: center; vertical-align: top;">
				$PRODUCTPOSITION$</td>
			<td align="right" valign="top">
				$PRODUCTQUANTITY$</td>
			<td align="left" style="TEXT-ALIGN: center" valign="top">
				$PRODUCTUSAGEUNIT$</td>
			<td align="left" valign="top">
				$PRODUCTNAME$</td>
			<td align="right" style="text-align: right;" valign="top">
				$PRODUCTLISTPRICE$</td>
			<td align="right" style="TEXT-ALIGN: right" valign="top">
				$PRODUCTTOTAL$</td>
			<td align="right" style="TEXT-ALIGN: right" valign="top">
				$PRODUCTDISCOUNT$</td>
			<td align="right" style="text-align: right;" valign="top">
				$PRODUCTSTOTALAFTERDISCOUNT$</td>
		</tr>
		<tr>
			<td colspan="8">
				#PRODUCTBLOC_END#</td>
		</tr>
		<tr>
			<td colspan="7" style="TEXT-ALIGN: left">
				<span>%G_LBL_NET_PRICE% without TAX</span></td>
			<td style="TEXT-ALIGN: right">
				$TOTALWITHOUTVAT$</td>
		</tr>
		<tr>
			<td colspan="7" style="TEXT-ALIGN: left">
				%G_Discount%</td>
			<td style="TEXT-ALIGN: right">
				$TOTALDISCOUNT$</td>
		</tr>
		<tr>
			<td colspan="7" style="TEXT-ALIGN: left">
				Total without TAX</td>
			<td style="TEXT-ALIGN: right">
				$TOTALAFTERDISCOUNT$</td>
		</tr>
		<tr>
			<td colspan="7" style="text-align: left;">
				%G_Tax% $VATPERCENT$ % %G_LBL_LIST_OF% $TOTALAFTERDISCOUNT$</td>
			<td style="text-align: right;">
				$VAT$</td>
		</tr>
		<tr>
			<td colspan="7" style="text-align: left;">
				Total with TAX</td>
			<td style="text-align: right;">
				$TOTALWITHVAT$</td>
		</tr>
		<tr>
			<td colspan="7" style="text-align: left;">
				%G_LBL_SHIPPING_AND_HANDLING_CHARGES%</td>
			<td style="text-align: right;">
				$SHTAXAMOUNT$</td>
		</tr>
		<tr>
			<td colspan="7" style="TEXT-ALIGN: left">
				%G_LBL_TAX_FOR_SHIPPING_AND_HANDLING%</td>
			<td style="TEXT-ALIGN: right">
				$SHTAXTOTAL$</td>
		</tr>
		<tr>
			<td colspan="7" style="TEXT-ALIGN: left">
				%G_Adjustment%</td>
			<td style="TEXT-ALIGN: right">
				$ADJUSTMENT$</td>
		</tr>
		<tr>
			<td colspan="7" style="TEXT-ALIGN: left">
				<span style="font-weight: bold;">%G_LBL_GRAND_TOTAL% </span><strong>($CURRENCYCODE$)</strong></td>
			<td nowrap="nowrap" style="TEXT-ALIGN: right">
				<strong>$TOTAL$</strong></td>
		</tr>
	</tbody>
</table>
' ),
( '2', 'Product block for individual tax', '<table border="1" cellpadding="3" cellspacing="0" style="font-size:10px;" width="100%">
	<thead>
		<tr bgcolor="#c0c0c0">
			<td style="TEXT-ALIGN: center">
				<span><strong>Pos</strong></span></td>
			<td colspan="2" style="TEXT-ALIGN: center">
				<span><strong>%G_Qty%</strong></span></td>
			<td style="TEXT-ALIGN: center">
				<span><span style="font-weight: bold;">Text</span></span></td>
			<td style="TEXT-ALIGN: center">
				<span><strong>%G_LBL_LIST_PRICE%<br />
				</strong></span></td>
			<td style="text-align: center;">
				<strong>%G_Subtotal%</strong></td>
			<td style="TEXT-ALIGN: center">
				<span><strong>%G_Discount%</strong></span></td>
			<td style="TEXT-ALIGN: center">
				<span><strong>%G_LBL_NET_PRICE%<br />
				without TAX<br />
				</strong></span></td>
			<td style="text-align: center;">
				<span><strong>%G_Tax% (%)</strong></span></td>
			<td style="text-align: center;">
				<span><strong>%G_Tax%</strong> (<strong>$CURRENCYCODE$</strong>)</span></td>
			<td style="text-align: center;">
				<span><strong>%M_Total%</strong></span></td>
		</tr>
	</thead>
	<tbody>
		<tr>
			<td colspan="11">
				#PRODUCTBLOC_START#</td>
		</tr>
		<tr>
			<td style="text-align: center; vertical-align: top;">
				$PRODUCTPOSITION$</td>
			<td align="right" valign="top">
				$PRODUCTQUANTITY$</td>
			<td align="left" style="TEXT-ALIGN: center" valign="top">
				$PRODUCTUSAGEUNIT$</td>
			<td align="left" valign="top">
				$PRODUCTNAME$</td>
			<td align="right" style="text-align: right;" valign="top">
				$PRODUCTLISTPRICE$</td>
			<td align="right" style="TEXT-ALIGN: right" valign="top">
				$PRODUCTTOTAL$</td>
			<td align="right" style="TEXT-ALIGN: right" valign="top">
				$PRODUCTDISCOUNT$</td>
			<td align="right" style="text-align: right;" valign="top">
				$PRODUCTSTOTALAFTERDISCOUNT$</td>
			<td align="right" style="text-align: right;" valign="top">
				$PRODUCTVATPERCENT$</td>
			<td align="right" style="text-align: right;" valign="top">
				$PRODUCTVATSUM$</td>
			<td align="right" style="TEXT-ALIGN: right" valign="top">
				$PRODUCTTOTALSUM$</td>
		</tr>
		<tr>
			<td colspan="11">
				#PRODUCTBLOC_END#</td>
		</tr>
		<tr>
			<td colspan="7" style="TEXT-ALIGN: left">
				Subtotals</td>
			<td style="TEXT-ALIGN: right">
				<span style="text-align: right; ">$TOTALWITHOUTVAT$</span></td>
			<td style="TEXT-ALIGN: right">
				&nbsp;</td>
			<td style="TEXT-ALIGN: right">
				<span style="text-align: right; ">$VAT$</span></td>
			<td style="TEXT-ALIGN: right">
				$SUBTOTAL$</td>
		</tr>
		<tr>
			<td colspan="10" style="TEXT-ALIGN: left">
				%G_Discount%</td>
			<td style="TEXT-ALIGN: right">
				$TOTALDISCOUNT$</td>
		</tr>
		<tr>
			<td colspan="10" style="TEXT-ALIGN: left">
				Total with TAX</td>
			<td style="TEXT-ALIGN: right">
				$TOTALWITHVAT$</td>
		</tr>
		<tr>
			<td colspan="10" style="text-align: left;">
				%G_LBL_SHIPPING_AND_HANDLING_CHARGES%</td>
			<td style="text-align: right;">
				$SHTAXAMOUNT$</td>
		</tr>
		<tr>
			<td colspan="10" style="TEXT-ALIGN: left">
				%G_LBL_TAX_FOR_SHIPPING_AND_HANDLING%</td>
			<td style="TEXT-ALIGN: right">
				$SHTAXTOTAL$</td>
		</tr>
		<tr>
			<td colspan="10" style="TEXT-ALIGN: left">
				%G_Adjustment%</td>
			<td style="TEXT-ALIGN: right">
				$ADJUSTMENT$</td>
		</tr>
		<tr>
			<td colspan="10" style="TEXT-ALIGN: left">
				<span style="font-weight: bold;">%G_LBL_GRAND_TOTAL% </span><strong>($CURRENCYCODE$)</strong></td>
			<td nowrap="nowrap" style="TEXT-ALIGN: right">
				<strong>$TOTAL$</strong></td>
		</tr>
	</tbody>
</table>
' );
COMMIT;
-- ---------------------------------------------------------


-- Dump data of "vtiger_pdfmaker_profilespermissions" ------
-- ---------------------------------------------------------


-- Dump data of "vtiger_pdfmaker_relblockcol" --------------
-- ---------------------------------------------------------


-- Dump data of "vtiger_pdfmaker_relblockcriteria" ---------
-- ---------------------------------------------------------


-- Dump data of "vtiger_pdfmaker_relblockcriteria_g" -------
-- ---------------------------------------------------------


-- Dump data of "vtiger_pdfmaker_relblockdatefilter" -------
-- ---------------------------------------------------------


-- Dump data of "vtiger_pdfmaker_relblocks" ----------------
-- ---------------------------------------------------------


-- Dump data of "vtiger_pdfmaker_relblocksortcol" ----------
-- ---------------------------------------------------------


-- Dump data of "vtiger_pdfmaker_releases" -----------------
BEGIN;

INSERT INTO `vtiger_pdfmaker_releases`(`id`,`version`,`date`,`updated`) VALUES 
( '1', '4.60', '2024-07-28 18:49:17', '1' );
COMMIT;
-- ---------------------------------------------------------


-- Dump data of "vtiger_pdfmaker_seq" ----------------------
BEGIN;

INSERT INTO `vtiger_pdfmaker_seq`(`id`) VALUES 
( '5' );
COMMIT;
-- ---------------------------------------------------------


-- Dump data of "vtiger_pdfmaker_settings" -----------------
BEGIN;

INSERT INTO `vtiger_pdfmaker_settings`(`templateid`,`margin_top`,`margin_bottom`,`margin_left`,`margin_right`,`format`,`orientation`,`decimals`,`decimal_point`,`thousands_separator`,`header`,`footer`,`encoding`,`file_name`,`is_portal`,`is_listview`,`owner`,`sharingtype`,`disp_header`,`disp_footer`,`headerid`,`footerid`,`pdf_password`,`watermark_type`,`watermark_img_id`,`watermark_text`,`watermark_alpha`,`is_signature`,`signature_height`,`signature_width`,`signature_accept_user`,`truncate_zero`,`disable_export_edit`,`currency`,`currency_point`,`currency_thousands`,`is_currency`,`product_image_height`,`product_image_width`) VALUES 
( '1', '2.0', '2.0', '2.0', '2.0', 'A4', 'portrait', '2', ',', '.', '<html><head>	<title></title></head><body><table border="0" cellpadding="0" cellspacing="0" class="header" width="100%"><tbody>		<tr><td align="left" valign="top">$COMPANY_LOGO$</td><td align="right" nowrap="nowrap" valign="top"><h1><span style="color: rgb(0, 0, 0); font-family: Verdana; font-size: x-large; font-style: normal; font-variant-ligatures: normal; font-variant-caps: normal; font-weight: bold; letter-spacing: normal; orphans: 2; text-align: start; text-indent: 0px; text-transform: none; white-space: normal; widows: 2; word-spacing: 0px; -webkit-text-stroke-width: 0px; text-decoration-style: initial; text-decoration-color: initial; display: inline !important; float: none;">%M_Invoice No% $INVOICE_INVOICE_NO$</span></h1></td></tr></tbody></table></body></html>', '<html><head><title></title></head><body><p style="text-align: center;"><span style="font-size:10px;">$COMPANY_NAME$ <small>&bull; </small>$COMPANY_ADDRESS$ <small>&bull; </small> $COMPANY_ZIP$<small> </small>$COMPANY_CITY$<small> &bull; </small>$COMPANY_STATE$</span></p></body></html>', 'auto', NULL, '0', '0', '1', 'public', '3', '7', NULL, NULL, NULL, NULL, NULL, NULL, NULL, '0', '60', '150', '0', '0', '0', NULL, NULL, NULL, '0', '0', '100' ),
( '2', '2.0', '2.0', '2.0', '2.0', 'A4', 'portrait', '2', ',', '', '<html><head><title></title></head><body><table border="0" cellpadding="0" cellspacing="0" class="header" width="100%"><tbody><tr><td align="left" valign="top">$COMPANY_LOGO$</td><td align="right" nowrap="nowrap" valign="top"><h1><span style="color: rgb(0, 0, 0); font-family: Verdana; font-size: x-large; font-style: normal; font-variant-ligatures: normal; font-variant-caps: normal; font-weight: bold; letter-spacing: normal; orphans: 2; text-align: start; text-indent: 0px; text-transform: none; white-space: normal; widows: 2; word-spacing: 0px; -webkit-text-stroke-width: 0px; text-decoration-style: initial; text-decoration-color: initial; display: inline !important; float: none;">%SALESORDER_SALESORDER_NO% $SALESORDER_SALESORDER_NO$</span></h1></td></tr></tbody></table></body></html>', '<html><head><title></title></head><body><p style="text-align: center;"><span style="font-size:10px;">$COMPANY_NAME$ <small>&bull; </small>$COMPANY_ADDRESS$ <small>&bull; </small> $COMPANY_ZIP$<small> </small>$COMPANY_CITY$<small> &bull; </small>$COMPANY_STATE$</span></p></body></html>', 'auto', NULL, '0', '0', '1', 'public', '3', '7', NULL, NULL, NULL, NULL, NULL, NULL, NULL, '0', '60', '150', '0', '0', '0', NULL, NULL, NULL, '0', '0', '100' ),
( '3', '2.0', '2.0', '2.0', '2.0', 'A4', 'portrait', '2', ',', '', '<html><head><title></title></head><body><table border="0" cellpadding="0" cellspacing="0" class="header" width="100%"><tbody><tr><td align="left" valign="top">$COMPANY_LOGO$</td><td align="right" nowrap="nowrap" valign="top">	<h1><span style="color: rgb(0, 0, 0); font-family: Verdana; font-size: x-large; font-style: normal; font-variant-ligatures: normal; font-variant-caps: normal; font-weight: bold; letter-spacing: normal; orphans: 2; text-align: start; text-indent: 0px; text-transform: none; white-space: normal; widows: 2; word-spacing: 0px; -webkit-text-stroke-width: 0px; text-decoration-style: initial; text-decoration-color: initial; display: inline !important; float: none;">%PURCHASEORDER_PURCHASEORDER_NO% $PURCHASEORDER_PURCHASEORDER_NO$</span></h1></td></tr></tbody></table></body></html>', '<html><head><title></title></head><body><p style="text-align: center;"><span style="font-size:10px;">$COMPANY_NAME$ <small>&bull; </small>$COMPANY_ADDRESS$ <small>&bull; </small> $COMPANY_ZIP$<small> </small>$COMPANY_CITY$<small> &bull; </small>$COMPANY_STATE$</span></p></body></html>', 'auto', NULL, '0', '0', '1', 'public', '3', '7', NULL, NULL, NULL, NULL, NULL, NULL, NULL, '0', '60', '150', '0', '0', '0', NULL, NULL, NULL, '0', '0', '100' ),
( '4', '2.0', '2.0', '2.0', '2.0', 'A4', 'portrait', '2', ',', '', '<html><head>	<title></title></head><body><table border="0" cellpadding="0" cellspacing="0" class="header" width="100%"><tbody>		<tr><td align="left" valign="top">$COMPANY_LOGO$</td><td align="right" nowrap="nowrap" valign="top"><h1><span style="color: rgb(0, 0, 0); font-family: Verdana; font-size: x-large; font-style: normal; font-variant-ligatures: normal; font-variant-caps: normal; font-weight: bold; letter-spacing: normal; orphans: 2; text-align: start; text-indent: 0px; text-transform: none; white-space: normal; widows: 2; word-spacing: 0px; -webkit-text-stroke-width: 0px; text-decoration-style: initial; text-decoration-color: initial; display: inline !important; float: none;">%M_Quote No% $QUOTES_QUOTE_NO$</span></h1></td></tr></tbody></table></body></html>', '<html><head>	<title></title></head><body><p style="text-align: center;"><span style="font-size:10px;">$COMPANY_NAME$ <small>&bull; </small>$COMPANY_ADDRESS$ <small>&bull; </small> $COMPANY_ZIP$<small> </small>$COMPANY_CITY$<small> &bull; </small>$COMPANY_STATE$</span></p></body></html>', 'auto', NULL, '0', '0', '1', 'public', '3', '7', NULL, NULL, NULL, NULL, NULL, NULL, NULL, '0', '60', '150', '0', '0', '0', NULL, NULL, NULL, '0', '0', '100' ),
( '5', '2.0', '2.0', '2.0', '2.0', 'A4', 'portrait', '2', ',', 'sp', '<html>
<head>
	<title></title>
</head>
<body>&nbsp;</body>
</html>
', '<html>
<head>
	<title></title>
</head>
<body>&nbsp;</body>
</html>
', 'auto', '', '0', '0', '1', 'public', '3', '7', NULL, NULL, '', 'none', '0', '', NULL, '0', '0', '0', '0', '', '0', '2', ',', '.', '0', '0', '0' );
COMMIT;
-- ---------------------------------------------------------


-- Dump data of "vtiger_pdfmaker_sharing" ------------------
-- ---------------------------------------------------------


-- Dump data of "vtiger_pdfmaker_usersettings" -------------
BEGIN;

INSERT INTO `vtiger_pdfmaker_usersettings`(`userid`,`is_notified`) VALUES 
( '1', '1' ),
( '7', '1' );
COMMIT;
-- ---------------------------------------------------------


-- Dump data of "vtiger_pdfmaker_userstatus" ---------------
BEGIN;

INSERT INTO `vtiger_pdfmaker_userstatus`(`templateid`,`userid`,`is_active`,`is_default`,`sequence`) VALUES 
( '5', '1', '1', '0', '1' );
COMMIT;
-- ---------------------------------------------------------


-- Dump data of "vtiger_picklist" --------------------------
BEGIN;

INSERT INTO `vtiger_picklist`(`picklistid`,`name`) VALUES 
( '1', 'accounttype' ),
( '2', 'activitytype' ),
( '45', 'assetstatus' ),
( '3', 'campaignstatus' ),
( '4', 'campaigntype' ),
( '5', 'carrier' ),
( '33', 'contract_priority' ),
( '32', 'contract_status' ),
( '34', 'contract_type' ),
( '48', 'defaultactivitytype' ),
( '47', 'defaulteventstatus' ),
( '49', 'defaultlandingpage' ),
( '6', 'eventstatus' ),
( '7', 'expectedresponse' ),
( '8', 'faqcategories' ),
( '9', 'faqstatus' ),
( '10', 'glacct' ),
( '11', 'industry' ),
( '12', 'invoicestatus' ),
( '13', 'leadsource' ),
( '14', 'leadstatus' ),
( '15', 'manufacturer' ),
( '16', 'opportunity_type' ),
( '17', 'postatus' ),
( '18', 'productcategory' ),
( '44', 'progress' ),
( '37', 'projectmilestonetype' ),
( '43', 'projectpriority' ),
( '41', 'projectstatus' ),
( '39', 'projecttaskpriority' ),
( '40', 'projecttaskprogress' ),
( '46', 'projecttaskstatus' ),
( '38', 'projecttasktype' ),
( '42', 'projecttype' ),
( '19', 'quotestage' ),
( '20', 'rating' ),
( '21', 'sales_stage' ),
( '22', 'salutationtype' ),
( '35', 'service_usageunit' ),
( '36', 'servicecategory' ),
( '23', 'sostatus' ),
( '24', 'taskpriority' ),
( '25', 'taskstatus' ),
( '26', 'ticketcategories' ),
( '27', 'ticketpriorities' ),
( '28', 'ticketseverities' ),
( '29', 'ticketstatus' ),
( '31', 'tracking_unit' ),
( '30', 'usageunit' );
COMMIT;
-- ---------------------------------------------------------


-- Dump data of "vtiger_picklist_dependency" ---------------
BEGIN;

INSERT INTO `vtiger_picklist_dependency`(`id`,`tabid`,`sourcefield`,`targetfield`,`sourcevalue`,`targetvalues`,`criteria`) VALUES 
( '2', '7', 'leadstatus', 'cf_933', 'Cold', '["Viewed"]', NULL ),
( '6', '7', 'leadstatus', 'cf_933', 'Junk Lead', '["Viewed"]', NULL ),
( '7', '7', 'leadstatus', 'cf_933', 'Lost Lead', '["Viewed"]', NULL ),
( '9', '7', 'leadstatus', 'cf_933', 'Pre Qualified', '["Viewed"]', NULL ),
( '10', '7', 'leadstatus', 'cf_933', 'Qualified', '["Viewed"]', NULL );
COMMIT;
-- ---------------------------------------------------------


-- Dump data of "vtiger_picklist_dependency_seq" -----------
BEGIN;

INSERT INTO `vtiger_picklist_dependency_seq`(`id`) VALUES 
( '11' );
COMMIT;
-- ---------------------------------------------------------


-- Dump data of "vtiger_picklist_seq" ----------------------
BEGIN;

INSERT INTO `vtiger_picklist_seq`(`id`) VALUES 
( '51' );
COMMIT;
-- ---------------------------------------------------------


-- Dump data of "vtiger_picklist_transitions" --------------
-- ---------------------------------------------------------


-- Dump data of "vtiger_picklistvalues_seq" ----------------
BEGIN;

INSERT INTO `vtiger_picklistvalues_seq`(`id`) VALUES 
( '344' );
COMMIT;
-- ---------------------------------------------------------


-- Dump data of "vtiger_pobillads" -------------------------
-- ---------------------------------------------------------


-- Dump data of "vtiger_portal" ----------------------------
-- ---------------------------------------------------------


-- Dump data of "vtiger_portalinfo" ------------------------
-- ---------------------------------------------------------


-- Dump data of "vtiger_poshipads" -------------------------
-- ---------------------------------------------------------


-- Dump data of "vtiger_postatus" --------------------------
BEGIN;

INSERT INTO `vtiger_postatus`(`postatusid`,`postatus`,`presence`,`picklist_valueid`,`sortorderid`,`color`) VALUES 
( '1', 'Created', '0', '130', '0', NULL ),
( '2', 'Approved', '0', '131', '1', NULL ),
( '3', 'Delivered', '0', '132', '2', NULL ),
( '4', 'Cancelled', '0', '133', '3', NULL ),
( '5', 'Received Shipment', '0', '134', '4', NULL );
COMMIT;
-- ---------------------------------------------------------


-- Dump data of "vtiger_postatus_seq" ----------------------
BEGIN;

INSERT INTO `vtiger_postatus_seq`(`id`) VALUES 
( '5' );
COMMIT;
-- ---------------------------------------------------------


-- Dump data of "vtiger_postatushistory" -------------------
-- ---------------------------------------------------------


-- Dump data of "vtiger_potential" -------------------------
BEGIN;

INSERT INTO `vtiger_potential`(`potentialid`,`potential_no`,`related_to`,`potentialname`,`amount`,`currency`,`closingdate`,`typeofrevenue`,`nextstep`,`private`,`probability`,`campaignid`,`sales_stage`,`potentialtype`,`leadsource`,`productid`,`productversion`,`quotationref`,`partnercontact`,`remarks`,`runtimefee`,`followupdate`,`evaluationstatus`,`description`,`forecastcategory`,`outcomeanalysis`,`forecast_amount`,`isconvertedfromlead`,`contact_id`,`tags`,`converted`) VALUES 
( '17', 'POT1', '0', 'Mller, Florian', '350.00000000', NULL, '2024-06-30', NULL, '', '0', '0.000', '0', 'Closed Won', 'New Business', 'Other', NULL, NULL, NULL, NULL, NULL, '0', NULL, NULL, NULL, '0', '0', '0.00000000', '0', '4', '', '0' ),
( '43', 'POT2', '0', 'Muster, Stephan', '250.00000000', NULL, NULL, NULL, '', '0', '0.000', '0', 'Closed Won', 'New Business', 'Web Site', NULL, NULL, NULL, NULL, NULL, '0', NULL, NULL, NULL, '0', '0', '0.00000000', '1', '42', '', '0' ),
( '60', 'POT3', '0', 'Mller, Peter', '0.00000000', NULL, NULL, NULL, '', '0', '0.000', '0', 'Closed Won', 'Existing Business', '', NULL, NULL, NULL, NULL, NULL, '0', NULL, NULL, NULL, '0', '0', '0.00000000', '0', '58', '', '0' ),
( '68', 'POT4', '0', 'Schmidt, Jan', '0.00000000', NULL, NULL, NULL, '', '0', '0.000', '0', 'Closed Won', 'Existing Business', '', NULL, NULL, NULL, NULL, NULL, '0', NULL, NULL, NULL, '0', '0', '0.00000000', '0', '67', '', '0' ),
( '109', 'POT5', '0', 'Mller, Peter', '250.00000000', NULL, NULL, NULL, '', '0', '0.000', '0', 'New', '', '', NULL, NULL, NULL, NULL, NULL, '0', NULL, NULL, NULL, '0', '0', '0.00000000', '0', '58', '', '0' ),
( '114', 'POT6', '0', 'Mller, Peter', '250.00000000', NULL, NULL, NULL, '', '0', '0.000', '0', 'New', '', '', NULL, NULL, NULL, NULL, NULL, '0', NULL, NULL, NULL, '0', '0', '0.00000000', '0', '0', '', '0' ),
( '115', 'POT7', '0', 'Mller, Peter', '250.00000000', NULL, NULL, NULL, '', '0', '0.000', '0', 'New', '', '', NULL, NULL, NULL, NULL, NULL, '0', NULL, NULL, NULL, '0', '0', '0.00000000', '0', '58', '', '0' ),
( '122', 'POT8', '0', 'Philipp Goldberg', '0.00000000', NULL, NULL, NULL, '', '0', '0.000', '0', 'New', '', '', NULL, NULL, NULL, NULL, NULL, '0', NULL, NULL, NULL, '0', '0', '0.00000000', '1', '121', '', '0' ),
( '123', 'POT9', '0', 'Mller, Florian', '250.00000000', NULL, NULL, NULL, '', '0', '0.000', '0', 'New', '', '', NULL, NULL, NULL, NULL, NULL, '0', NULL, NULL, NULL, '0', '0', '0.00000000', '0', '4', '', '0' ),
( '135', 'POT10', '0', 'net opport', '600.00000000', NULL, NULL, NULL, '', '0', '0.000', '0', 'New', '', '', NULL, NULL, NULL, NULL, NULL, '0', NULL, NULL, NULL, '0', '0', '0.00000000', '0', '42', '', '0' );
COMMIT;
-- ---------------------------------------------------------


-- Dump data of "vtiger_potentialscf" ----------------------
BEGIN;

INSERT INTO `vtiger_potentialscf`(`potentialid`) VALUES 
( '17' ),
( '43' ),
( '60' ),
( '68' ),
( '109' ),
( '114' ),
( '115' ),
( '122' ),
( '123' ),
( '135' );
COMMIT;
-- ---------------------------------------------------------


-- Dump data of "vtiger_potstagehistory" -------------------
-- ---------------------------------------------------------


-- Dump data of "vtiger_pricebook" -------------------------
-- ---------------------------------------------------------


-- Dump data of "vtiger_pricebookcf" -----------------------
-- ---------------------------------------------------------


-- Dump data of "vtiger_pricebookproductrel" ---------------
-- ---------------------------------------------------------


-- Dump data of "vtiger_priority" --------------------------
-- ---------------------------------------------------------


-- Dump data of "vtiger_productcategory" -------------------
BEGIN;

INSERT INTO `vtiger_productcategory`(`productcategoryid`,`productcategory`,`presence`,`picklist_valueid`,`sortorderid`,`color`) VALUES 
( '2', 'Hardware', '1', '136', '1', NULL ),
( '3', 'Software', '1', '137', '2', NULL ),
( '4', 'CRM Applications', '1', '138', '3', NULL );
COMMIT;
-- ---------------------------------------------------------


-- Dump data of "vtiger_productcategory_seq" ---------------
BEGIN;

INSERT INTO `vtiger_productcategory_seq`(`id`) VALUES 
( '4' );
COMMIT;
-- ---------------------------------------------------------


-- Dump data of "vtiger_productcf" -------------------------
BEGIN;

INSERT INTO `vtiger_productcf`(`productid`) VALUES 
( '3' ),
( '16' ),
( '55' ),
( '62' ),
( '106' );
COMMIT;
-- ---------------------------------------------------------


-- Dump data of "vtiger_productcurrencyrel" ----------------
BEGIN;

INSERT INTO `vtiger_productcurrencyrel`(`productid`,`currencyid`,`converted_price`,`actual_price`) VALUES 
( '16', '2', '0.00000000', '0.00000000' ),
( '62', '2', '250.00000000', '250.00000000' ),
( '72', '2', '1.00000000', '1.00000000' ),
( '55', '2', '0.00000000', '0.00000000' ),
( '3', '1', '0.00000000', '11.00000000' ),
( '3', '2', '0.00000000', '0.00000000' ),
( '106', '2', '0.00000000', '0.00000000' );
COMMIT;
-- ---------------------------------------------------------


-- Dump data of "vtiger_products" --------------------------
BEGIN;

INSERT INTO `vtiger_products`(`productid`,`product_no`,`productname`,`productcode`,`productcategory`,`manufacturer`,`qty_per_unit`,`unit_price`,`weight`,`pack_size`,`sales_start_date`,`sales_end_date`,`start_date`,`expiry_date`,`cost_factor`,`commissionrate`,`commissionmethod`,`discontinued`,`usageunit`,`reorderlevel`,`website`,`taxclass`,`mfr_part_no`,`vendor_part_no`,`serialno`,`qtyinstock`,`productsheet`,`qtyindemand`,`glacct`,`vendor_id`,`imagename`,`currency_id`,`is_subproducts_viewable`,`purchase_cost`,`tags`) VALUES 
( '3', 'PRO1', 'test_product', '0002', '', '', '1.00', '0.00000000', NULL, NULL, NULL, NULL, NULL, NULL, NULL, '0.000', NULL, '1', '', '0', '', '', '', '', '', '90.000', '', '0', '', '0', '', '2', '1', '0.00000000', '' ),
( '16', 'PRO2', 'Qotes', '', '', '', '0.00', '0.00000000', NULL, NULL, NULL, NULL, NULL, NULL, NULL, '0.000', NULL, '1', '', '0', '', '', '', '', '', '99999.000', '', '0', '', '0', '', '2', '1', '0.00000000', '' ),
( '55', 'PRO3', 'Gelato #44', '0001', '', '', '1.00', '0.00000000', NULL, NULL, '2024-06-05', NULL, NULL, NULL, NULL, '0.000', NULL, '1', 'Pieces', '0', '', '', '', '', '2406029', '2705.000', '', '1250', '', '0', '', '2', '1', '0.00000000', '' ),
( '62', 'PRO4', 'Mitgliedschaft', '1234', '', '', '1.00', '250.00000000', NULL, NULL, '2024-06-01', '2024-06-30', NULL, NULL, NULL, '0.000', NULL, '1', 'Quantity', '0', '', '', '', '', '', '490.000', '', '0', '', '0', '', '2', '1', '0.00000000', '' ),
( '106', 'PRO5', 'Wedding Cake', '0003', '', '', '1.00', '0.00000000', NULL, NULL, NULL, NULL, NULL, NULL, NULL, '0.000', NULL, '1', 'Pack', '0', '', '', '', '', '', '555.000', '', '0', '', '0', '', '2', '1', '0.00000000', '' );
COMMIT;
-- ---------------------------------------------------------


-- Dump data of "vtiger_producttaxrel" ---------------------
-- ---------------------------------------------------------


-- Dump data of "vtiger_profile" ---------------------------
BEGIN;

INSERT INTO `vtiger_profile`(`profileid`,`profilename`,`description`,`directly_related_to_role`) VALUES 
( '1', 'Administrator', 'Admin Profile', '0' ),
( '2', 'Sales Profile', 'Profile Related to Sales', '0' ),
( '3', 'Support Profile', 'Profile Related to Support', '0' ),
( '4', 'Guest Profile', 'Guest Profile for Test Users', '0' );
COMMIT;
-- ---------------------------------------------------------


-- Dump data of "vtiger_profile2field" ---------------------
BEGIN;

INSERT INTO `vtiger_profile2field`(`profileid`,`tabid`,`fieldid`,`visible`,`readonly`) VALUES 
( '1', '6', '1', '0', '0' ),
( '1', '6', '2', '0', '0' ),
( '1', '6', '3', '0', '0' ),
( '1', '6', '4', '0', '0' ),
( '1', '6', '5', '0', '0' ),
( '1', '6', '6', '0', '0' ),
( '1', '6', '7', '0', '0' ),
( '1', '6', '8', '0', '0' ),
( '1', '6', '9', '0', '0' ),
( '1', '6', '10', '0', '0' ),
( '1', '6', '11', '0', '0' ),
( '1', '6', '12', '0', '0' ),
( '1', '6', '13', '0', '0' ),
( '1', '6', '14', '0', '0' ),
( '1', '6', '15', '0', '0' ),
( '1', '6', '16', '0', '0' ),
( '1', '6', '17', '0', '0' ),
( '1', '6', '18', '0', '0' ),
( '1', '6', '19', '0', '0' ),
( '1', '6', '20', '0', '0' ),
( '1', '6', '21', '0', '0' ),
( '1', '6', '22', '0', '0' ),
( '1', '6', '23', '0', '0' ),
( '1', '6', '24', '0', '0' ),
( '1', '6', '25', '0', '0' ),
( '1', '6', '26', '0', '0' ),
( '1', '6', '27', '0', '0' ),
( '1', '6', '28', '0', '0' ),
( '1', '6', '29', '0', '0' ),
( '1', '6', '30', '0', '0' ),
( '1', '6', '31', '0', '0' ),
( '1', '6', '32', '0', '0' ),
( '1', '6', '33', '0', '0' ),
( '1', '6', '34', '0', '0' ),
( '1', '6', '35', '0', '0' ),
( '1', '6', '36', '0', '0' ),
( '1', '7', '37', '0', '0' ),
( '1', '7', '38', '0', '0' ),
( '1', '7', '39', '0', '0' ),
( '1', '7', '40', '0', '0' ),
( '1', '7', '41', '0', '0' ),
( '1', '7', '42', '0', '0' ),
( '1', '7', '43', '0', '0' ),
( '1', '7', '44', '0', '0' ),
( '1', '7', '45', '0', '0' ),
( '1', '7', '46', '0', '0' ),
( '1', '7', '47', '0', '0' ),
( '1', '7', '48', '0', '0' ),
( '1', '7', '49', '0', '0' ),
( '1', '7', '50', '0', '0' ),
( '1', '7', '51', '0', '0' ),
( '1', '7', '52', '0', '0' ),
( '1', '7', '53', '0', '0' ),
( '1', '7', '54', '0', '0' ),
( '1', '7', '55', '0', '0' ),
( '1', '7', '56', '0', '0' ),
( '1', '7', '57', '0', '0' ),
( '1', '7', '58', '0', '0' ),
( '1', '7', '59', '0', '0' ),
( '1', '7', '60', '0', '0' ),
( '1', '7', '61', '0', '0' ),
( '1', '7', '62', '0', '0' ),
( '1', '7', '63', '0', '0' ),
( '1', '7', '64', '0', '0' ),
( '1', '7', '65', '0', '0' ),
( '1', '4', '66', '0', '0' ),
( '1', '4', '67', '0', '0' ),
( '1', '4', '68', '0', '0' ),
( '1', '4', '69', '0', '0' ),
( '1', '4', '70', '0', '0' ),
( '1', '4', '71', '0', '0' ),
( '1', '4', '72', '0', '0' ),
( '1', '4', '73', '0', '0' ),
( '1', '4', '74', '0', '0' ),
( '1', '4', '75', '0', '0' ),
( '1', '4', '76', '0', '0' ),
( '1', '4', '77', '0', '0' ),
( '1', '4', '78', '0', '0' ),
( '1', '4', '79', '0', '0' ),
( '1', '4', '80', '0', '0' ),
( '1', '4', '81', '0', '0' ),
( '1', '4', '82', '0', '0' ),
( '1', '4', '83', '0', '0' ),
( '1', '4', '84', '0', '0' ),
( '1', '4', '85', '0', '0' ),
( '1', '4', '86', '0', '0' ),
( '1', '4', '87', '0', '0' ),
( '1', '4', '88', '0', '0' ),
( '1', '4', '89', '0', '0' ),
( '1', '4', '90', '0', '0' ),
( '1', '4', '91', '0', '0' ),
( '1', '4', '92', '0', '0' ),
( '1', '4', '93', '0', '0' ),
( '1', '4', '94', '0', '0' ),
( '1', '4', '95', '0', '0' ),
( '1', '4', '96', '0', '0' ),
( '1', '4', '97', '0', '0' ),
( '1', '4', '98', '0', '0' ),
( '1', '4', '99', '0', '0' ),
( '1', '4', '100', '0', '0' ),
( '1', '4', '101', '0', '0' ),
( '1', '4', '102', '0', '0' ),
( '1', '4', '103', '0', '0' ),
( '1', '4', '104', '0', '0' ),
( '1', '4', '105', '0', '0' ),
( '1', '4', '106', '0', '0' ),
( '1', '4', '107', '0', '0' ),
( '1', '4', '108', '0', '0' ),
( '1', '4', '109', '0', '0' ),
( '1', '2', '110', '0', '0' ),
( '1', '2', '111', '0', '0' ),
( '1', '2', '112', '0', '0' ),
( '1', '2', '113', '0', '0' ),
( '1', '2', '114', '0', '0' ),
( '1', '2', '115', '0', '0' ),
( '1', '2', '116', '0', '0' ),
( '1', '2', '117', '0', '0' ),
( '1', '2', '118', '0', '0' ),
( '1', '2', '119', '0', '0' ),
( '1', '2', '120', '0', '0' ),
( '1', '2', '121', '0', '0' ),
( '1', '2', '122', '0', '0' ),
( '1', '2', '123', '0', '0' ),
( '1', '2', '124', '0', '0' ),
( '1', '2', '125', '0', '0' ),
( '1', '26', '126', '0', '0' ),
( '1', '26', '127', '0', '0' ),
( '1', '26', '128', '0', '0' ),
( '1', '26', '129', '0', '0' ),
( '1', '26', '130', '0', '0' ),
( '1', '26', '131', '0', '0' ),
( '1', '26', '132', '0', '0' ),
( '1', '26', '133', '0', '0' ),
( '1', '26', '134', '0', '0' ),
( '1', '26', '135', '0', '0' ),
( '1', '26', '136', '0', '0' ),
( '1', '26', '137', '0', '0' ),
( '1', '26', '138', '0', '0' ),
( '1', '26', '139', '0', '0' ),
( '1', '26', '140', '0', '0' ),
( '1', '26', '141', '0', '0' ),
( '1', '26', '142', '0', '0' ),
( '1', '26', '143', '0', '0' ),
( '1', '26', '144', '0', '0' ),
( '1', '26', '145', '0', '0' ),
( '1', '26', '146', '0', '0' ),
( '1', '26', '147', '0', '0' ),
( '1', '26', '148', '0', '0' ),
( '1', '26', '149', '0', '0' ),
( '1', '26', '150', '0', '0' ),
( '1', '4', '151', '0', '0' ),
( '1', '6', '152', '0', '0' ),
( '1', '7', '153', '0', '0' ),
( '1', '26', '154', '0', '0' ),
( '1', '13', '155', '0', '0' ),
( '1', '13', '156', '0', '0' ),
( '1', '13', '157', '0', '0' ),
( '1', '13', '158', '0', '0' ),
( '1', '13', '159', '0', '0' ),
( '1', '13', '160', '0', '0' ),
( '1', '13', '161', '0', '0' ),
( '1', '13', '162', '0', '0' ),
( '1', '13', '163', '0', '0' ),
( '1', '13', '164', '0', '0' ),
( '1', '13', '165', '0', '0' ),
( '1', '13', '166', '0', '0' ),
( '1', '13', '167', '0', '0' ),
( '1', '13', '168', '0', '0' ),
( '1', '13', '169', '0', '0' ),
( '1', '13', '170', '0', '0' ),
( '1', '13', '171', '0', '0' ),
( '1', '13', '172', '0', '0' ),
( '1', '13', '173', '0', '0' ),
( '1', '14', '174', '0', '0' ),
( '1', '14', '175', '0', '0' ),
( '1', '14', '176', '0', '0' ),
( '1', '14', '177', '0', '0' ),
( '1', '14', '178', '0', '0' ),
( '1', '14', '179', '0', '0' ),
( '1', '14', '180', '0', '0' ),
( '1', '14', '181', '0', '0' ),
( '1', '14', '182', '0', '0' ),
( '1', '14', '183', '0', '0' ),
( '1', '14', '184', '0', '0' ),
( '1', '14', '185', '0', '0' ),
( '1', '14', '186', '0', '0' ),
( '1', '14', '187', '0', '0' ),
( '1', '14', '188', '0', '0' ),
( '1', '14', '189', '0', '0' ),
( '1', '14', '190', '0', '0' ),
( '1', '14', '191', '0', '0' ),
( '1', '14', '192', '0', '0' ),
( '1', '14', '193', '0', '0' ),
( '1', '14', '194', '0', '0' ),
( '1', '14', '195', '0', '0' ),
( '1', '14', '196', '0', '0' ),
( '1', '14', '197', '0', '0' ),
( '1', '14', '198', '0', '0' ),
( '1', '14', '199', '0', '0' ),
( '1', '14', '200', '0', '0' ),
( '1', '14', '201', '0', '0' ),
( '1', '14', '202', '0', '0' ),
( '1', '14', '203', '0', '0' ),
( '1', '14', '204', '0', '0' ),
( '1', '8', '205', '0', '0' ),
( '1', '8', '206', '0', '0' ),
( '1', '8', '207', '0', '0' ),
( '1', '8', '208', '0', '0' ),
( '1', '8', '209', '0', '0' ),
( '1', '8', '210', '0', '0' ),
( '1', '8', '211', '0', '0' ),
( '1', '8', '212', '0', '0' ),
( '1', '8', '213', '0', '0' ),
( '1', '8', '214', '0', '0' ),
( '1', '8', '215', '0', '0' ),
( '1', '8', '216', '0', '0' ),
( '1', '8', '217', '0', '0' ),
( '1', '8', '218', '0', '0' ),
( '1', '8', '219', '0', '0' ),
( '1', '10', '220', '0', '0' ),
( '1', '10', '221', '0', '0' ),
( '1', '10', '222', '0', '0' ),
( '1', '10', '223', '0', '0' ),
( '1', '10', '224', '0', '0' ),
( '1', '10', '225', '0', '0' ),
( '1', '10', '226', '0', '0' ),
( '1', '10', '227', '0', '0' ),
( '1', '10', '228', '0', '0' ),
( '1', '10', '229', '0', '0' ),
( '1', '10', '230', '0', '0' ),
( '1', '10', '231', '0', '0' ),
( '1', '9', '232', '0', '0' ),
( '1', '9', '233', '0', '0' ),
( '1', '9', '234', '0', '0' ),
( '1', '9', '235', '0', '0' ),
( '1', '9', '236', '0', '0' ),
( '1', '9', '237', '0', '0' ),
( '1', '9', '238', '0', '0' ),
( '1', '9', '239', '0', '0' ),
( '1', '9', '240', '0', '0' ),
( '1', '9', '241', '0', '0' ),
( '1', '9', '242', '0', '0' ),
( '1', '9', '243', '0', '0' ),
( '1', '9', '244', '0', '0' ),
( '1', '9', '245', '0', '0' ),
( '1', '9', '246', '0', '0' ),
( '1', '9', '247', '0', '0' ),
( '1', '9', '248', '0', '0' ),
( '1', '9', '249', '0', '0' ),
( '1', '9', '250', '0', '0' );

INSERT INTO `vtiger_profile2field`(`profileid`,`tabid`,`fieldid`,`visible`,`readonly`) VALUES 
( '1', '9', '251', '0', '0' ),
( '1', '9', '252', '0', '0' ),
( '1', '9', '253', '0', '0' ),
( '1', '9', '254', '0', '0' ),
( '1', '9', '255', '0', '0' ),
( '1', '16', '256', '0', '0' ),
( '1', '16', '257', '0', '0' ),
( '1', '16', '258', '0', '0' ),
( '1', '16', '259', '0', '0' ),
( '1', '16', '260', '0', '0' ),
( '1', '16', '261', '0', '0' ),
( '1', '16', '262', '0', '0' ),
( '1', '16', '263', '0', '0' ),
( '1', '16', '264', '0', '0' ),
( '1', '16', '265', '0', '0' ),
( '1', '16', '266', '0', '0' ),
( '1', '16', '267', '0', '0' ),
( '1', '16', '268', '0', '0' ),
( '1', '16', '269', '0', '0' ),
( '1', '16', '270', '0', '0' ),
( '1', '16', '271', '0', '0' ),
( '1', '16', '272', '0', '0' ),
( '1', '16', '273', '0', '0' ),
( '1', '16', '274', '0', '0' ),
( '1', '16', '275', '0', '0' ),
( '1', '16', '276', '0', '0' ),
( '1', '16', '277', '0', '0' ),
( '1', '16', '278', '0', '0' ),
( '1', '15', '279', '0', '0' ),
( '1', '15', '280', '0', '0' ),
( '1', '15', '281', '0', '0' ),
( '1', '15', '282', '0', '0' ),
( '1', '15', '283', '0', '0' ),
( '1', '15', '284', '0', '0' ),
( '1', '15', '285', '0', '0' ),
( '1', '15', '286', '0', '0' ),
( '1', '15', '287', '0', '0' ),
( '1', '15', '288', '0', '0' ),
( '1', '18', '289', '0', '0' ),
( '1', '18', '290', '0', '0' ),
( '1', '18', '291', '0', '0' ),
( '1', '18', '292', '0', '0' ),
( '1', '18', '293', '0', '0' ),
( '1', '18', '294', '0', '0' ),
( '1', '18', '295', '0', '0' ),
( '1', '18', '296', '0', '0' ),
( '1', '18', '297', '0', '0' ),
( '1', '18', '298', '0', '0' ),
( '1', '18', '299', '0', '0' ),
( '1', '18', '300', '0', '0' ),
( '1', '18', '301', '0', '0' ),
( '1', '18', '302', '0', '0' ),
( '1', '18', '303', '0', '0' ),
( '1', '18', '304', '0', '0' ),
( '1', '18', '305', '0', '0' ),
( '1', '19', '306', '0', '0' ),
( '1', '19', '307', '0', '0' ),
( '1', '19', '308', '0', '0' ),
( '1', '19', '309', '0', '0' ),
( '1', '19', '310', '0', '0' ),
( '1', '19', '311', '0', '0' ),
( '1', '19', '312', '0', '0' ),
( '1', '19', '313', '0', '0' ),
( '1', '20', '314', '0', '0' ),
( '1', '20', '315', '0', '0' ),
( '1', '20', '316', '0', '0' ),
( '1', '20', '317', '0', '0' ),
( '1', '20', '318', '0', '0' ),
( '1', '20', '319', '0', '0' ),
( '1', '20', '320', '0', '0' ),
( '1', '20', '321', '0', '0' ),
( '1', '20', '322', '0', '0' ),
( '1', '20', '323', '0', '0' ),
( '1', '20', '324', '0', '0' ),
( '1', '20', '325', '0', '0' ),
( '1', '20', '326', '0', '0' ),
( '1', '20', '327', '0', '0' ),
( '1', '20', '328', '0', '0' ),
( '1', '20', '329', '0', '0' ),
( '1', '20', '330', '0', '0' ),
( '1', '20', '331', '0', '0' ),
( '1', '20', '332', '0', '0' ),
( '1', '20', '333', '0', '0' ),
( '1', '20', '334', '0', '0' ),
( '1', '20', '335', '0', '0' ),
( '1', '20', '336', '0', '0' ),
( '1', '20', '337', '0', '0' ),
( '1', '20', '338', '0', '0' ),
( '1', '20', '339', '0', '0' ),
( '1', '20', '340', '0', '0' ),
( '1', '20', '341', '0', '0' ),
( '1', '20', '342', '0', '0' ),
( '1', '20', '343', '0', '0' ),
( '1', '20', '344', '0', '0' ),
( '1', '20', '345', '0', '0' ),
( '1', '20', '346', '0', '0' ),
( '1', '20', '347', '0', '0' ),
( '1', '20', '348', '0', '0' ),
( '1', '20', '349', '0', '0' ),
( '1', '20', '350', '0', '0' ),
( '1', '21', '351', '0', '0' ),
( '1', '21', '352', '0', '0' ),
( '1', '21', '353', '0', '0' ),
( '1', '21', '354', '0', '0' ),
( '1', '21', '355', '0', '0' ),
( '1', '21', '356', '0', '0' ),
( '1', '21', '357', '0', '0' ),
( '1', '21', '358', '0', '0' ),
( '1', '21', '359', '0', '0' ),
( '1', '21', '360', '0', '0' ),
( '1', '21', '361', '0', '0' ),
( '1', '21', '362', '0', '0' ),
( '1', '21', '363', '0', '0' ),
( '1', '21', '364', '0', '0' ),
( '1', '21', '365', '0', '0' ),
( '1', '21', '366', '0', '0' ),
( '1', '21', '367', '0', '0' ),
( '1', '21', '368', '0', '0' ),
( '1', '21', '369', '0', '0' ),
( '1', '21', '370', '0', '0' ),
( '1', '21', '371', '0', '0' ),
( '1', '21', '372', '0', '0' ),
( '1', '21', '373', '0', '0' ),
( '1', '21', '374', '0', '0' ),
( '1', '21', '375', '0', '0' ),
( '1', '21', '376', '0', '0' ),
( '1', '21', '377', '0', '0' ),
( '1', '21', '378', '0', '0' ),
( '1', '21', '379', '0', '0' ),
( '1', '21', '380', '0', '0' ),
( '1', '21', '381', '0', '0' ),
( '1', '21', '382', '0', '0' ),
( '1', '21', '383', '0', '0' ),
( '1', '21', '384', '0', '0' ),
( '1', '21', '385', '0', '0' ),
( '1', '21', '386', '0', '0' ),
( '1', '21', '387', '0', '0' ),
( '1', '21', '388', '0', '0' ),
( '1', '22', '389', '0', '0' ),
( '1', '22', '390', '0', '0' ),
( '1', '22', '391', '0', '0' ),
( '1', '22', '392', '0', '0' ),
( '1', '22', '393', '0', '0' ),
( '1', '22', '394', '0', '0' ),
( '1', '22', '395', '0', '0' ),
( '1', '22', '396', '0', '0' ),
( '1', '22', '397', '0', '0' ),
( '1', '22', '398', '0', '0' ),
( '1', '22', '399', '0', '0' ),
( '1', '22', '400', '0', '0' ),
( '1', '22', '401', '0', '0' ),
( '1', '22', '402', '0', '0' ),
( '1', '22', '403', '0', '0' ),
( '1', '22', '404', '0', '0' ),
( '1', '22', '405', '0', '0' ),
( '1', '22', '406', '0', '0' ),
( '1', '22', '407', '0', '0' ),
( '1', '22', '408', '0', '0' ),
( '1', '22', '409', '0', '0' ),
( '1', '22', '410', '0', '0' ),
( '1', '22', '411', '0', '0' ),
( '1', '22', '412', '0', '0' ),
( '1', '22', '413', '0', '0' ),
( '1', '22', '414', '0', '0' ),
( '1', '22', '415', '0', '0' ),
( '1', '22', '416', '0', '0' ),
( '1', '22', '417', '0', '0' ),
( '1', '22', '418', '0', '0' ),
( '1', '22', '419', '0', '0' ),
( '1', '22', '420', '0', '0' ),
( '1', '22', '421', '0', '0' ),
( '1', '22', '422', '0', '0' ),
( '1', '22', '423', '0', '0' ),
( '1', '22', '424', '0', '0' ),
( '1', '22', '425', '0', '0' ),
( '1', '22', '426', '0', '0' ),
( '1', '22', '427', '0', '0' ),
( '1', '22', '428', '0', '0' ),
( '1', '22', '429', '0', '0' ),
( '1', '22', '430', '0', '0' ),
( '1', '22', '431', '0', '0' ),
( '1', '22', '432', '0', '0' ),
( '1', '22', '433', '0', '0' ),
( '1', '22', '434', '0', '0' ),
( '1', '22', '435', '0', '0' ),
( '1', '23', '436', '0', '0' ),
( '1', '23', '437', '0', '0' ),
( '1', '23', '438', '0', '0' ),
( '1', '23', '439', '0', '0' ),
( '1', '23', '440', '0', '0' ),
( '1', '23', '441', '0', '0' ),
( '1', '23', '442', '0', '0' ),
( '1', '23', '443', '0', '0' ),
( '1', '23', '444', '0', '0' ),
( '1', '23', '445', '0', '0' ),
( '1', '23', '446', '0', '0' ),
( '1', '23', '447', '0', '0' ),
( '1', '23', '448', '0', '0' ),
( '1', '23', '449', '0', '0' ),
( '1', '23', '450', '0', '0' ),
( '1', '23', '451', '0', '0' ),
( '1', '23', '452', '0', '0' ),
( '1', '23', '453', '0', '0' ),
( '1', '23', '454', '0', '0' ),
( '1', '23', '455', '0', '0' ),
( '1', '23', '456', '0', '0' ),
( '1', '23', '457', '0', '0' ),
( '1', '23', '458', '0', '0' ),
( '1', '23', '459', '0', '0' ),
( '1', '23', '460', '0', '0' ),
( '1', '23', '461', '0', '0' ),
( '1', '23', '462', '0', '0' ),
( '1', '23', '463', '0', '0' ),
( '1', '23', '464', '0', '0' ),
( '1', '23', '465', '0', '0' ),
( '1', '23', '466', '0', '0' ),
( '1', '23', '467', '0', '0' ),
( '1', '23', '468', '0', '0' ),
( '1', '23', '469', '0', '0' ),
( '1', '23', '470', '0', '0' ),
( '1', '23', '471', '0', '0' ),
( '1', '23', '472', '0', '0' ),
( '1', '23', '473', '0', '0' ),
( '1', '23', '474', '0', '0' ),
( '1', '10', '520', '0', '0' ),
( '1', '10', '521', '0', '0' ),
( '1', '10', '522', '0', '0' ),
( '1', '10', '523', '0', '0' ),
( '1', '10', '524', '0', '0' ),
( '1', '10', '525', '0', '0' ),
( '1', '31', '526', '0', '0' ),
( '1', '31', '527', '0', '0' ),
( '1', '31', '528', '0', '0' ),
( '1', '31', '529', '0', '0' ),
( '1', '31', '530', '0', '0' ),
( '1', '31', '531', '0', '0' ),
( '1', '31', '532', '0', '0' ),
( '1', '31', '533', '0', '0' ),
( '1', '31', '534', '0', '0' ),
( '1', '31', '535', '0', '0' ),
( '1', '31', '536', '0', '0' ),
( '1', '31', '537', '0', '0' ),
( '1', '31', '538', '0', '0' ),
( '1', '31', '539', '0', '0' ),
( '1', '31', '540', '0', '0' ),
( '1', '31', '541', '0', '0' ),
( '1', '31', '542', '0', '0' ),
( '1', '29', '543', '0', '0' ),
( '1', '34', '544', '0', '0' ),
( '1', '34', '545', '0', '0' );

INSERT INTO `vtiger_profile2field`(`profileid`,`tabid`,`fieldid`,`visible`,`readonly`) VALUES 
( '1', '34', '546', '0', '0' ),
( '1', '34', '547', '0', '0' ),
( '1', '34', '548', '0', '0' ),
( '1', '34', '549', '0', '0' ),
( '1', '34', '550', '0', '0' ),
( '1', '34', '551', '0', '0' ),
( '1', '34', '552', '0', '0' ),
( '1', '34', '553', '0', '0' ),
( '1', '34', '554', '0', '0' ),
( '1', '34', '555', '0', '0' ),
( '1', '34', '556', '0', '0' ),
( '1', '34', '557', '0', '0' ),
( '1', '34', '558', '0', '0' ),
( '1', '34', '559', '0', '0' ),
( '1', '34', '560', '0', '0' ),
( '1', '34', '561', '0', '0' ),
( '1', '34', '562', '0', '0' ),
( '1', '34', '563', '0', '0' ),
( '1', '34', '564', '0', '0' ),
( '1', '34', '565', '0', '0' ),
( '1', '35', '566', '0', '0' ),
( '1', '35', '567', '0', '0' ),
( '1', '35', '568', '0', '0' ),
( '1', '35', '569', '0', '0' ),
( '1', '35', '570', '0', '0' ),
( '1', '35', '571', '0', '0' ),
( '1', '35', '572', '0', '0' ),
( '1', '35', '573', '0', '0' ),
( '1', '35', '574', '0', '0' ),
( '1', '35', '575', '0', '0' ),
( '1', '35', '576', '0', '0' ),
( '1', '35', '577', '0', '0' ),
( '1', '35', '578', '0', '0' ),
( '1', '35', '579', '0', '0' ),
( '1', '35', '580', '0', '0' ),
( '1', '35', '581', '0', '0' ),
( '1', '35', '582', '0', '0' ),
( '1', '35', '583', '0', '0' ),
( '1', '35', '584', '0', '0' ),
( '1', '35', '585', '0', '0' ),
( '1', '35', '586', '0', '0' ),
( '1', '35', '587', '0', '0' ),
( '1', '39', '588', '0', '0' ),
( '1', '39', '589', '0', '0' ),
( '1', '39', '590', '0', '0' ),
( '1', '39', '591', '0', '0' ),
( '1', '39', '592', '0', '0' ),
( '1', '39', '593', '0', '0' ),
( '1', '39', '594', '0', '0' ),
( '1', '39', '595', '0', '0' ),
( '1', '39', '596', '0', '0' ),
( '1', '39', '597', '0', '0' ),
( '1', '39', '598', '0', '0' ),
( '1', '39', '599', '0', '0' ),
( '1', '39', '600', '0', '0' ),
( '1', '40', '601', '0', '0' ),
( '1', '40', '602', '0', '0' ),
( '1', '40', '603', '0', '0' ),
( '1', '40', '604', '0', '0' ),
( '1', '40', '605', '0', '0' ),
( '1', '40', '606', '0', '0' ),
( '1', '40', '607', '0', '0' ),
( '1', '40', '608', '0', '0' ),
( '1', '40', '609', '0', '0' ),
( '1', '40', '610', '0', '0' ),
( '1', '40', '611', '0', '0' ),
( '1', '40', '612', '0', '0' ),
( '1', '40', '613', '0', '0' ),
( '1', '40', '614', '0', '0' ),
( '1', '40', '615', '0', '0' ),
( '1', '40', '616', '0', '0' ),
( '1', '40', '617', '0', '0' ),
( '1', '40', '618', '0', '0' ),
( '1', '41', '619', '0', '0' ),
( '1', '41', '620', '0', '0' ),
( '1', '41', '621', '0', '0' ),
( '1', '41', '622', '0', '0' ),
( '1', '41', '623', '0', '0' ),
( '1', '41', '624', '0', '0' ),
( '1', '41', '625', '0', '0' ),
( '1', '41', '626', '0', '0' ),
( '1', '41', '627', '0', '0' ),
( '1', '41', '628', '0', '0' ),
( '1', '41', '629', '0', '0' ),
( '1', '41', '630', '0', '0' ),
( '1', '41', '631', '0', '0' ),
( '1', '41', '632', '0', '0' ),
( '1', '41', '633', '0', '0' ),
( '1', '41', '634', '0', '0' ),
( '1', '41', '635', '0', '0' ),
( '1', '41', '636', '0', '0' ),
( '1', '41', '637', '0', '0' ),
( '1', '41', '638', '0', '0' ),
( '1', '46', '639', '0', '0' ),
( '1', '46', '640', '0', '0' ),
( '1', '46', '641', '0', '0' ),
( '1', '46', '642', '0', '0' ),
( '1', '46', '643', '0', '0' ),
( '1', '46', '644', '0', '0' ),
( '1', '46', '645', '0', '0' ),
( '1', '46', '646', '0', '0' ),
( '1', '47', '647', '0', '0' ),
( '1', '47', '648', '0', '0' ),
( '1', '47', '649', '0', '0' ),
( '1', '47', '650', '0', '0' ),
( '1', '47', '651', '0', '0' ),
( '1', '47', '652', '0', '0' ),
( '1', '47', '653', '0', '0' ),
( '1', '47', '654', '0', '0' ),
( '1', '47', '655', '0', '0' ),
( '1', '47', '656', '0', '0' ),
( '1', '47', '657', '0', '0' ),
( '1', '47', '658', '0', '0' ),
( '1', '47', '659', '0', '0' ),
( '1', '47', '660', '0', '0' ),
( '1', '47', '661', '0', '0' ),
( '1', '47', '662', '0', '0' ),
( '1', '47', '663', '0', '0' ),
( '1', '47', '664', '0', '0' ),
( '1', '47', '665', '0', '0' ),
( '1', '47', '666', '0', '0' ),
( '1', '47', '667', '0', '0' ),
( '1', '48', '668', '0', '0' ),
( '1', '48', '669', '0', '0' ),
( '1', '48', '670', '0', '0' ),
( '1', '48', '671', '0', '0' ),
( '1', '48', '672', '0', '0' ),
( '1', '48', '673', '0', '0' ),
( '1', '2', '674', '0', '0' ),
( '1', '29', '675', '0', '0' ),
( '1', '23', '676', '0', '0' ),
( '1', '23', '677', '0', '0' ),
( '1', '23', '678', '0', '0' ),
( '1', '23', '679', '0', '0' ),
( '1', '23', '680', '0', '0' ),
( '1', '23', '681', '0', '0' ),
( '1', '23', '682', '0', '0' ),
( '1', '23', '683', '0', '0' ),
( '1', '23', '684', '0', '0' ),
( '1', '22', '685', '0', '0' ),
( '1', '22', '686', '0', '0' ),
( '1', '22', '687', '0', '0' ),
( '1', '22', '688', '0', '0' ),
( '1', '22', '689', '0', '0' ),
( '1', '22', '690', '0', '0' ),
( '1', '22', '691', '0', '0' ),
( '1', '22', '692', '0', '0' ),
( '1', '22', '693', '0', '0' ),
( '1', '21', '694', '0', '0' ),
( '1', '21', '695', '0', '0' ),
( '1', '21', '696', '0', '0' ),
( '1', '21', '697', '0', '0' ),
( '1', '21', '698', '0', '0' ),
( '1', '21', '699', '0', '0' ),
( '1', '21', '700', '0', '0' ),
( '1', '21', '701', '0', '0' ),
( '1', '21', '702', '0', '0' ),
( '1', '20', '703', '0', '0' ),
( '1', '20', '704', '0', '0' ),
( '1', '20', '705', '0', '0' ),
( '1', '20', '706', '0', '0' ),
( '1', '20', '707', '0', '0' ),
( '1', '20', '708', '0', '0' ),
( '1', '20', '709', '0', '0' ),
( '1', '20', '710', '0', '0' ),
( '1', '20', '711', '0', '0' ),
( '1', '29', '712', '0', '0' ),
( '1', '40', '713', '0', '0' ),
( '1', '46', '714', '0', '0' ),
( '1', '29', '715', '0', '0' ),
( '1', '29', '716', '0', '0' ),
( '1', '29', '717', '0', '0' ),
( '1', '23', '718', '0', '0' ),
( '1', '22', '719', '0', '0' ),
( '1', '21', '720', '0', '0' ),
( '1', '20', '721', '0', '0' ),
( '1', '29', '722', '0', '0' ),
( '1', '6', '723', '0', '0' ),
( '1', '4', '724', '0', '0' ),
( '1', '2', '725', '0', '0' ),
( '1', '29', '726', '0', '0' ),
( '1', '23', '727', '0', '0' ),
( '1', '23', '728', '0', '0' ),
( '1', '21', '729', '0', '0' ),
( '1', '21', '730', '0', '0' ),
( '1', '18', '731', '0', '0' ),
( '1', '7', '732', '0', '0' ),
( '1', '46', '733', '0', '0' ),
( '1', '46', '734', '0', '0' ),
( '1', '23', '735', '0', '0' ),
( '1', '20', '736', '0', '0' ),
( '1', '21', '737', '0', '0' ),
( '1', '22', '738', '0', '0' ),
( '1', '29', '739', '0', '0' ),
( '1', '2', '740', '0', '0' ),
( '1', '13', '741', '0', '0' ),
( '1', '29', '742', '0', '0' ),
( '1', '29', '743', '0', '0' ),
( '1', '29', '744', '0', '0' ),
( '1', '29', '745', '0', '0' ),
( '1', '14', '772', '0', '0' ),
( '1', '35', '773', '0', '0' ),
( '1', '23', '774', '0', '0' ),
( '1', '29', '775', '0', '0' ),
( '1', '23', '776', '0', '0' ),
( '1', '23', '777', '0', '0' ),
( '1', '23', '778', '0', '0' ),
( '1', '20', '779', '0', '0' ),
( '1', '20', '780', '0', '0' ),
( '1', '20', '781', '0', '0' ),
( '1', '21', '782', '0', '0' ),
( '1', '22', '783', '0', '0' ),
( '1', '22', '784', '0', '0' ),
( '1', '22', '785', '0', '0' ),
( '1', '46', '786', '0', '0' ),
( '1', '46', '787', '0', '0' ),
( '1', '46', '788', '0', '0' ),
( '1', '2', '789', '0', '0' ),
( '1', '4', '790', '0', '0' ),
( '1', '6', '791', '0', '0' ),
( '1', '7', '792', '0', '0' ),
( '1', '8', '793', '0', '0' ),
( '1', '9', '794', '0', '0' ),
( '1', '10', '795', '0', '0' ),
( '1', '13', '796', '0', '0' ),
( '1', '14', '797', '0', '0' ),
( '1', '15', '798', '0', '0' ),
( '1', '16', '799', '0', '0' ),
( '1', '18', '800', '0', '0' ),
( '1', '19', '801', '0', '0' ),
( '1', '20', '802', '0', '0' ),
( '1', '21', '803', '0', '0' ),
( '1', '22', '804', '0', '0' ),
( '1', '23', '805', '0', '0' ),
( '1', '26', '806', '0', '0' ),
( '1', '10', '807', '0', '0' ),
( '1', '2', '808', '0', '0' ),
( '1', '4', '809', '0', '0' ),
( '1', '6', '810', '0', '0' ),
( '1', '7', '811', '0', '0' ),
( '1', '8', '812', '0', '0' ),
( '1', '9', '813', '0', '0' ),
( '1', '10', '814', '0', '0' ),
( '1', '13', '815', '0', '0' ),
( '1', '14', '816', '0', '0' ),
( '1', '15', '817', '0', '0' ),
( '1', '16', '818', '0', '0' ),
( '1', '18', '819', '0', '0' ),
( '1', '19', '820', '0', '0' ),
( '1', '20', '821', '0', '0' );

INSERT INTO `vtiger_profile2field`(`profileid`,`tabid`,`fieldid`,`visible`,`readonly`) VALUES 
( '1', '21', '822', '0', '0' ),
( '1', '22', '823', '0', '0' ),
( '1', '23', '824', '0', '0' ),
( '1', '26', '825', '0', '0' ),
( '1', '2', '826', '0', '0' ),
( '1', '4', '827', '0', '0' ),
( '1', '6', '828', '0', '0' ),
( '1', '7', '829', '0', '0' ),
( '1', '8', '830', '0', '0' ),
( '1', '9', '831', '0', '0' ),
( '1', '10', '832', '0', '0' ),
( '1', '13', '833', '0', '0' ),
( '1', '14', '834', '0', '0' ),
( '1', '15', '835', '0', '0' ),
( '1', '16', '836', '0', '0' ),
( '1', '18', '837', '0', '0' ),
( '1', '19', '838', '0', '0' ),
( '1', '20', '839', '0', '0' ),
( '1', '21', '840', '0', '0' ),
( '1', '22', '841', '0', '0' ),
( '1', '23', '842', '0', '0' ),
( '1', '26', '843', '0', '0' ),
( '1', '20', '844', '0', '0' ),
( '1', '21', '845', '0', '0' ),
( '1', '22', '846', '0', '0' ),
( '1', '23', '847', '0', '0' ),
( '1', '41', '848', '0', '0' ),
( '1', '41', '849', '0', '0' ),
( '1', '29', '850', '0', '0' ),
( '1', '22', '851', '0', '0' ),
( '1', '29', '852', '0', '0' ),
( '1', '54', '853', '0', '0' ),
( '1', '54', '854', '0', '0' ),
( '1', '54', '855', '0', '0' ),
( '1', '54', '856', '0', '0' ),
( '1', '54', '857', '0', '0' ),
( '1', '54', '858', '0', '0' ),
( '1', '54', '859', '0', '0' ),
( '1', '54', '860', '0', '0' ),
( '1', '54', '861', '0', '0' ),
( '1', '54', '862', '0', '0' ),
( '1', '54', '863', '0', '0' ),
( '1', '54', '864', '0', '0' ),
( '1', '54', '865', '0', '0' ),
( '1', '54', '866', '0', '0' ),
( '1', '54', '867', '0', '0' ),
( '1', '54', '868', '0', '0' ),
( '1', '54', '869', '0', '0' ),
( '1', '7', '872', '0', '0' ),
( '1', '7', '874', '0', '0' ),
( '1', '4', '876', '0', '0' ),
( '1', '58', '877', '0', '0' ),
( '1', '58', '878', '0', '0' ),
( '1', '58', '879', '0', '0' ),
( '1', '58', '880', '0', '0' ),
( '1', '58', '881', '0', '0' ),
( '1', '58', '882', '0', '0' ),
( '1', '58', '883', '0', '0' ),
( '1', '58', '884', '0', '0' ),
( '1', '58', '885', '0', '0' ),
( '1', '58', '886', '0', '0' ),
( '1', '58', '887', '0', '0' ),
( '1', '59', '888', '0', '0' ),
( '1', '59', '889', '0', '0' ),
( '1', '59', '890', '0', '0' ),
( '1', '59', '891', '0', '0' ),
( '1', '58', '892', '0', '0' ),
( '1', '58', '894', '0', '0' ),
( '1', '58', '898', '0', '0' ),
( '1', '58', '900', '0', '0' ),
( '1', '58', '902', '0', '0' ),
( '1', '58', '905', '0', '0' ),
( '1', '58', '907', '0', '0' ),
( '1', '23', '909', '0', '0' ),
( '1', '34', '912', '0', '0' ),
( '1', '61', '913', '0', '0' ),
( '1', '61', '914', '0', '0' ),
( '1', '61', '915', '0', '0' ),
( '1', '61', '916', '0', '0' ),
( '1', '61', '917', '0', '0' ),
( '1', '61', '918', '0', '0' ),
( '1', '61', '919', '0', '0' ),
( '1', '61', '920', '0', '0' ),
( '1', '61', '921', '0', '0' ),
( '1', '61', '922', '0', '0' ),
( '1', '61', '923', '0', '0' ),
( '1', '61', '924', '0', '0' ),
( '1', '61', '925', '0', '0' ),
( '1', '61', '926', '0', '0' ),
( '1', '61', '927', '0', '0' ),
( '1', '61', '928', '0', '0' ),
( '1', '61', '929', '0', '0' ),
( '1', '61', '930', '0', '0' ),
( '1', '4', '932', '0', '0' ),
( '1', '7', '934', '0', '0' ),
( '1', '4', '938', '0', '0' ),
( '1', '63', '939', '0', '0' ),
( '1', '63', '940', '0', '0' ),
( '1', '63', '941', '0', '0' ),
( '1', '63', '942', '0', '0' ),
( '1', '63', '943', '0', '0' ),
( '1', '63', '944', '0', '0' ),
( '1', '63', '945', '0', '0' ),
( '1', '63', '946', '0', '0' ),
( '1', '63', '947', '0', '0' ),
( '1', '63', '948', '0', '0' ),
( '1', '63', '949', '0', '0' ),
( '1', '63', '950', '0', '0' ),
( '1', '63', '951', '0', '0' ),
( '1', '63', '952', '0', '0' ),
( '1', '63', '953', '0', '0' ),
( '1', '63', '954', '0', '0' ),
( '1', '63', '955', '0', '0' ),
( '1', '63', '956', '0', '0' ),
( '1', '4', '960', '0', '0' ),
( '2', '6', '1', '0', '0' ),
( '2', '6', '2', '0', '0' ),
( '2', '6', '3', '0', '0' ),
( '2', '6', '4', '0', '0' ),
( '2', '6', '5', '0', '0' ),
( '2', '6', '6', '0', '0' ),
( '2', '6', '7', '0', '0' ),
( '2', '6', '8', '0', '0' ),
( '2', '6', '9', '0', '0' ),
( '2', '6', '10', '0', '0' ),
( '2', '6', '11', '0', '0' ),
( '2', '6', '12', '0', '0' ),
( '2', '6', '13', '0', '0' ),
( '2', '6', '14', '0', '0' ),
( '2', '6', '15', '0', '0' ),
( '2', '6', '16', '0', '0' ),
( '2', '6', '17', '0', '0' ),
( '2', '6', '18', '0', '0' ),
( '2', '6', '19', '0', '0' ),
( '2', '6', '20', '0', '0' ),
( '2', '6', '21', '0', '0' ),
( '2', '6', '22', '0', '0' ),
( '2', '6', '23', '0', '0' ),
( '2', '6', '24', '0', '0' ),
( '2', '6', '25', '0', '0' ),
( '2', '6', '26', '0', '0' ),
( '2', '6', '27', '0', '0' ),
( '2', '6', '28', '0', '0' ),
( '2', '6', '29', '0', '0' ),
( '2', '6', '30', '0', '0' ),
( '2', '6', '31', '0', '0' ),
( '2', '6', '32', '0', '0' ),
( '2', '6', '33', '0', '0' ),
( '2', '6', '34', '0', '0' ),
( '2', '6', '35', '0', '0' ),
( '2', '6', '36', '0', '0' ),
( '2', '7', '37', '0', '0' ),
( '2', '7', '38', '0', '0' ),
( '2', '7', '39', '0', '0' ),
( '2', '7', '40', '0', '0' ),
( '2', '7', '41', '0', '0' ),
( '2', '7', '42', '0', '0' ),
( '2', '7', '43', '0', '0' ),
( '2', '7', '44', '0', '0' ),
( '2', '7', '45', '0', '0' ),
( '2', '7', '46', '0', '0' ),
( '2', '7', '47', '0', '0' ),
( '2', '7', '48', '0', '0' ),
( '2', '7', '49', '0', '0' ),
( '2', '7', '50', '0', '0' ),
( '2', '7', '51', '0', '0' ),
( '2', '7', '52', '0', '0' ),
( '2', '7', '53', '0', '0' ),
( '2', '7', '54', '0', '0' ),
( '2', '7', '55', '0', '0' ),
( '2', '7', '56', '0', '0' ),
( '2', '7', '57', '0', '0' ),
( '2', '7', '58', '0', '0' ),
( '2', '7', '59', '0', '0' ),
( '2', '7', '60', '0', '0' ),
( '2', '7', '61', '0', '0' ),
( '2', '7', '62', '0', '0' ),
( '2', '7', '63', '0', '0' ),
( '2', '7', '64', '0', '0' ),
( '2', '7', '65', '0', '0' ),
( '2', '4', '66', '0', '0' ),
( '2', '4', '67', '0', '0' ),
( '2', '4', '68', '0', '0' ),
( '2', '4', '69', '0', '0' ),
( '2', '4', '70', '0', '0' ),
( '2', '4', '71', '0', '0' ),
( '2', '4', '72', '0', '0' ),
( '2', '4', '73', '0', '0' ),
( '2', '4', '74', '0', '0' ),
( '2', '4', '75', '0', '0' ),
( '2', '4', '76', '0', '0' ),
( '2', '4', '77', '0', '0' ),
( '2', '4', '78', '0', '0' ),
( '2', '4', '79', '0', '0' ),
( '2', '4', '80', '0', '0' ),
( '2', '4', '81', '0', '0' ),
( '2', '4', '82', '0', '0' ),
( '2', '4', '83', '0', '0' ),
( '2', '4', '84', '0', '0' ),
( '2', '4', '85', '0', '0' ),
( '2', '4', '86', '0', '0' ),
( '2', '4', '87', '0', '0' ),
( '2', '4', '88', '0', '0' ),
( '2', '4', '89', '0', '0' ),
( '2', '4', '90', '0', '0' ),
( '2', '4', '91', '0', '0' ),
( '2', '4', '92', '0', '0' ),
( '2', '4', '93', '0', '0' ),
( '2', '4', '94', '0', '0' ),
( '2', '4', '95', '0', '0' ),
( '2', '4', '96', '0', '0' ),
( '2', '4', '97', '0', '0' ),
( '2', '4', '98', '0', '0' ),
( '2', '4', '99', '0', '0' ),
( '2', '4', '100', '0', '0' ),
( '2', '4', '101', '0', '0' ),
( '2', '4', '102', '0', '0' ),
( '2', '4', '103', '0', '0' ),
( '2', '4', '104', '0', '0' ),
( '2', '4', '105', '0', '0' ),
( '2', '4', '106', '0', '0' ),
( '2', '4', '107', '0', '0' ),
( '2', '4', '108', '0', '0' ),
( '2', '4', '109', '0', '0' ),
( '2', '2', '110', '0', '0' ),
( '2', '2', '111', '0', '0' ),
( '2', '2', '112', '0', '0' ),
( '2', '2', '113', '0', '0' ),
( '2', '2', '114', '0', '0' ),
( '2', '2', '115', '0', '0' ),
( '2', '2', '116', '0', '0' ),
( '2', '2', '117', '0', '0' ),
( '2', '2', '118', '0', '0' ),
( '2', '2', '119', '0', '0' ),
( '2', '2', '120', '0', '0' ),
( '2', '2', '121', '0', '0' ),
( '2', '2', '122', '0', '0' ),
( '2', '2', '123', '0', '0' ),
( '2', '2', '124', '0', '0' ),
( '2', '2', '125', '0', '0' ),
( '2', '26', '126', '0', '0' ),
( '2', '26', '127', '0', '0' ),
( '2', '26', '128', '0', '0' ),
( '2', '26', '129', '0', '0' ),
( '2', '26', '130', '0', '0' ),
( '2', '26', '131', '0', '0' ),
( '2', '26', '132', '0', '0' ),
( '2', '26', '133', '0', '0' ),
( '2', '26', '134', '0', '0' ),
( '2', '26', '135', '0', '0' );

INSERT INTO `vtiger_profile2field`(`profileid`,`tabid`,`fieldid`,`visible`,`readonly`) VALUES 
( '2', '26', '136', '0', '0' ),
( '2', '26', '137', '0', '0' ),
( '2', '26', '138', '0', '0' ),
( '2', '26', '139', '0', '0' ),
( '2', '26', '140', '0', '0' ),
( '2', '26', '141', '0', '0' ),
( '2', '26', '142', '0', '0' ),
( '2', '26', '143', '0', '0' ),
( '2', '26', '144', '0', '0' ),
( '2', '26', '145', '0', '0' ),
( '2', '26', '146', '0', '0' ),
( '2', '26', '147', '0', '0' ),
( '2', '26', '148', '0', '0' ),
( '2', '26', '149', '0', '0' ),
( '2', '26', '150', '0', '0' ),
( '2', '4', '151', '0', '0' ),
( '2', '6', '152', '0', '0' ),
( '2', '7', '153', '0', '0' ),
( '2', '26', '154', '0', '0' ),
( '2', '13', '155', '0', '0' ),
( '2', '13', '156', '0', '0' ),
( '2', '13', '157', '0', '0' ),
( '2', '13', '158', '0', '0' ),
( '2', '13', '159', '0', '0' ),
( '2', '13', '160', '0', '0' ),
( '2', '13', '161', '0', '0' ),
( '2', '13', '162', '0', '0' ),
( '2', '13', '163', '0', '0' ),
( '2', '13', '164', '0', '0' ),
( '2', '13', '165', '0', '0' ),
( '2', '13', '166', '0', '0' ),
( '2', '13', '167', '0', '0' ),
( '2', '13', '168', '0', '0' ),
( '2', '13', '169', '0', '0' ),
( '2', '13', '170', '0', '0' ),
( '2', '13', '171', '0', '0' ),
( '2', '13', '172', '0', '0' ),
( '2', '13', '173', '0', '0' ),
( '2', '14', '174', '0', '0' ),
( '2', '14', '175', '0', '0' ),
( '2', '14', '176', '0', '0' ),
( '2', '14', '177', '0', '0' ),
( '2', '14', '178', '0', '0' ),
( '2', '14', '179', '0', '0' ),
( '2', '14', '180', '0', '0' ),
( '2', '14', '181', '0', '0' ),
( '2', '14', '182', '0', '0' ),
( '2', '14', '183', '0', '0' ),
( '2', '14', '184', '0', '0' ),
( '2', '14', '185', '0', '0' ),
( '2', '14', '186', '0', '0' ),
( '2', '14', '187', '0', '0' ),
( '2', '14', '188', '0', '0' ),
( '2', '14', '189', '0', '0' ),
( '2', '14', '190', '0', '0' ),
( '2', '14', '191', '0', '0' ),
( '2', '14', '192', '0', '0' ),
( '2', '14', '193', '0', '0' ),
( '2', '14', '194', '0', '0' ),
( '2', '14', '195', '0', '0' ),
( '2', '14', '196', '0', '0' ),
( '2', '14', '197', '0', '0' ),
( '2', '14', '198', '0', '0' ),
( '2', '14', '199', '0', '0' ),
( '2', '14', '200', '0', '0' ),
( '2', '14', '201', '0', '0' ),
( '2', '14', '202', '0', '0' ),
( '2', '14', '203', '0', '0' ),
( '2', '14', '204', '0', '0' ),
( '2', '8', '205', '0', '0' ),
( '2', '8', '206', '0', '0' ),
( '2', '8', '207', '0', '0' ),
( '2', '8', '208', '0', '0' ),
( '2', '8', '209', '0', '0' ),
( '2', '8', '210', '0', '0' ),
( '2', '8', '211', '0', '0' ),
( '2', '8', '212', '0', '0' ),
( '2', '8', '213', '0', '0' ),
( '2', '8', '214', '0', '0' ),
( '2', '8', '215', '0', '0' ),
( '2', '8', '216', '0', '0' ),
( '2', '8', '217', '0', '0' ),
( '2', '8', '218', '0', '0' ),
( '2', '8', '219', '0', '0' ),
( '2', '10', '220', '0', '0' ),
( '2', '10', '221', '0', '0' ),
( '2', '10', '222', '0', '0' ),
( '2', '10', '223', '0', '0' ),
( '2', '10', '224', '0', '0' ),
( '2', '10', '225', '0', '0' ),
( '2', '10', '226', '0', '0' ),
( '2', '10', '227', '0', '0' ),
( '2', '10', '228', '0', '0' ),
( '2', '10', '229', '0', '0' ),
( '2', '10', '230', '0', '0' ),
( '2', '10', '231', '0', '0' ),
( '2', '9', '232', '0', '0' ),
( '2', '9', '233', '0', '0' ),
( '2', '9', '234', '0', '0' ),
( '2', '9', '235', '0', '0' ),
( '2', '9', '236', '0', '0' ),
( '2', '9', '237', '0', '0' ),
( '2', '9', '238', '0', '0' ),
( '2', '9', '239', '0', '0' ),
( '2', '9', '240', '0', '0' ),
( '2', '9', '241', '0', '0' ),
( '2', '9', '242', '0', '0' ),
( '2', '9', '243', '0', '0' ),
( '2', '9', '244', '0', '0' ),
( '2', '9', '245', '0', '0' ),
( '2', '9', '246', '0', '0' ),
( '2', '9', '247', '0', '0' ),
( '2', '9', '248', '0', '0' ),
( '2', '9', '249', '0', '0' ),
( '2', '9', '250', '0', '0' ),
( '2', '9', '251', '0', '0' ),
( '2', '9', '252', '0', '0' ),
( '2', '9', '253', '0', '0' ),
( '2', '9', '254', '0', '0' ),
( '2', '9', '255', '0', '0' ),
( '2', '16', '256', '0', '0' ),
( '2', '16', '257', '0', '0' ),
( '2', '16', '258', '0', '0' ),
( '2', '16', '259', '0', '0' ),
( '2', '16', '260', '0', '0' ),
( '2', '16', '261', '0', '0' ),
( '2', '16', '262', '0', '0' ),
( '2', '16', '263', '0', '0' ),
( '2', '16', '264', '0', '0' ),
( '2', '16', '265', '0', '0' ),
( '2', '16', '266', '0', '0' ),
( '2', '16', '267', '0', '0' ),
( '2', '16', '268', '0', '0' ),
( '2', '16', '269', '0', '0' ),
( '2', '16', '270', '0', '0' ),
( '2', '16', '271', '0', '0' ),
( '2', '16', '272', '0', '0' ),
( '2', '16', '273', '0', '0' ),
( '2', '16', '274', '0', '0' ),
( '2', '16', '275', '0', '0' ),
( '2', '16', '276', '0', '0' ),
( '2', '16', '277', '0', '0' ),
( '2', '16', '278', '0', '0' ),
( '2', '15', '279', '0', '0' ),
( '2', '15', '280', '0', '0' ),
( '2', '15', '281', '0', '0' ),
( '2', '15', '282', '0', '0' ),
( '2', '15', '283', '0', '0' ),
( '2', '15', '284', '0', '0' ),
( '2', '15', '285', '0', '0' ),
( '2', '15', '286', '0', '0' ),
( '2', '15', '287', '0', '0' ),
( '2', '15', '288', '0', '0' ),
( '2', '18', '289', '0', '0' ),
( '2', '18', '290', '0', '0' ),
( '2', '18', '291', '0', '0' ),
( '2', '18', '292', '0', '0' ),
( '2', '18', '293', '0', '0' ),
( '2', '18', '294', '0', '0' ),
( '2', '18', '295', '0', '0' ),
( '2', '18', '296', '0', '0' ),
( '2', '18', '297', '0', '0' ),
( '2', '18', '298', '0', '0' ),
( '2', '18', '299', '0', '0' ),
( '2', '18', '300', '0', '0' ),
( '2', '18', '301', '0', '0' ),
( '2', '18', '302', '0', '0' ),
( '2', '18', '303', '0', '0' ),
( '2', '18', '304', '0', '0' ),
( '2', '18', '305', '0', '0' ),
( '2', '19', '306', '0', '0' ),
( '2', '19', '307', '0', '0' ),
( '2', '19', '308', '0', '0' ),
( '2', '19', '309', '0', '0' ),
( '2', '19', '310', '0', '0' ),
( '2', '19', '311', '0', '0' ),
( '2', '19', '312', '0', '0' ),
( '2', '19', '313', '0', '0' ),
( '2', '20', '314', '0', '0' ),
( '2', '20', '315', '0', '0' ),
( '2', '20', '316', '0', '0' ),
( '2', '20', '317', '0', '0' ),
( '2', '20', '318', '0', '0' ),
( '2', '20', '319', '0', '0' ),
( '2', '20', '320', '0', '0' ),
( '2', '20', '321', '0', '0' ),
( '2', '20', '322', '0', '0' ),
( '2', '20', '323', '0', '0' ),
( '2', '20', '324', '0', '0' ),
( '2', '20', '325', '0', '0' ),
( '2', '20', '326', '0', '0' ),
( '2', '20', '327', '0', '0' ),
( '2', '20', '328', '0', '0' ),
( '2', '20', '329', '0', '0' ),
( '2', '20', '330', '0', '0' ),
( '2', '20', '331', '0', '0' ),
( '2', '20', '332', '0', '0' ),
( '2', '20', '333', '0', '0' ),
( '2', '20', '334', '0', '0' ),
( '2', '20', '335', '0', '0' ),
( '2', '20', '336', '0', '0' ),
( '2', '20', '337', '0', '0' ),
( '2', '20', '338', '0', '0' ),
( '2', '20', '339', '0', '0' ),
( '2', '20', '340', '0', '0' ),
( '2', '20', '341', '0', '0' ),
( '2', '20', '342', '0', '0' ),
( '2', '20', '343', '0', '0' ),
( '2', '20', '344', '0', '0' ),
( '2', '20', '345', '0', '0' ),
( '2', '20', '346', '0', '0' ),
( '2', '20', '347', '0', '0' ),
( '2', '20', '348', '0', '0' ),
( '2', '20', '349', '0', '0' ),
( '2', '20', '350', '0', '0' ),
( '2', '21', '351', '0', '0' ),
( '2', '21', '352', '0', '0' ),
( '2', '21', '353', '0', '0' ),
( '2', '21', '354', '0', '0' ),
( '2', '21', '355', '0', '0' ),
( '2', '21', '356', '0', '0' ),
( '2', '21', '357', '0', '0' ),
( '2', '21', '358', '0', '0' ),
( '2', '21', '359', '0', '0' ),
( '2', '21', '360', '0', '0' ),
( '2', '21', '361', '0', '0' ),
( '2', '21', '362', '0', '0' ),
( '2', '21', '363', '0', '0' ),
( '2', '21', '364', '0', '0' ),
( '2', '21', '365', '0', '0' ),
( '2', '21', '366', '0', '0' ),
( '2', '21', '367', '0', '0' ),
( '2', '21', '368', '0', '0' ),
( '2', '21', '369', '0', '0' ),
( '2', '21', '370', '0', '0' ),
( '2', '21', '371', '0', '0' ),
( '2', '21', '372', '0', '0' ),
( '2', '21', '373', '0', '0' ),
( '2', '21', '374', '0', '0' ),
( '2', '21', '375', '0', '0' ),
( '2', '21', '376', '0', '0' ),
( '2', '21', '377', '0', '0' ),
( '2', '21', '378', '0', '0' ),
( '2', '21', '379', '0', '0' ),
( '2', '21', '380', '0', '0' ),
( '2', '21', '381', '0', '0' ),
( '2', '21', '382', '0', '0' ),
( '2', '21', '383', '0', '0' ),
( '2', '21', '384', '0', '0' ),
( '2', '21', '385', '0', '0' );

INSERT INTO `vtiger_profile2field`(`profileid`,`tabid`,`fieldid`,`visible`,`readonly`) VALUES 
( '2', '21', '386', '0', '0' ),
( '2', '21', '387', '0', '0' ),
( '2', '21', '388', '0', '0' ),
( '2', '22', '389', '0', '0' ),
( '2', '22', '390', '0', '0' ),
( '2', '22', '391', '0', '0' ),
( '2', '22', '392', '0', '0' ),
( '2', '22', '393', '0', '0' ),
( '2', '22', '394', '0', '0' ),
( '2', '22', '395', '0', '0' ),
( '2', '22', '396', '0', '0' ),
( '2', '22', '397', '0', '0' ),
( '2', '22', '398', '0', '0' ),
( '2', '22', '399', '0', '0' ),
( '2', '22', '400', '0', '0' ),
( '2', '22', '401', '0', '0' ),
( '2', '22', '402', '0', '0' ),
( '2', '22', '403', '0', '0' ),
( '2', '22', '404', '0', '0' ),
( '2', '22', '405', '0', '0' ),
( '2', '22', '406', '0', '0' ),
( '2', '22', '407', '0', '0' ),
( '2', '22', '408', '0', '0' ),
( '2', '22', '409', '0', '0' ),
( '2', '22', '410', '0', '0' ),
( '2', '22', '411', '0', '0' ),
( '2', '22', '412', '0', '0' ),
( '2', '22', '413', '0', '0' ),
( '2', '22', '414', '0', '0' ),
( '2', '22', '415', '0', '0' ),
( '2', '22', '416', '0', '0' ),
( '2', '22', '417', '0', '0' ),
( '2', '22', '418', '0', '0' ),
( '2', '22', '419', '0', '0' ),
( '2', '22', '420', '0', '0' ),
( '2', '22', '421', '0', '0' ),
( '2', '22', '422', '0', '0' ),
( '2', '22', '423', '0', '0' ),
( '2', '22', '424', '0', '0' ),
( '2', '22', '425', '0', '0' ),
( '2', '22', '426', '0', '0' ),
( '2', '22', '427', '0', '0' ),
( '2', '22', '428', '0', '0' ),
( '2', '22', '429', '0', '0' ),
( '2', '22', '430', '0', '0' ),
( '2', '22', '431', '0', '0' ),
( '2', '22', '432', '0', '0' ),
( '2', '22', '433', '0', '0' ),
( '2', '22', '434', '0', '0' ),
( '2', '22', '435', '0', '0' ),
( '2', '23', '436', '0', '0' ),
( '2', '23', '437', '0', '0' ),
( '2', '23', '438', '0', '0' ),
( '2', '23', '439', '0', '0' ),
( '2', '23', '440', '0', '0' ),
( '2', '23', '441', '0', '0' ),
( '2', '23', '442', '0', '0' ),
( '2', '23', '443', '0', '0' ),
( '2', '23', '444', '0', '0' ),
( '2', '23', '445', '0', '0' ),
( '2', '23', '446', '0', '0' ),
( '2', '23', '447', '0', '0' ),
( '2', '23', '448', '0', '0' ),
( '2', '23', '449', '0', '0' ),
( '2', '23', '450', '0', '0' ),
( '2', '23', '451', '0', '0' ),
( '2', '23', '452', '0', '0' ),
( '2', '23', '453', '0', '0' ),
( '2', '23', '454', '0', '0' ),
( '2', '23', '455', '0', '0' ),
( '2', '23', '456', '0', '0' ),
( '2', '23', '457', '0', '0' ),
( '2', '23', '458', '0', '0' ),
( '2', '23', '459', '0', '0' ),
( '2', '23', '460', '0', '0' ),
( '2', '23', '461', '0', '0' ),
( '2', '23', '462', '0', '0' ),
( '2', '23', '463', '0', '0' ),
( '2', '23', '464', '0', '0' ),
( '2', '23', '465', '0', '0' ),
( '2', '23', '466', '0', '0' ),
( '2', '23', '467', '0', '0' ),
( '2', '23', '468', '0', '0' ),
( '2', '23', '469', '0', '0' ),
( '2', '23', '470', '0', '0' ),
( '2', '23', '471', '0', '0' ),
( '2', '23', '472', '0', '0' ),
( '2', '23', '473', '0', '0' ),
( '2', '23', '474', '0', '0' ),
( '2', '10', '520', '0', '0' ),
( '2', '10', '521', '0', '0' ),
( '2', '10', '522', '0', '0' ),
( '2', '10', '523', '0', '0' ),
( '2', '10', '524', '0', '0' ),
( '2', '10', '525', '0', '0' ),
( '2', '31', '526', '0', '0' ),
( '2', '31', '527', '0', '0' ),
( '2', '31', '528', '0', '0' ),
( '2', '31', '529', '0', '0' ),
( '2', '31', '530', '0', '0' ),
( '2', '31', '531', '0', '0' ),
( '2', '31', '532', '0', '0' ),
( '2', '31', '533', '0', '0' ),
( '2', '31', '534', '0', '0' ),
( '2', '31', '535', '0', '0' ),
( '2', '31', '536', '0', '0' ),
( '2', '31', '537', '0', '0' ),
( '2', '31', '538', '0', '0' ),
( '2', '31', '539', '0', '0' ),
( '2', '31', '540', '0', '0' ),
( '2', '31', '541', '0', '0' ),
( '2', '31', '542', '0', '0' ),
( '2', '29', '543', '0', '0' ),
( '2', '34', '544', '0', '0' ),
( '2', '34', '545', '0', '0' ),
( '2', '34', '546', '0', '0' ),
( '2', '34', '547', '0', '0' ),
( '2', '34', '548', '0', '0' ),
( '2', '34', '549', '0', '0' ),
( '2', '34', '550', '0', '0' ),
( '2', '34', '551', '0', '0' ),
( '2', '34', '552', '0', '0' ),
( '2', '34', '553', '0', '0' ),
( '2', '34', '554', '0', '0' ),
( '2', '34', '555', '0', '0' ),
( '2', '34', '556', '0', '0' ),
( '2', '34', '557', '0', '0' ),
( '2', '34', '558', '0', '0' ),
( '2', '34', '559', '0', '0' ),
( '2', '34', '560', '0', '0' ),
( '2', '34', '561', '0', '0' ),
( '2', '34', '562', '0', '0' ),
( '2', '34', '563', '0', '0' ),
( '2', '34', '564', '0', '0' ),
( '2', '34', '565', '0', '0' ),
( '2', '35', '566', '0', '0' ),
( '2', '35', '567', '0', '0' ),
( '2', '35', '568', '0', '0' ),
( '2', '35', '569', '0', '0' ),
( '2', '35', '570', '0', '0' ),
( '2', '35', '571', '0', '0' ),
( '2', '35', '572', '0', '0' ),
( '2', '35', '573', '0', '0' ),
( '2', '35', '574', '0', '0' ),
( '2', '35', '575', '0', '0' ),
( '2', '35', '576', '0', '0' ),
( '2', '35', '577', '0', '0' ),
( '2', '35', '578', '0', '0' ),
( '2', '35', '579', '0', '0' ),
( '2', '35', '580', '0', '0' ),
( '2', '35', '581', '0', '0' ),
( '2', '35', '582', '0', '0' ),
( '2', '35', '583', '0', '0' ),
( '2', '35', '584', '0', '0' ),
( '2', '35', '585', '0', '0' ),
( '2', '35', '586', '0', '0' ),
( '2', '35', '587', '0', '0' ),
( '2', '39', '588', '0', '0' ),
( '2', '39', '589', '0', '0' ),
( '2', '39', '590', '0', '0' ),
( '2', '39', '591', '0', '0' ),
( '2', '39', '592', '0', '0' ),
( '2', '39', '593', '0', '0' ),
( '2', '39', '594', '0', '0' ),
( '2', '39', '595', '0', '0' ),
( '2', '39', '596', '0', '0' ),
( '2', '39', '597', '0', '0' ),
( '2', '39', '598', '0', '0' ),
( '2', '39', '599', '0', '0' ),
( '2', '39', '600', '0', '0' ),
( '2', '40', '601', '0', '0' ),
( '2', '40', '602', '0', '0' ),
( '2', '40', '603', '0', '0' ),
( '2', '40', '604', '0', '0' ),
( '2', '40', '605', '0', '0' ),
( '2', '40', '606', '0', '0' ),
( '2', '40', '607', '0', '0' ),
( '2', '40', '608', '0', '0' ),
( '2', '40', '609', '0', '0' ),
( '2', '40', '610', '0', '0' ),
( '2', '40', '611', '0', '0' ),
( '2', '40', '612', '0', '0' ),
( '2', '40', '613', '0', '0' ),
( '2', '40', '614', '0', '0' ),
( '2', '40', '615', '0', '0' ),
( '2', '40', '616', '0', '0' ),
( '2', '40', '617', '0', '0' ),
( '2', '40', '618', '0', '0' ),
( '2', '41', '619', '0', '0' ),
( '2', '41', '620', '0', '0' ),
( '2', '41', '621', '0', '0' ),
( '2', '41', '622', '0', '0' ),
( '2', '41', '623', '0', '0' ),
( '2', '41', '624', '0', '0' ),
( '2', '41', '625', '0', '0' ),
( '2', '41', '626', '0', '0' ),
( '2', '41', '627', '0', '0' ),
( '2', '41', '628', '0', '0' ),
( '2', '41', '629', '0', '0' ),
( '2', '41', '630', '0', '0' ),
( '2', '41', '631', '0', '0' ),
( '2', '41', '632', '0', '0' ),
( '2', '41', '633', '0', '0' ),
( '2', '41', '634', '0', '0' ),
( '2', '41', '635', '0', '0' ),
( '2', '41', '636', '0', '0' ),
( '2', '41', '637', '0', '0' ),
( '2', '41', '638', '0', '0' ),
( '2', '46', '639', '0', '0' ),
( '2', '46', '640', '0', '0' ),
( '2', '46', '641', '0', '0' ),
( '2', '46', '642', '0', '0' ),
( '2', '46', '643', '0', '0' ),
( '2', '46', '644', '0', '0' ),
( '2', '46', '645', '0', '0' ),
( '2', '46', '646', '0', '0' ),
( '2', '47', '647', '0', '0' ),
( '2', '47', '648', '0', '0' ),
( '2', '47', '649', '0', '0' ),
( '2', '47', '650', '0', '0' ),
( '2', '47', '651', '0', '0' ),
( '2', '47', '652', '0', '0' ),
( '2', '47', '653', '0', '0' ),
( '2', '47', '654', '0', '0' ),
( '2', '47', '655', '0', '0' ),
( '2', '47', '656', '0', '0' ),
( '2', '47', '657', '0', '0' ),
( '2', '47', '658', '0', '0' ),
( '2', '47', '659', '0', '0' ),
( '2', '47', '660', '0', '0' ),
( '2', '47', '661', '0', '0' ),
( '2', '47', '662', '0', '0' ),
( '2', '47', '663', '0', '0' ),
( '2', '47', '664', '0', '0' ),
( '2', '47', '665', '0', '0' ),
( '2', '47', '666', '0', '0' ),
( '2', '47', '667', '0', '0' ),
( '2', '48', '668', '0', '0' ),
( '2', '48', '669', '0', '0' ),
( '2', '48', '670', '0', '0' ),
( '2', '48', '671', '0', '0' ),
( '2', '48', '672', '0', '0' ),
( '2', '48', '673', '0', '0' ),
( '2', '2', '674', '0', '0' ),
( '2', '29', '675', '0', '0' ),
( '2', '23', '676', '0', '0' ),
( '2', '23', '677', '0', '0' ),
( '2', '23', '678', '0', '0' ),
( '2', '23', '679', '0', '0' ),
( '2', '23', '680', '0', '0' );

INSERT INTO `vtiger_profile2field`(`profileid`,`tabid`,`fieldid`,`visible`,`readonly`) VALUES 
( '2', '23', '681', '0', '0' ),
( '2', '23', '682', '0', '0' ),
( '2', '23', '683', '0', '0' ),
( '2', '23', '684', '0', '0' ),
( '2', '22', '685', '0', '0' ),
( '2', '22', '686', '0', '0' ),
( '2', '22', '687', '0', '0' ),
( '2', '22', '688', '0', '0' ),
( '2', '22', '689', '0', '0' ),
( '2', '22', '690', '0', '0' ),
( '2', '22', '691', '0', '0' ),
( '2', '22', '692', '0', '0' ),
( '2', '22', '693', '0', '0' ),
( '2', '21', '694', '0', '0' ),
( '2', '21', '695', '0', '0' ),
( '2', '21', '696', '0', '0' ),
( '2', '21', '697', '0', '0' ),
( '2', '21', '698', '0', '0' ),
( '2', '21', '699', '0', '0' ),
( '2', '21', '700', '0', '0' ),
( '2', '21', '701', '0', '0' ),
( '2', '21', '702', '0', '0' ),
( '2', '20', '703', '0', '0' ),
( '2', '20', '704', '0', '0' ),
( '2', '20', '705', '0', '0' ),
( '2', '20', '706', '0', '0' ),
( '2', '20', '707', '0', '0' ),
( '2', '20', '708', '0', '0' ),
( '2', '20', '709', '0', '0' ),
( '2', '20', '710', '0', '0' ),
( '2', '20', '711', '0', '0' ),
( '2', '29', '712', '0', '0' ),
( '2', '40', '713', '0', '0' ),
( '2', '46', '714', '0', '0' ),
( '2', '29', '715', '0', '0' ),
( '2', '29', '716', '0', '0' ),
( '2', '29', '717', '0', '0' ),
( '2', '23', '718', '0', '0' ),
( '2', '22', '719', '0', '0' ),
( '2', '21', '720', '0', '0' ),
( '2', '20', '721', '0', '0' ),
( '2', '29', '722', '0', '0' ),
( '2', '6', '723', '0', '0' ),
( '2', '4', '724', '0', '0' ),
( '2', '2', '725', '0', '0' ),
( '2', '29', '726', '0', '0' ),
( '2', '23', '727', '0', '0' ),
( '2', '23', '728', '0', '0' ),
( '2', '21', '729', '0', '0' ),
( '2', '21', '730', '0', '0' ),
( '2', '18', '731', '0', '0' ),
( '2', '7', '732', '0', '0' ),
( '2', '46', '733', '0', '0' ),
( '2', '46', '734', '0', '0' ),
( '2', '23', '735', '0', '0' ),
( '2', '20', '736', '0', '0' ),
( '2', '21', '737', '0', '0' ),
( '2', '22', '738', '0', '0' ),
( '2', '29', '739', '0', '0' ),
( '2', '2', '740', '0', '0' ),
( '2', '13', '741', '0', '0' ),
( '2', '29', '742', '0', '0' ),
( '2', '29', '743', '0', '0' ),
( '2', '29', '744', '0', '0' ),
( '2', '29', '745', '0', '0' ),
( '2', '14', '772', '0', '0' ),
( '2', '35', '773', '0', '0' ),
( '2', '23', '774', '0', '0' ),
( '2', '29', '775', '0', '0' ),
( '2', '23', '776', '0', '0' ),
( '2', '23', '777', '0', '0' ),
( '2', '23', '778', '0', '0' ),
( '2', '20', '779', '0', '0' ),
( '2', '20', '780', '0', '0' ),
( '2', '20', '781', '0', '0' ),
( '2', '21', '782', '0', '0' ),
( '2', '22', '783', '0', '0' ),
( '2', '22', '784', '0', '0' ),
( '2', '22', '785', '0', '0' ),
( '2', '46', '786', '0', '0' ),
( '2', '46', '787', '0', '0' ),
( '2', '46', '788', '0', '0' ),
( '2', '2', '789', '0', '0' ),
( '2', '4', '790', '0', '0' ),
( '2', '6', '791', '0', '0' ),
( '2', '7', '792', '0', '0' ),
( '2', '8', '793', '0', '0' ),
( '2', '9', '794', '0', '0' ),
( '2', '10', '795', '0', '0' ),
( '2', '13', '796', '0', '0' ),
( '2', '14', '797', '0', '0' ),
( '2', '15', '798', '0', '0' ),
( '2', '16', '799', '0', '0' ),
( '2', '18', '800', '0', '0' ),
( '2', '19', '801', '0', '0' ),
( '2', '20', '802', '0', '0' ),
( '2', '21', '803', '0', '0' ),
( '2', '22', '804', '0', '0' ),
( '2', '23', '805', '0', '0' ),
( '2', '26', '806', '0', '0' ),
( '2', '10', '807', '0', '0' ),
( '2', '2', '808', '0', '0' ),
( '2', '4', '809', '0', '0' ),
( '2', '6', '810', '0', '0' ),
( '2', '7', '811', '0', '0' ),
( '2', '8', '812', '0', '0' ),
( '2', '9', '813', '0', '0' ),
( '2', '10', '814', '0', '0' ),
( '2', '13', '815', '0', '0' ),
( '2', '14', '816', '0', '0' ),
( '2', '15', '817', '0', '0' ),
( '2', '16', '818', '0', '0' ),
( '2', '18', '819', '0', '0' ),
( '2', '19', '820', '0', '0' ),
( '2', '20', '821', '0', '0' ),
( '2', '21', '822', '0', '0' ),
( '2', '22', '823', '0', '0' ),
( '2', '23', '824', '0', '0' ),
( '2', '26', '825', '0', '0' ),
( '2', '2', '826', '0', '0' ),
( '2', '4', '827', '0', '0' ),
( '2', '6', '828', '0', '0' ),
( '2', '7', '829', '0', '0' ),
( '2', '8', '830', '0', '0' ),
( '2', '9', '831', '0', '0' ),
( '2', '10', '832', '0', '0' ),
( '2', '13', '833', '0', '0' ),
( '2', '14', '834', '0', '0' ),
( '2', '15', '835', '0', '0' ),
( '2', '16', '836', '0', '0' ),
( '2', '18', '837', '0', '0' ),
( '2', '19', '838', '0', '0' ),
( '2', '20', '839', '0', '0' ),
( '2', '21', '840', '0', '0' ),
( '2', '22', '841', '0', '0' ),
( '2', '23', '842', '0', '0' ),
( '2', '26', '843', '0', '0' ),
( '2', '20', '844', '0', '0' ),
( '2', '21', '845', '0', '0' ),
( '2', '22', '846', '0', '0' ),
( '2', '23', '847', '0', '0' ),
( '2', '41', '848', '0', '0' ),
( '2', '41', '849', '0', '0' ),
( '2', '29', '850', '0', '0' ),
( '2', '22', '851', '0', '0' ),
( '2', '29', '852', '0', '0' ),
( '2', '54', '853', '0', '0' ),
( '2', '54', '854', '0', '0' ),
( '2', '54', '855', '0', '0' ),
( '2', '54', '856', '0', '0' ),
( '2', '54', '857', '0', '0' ),
( '2', '54', '858', '0', '0' ),
( '2', '54', '859', '0', '0' ),
( '2', '54', '860', '0', '0' ),
( '2', '54', '861', '0', '0' ),
( '2', '54', '862', '0', '0' ),
( '2', '54', '863', '0', '0' ),
( '2', '54', '864', '0', '0' ),
( '2', '54', '865', '0', '0' ),
( '2', '54', '866', '0', '0' ),
( '2', '54', '867', '0', '0' ),
( '2', '54', '868', '0', '0' ),
( '2', '54', '869', '0', '0' ),
( '2', '7', '872', '0', '0' ),
( '2', '7', '874', '0', '0' ),
( '2', '4', '876', '0', '0' ),
( '2', '58', '877', '0', '0' ),
( '2', '58', '878', '0', '0' ),
( '2', '58', '879', '0', '0' ),
( '2', '58', '880', '0', '0' ),
( '2', '58', '881', '0', '0' ),
( '2', '58', '882', '0', '0' ),
( '2', '58', '883', '0', '0' ),
( '2', '58', '884', '0', '0' ),
( '2', '58', '885', '0', '0' ),
( '2', '58', '886', '0', '0' ),
( '2', '58', '887', '0', '0' ),
( '2', '59', '888', '0', '0' ),
( '2', '59', '889', '0', '0' ),
( '2', '59', '890', '0', '0' ),
( '2', '59', '891', '0', '0' ),
( '2', '58', '892', '0', '0' ),
( '2', '58', '894', '0', '0' ),
( '2', '58', '898', '0', '0' ),
( '2', '58', '900', '0', '0' ),
( '2', '58', '902', '0', '0' ),
( '2', '58', '905', '0', '0' ),
( '2', '58', '907', '0', '0' ),
( '2', '23', '909', '0', '0' ),
( '2', '34', '912', '0', '0' ),
( '2', '61', '913', '0', '0' ),
( '2', '61', '914', '0', '0' ),
( '2', '61', '915', '0', '0' ),
( '2', '61', '916', '0', '0' ),
( '2', '61', '917', '0', '0' ),
( '2', '61', '918', '0', '0' ),
( '2', '61', '919', '0', '0' ),
( '2', '61', '920', '0', '0' ),
( '2', '61', '921', '0', '0' ),
( '2', '61', '922', '0', '0' ),
( '2', '61', '923', '0', '0' ),
( '2', '61', '924', '0', '0' ),
( '2', '61', '925', '0', '0' ),
( '2', '61', '926', '0', '0' ),
( '2', '61', '927', '0', '0' ),
( '2', '61', '928', '0', '0' ),
( '2', '61', '929', '0', '0' ),
( '2', '61', '930', '0', '0' ),
( '2', '4', '932', '0', '0' ),
( '2', '7', '934', '0', '0' ),
( '2', '4', '938', '0', '0' ),
( '2', '63', '939', '0', '0' ),
( '2', '63', '940', '0', '0' ),
( '2', '63', '941', '0', '0' ),
( '2', '63', '942', '0', '0' ),
( '2', '63', '943', '0', '0' ),
( '2', '63', '944', '0', '0' ),
( '2', '63', '945', '0', '0' ),
( '2', '63', '946', '0', '0' ),
( '2', '63', '947', '0', '0' ),
( '2', '63', '948', '0', '0' ),
( '2', '63', '949', '0', '0' ),
( '2', '63', '950', '0', '0' ),
( '2', '63', '951', '0', '0' ),
( '2', '63', '952', '0', '0' ),
( '2', '63', '953', '0', '0' ),
( '2', '63', '954', '0', '0' ),
( '2', '63', '955', '0', '0' ),
( '2', '63', '956', '0', '0' ),
( '2', '4', '960', '0', '0' ),
( '3', '6', '1', '0', '0' ),
( '3', '6', '2', '0', '0' ),
( '3', '6', '3', '0', '0' ),
( '3', '6', '4', '0', '0' ),
( '3', '6', '5', '0', '0' ),
( '3', '6', '6', '0', '0' ),
( '3', '6', '7', '0', '0' ),
( '3', '6', '8', '0', '0' ),
( '3', '6', '9', '0', '0' ),
( '3', '6', '10', '0', '0' ),
( '3', '6', '11', '0', '0' ),
( '3', '6', '12', '0', '0' ),
( '3', '6', '13', '0', '0' ),
( '3', '6', '14', '0', '0' ),
( '3', '6', '15', '0', '0' ),
( '3', '6', '16', '0', '0' ),
( '3', '6', '17', '0', '0' ),
( '3', '6', '18', '0', '0' ),
( '3', '6', '19', '0', '0' ),
( '3', '6', '20', '0', '0' );

INSERT INTO `vtiger_profile2field`(`profileid`,`tabid`,`fieldid`,`visible`,`readonly`) VALUES 
( '3', '6', '21', '0', '0' ),
( '3', '6', '22', '0', '0' ),
( '3', '6', '23', '0', '0' ),
( '3', '6', '24', '0', '0' ),
( '3', '6', '25', '0', '0' ),
( '3', '6', '26', '0', '0' ),
( '3', '6', '27', '0', '0' ),
( '3', '6', '28', '0', '0' ),
( '3', '6', '29', '0', '0' ),
( '3', '6', '30', '0', '0' ),
( '3', '6', '31', '0', '0' ),
( '3', '6', '32', '0', '0' ),
( '3', '6', '33', '0', '0' ),
( '3', '6', '34', '0', '0' ),
( '3', '6', '35', '0', '0' ),
( '3', '6', '36', '0', '0' ),
( '3', '7', '37', '0', '0' ),
( '3', '7', '38', '0', '0' ),
( '3', '7', '39', '0', '0' ),
( '3', '7', '40', '0', '0' ),
( '3', '7', '41', '0', '0' ),
( '3', '7', '42', '0', '0' ),
( '3', '7', '43', '0', '0' ),
( '3', '7', '44', '0', '0' ),
( '3', '7', '45', '0', '0' ),
( '3', '7', '46', '0', '0' ),
( '3', '7', '47', '0', '0' ),
( '3', '7', '48', '0', '0' ),
( '3', '7', '49', '0', '0' ),
( '3', '7', '50', '0', '0' ),
( '3', '7', '51', '0', '0' ),
( '3', '7', '52', '0', '0' ),
( '3', '7', '53', '0', '0' ),
( '3', '7', '54', '0', '0' ),
( '3', '7', '55', '0', '0' ),
( '3', '7', '56', '0', '0' ),
( '3', '7', '57', '0', '0' ),
( '3', '7', '58', '0', '0' ),
( '3', '7', '59', '0', '0' ),
( '3', '7', '60', '0', '0' ),
( '3', '7', '61', '0', '0' ),
( '3', '7', '62', '0', '0' ),
( '3', '7', '63', '0', '0' ),
( '3', '7', '64', '0', '0' ),
( '3', '7', '65', '0', '0' ),
( '3', '4', '66', '0', '0' ),
( '3', '4', '67', '0', '0' ),
( '3', '4', '68', '0', '0' ),
( '3', '4', '69', '0', '0' ),
( '3', '4', '70', '0', '0' ),
( '3', '4', '71', '0', '0' ),
( '3', '4', '72', '0', '0' ),
( '3', '4', '73', '0', '0' ),
( '3', '4', '74', '0', '0' ),
( '3', '4', '75', '0', '0' ),
( '3', '4', '76', '0', '0' ),
( '3', '4', '77', '0', '0' ),
( '3', '4', '78', '0', '0' ),
( '3', '4', '79', '0', '0' ),
( '3', '4', '80', '0', '0' ),
( '3', '4', '81', '0', '0' ),
( '3', '4', '82', '0', '0' ),
( '3', '4', '83', '0', '0' ),
( '3', '4', '84', '0', '0' ),
( '3', '4', '85', '0', '0' ),
( '3', '4', '86', '0', '0' ),
( '3', '4', '87', '0', '0' ),
( '3', '4', '88', '0', '0' ),
( '3', '4', '89', '0', '0' ),
( '3', '4', '90', '0', '0' ),
( '3', '4', '91', '0', '0' ),
( '3', '4', '92', '0', '0' ),
( '3', '4', '93', '0', '0' ),
( '3', '4', '94', '0', '0' ),
( '3', '4', '95', '0', '0' ),
( '3', '4', '96', '0', '0' ),
( '3', '4', '97', '0', '0' ),
( '3', '4', '98', '0', '0' ),
( '3', '4', '99', '0', '0' ),
( '3', '4', '100', '0', '0' ),
( '3', '4', '101', '0', '0' ),
( '3', '4', '102', '0', '0' ),
( '3', '4', '103', '0', '0' ),
( '3', '4', '104', '0', '0' ),
( '3', '4', '105', '0', '0' ),
( '3', '4', '106', '0', '0' ),
( '3', '4', '107', '0', '0' ),
( '3', '4', '108', '0', '0' ),
( '3', '4', '109', '0', '0' ),
( '3', '2', '110', '0', '0' ),
( '3', '2', '111', '0', '0' ),
( '3', '2', '112', '0', '0' ),
( '3', '2', '113', '0', '0' ),
( '3', '2', '114', '0', '0' ),
( '3', '2', '115', '0', '0' ),
( '3', '2', '116', '0', '0' ),
( '3', '2', '117', '0', '0' ),
( '3', '2', '118', '0', '0' ),
( '3', '2', '119', '0', '0' ),
( '3', '2', '120', '0', '0' ),
( '3', '2', '121', '0', '0' ),
( '3', '2', '122', '0', '0' ),
( '3', '2', '123', '0', '0' ),
( '3', '2', '124', '0', '0' ),
( '3', '2', '125', '0', '0' ),
( '3', '26', '126', '0', '0' ),
( '3', '26', '127', '0', '0' ),
( '3', '26', '128', '0', '0' ),
( '3', '26', '129', '0', '0' ),
( '3', '26', '130', '0', '0' ),
( '3', '26', '131', '0', '0' ),
( '3', '26', '132', '0', '0' ),
( '3', '26', '133', '0', '0' ),
( '3', '26', '134', '0', '0' ),
( '3', '26', '135', '0', '0' ),
( '3', '26', '136', '0', '0' ),
( '3', '26', '137', '0', '0' ),
( '3', '26', '138', '0', '0' ),
( '3', '26', '139', '0', '0' ),
( '3', '26', '140', '0', '0' ),
( '3', '26', '141', '0', '0' ),
( '3', '26', '142', '0', '0' ),
( '3', '26', '143', '0', '0' ),
( '3', '26', '144', '0', '0' ),
( '3', '26', '145', '0', '0' ),
( '3', '26', '146', '0', '0' ),
( '3', '26', '147', '0', '0' ),
( '3', '26', '148', '0', '0' ),
( '3', '26', '149', '0', '0' ),
( '3', '26', '150', '0', '0' ),
( '3', '4', '151', '0', '0' ),
( '3', '6', '152', '0', '0' ),
( '3', '7', '153', '0', '0' ),
( '3', '26', '154', '0', '0' ),
( '3', '13', '155', '0', '0' ),
( '3', '13', '156', '0', '0' ),
( '3', '13', '157', '0', '0' ),
( '3', '13', '158', '0', '0' ),
( '3', '13', '159', '0', '0' ),
( '3', '13', '160', '0', '0' ),
( '3', '13', '161', '0', '0' ),
( '3', '13', '162', '0', '0' ),
( '3', '13', '163', '0', '0' ),
( '3', '13', '164', '0', '0' ),
( '3', '13', '165', '0', '0' ),
( '3', '13', '166', '0', '0' ),
( '3', '13', '167', '0', '0' ),
( '3', '13', '168', '0', '0' ),
( '3', '13', '169', '0', '0' ),
( '3', '13', '170', '0', '0' ),
( '3', '13', '171', '0', '0' ),
( '3', '13', '172', '0', '0' ),
( '3', '13', '173', '0', '0' ),
( '3', '14', '174', '0', '0' ),
( '3', '14', '175', '0', '0' ),
( '3', '14', '176', '0', '0' ),
( '3', '14', '177', '0', '0' ),
( '3', '14', '178', '0', '0' ),
( '3', '14', '179', '0', '0' ),
( '3', '14', '180', '0', '0' ),
( '3', '14', '181', '0', '0' ),
( '3', '14', '182', '0', '0' ),
( '3', '14', '183', '0', '0' ),
( '3', '14', '184', '0', '0' ),
( '3', '14', '185', '0', '0' ),
( '3', '14', '186', '0', '0' ),
( '3', '14', '187', '0', '0' ),
( '3', '14', '188', '0', '0' ),
( '3', '14', '189', '0', '0' ),
( '3', '14', '190', '0', '0' ),
( '3', '14', '191', '0', '0' ),
( '3', '14', '192', '0', '0' ),
( '3', '14', '193', '0', '0' ),
( '3', '14', '194', '0', '0' ),
( '3', '14', '195', '0', '0' ),
( '3', '14', '196', '0', '0' ),
( '3', '14', '197', '0', '0' ),
( '3', '14', '198', '0', '0' ),
( '3', '14', '199', '0', '0' ),
( '3', '14', '200', '0', '0' ),
( '3', '14', '201', '0', '0' ),
( '3', '14', '202', '0', '0' ),
( '3', '14', '203', '0', '0' ),
( '3', '14', '204', '0', '0' ),
( '3', '8', '205', '0', '0' ),
( '3', '8', '206', '0', '0' ),
( '3', '8', '207', '0', '0' ),
( '3', '8', '208', '0', '0' ),
( '3', '8', '209', '0', '0' ),
( '3', '8', '210', '0', '0' ),
( '3', '8', '211', '0', '0' ),
( '3', '8', '212', '0', '0' ),
( '3', '8', '213', '0', '0' ),
( '3', '8', '214', '0', '0' ),
( '3', '8', '215', '0', '0' ),
( '3', '8', '216', '0', '0' ),
( '3', '8', '217', '0', '0' ),
( '3', '8', '218', '0', '0' ),
( '3', '8', '219', '0', '0' ),
( '3', '10', '220', '0', '0' ),
( '3', '10', '221', '0', '0' ),
( '3', '10', '222', '0', '0' ),
( '3', '10', '223', '0', '0' ),
( '3', '10', '224', '0', '0' ),
( '3', '10', '225', '0', '0' ),
( '3', '10', '226', '0', '0' ),
( '3', '10', '227', '0', '0' ),
( '3', '10', '228', '0', '0' ),
( '3', '10', '229', '0', '0' ),
( '3', '10', '230', '0', '0' ),
( '3', '10', '231', '0', '0' ),
( '3', '9', '232', '0', '0' ),
( '3', '9', '233', '0', '0' ),
( '3', '9', '234', '0', '0' ),
( '3', '9', '235', '0', '0' ),
( '3', '9', '236', '0', '0' ),
( '3', '9', '237', '0', '0' ),
( '3', '9', '238', '0', '0' ),
( '3', '9', '239', '0', '0' ),
( '3', '9', '240', '0', '0' ),
( '3', '9', '241', '0', '0' ),
( '3', '9', '242', '0', '0' ),
( '3', '9', '243', '0', '0' ),
( '3', '9', '244', '0', '0' ),
( '3', '9', '245', '0', '0' ),
( '3', '9', '246', '0', '0' ),
( '3', '9', '247', '0', '0' ),
( '3', '9', '248', '0', '0' ),
( '3', '9', '249', '0', '0' ),
( '3', '9', '250', '0', '0' ),
( '3', '9', '251', '0', '0' ),
( '3', '9', '252', '0', '0' ),
( '3', '9', '253', '0', '0' ),
( '3', '9', '254', '0', '0' ),
( '3', '9', '255', '0', '0' ),
( '3', '16', '256', '0', '0' ),
( '3', '16', '257', '0', '0' ),
( '3', '16', '258', '0', '0' ),
( '3', '16', '259', '0', '0' ),
( '3', '16', '260', '0', '0' ),
( '3', '16', '261', '0', '0' ),
( '3', '16', '262', '0', '0' ),
( '3', '16', '263', '0', '0' ),
( '3', '16', '264', '0', '0' ),
( '3', '16', '265', '0', '0' ),
( '3', '16', '266', '0', '0' ),
( '3', '16', '267', '0', '0' ),
( '3', '16', '268', '0', '0' ),
( '3', '16', '269', '0', '0' ),
( '3', '16', '270', '0', '0' );

INSERT INTO `vtiger_profile2field`(`profileid`,`tabid`,`fieldid`,`visible`,`readonly`) VALUES 
( '3', '16', '271', '0', '0' ),
( '3', '16', '272', '0', '0' ),
( '3', '16', '273', '0', '0' ),
( '3', '16', '274', '0', '0' ),
( '3', '16', '275', '0', '0' ),
( '3', '16', '276', '0', '0' ),
( '3', '16', '277', '0', '0' ),
( '3', '16', '278', '0', '0' ),
( '3', '15', '279', '0', '0' ),
( '3', '15', '280', '0', '0' ),
( '3', '15', '281', '0', '0' ),
( '3', '15', '282', '0', '0' ),
( '3', '15', '283', '0', '0' ),
( '3', '15', '284', '0', '0' ),
( '3', '15', '285', '0', '0' ),
( '3', '15', '286', '0', '0' ),
( '3', '15', '287', '0', '0' ),
( '3', '15', '288', '0', '0' ),
( '3', '18', '289', '0', '0' ),
( '3', '18', '290', '0', '0' ),
( '3', '18', '291', '0', '0' ),
( '3', '18', '292', '0', '0' ),
( '3', '18', '293', '0', '0' ),
( '3', '18', '294', '0', '0' ),
( '3', '18', '295', '0', '0' ),
( '3', '18', '296', '0', '0' ),
( '3', '18', '297', '0', '0' ),
( '3', '18', '298', '0', '0' ),
( '3', '18', '299', '0', '0' ),
( '3', '18', '300', '0', '0' ),
( '3', '18', '301', '0', '0' ),
( '3', '18', '302', '0', '0' ),
( '3', '18', '303', '0', '0' ),
( '3', '18', '304', '0', '0' ),
( '3', '18', '305', '0', '0' ),
( '3', '19', '306', '0', '0' ),
( '3', '19', '307', '0', '0' ),
( '3', '19', '308', '0', '0' ),
( '3', '19', '309', '0', '0' ),
( '3', '19', '310', '0', '0' ),
( '3', '19', '311', '0', '0' ),
( '3', '19', '312', '0', '0' ),
( '3', '19', '313', '0', '0' ),
( '3', '20', '314', '0', '0' ),
( '3', '20', '315', '0', '0' ),
( '3', '20', '316', '0', '0' ),
( '3', '20', '317', '0', '0' ),
( '3', '20', '318', '0', '0' ),
( '3', '20', '319', '0', '0' ),
( '3', '20', '320', '0', '0' ),
( '3', '20', '321', '0', '0' ),
( '3', '20', '322', '0', '0' ),
( '3', '20', '323', '0', '0' ),
( '3', '20', '324', '0', '0' ),
( '3', '20', '325', '0', '0' ),
( '3', '20', '326', '0', '0' ),
( '3', '20', '327', '0', '0' ),
( '3', '20', '328', '0', '0' ),
( '3', '20', '329', '0', '0' ),
( '3', '20', '330', '0', '0' ),
( '3', '20', '331', '0', '0' ),
( '3', '20', '332', '0', '0' ),
( '3', '20', '333', '0', '0' ),
( '3', '20', '334', '0', '0' ),
( '3', '20', '335', '0', '0' ),
( '3', '20', '336', '0', '0' ),
( '3', '20', '337', '0', '0' ),
( '3', '20', '338', '0', '0' ),
( '3', '20', '339', '0', '0' ),
( '3', '20', '340', '0', '0' ),
( '3', '20', '341', '0', '0' ),
( '3', '20', '342', '0', '0' ),
( '3', '20', '343', '0', '0' ),
( '3', '20', '344', '0', '0' ),
( '3', '20', '345', '0', '0' ),
( '3', '20', '346', '0', '0' ),
( '3', '20', '347', '0', '0' ),
( '3', '20', '348', '0', '0' ),
( '3', '20', '349', '0', '0' ),
( '3', '20', '350', '0', '0' ),
( '3', '21', '351', '0', '0' ),
( '3', '21', '352', '0', '0' ),
( '3', '21', '353', '0', '0' ),
( '3', '21', '354', '0', '0' ),
( '3', '21', '355', '0', '0' ),
( '3', '21', '356', '0', '0' ),
( '3', '21', '357', '0', '0' ),
( '3', '21', '358', '0', '0' ),
( '3', '21', '359', '0', '0' ),
( '3', '21', '360', '0', '0' ),
( '3', '21', '361', '0', '0' ),
( '3', '21', '362', '0', '0' ),
( '3', '21', '363', '0', '0' ),
( '3', '21', '364', '0', '0' ),
( '3', '21', '365', '0', '0' ),
( '3', '21', '366', '0', '0' ),
( '3', '21', '367', '0', '0' ),
( '3', '21', '368', '0', '0' ),
( '3', '21', '369', '0', '0' ),
( '3', '21', '370', '0', '0' ),
( '3', '21', '371', '0', '0' ),
( '3', '21', '372', '0', '0' ),
( '3', '21', '373', '0', '0' ),
( '3', '21', '374', '0', '0' ),
( '3', '21', '375', '0', '0' ),
( '3', '21', '376', '0', '0' ),
( '3', '21', '377', '0', '0' ),
( '3', '21', '378', '0', '0' ),
( '3', '21', '379', '0', '0' ),
( '3', '21', '380', '0', '0' ),
( '3', '21', '381', '0', '0' ),
( '3', '21', '382', '0', '0' ),
( '3', '21', '383', '0', '0' ),
( '3', '21', '384', '0', '0' ),
( '3', '21', '385', '0', '0' ),
( '3', '21', '386', '0', '0' ),
( '3', '21', '387', '0', '0' ),
( '3', '21', '388', '0', '0' ),
( '3', '22', '389', '0', '0' ),
( '3', '22', '390', '0', '0' ),
( '3', '22', '391', '0', '0' ),
( '3', '22', '392', '0', '0' ),
( '3', '22', '393', '0', '0' ),
( '3', '22', '394', '0', '0' ),
( '3', '22', '395', '0', '0' ),
( '3', '22', '396', '0', '0' ),
( '3', '22', '397', '0', '0' ),
( '3', '22', '398', '0', '0' ),
( '3', '22', '399', '0', '0' ),
( '3', '22', '400', '0', '0' ),
( '3', '22', '401', '0', '0' ),
( '3', '22', '402', '0', '0' ),
( '3', '22', '403', '0', '0' ),
( '3', '22', '404', '0', '0' ),
( '3', '22', '405', '0', '0' ),
( '3', '22', '406', '0', '0' ),
( '3', '22', '407', '0', '0' ),
( '3', '22', '408', '0', '0' ),
( '3', '22', '409', '0', '0' ),
( '3', '22', '410', '0', '0' ),
( '3', '22', '411', '0', '0' ),
( '3', '22', '412', '0', '0' ),
( '3', '22', '413', '0', '0' ),
( '3', '22', '414', '0', '0' ),
( '3', '22', '415', '0', '0' ),
( '3', '22', '416', '0', '0' ),
( '3', '22', '417', '0', '0' ),
( '3', '22', '418', '0', '0' ),
( '3', '22', '419', '0', '0' ),
( '3', '22', '420', '0', '0' ),
( '3', '22', '421', '0', '0' ),
( '3', '22', '422', '0', '0' ),
( '3', '22', '423', '0', '0' ),
( '3', '22', '424', '0', '0' ),
( '3', '22', '425', '0', '0' ),
( '3', '22', '426', '0', '0' ),
( '3', '22', '427', '0', '0' ),
( '3', '22', '428', '0', '0' ),
( '3', '22', '429', '0', '0' ),
( '3', '22', '430', '0', '0' ),
( '3', '22', '431', '0', '0' ),
( '3', '22', '432', '0', '0' ),
( '3', '22', '433', '0', '0' ),
( '3', '22', '434', '0', '0' ),
( '3', '22', '435', '0', '0' ),
( '3', '23', '436', '0', '0' ),
( '3', '23', '437', '0', '0' ),
( '3', '23', '438', '0', '0' ),
( '3', '23', '439', '0', '0' ),
( '3', '23', '440', '0', '0' ),
( '3', '23', '441', '0', '0' ),
( '3', '23', '442', '0', '0' ),
( '3', '23', '443', '0', '0' ),
( '3', '23', '444', '0', '0' ),
( '3', '23', '445', '0', '0' ),
( '3', '23', '446', '0', '0' ),
( '3', '23', '447', '0', '0' ),
( '3', '23', '448', '0', '0' ),
( '3', '23', '449', '0', '0' ),
( '3', '23', '450', '0', '0' ),
( '3', '23', '451', '0', '0' ),
( '3', '23', '452', '0', '0' ),
( '3', '23', '453', '0', '0' ),
( '3', '23', '454', '0', '0' ),
( '3', '23', '455', '0', '0' ),
( '3', '23', '456', '0', '0' ),
( '3', '23', '457', '0', '0' ),
( '3', '23', '458', '0', '0' ),
( '3', '23', '459', '0', '0' ),
( '3', '23', '460', '0', '0' ),
( '3', '23', '461', '0', '0' ),
( '3', '23', '462', '0', '0' ),
( '3', '23', '463', '0', '0' ),
( '3', '23', '464', '0', '0' ),
( '3', '23', '465', '0', '0' ),
( '3', '23', '466', '0', '0' ),
( '3', '23', '467', '0', '0' ),
( '3', '23', '468', '0', '0' ),
( '3', '23', '469', '0', '0' ),
( '3', '23', '470', '0', '0' ),
( '3', '23', '471', '0', '0' ),
( '3', '23', '472', '0', '0' ),
( '3', '23', '473', '0', '0' ),
( '3', '23', '474', '0', '0' ),
( '3', '10', '520', '0', '0' ),
( '3', '10', '521', '0', '0' ),
( '3', '10', '522', '0', '0' ),
( '3', '10', '523', '0', '0' ),
( '3', '10', '524', '0', '0' ),
( '3', '10', '525', '0', '0' ),
( '3', '31', '526', '0', '0' ),
( '3', '31', '527', '0', '0' ),
( '3', '31', '528', '0', '0' ),
( '3', '31', '529', '0', '0' ),
( '3', '31', '530', '0', '0' ),
( '3', '31', '531', '0', '0' ),
( '3', '31', '532', '0', '0' ),
( '3', '31', '533', '0', '0' ),
( '3', '31', '534', '0', '0' ),
( '3', '31', '535', '0', '0' ),
( '3', '31', '536', '0', '0' ),
( '3', '31', '537', '0', '0' ),
( '3', '31', '538', '0', '0' ),
( '3', '31', '539', '0', '0' ),
( '3', '31', '540', '0', '0' ),
( '3', '31', '541', '0', '0' ),
( '3', '31', '542', '0', '0' ),
( '3', '29', '543', '0', '0' ),
( '3', '34', '544', '0', '0' ),
( '3', '34', '545', '0', '0' ),
( '3', '34', '546', '0', '0' ),
( '3', '34', '547', '0', '0' ),
( '3', '34', '548', '0', '0' ),
( '3', '34', '549', '0', '0' ),
( '3', '34', '550', '0', '0' ),
( '3', '34', '551', '0', '0' ),
( '3', '34', '552', '0', '0' ),
( '3', '34', '553', '0', '0' ),
( '3', '34', '554', '0', '0' ),
( '3', '34', '555', '0', '0' ),
( '3', '34', '556', '0', '0' ),
( '3', '34', '557', '0', '0' ),
( '3', '34', '558', '0', '0' ),
( '3', '34', '559', '0', '0' ),
( '3', '34', '560', '0', '0' ),
( '3', '34', '561', '0', '0' ),
( '3', '34', '562', '0', '0' ),
( '3', '34', '563', '0', '0' ),
( '3', '34', '564', '0', '0' ),
( '3', '34', '565', '0', '0' );

INSERT INTO `vtiger_profile2field`(`profileid`,`tabid`,`fieldid`,`visible`,`readonly`) VALUES 
( '3', '35', '566', '0', '0' ),
( '3', '35', '567', '0', '0' ),
( '3', '35', '568', '0', '0' ),
( '3', '35', '569', '0', '0' ),
( '3', '35', '570', '0', '0' ),
( '3', '35', '571', '0', '0' ),
( '3', '35', '572', '0', '0' ),
( '3', '35', '573', '0', '0' ),
( '3', '35', '574', '0', '0' ),
( '3', '35', '575', '0', '0' ),
( '3', '35', '576', '0', '0' ),
( '3', '35', '577', '0', '0' ),
( '3', '35', '578', '0', '0' ),
( '3', '35', '579', '0', '0' ),
( '3', '35', '580', '0', '0' ),
( '3', '35', '581', '0', '0' ),
( '3', '35', '582', '0', '0' ),
( '3', '35', '583', '0', '0' ),
( '3', '35', '584', '0', '0' ),
( '3', '35', '585', '0', '0' ),
( '3', '35', '586', '0', '0' ),
( '3', '35', '587', '0', '0' ),
( '3', '39', '588', '0', '0' ),
( '3', '39', '589', '0', '0' ),
( '3', '39', '590', '0', '0' ),
( '3', '39', '591', '0', '0' ),
( '3', '39', '592', '0', '0' ),
( '3', '39', '593', '0', '0' ),
( '3', '39', '594', '0', '0' ),
( '3', '39', '595', '0', '0' ),
( '3', '39', '596', '0', '0' ),
( '3', '39', '597', '0', '0' ),
( '3', '39', '598', '0', '0' ),
( '3', '39', '599', '0', '0' ),
( '3', '39', '600', '0', '0' ),
( '3', '40', '601', '0', '0' ),
( '3', '40', '602', '0', '0' ),
( '3', '40', '603', '0', '0' ),
( '3', '40', '604', '0', '0' ),
( '3', '40', '605', '0', '0' ),
( '3', '40', '606', '0', '0' ),
( '3', '40', '607', '0', '0' ),
( '3', '40', '608', '0', '0' ),
( '3', '40', '609', '0', '0' ),
( '3', '40', '610', '0', '0' ),
( '3', '40', '611', '0', '0' ),
( '3', '40', '612', '0', '0' ),
( '3', '40', '613', '0', '0' ),
( '3', '40', '614', '0', '0' ),
( '3', '40', '615', '0', '0' ),
( '3', '40', '616', '0', '0' ),
( '3', '40', '617', '0', '0' ),
( '3', '40', '618', '0', '0' ),
( '3', '41', '619', '0', '0' ),
( '3', '41', '620', '0', '0' ),
( '3', '41', '621', '0', '0' ),
( '3', '41', '622', '0', '0' ),
( '3', '41', '623', '0', '0' ),
( '3', '41', '624', '0', '0' ),
( '3', '41', '625', '0', '0' ),
( '3', '41', '626', '0', '0' ),
( '3', '41', '627', '0', '0' ),
( '3', '41', '628', '0', '0' ),
( '3', '41', '629', '0', '0' ),
( '3', '41', '630', '0', '0' ),
( '3', '41', '631', '0', '0' ),
( '3', '41', '632', '0', '0' ),
( '3', '41', '633', '0', '0' ),
( '3', '41', '634', '0', '0' ),
( '3', '41', '635', '0', '0' ),
( '3', '41', '636', '0', '0' ),
( '3', '41', '637', '0', '0' ),
( '3', '41', '638', '0', '0' ),
( '3', '46', '639', '0', '0' ),
( '3', '46', '640', '0', '0' ),
( '3', '46', '641', '0', '0' ),
( '3', '46', '642', '0', '0' ),
( '3', '46', '643', '0', '0' ),
( '3', '46', '644', '0', '0' ),
( '3', '46', '645', '0', '0' ),
( '3', '46', '646', '0', '0' ),
( '3', '47', '647', '0', '0' ),
( '3', '47', '648', '0', '0' ),
( '3', '47', '649', '0', '0' ),
( '3', '47', '650', '0', '0' ),
( '3', '47', '651', '0', '0' ),
( '3', '47', '652', '0', '0' ),
( '3', '47', '653', '0', '0' ),
( '3', '47', '654', '0', '0' ),
( '3', '47', '655', '0', '0' ),
( '3', '47', '656', '0', '0' ),
( '3', '47', '657', '0', '0' ),
( '3', '47', '658', '0', '0' ),
( '3', '47', '659', '0', '0' ),
( '3', '47', '660', '0', '0' ),
( '3', '47', '661', '0', '0' ),
( '3', '47', '662', '0', '0' ),
( '3', '47', '663', '0', '0' ),
( '3', '47', '664', '0', '0' ),
( '3', '47', '665', '0', '0' ),
( '3', '47', '666', '0', '0' ),
( '3', '47', '667', '0', '0' ),
( '3', '48', '668', '0', '0' ),
( '3', '48', '669', '0', '0' ),
( '3', '48', '670', '0', '0' ),
( '3', '48', '671', '0', '0' ),
( '3', '48', '672', '0', '0' ),
( '3', '48', '673', '0', '0' ),
( '3', '2', '674', '0', '0' ),
( '3', '29', '675', '0', '0' ),
( '3', '23', '676', '0', '0' ),
( '3', '23', '677', '0', '0' ),
( '3', '23', '678', '0', '0' ),
( '3', '23', '679', '0', '0' ),
( '3', '23', '680', '0', '0' ),
( '3', '23', '681', '0', '0' ),
( '3', '23', '682', '0', '0' ),
( '3', '23', '683', '0', '0' ),
( '3', '23', '684', '0', '0' ),
( '3', '22', '685', '0', '0' ),
( '3', '22', '686', '0', '0' ),
( '3', '22', '687', '0', '0' ),
( '3', '22', '688', '0', '0' ),
( '3', '22', '689', '0', '0' ),
( '3', '22', '690', '0', '0' ),
( '3', '22', '691', '0', '0' ),
( '3', '22', '692', '0', '0' ),
( '3', '22', '693', '0', '0' ),
( '3', '21', '694', '0', '0' ),
( '3', '21', '695', '0', '0' ),
( '3', '21', '696', '0', '0' ),
( '3', '21', '697', '0', '0' ),
( '3', '21', '698', '0', '0' ),
( '3', '21', '699', '0', '0' ),
( '3', '21', '700', '0', '0' ),
( '3', '21', '701', '0', '0' ),
( '3', '21', '702', '0', '0' ),
( '3', '20', '703', '0', '0' ),
( '3', '20', '704', '0', '0' ),
( '3', '20', '705', '0', '0' ),
( '3', '20', '706', '0', '0' ),
( '3', '20', '707', '0', '0' ),
( '3', '20', '708', '0', '0' ),
( '3', '20', '709', '0', '0' ),
( '3', '20', '710', '0', '0' ),
( '3', '20', '711', '0', '0' ),
( '3', '29', '712', '0', '0' ),
( '3', '40', '713', '0', '0' ),
( '3', '46', '714', '0', '0' ),
( '3', '29', '715', '0', '0' ),
( '3', '29', '716', '0', '0' ),
( '3', '29', '717', '0', '0' ),
( '3', '23', '718', '0', '0' ),
( '3', '22', '719', '0', '0' ),
( '3', '21', '720', '0', '0' ),
( '3', '20', '721', '0', '0' ),
( '3', '29', '722', '0', '0' ),
( '3', '6', '723', '0', '0' ),
( '3', '4', '724', '0', '0' ),
( '3', '2', '725', '0', '0' ),
( '3', '29', '726', '0', '0' ),
( '3', '23', '727', '0', '0' ),
( '3', '23', '728', '0', '0' ),
( '3', '21', '729', '0', '0' ),
( '3', '21', '730', '0', '0' ),
( '3', '18', '731', '0', '0' ),
( '3', '7', '732', '0', '0' ),
( '3', '46', '733', '0', '0' ),
( '3', '46', '734', '0', '0' ),
( '3', '23', '735', '0', '0' ),
( '3', '20', '736', '0', '0' ),
( '3', '21', '737', '0', '0' ),
( '3', '22', '738', '0', '0' ),
( '3', '29', '739', '0', '0' ),
( '3', '2', '740', '0', '0' ),
( '3', '13', '741', '0', '0' ),
( '3', '29', '742', '0', '0' ),
( '3', '29', '743', '0', '0' ),
( '3', '29', '744', '0', '0' ),
( '3', '29', '745', '0', '0' ),
( '3', '14', '772', '0', '0' ),
( '3', '35', '773', '0', '0' ),
( '3', '23', '774', '0', '0' ),
( '3', '29', '775', '0', '0' ),
( '3', '23', '776', '0', '0' ),
( '3', '23', '777', '0', '0' ),
( '3', '23', '778', '0', '0' ),
( '3', '20', '779', '0', '0' ),
( '3', '20', '780', '0', '0' ),
( '3', '20', '781', '0', '0' ),
( '3', '21', '782', '0', '0' ),
( '3', '22', '783', '0', '0' ),
( '3', '22', '784', '0', '0' ),
( '3', '22', '785', '0', '0' ),
( '3', '46', '786', '0', '0' ),
( '3', '46', '787', '0', '0' ),
( '3', '46', '788', '0', '0' ),
( '3', '2', '789', '0', '0' ),
( '3', '4', '790', '0', '0' ),
( '3', '6', '791', '0', '0' ),
( '3', '7', '792', '0', '0' ),
( '3', '8', '793', '0', '0' ),
( '3', '9', '794', '0', '0' ),
( '3', '10', '795', '0', '0' ),
( '3', '13', '796', '0', '0' ),
( '3', '14', '797', '0', '0' ),
( '3', '15', '798', '0', '0' ),
( '3', '16', '799', '0', '0' ),
( '3', '18', '800', '0', '0' ),
( '3', '19', '801', '0', '0' ),
( '3', '20', '802', '0', '0' ),
( '3', '21', '803', '0', '0' ),
( '3', '22', '804', '0', '0' ),
( '3', '23', '805', '0', '0' ),
( '3', '26', '806', '0', '0' ),
( '3', '10', '807', '0', '0' ),
( '3', '2', '808', '0', '0' ),
( '3', '4', '809', '0', '0' ),
( '3', '6', '810', '0', '0' ),
( '3', '7', '811', '0', '0' ),
( '3', '8', '812', '0', '0' ),
( '3', '9', '813', '0', '0' ),
( '3', '10', '814', '0', '0' ),
( '3', '13', '815', '0', '0' ),
( '3', '14', '816', '0', '0' ),
( '3', '15', '817', '0', '0' ),
( '3', '16', '818', '0', '0' ),
( '3', '18', '819', '0', '0' ),
( '3', '19', '820', '0', '0' ),
( '3', '20', '821', '0', '0' ),
( '3', '21', '822', '0', '0' ),
( '3', '22', '823', '0', '0' ),
( '3', '23', '824', '0', '0' ),
( '3', '26', '825', '0', '0' ),
( '3', '2', '826', '0', '0' ),
( '3', '4', '827', '0', '0' ),
( '3', '6', '828', '0', '0' ),
( '3', '7', '829', '0', '0' ),
( '3', '8', '830', '0', '0' ),
( '3', '9', '831', '0', '0' ),
( '3', '10', '832', '0', '0' ),
( '3', '13', '833', '0', '0' ),
( '3', '14', '834', '0', '0' ),
( '3', '15', '835', '0', '0' ),
( '3', '16', '836', '0', '0' ),
( '3', '18', '837', '0', '0' ),
( '3', '19', '838', '0', '0' ),
( '3', '20', '839', '0', '0' ),
( '3', '21', '840', '0', '0' ),
( '3', '22', '841', '0', '0' );

INSERT INTO `vtiger_profile2field`(`profileid`,`tabid`,`fieldid`,`visible`,`readonly`) VALUES 
( '3', '23', '842', '0', '0' ),
( '3', '26', '843', '0', '0' ),
( '3', '20', '844', '0', '0' ),
( '3', '21', '845', '0', '0' ),
( '3', '22', '846', '0', '0' ),
( '3', '23', '847', '0', '0' ),
( '3', '41', '848', '0', '0' ),
( '3', '41', '849', '0', '0' ),
( '3', '29', '850', '0', '0' ),
( '3', '22', '851', '0', '0' ),
( '3', '29', '852', '0', '0' ),
( '3', '54', '853', '0', '0' ),
( '3', '54', '854', '0', '0' ),
( '3', '54', '855', '0', '0' ),
( '3', '54', '856', '0', '0' ),
( '3', '54', '857', '0', '0' ),
( '3', '54', '858', '0', '0' ),
( '3', '54', '859', '0', '0' ),
( '3', '54', '860', '0', '0' ),
( '3', '54', '861', '0', '0' ),
( '3', '54', '862', '0', '0' ),
( '3', '54', '863', '0', '0' ),
( '3', '54', '864', '0', '0' ),
( '3', '54', '865', '0', '0' ),
( '3', '54', '866', '0', '0' ),
( '3', '54', '867', '0', '0' ),
( '3', '54', '868', '0', '0' ),
( '3', '54', '869', '0', '0' ),
( '3', '7', '872', '0', '0' ),
( '3', '7', '874', '0', '0' ),
( '3', '4', '876', '0', '0' ),
( '3', '58', '877', '0', '0' ),
( '3', '58', '878', '0', '0' ),
( '3', '58', '879', '0', '0' ),
( '3', '58', '880', '0', '0' ),
( '3', '58', '881', '0', '0' ),
( '3', '58', '882', '0', '0' ),
( '3', '58', '883', '0', '0' ),
( '3', '58', '884', '0', '0' ),
( '3', '58', '885', '0', '0' ),
( '3', '58', '886', '0', '0' ),
( '3', '58', '887', '0', '0' ),
( '3', '59', '888', '0', '0' ),
( '3', '59', '889', '0', '0' ),
( '3', '59', '890', '0', '0' ),
( '3', '59', '891', '0', '0' ),
( '3', '58', '892', '0', '0' ),
( '3', '58', '894', '0', '0' ),
( '3', '58', '898', '0', '0' ),
( '3', '58', '900', '0', '0' ),
( '3', '58', '902', '0', '0' ),
( '3', '58', '905', '0', '0' ),
( '3', '58', '907', '0', '0' ),
( '3', '23', '909', '0', '0' ),
( '3', '34', '912', '0', '0' ),
( '3', '61', '913', '0', '0' ),
( '3', '61', '914', '0', '0' ),
( '3', '61', '915', '0', '0' ),
( '3', '61', '916', '0', '0' ),
( '3', '61', '917', '0', '0' ),
( '3', '61', '918', '0', '0' ),
( '3', '61', '919', '0', '0' ),
( '3', '61', '920', '0', '0' ),
( '3', '61', '921', '0', '0' ),
( '3', '61', '922', '0', '0' ),
( '3', '61', '923', '0', '0' ),
( '3', '61', '924', '0', '0' ),
( '3', '61', '925', '0', '0' ),
( '3', '61', '926', '0', '0' ),
( '3', '61', '927', '0', '0' ),
( '3', '61', '928', '0', '0' ),
( '3', '61', '929', '0', '0' ),
( '3', '61', '930', '0', '0' ),
( '3', '4', '932', '0', '0' ),
( '3', '7', '934', '0', '0' ),
( '3', '4', '938', '0', '0' ),
( '3', '63', '939', '0', '0' ),
( '3', '63', '940', '0', '0' ),
( '3', '63', '941', '0', '0' ),
( '3', '63', '942', '0', '0' ),
( '3', '63', '943', '0', '0' ),
( '3', '63', '944', '0', '0' ),
( '3', '63', '945', '0', '0' ),
( '3', '63', '946', '0', '0' ),
( '3', '63', '947', '0', '0' ),
( '3', '63', '948', '0', '0' ),
( '3', '63', '949', '0', '0' ),
( '3', '63', '950', '0', '0' ),
( '3', '63', '951', '0', '0' ),
( '3', '63', '952', '0', '0' ),
( '3', '63', '953', '0', '0' ),
( '3', '63', '954', '0', '0' ),
( '3', '63', '955', '0', '0' ),
( '3', '63', '956', '0', '0' ),
( '3', '4', '960', '0', '0' ),
( '4', '6', '1', '0', '0' ),
( '4', '6', '2', '0', '0' ),
( '4', '6', '3', '0', '0' ),
( '4', '6', '4', '0', '0' ),
( '4', '6', '5', '0', '0' ),
( '4', '6', '6', '0', '0' ),
( '4', '6', '7', '0', '0' ),
( '4', '6', '8', '0', '0' ),
( '4', '6', '9', '0', '0' ),
( '4', '6', '10', '0', '0' ),
( '4', '6', '11', '0', '0' ),
( '4', '6', '12', '0', '0' ),
( '4', '6', '13', '0', '0' ),
( '4', '6', '14', '0', '0' ),
( '4', '6', '15', '0', '0' ),
( '4', '6', '16', '0', '0' ),
( '4', '6', '17', '0', '0' ),
( '4', '6', '18', '0', '0' ),
( '4', '6', '19', '0', '0' ),
( '4', '6', '20', '0', '0' ),
( '4', '6', '21', '0', '0' ),
( '4', '6', '22', '0', '0' ),
( '4', '6', '23', '0', '0' ),
( '4', '6', '24', '0', '0' ),
( '4', '6', '25', '0', '0' ),
( '4', '6', '26', '0', '0' ),
( '4', '6', '27', '0', '0' ),
( '4', '6', '28', '0', '0' ),
( '4', '6', '29', '0', '0' ),
( '4', '6', '30', '0', '0' ),
( '4', '6', '31', '0', '0' ),
( '4', '6', '32', '0', '0' ),
( '4', '6', '33', '0', '0' ),
( '4', '6', '34', '0', '0' ),
( '4', '6', '35', '0', '0' ),
( '4', '6', '36', '0', '0' ),
( '4', '7', '37', '0', '0' ),
( '4', '7', '38', '0', '0' ),
( '4', '7', '39', '0', '0' ),
( '4', '7', '40', '0', '0' ),
( '4', '7', '41', '0', '0' ),
( '4', '7', '42', '0', '0' ),
( '4', '7', '43', '0', '0' ),
( '4', '7', '44', '0', '0' ),
( '4', '7', '45', '0', '0' ),
( '4', '7', '46', '0', '0' ),
( '4', '7', '47', '0', '0' ),
( '4', '7', '48', '0', '0' ),
( '4', '7', '49', '0', '0' ),
( '4', '7', '50', '0', '0' ),
( '4', '7', '51', '0', '0' ),
( '4', '7', '52', '0', '0' ),
( '4', '7', '53', '0', '0' ),
( '4', '7', '54', '0', '0' ),
( '4', '7', '55', '0', '0' ),
( '4', '7', '56', '0', '0' ),
( '4', '7', '57', '0', '0' ),
( '4', '7', '58', '0', '0' ),
( '4', '7', '59', '0', '0' ),
( '4', '7', '60', '0', '0' ),
( '4', '7', '61', '0', '0' ),
( '4', '7', '62', '0', '0' ),
( '4', '7', '63', '0', '0' ),
( '4', '7', '64', '0', '0' ),
( '4', '7', '65', '0', '0' ),
( '4', '4', '66', '0', '0' ),
( '4', '4', '67', '0', '0' ),
( '4', '4', '68', '0', '0' ),
( '4', '4', '69', '0', '0' ),
( '4', '4', '70', '0', '0' ),
( '4', '4', '71', '0', '0' ),
( '4', '4', '72', '0', '0' ),
( '4', '4', '73', '0', '0' ),
( '4', '4', '74', '0', '0' ),
( '4', '4', '75', '0', '0' ),
( '4', '4', '76', '0', '0' ),
( '4', '4', '77', '0', '0' ),
( '4', '4', '78', '0', '0' ),
( '4', '4', '79', '0', '0' ),
( '4', '4', '80', '0', '0' ),
( '4', '4', '81', '0', '0' ),
( '4', '4', '82', '0', '0' ),
( '4', '4', '83', '0', '0' ),
( '4', '4', '84', '0', '0' ),
( '4', '4', '85', '0', '0' ),
( '4', '4', '86', '0', '0' ),
( '4', '4', '87', '0', '0' ),
( '4', '4', '88', '0', '0' ),
( '4', '4', '89', '0', '0' ),
( '4', '4', '90', '0', '0' ),
( '4', '4', '91', '0', '0' ),
( '4', '4', '92', '0', '0' ),
( '4', '4', '93', '0', '0' ),
( '4', '4', '94', '0', '0' ),
( '4', '4', '95', '0', '0' ),
( '4', '4', '96', '0', '0' ),
( '4', '4', '97', '0', '0' ),
( '4', '4', '98', '0', '0' ),
( '4', '4', '99', '0', '0' ),
( '4', '4', '100', '0', '0' ),
( '4', '4', '101', '0', '0' ),
( '4', '4', '102', '0', '0' ),
( '4', '4', '103', '0', '0' ),
( '4', '4', '104', '0', '0' ),
( '4', '4', '105', '0', '0' ),
( '4', '4', '106', '0', '0' ),
( '4', '4', '107', '0', '0' ),
( '4', '4', '108', '0', '0' ),
( '4', '4', '109', '0', '0' ),
( '4', '2', '110', '0', '0' ),
( '4', '2', '111', '0', '0' ),
( '4', '2', '112', '0', '0' ),
( '4', '2', '113', '0', '0' ),
( '4', '2', '114', '0', '0' ),
( '4', '2', '115', '0', '0' ),
( '4', '2', '116', '0', '0' ),
( '4', '2', '117', '0', '0' ),
( '4', '2', '118', '0', '0' ),
( '4', '2', '119', '0', '0' ),
( '4', '2', '120', '0', '0' ),
( '4', '2', '121', '0', '0' ),
( '4', '2', '122', '0', '0' ),
( '4', '2', '123', '0', '0' ),
( '4', '2', '124', '0', '0' ),
( '4', '2', '125', '0', '0' ),
( '4', '26', '126', '0', '0' ),
( '4', '26', '127', '0', '0' ),
( '4', '26', '128', '0', '0' ),
( '4', '26', '129', '0', '0' ),
( '4', '26', '130', '0', '0' ),
( '4', '26', '131', '0', '0' ),
( '4', '26', '132', '0', '0' ),
( '4', '26', '133', '0', '0' ),
( '4', '26', '134', '0', '0' ),
( '4', '26', '135', '0', '0' ),
( '4', '26', '136', '0', '0' ),
( '4', '26', '137', '0', '0' ),
( '4', '26', '138', '0', '0' ),
( '4', '26', '139', '0', '0' ),
( '4', '26', '140', '0', '0' ),
( '4', '26', '141', '0', '0' ),
( '4', '26', '142', '0', '0' ),
( '4', '26', '143', '0', '0' ),
( '4', '26', '144', '0', '0' ),
( '4', '26', '145', '0', '0' ),
( '4', '26', '146', '0', '0' ),
( '4', '26', '147', '0', '0' ),
( '4', '26', '148', '0', '0' ),
( '4', '26', '149', '0', '0' ),
( '4', '26', '150', '0', '0' ),
( '4', '4', '151', '0', '0' ),
( '4', '6', '152', '0', '0' ),
( '4', '7', '153', '0', '0' ),
( '4', '26', '154', '0', '0' ),
( '4', '13', '155', '0', '0' );

INSERT INTO `vtiger_profile2field`(`profileid`,`tabid`,`fieldid`,`visible`,`readonly`) VALUES 
( '4', '13', '156', '0', '0' ),
( '4', '13', '157', '0', '0' ),
( '4', '13', '158', '0', '0' ),
( '4', '13', '159', '0', '0' ),
( '4', '13', '160', '0', '0' ),
( '4', '13', '161', '0', '0' ),
( '4', '13', '162', '0', '0' ),
( '4', '13', '163', '0', '0' ),
( '4', '13', '164', '0', '0' ),
( '4', '13', '165', '0', '0' ),
( '4', '13', '166', '0', '0' ),
( '4', '13', '167', '0', '0' ),
( '4', '13', '168', '0', '0' ),
( '4', '13', '169', '0', '0' ),
( '4', '13', '170', '0', '0' ),
( '4', '13', '171', '0', '0' ),
( '4', '13', '172', '0', '0' ),
( '4', '13', '173', '0', '0' ),
( '4', '14', '174', '0', '0' ),
( '4', '14', '175', '0', '0' ),
( '4', '14', '176', '0', '0' ),
( '4', '14', '177', '0', '0' ),
( '4', '14', '178', '0', '0' ),
( '4', '14', '179', '0', '0' ),
( '4', '14', '180', '0', '0' ),
( '4', '14', '181', '0', '0' ),
( '4', '14', '182', '0', '0' ),
( '4', '14', '183', '0', '0' ),
( '4', '14', '184', '0', '0' ),
( '4', '14', '185', '0', '0' ),
( '4', '14', '186', '0', '0' ),
( '4', '14', '187', '0', '0' ),
( '4', '14', '188', '0', '0' ),
( '4', '14', '189', '0', '0' ),
( '4', '14', '190', '0', '0' ),
( '4', '14', '191', '0', '0' ),
( '4', '14', '192', '0', '0' ),
( '4', '14', '193', '0', '0' ),
( '4', '14', '194', '0', '0' ),
( '4', '14', '195', '0', '0' ),
( '4', '14', '196', '0', '0' ),
( '4', '14', '197', '0', '0' ),
( '4', '14', '198', '0', '0' ),
( '4', '14', '199', '0', '0' ),
( '4', '14', '200', '0', '0' ),
( '4', '14', '201', '0', '0' ),
( '4', '14', '202', '0', '0' ),
( '4', '14', '203', '0', '0' ),
( '4', '14', '204', '0', '0' ),
( '4', '8', '205', '0', '0' ),
( '4', '8', '206', '0', '0' ),
( '4', '8', '207', '0', '0' ),
( '4', '8', '208', '0', '0' ),
( '4', '8', '209', '0', '0' ),
( '4', '8', '210', '0', '0' ),
( '4', '8', '211', '0', '0' ),
( '4', '8', '212', '0', '0' ),
( '4', '8', '213', '0', '0' ),
( '4', '8', '214', '0', '0' ),
( '4', '8', '215', '0', '0' ),
( '4', '8', '216', '0', '0' ),
( '4', '8', '217', '0', '0' ),
( '4', '8', '218', '0', '0' ),
( '4', '8', '219', '0', '0' ),
( '4', '10', '220', '0', '0' ),
( '4', '10', '221', '0', '0' ),
( '4', '10', '222', '0', '0' ),
( '4', '10', '223', '0', '0' ),
( '4', '10', '224', '0', '0' ),
( '4', '10', '225', '0', '0' ),
( '4', '10', '226', '0', '0' ),
( '4', '10', '227', '0', '0' ),
( '4', '10', '228', '0', '0' ),
( '4', '10', '229', '0', '0' ),
( '4', '10', '230', '0', '0' ),
( '4', '10', '231', '0', '0' ),
( '4', '9', '232', '0', '0' ),
( '4', '9', '233', '0', '0' ),
( '4', '9', '234', '0', '0' ),
( '4', '9', '235', '0', '0' ),
( '4', '9', '236', '0', '0' ),
( '4', '9', '237', '0', '0' ),
( '4', '9', '238', '0', '0' ),
( '4', '9', '239', '0', '0' ),
( '4', '9', '240', '0', '0' ),
( '4', '9', '241', '0', '0' ),
( '4', '9', '242', '0', '0' ),
( '4', '9', '243', '0', '0' ),
( '4', '9', '244', '0', '0' ),
( '4', '9', '245', '0', '0' ),
( '4', '9', '246', '0', '0' ),
( '4', '9', '247', '0', '0' ),
( '4', '9', '248', '0', '0' ),
( '4', '9', '249', '0', '0' ),
( '4', '9', '250', '0', '0' ),
( '4', '9', '251', '0', '0' ),
( '4', '9', '252', '0', '0' ),
( '4', '9', '253', '0', '0' ),
( '4', '9', '254', '0', '0' ),
( '4', '9', '255', '0', '0' ),
( '4', '16', '256', '0', '0' ),
( '4', '16', '257', '0', '0' ),
( '4', '16', '258', '0', '0' ),
( '4', '16', '259', '0', '0' ),
( '4', '16', '260', '0', '0' ),
( '4', '16', '261', '0', '0' ),
( '4', '16', '262', '0', '0' ),
( '4', '16', '263', '0', '0' ),
( '4', '16', '264', '0', '0' ),
( '4', '16', '265', '0', '0' ),
( '4', '16', '266', '0', '0' ),
( '4', '16', '267', '0', '0' ),
( '4', '16', '268', '0', '0' ),
( '4', '16', '269', '0', '0' ),
( '4', '16', '270', '0', '0' ),
( '4', '16', '271', '0', '0' ),
( '4', '16', '272', '0', '0' ),
( '4', '16', '273', '0', '0' ),
( '4', '16', '274', '0', '0' ),
( '4', '16', '275', '0', '0' ),
( '4', '16', '276', '0', '0' ),
( '4', '16', '277', '0', '0' ),
( '4', '16', '278', '0', '0' ),
( '4', '15', '279', '0', '0' ),
( '4', '15', '280', '0', '0' ),
( '4', '15', '281', '0', '0' ),
( '4', '15', '282', '0', '0' ),
( '4', '15', '283', '0', '0' ),
( '4', '15', '284', '0', '0' ),
( '4', '15', '285', '0', '0' ),
( '4', '15', '286', '0', '0' ),
( '4', '15', '287', '0', '0' ),
( '4', '15', '288', '0', '0' ),
( '4', '18', '289', '0', '0' ),
( '4', '18', '290', '0', '0' ),
( '4', '18', '291', '0', '0' ),
( '4', '18', '292', '0', '0' ),
( '4', '18', '293', '0', '0' ),
( '4', '18', '294', '0', '0' ),
( '4', '18', '295', '0', '0' ),
( '4', '18', '296', '0', '0' ),
( '4', '18', '297', '0', '0' ),
( '4', '18', '298', '0', '0' ),
( '4', '18', '299', '0', '0' ),
( '4', '18', '300', '0', '0' ),
( '4', '18', '301', '0', '0' ),
( '4', '18', '302', '0', '0' ),
( '4', '18', '303', '0', '0' ),
( '4', '18', '304', '0', '0' ),
( '4', '18', '305', '0', '0' ),
( '4', '19', '306', '0', '0' ),
( '4', '19', '307', '0', '0' ),
( '4', '19', '308', '0', '0' ),
( '4', '19', '309', '0', '0' ),
( '4', '19', '310', '0', '0' ),
( '4', '19', '311', '0', '0' ),
( '4', '19', '312', '0', '0' ),
( '4', '19', '313', '0', '0' ),
( '4', '20', '314', '0', '0' ),
( '4', '20', '315', '0', '0' ),
( '4', '20', '316', '0', '0' ),
( '4', '20', '317', '0', '0' ),
( '4', '20', '318', '0', '0' ),
( '4', '20', '319', '0', '0' ),
( '4', '20', '320', '0', '0' ),
( '4', '20', '321', '0', '0' ),
( '4', '20', '322', '0', '0' ),
( '4', '20', '323', '0', '0' ),
( '4', '20', '324', '0', '0' ),
( '4', '20', '325', '0', '0' ),
( '4', '20', '326', '0', '0' ),
( '4', '20', '327', '0', '0' ),
( '4', '20', '328', '0', '0' ),
( '4', '20', '329', '0', '0' ),
( '4', '20', '330', '0', '0' ),
( '4', '20', '331', '0', '0' ),
( '4', '20', '332', '0', '0' ),
( '4', '20', '333', '0', '0' ),
( '4', '20', '334', '0', '0' ),
( '4', '20', '335', '0', '0' ),
( '4', '20', '336', '0', '0' ),
( '4', '20', '337', '0', '0' ),
( '4', '20', '338', '0', '0' ),
( '4', '20', '339', '0', '0' ),
( '4', '20', '340', '0', '0' ),
( '4', '20', '341', '0', '0' ),
( '4', '20', '342', '0', '0' ),
( '4', '20', '343', '0', '0' ),
( '4', '20', '344', '0', '0' ),
( '4', '20', '345', '0', '0' ),
( '4', '20', '346', '0', '0' ),
( '4', '20', '347', '0', '0' ),
( '4', '20', '348', '0', '0' ),
( '4', '20', '349', '0', '0' ),
( '4', '20', '350', '0', '0' ),
( '4', '21', '351', '0', '0' ),
( '4', '21', '352', '0', '0' ),
( '4', '21', '353', '0', '0' ),
( '4', '21', '354', '0', '0' ),
( '4', '21', '355', '0', '0' ),
( '4', '21', '356', '0', '0' ),
( '4', '21', '357', '0', '0' ),
( '4', '21', '358', '0', '0' ),
( '4', '21', '359', '0', '0' ),
( '4', '21', '360', '0', '0' ),
( '4', '21', '361', '0', '0' ),
( '4', '21', '362', '0', '0' ),
( '4', '21', '363', '0', '0' ),
( '4', '21', '364', '0', '0' ),
( '4', '21', '365', '0', '0' ),
( '4', '21', '366', '0', '0' ),
( '4', '21', '367', '0', '0' ),
( '4', '21', '368', '0', '0' ),
( '4', '21', '369', '0', '0' ),
( '4', '21', '370', '0', '0' ),
( '4', '21', '371', '0', '0' ),
( '4', '21', '372', '0', '0' ),
( '4', '21', '373', '0', '0' ),
( '4', '21', '374', '0', '0' ),
( '4', '21', '375', '0', '0' ),
( '4', '21', '376', '0', '0' ),
( '4', '21', '377', '0', '0' ),
( '4', '21', '378', '0', '0' ),
( '4', '21', '379', '0', '0' ),
( '4', '21', '380', '0', '0' ),
( '4', '21', '381', '0', '0' ),
( '4', '21', '382', '0', '0' ),
( '4', '21', '383', '0', '0' ),
( '4', '21', '384', '0', '0' ),
( '4', '21', '385', '0', '0' ),
( '4', '21', '386', '0', '0' ),
( '4', '21', '387', '0', '0' ),
( '4', '21', '388', '0', '0' ),
( '4', '22', '389', '0', '0' ),
( '4', '22', '390', '0', '0' ),
( '4', '22', '391', '0', '0' ),
( '4', '22', '392', '0', '0' ),
( '4', '22', '393', '0', '0' ),
( '4', '22', '394', '0', '0' ),
( '4', '22', '395', '0', '0' ),
( '4', '22', '396', '0', '0' ),
( '4', '22', '397', '0', '0' ),
( '4', '22', '398', '0', '0' ),
( '4', '22', '399', '0', '0' ),
( '4', '22', '400', '0', '0' ),
( '4', '22', '401', '0', '0' ),
( '4', '22', '402', '0', '0' ),
( '4', '22', '403', '0', '0' ),
( '4', '22', '404', '0', '0' ),
( '4', '22', '405', '0', '0' );

INSERT INTO `vtiger_profile2field`(`profileid`,`tabid`,`fieldid`,`visible`,`readonly`) VALUES 
( '4', '22', '406', '0', '0' ),
( '4', '22', '407', '0', '0' ),
( '4', '22', '408', '0', '0' ),
( '4', '22', '409', '0', '0' ),
( '4', '22', '410', '0', '0' ),
( '4', '22', '411', '0', '0' ),
( '4', '22', '412', '0', '0' ),
( '4', '22', '413', '0', '0' ),
( '4', '22', '414', '0', '0' ),
( '4', '22', '415', '0', '0' ),
( '4', '22', '416', '0', '0' ),
( '4', '22', '417', '0', '0' ),
( '4', '22', '418', '0', '0' ),
( '4', '22', '419', '0', '0' ),
( '4', '22', '420', '0', '0' ),
( '4', '22', '421', '0', '0' ),
( '4', '22', '422', '0', '0' ),
( '4', '22', '423', '0', '0' ),
( '4', '22', '424', '0', '0' ),
( '4', '22', '425', '0', '0' ),
( '4', '22', '426', '0', '0' ),
( '4', '22', '427', '0', '0' ),
( '4', '22', '428', '0', '0' ),
( '4', '22', '429', '0', '0' ),
( '4', '22', '430', '0', '0' ),
( '4', '22', '431', '0', '0' ),
( '4', '22', '432', '0', '0' ),
( '4', '22', '433', '0', '0' ),
( '4', '22', '434', '0', '0' ),
( '4', '22', '435', '0', '0' ),
( '4', '23', '436', '0', '0' ),
( '4', '23', '437', '0', '0' ),
( '4', '23', '438', '0', '0' ),
( '4', '23', '439', '0', '0' ),
( '4', '23', '440', '0', '0' ),
( '4', '23', '441', '0', '0' ),
( '4', '23', '442', '0', '0' ),
( '4', '23', '443', '0', '0' ),
( '4', '23', '444', '0', '0' ),
( '4', '23', '445', '0', '0' ),
( '4', '23', '446', '0', '0' ),
( '4', '23', '447', '0', '0' ),
( '4', '23', '448', '0', '0' ),
( '4', '23', '449', '0', '0' ),
( '4', '23', '450', '0', '0' ),
( '4', '23', '451', '0', '0' ),
( '4', '23', '452', '0', '0' ),
( '4', '23', '453', '0', '0' ),
( '4', '23', '454', '0', '0' ),
( '4', '23', '455', '0', '0' ),
( '4', '23', '456', '0', '0' ),
( '4', '23', '457', '0', '0' ),
( '4', '23', '458', '0', '0' ),
( '4', '23', '459', '0', '0' ),
( '4', '23', '460', '0', '0' ),
( '4', '23', '461', '0', '0' ),
( '4', '23', '462', '0', '0' ),
( '4', '23', '463', '0', '0' ),
( '4', '23', '464', '0', '0' ),
( '4', '23', '465', '0', '0' ),
( '4', '23', '466', '0', '0' ),
( '4', '23', '467', '0', '0' ),
( '4', '23', '468', '0', '0' ),
( '4', '23', '469', '0', '0' ),
( '4', '23', '470', '0', '0' ),
( '4', '23', '471', '0', '0' ),
( '4', '23', '472', '0', '0' ),
( '4', '23', '473', '0', '0' ),
( '4', '23', '474', '0', '0' ),
( '4', '10', '520', '0', '0' ),
( '4', '10', '521', '0', '0' ),
( '4', '10', '522', '0', '0' ),
( '4', '10', '523', '0', '0' ),
( '4', '10', '524', '0', '0' ),
( '4', '10', '525', '0', '0' ),
( '4', '31', '526', '0', '0' ),
( '4', '31', '527', '0', '0' ),
( '4', '31', '528', '0', '0' ),
( '4', '31', '529', '0', '0' ),
( '4', '31', '530', '0', '0' ),
( '4', '31', '531', '0', '0' ),
( '4', '31', '532', '0', '0' ),
( '4', '31', '533', '0', '0' ),
( '4', '31', '534', '0', '0' ),
( '4', '31', '535', '0', '0' ),
( '4', '31', '536', '0', '0' ),
( '4', '31', '537', '0', '0' ),
( '4', '31', '538', '0', '0' ),
( '4', '31', '539', '0', '0' ),
( '4', '31', '540', '0', '0' ),
( '4', '31', '541', '0', '0' ),
( '4', '31', '542', '0', '0' ),
( '4', '29', '543', '0', '0' ),
( '4', '34', '544', '0', '0' ),
( '4', '34', '545', '0', '0' ),
( '4', '34', '546', '0', '0' ),
( '4', '34', '547', '0', '0' ),
( '4', '34', '548', '0', '0' ),
( '4', '34', '549', '0', '0' ),
( '4', '34', '550', '0', '0' ),
( '4', '34', '551', '0', '0' ),
( '4', '34', '552', '0', '0' ),
( '4', '34', '553', '0', '0' ),
( '4', '34', '554', '0', '0' ),
( '4', '34', '555', '0', '0' ),
( '4', '34', '556', '0', '0' ),
( '4', '34', '557', '0', '0' ),
( '4', '34', '558', '0', '0' ),
( '4', '34', '559', '0', '0' ),
( '4', '34', '560', '0', '0' ),
( '4', '34', '561', '0', '0' ),
( '4', '34', '562', '0', '0' ),
( '4', '34', '563', '0', '0' ),
( '4', '34', '564', '0', '0' ),
( '4', '34', '565', '0', '0' ),
( '4', '35', '566', '0', '0' ),
( '4', '35', '567', '0', '0' ),
( '4', '35', '568', '0', '0' ),
( '4', '35', '569', '0', '0' ),
( '4', '35', '570', '0', '0' ),
( '4', '35', '571', '0', '0' ),
( '4', '35', '572', '0', '0' ),
( '4', '35', '573', '0', '0' ),
( '4', '35', '574', '0', '0' ),
( '4', '35', '575', '0', '0' ),
( '4', '35', '576', '0', '0' ),
( '4', '35', '577', '0', '0' ),
( '4', '35', '578', '0', '0' ),
( '4', '35', '579', '0', '0' ),
( '4', '35', '580', '0', '0' ),
( '4', '35', '581', '0', '0' ),
( '4', '35', '582', '0', '0' ),
( '4', '35', '583', '0', '0' ),
( '4', '35', '584', '0', '0' ),
( '4', '35', '585', '0', '0' ),
( '4', '35', '586', '0', '0' ),
( '4', '35', '587', '0', '0' ),
( '4', '39', '588', '0', '0' ),
( '4', '39', '589', '0', '0' ),
( '4', '39', '590', '0', '0' ),
( '4', '39', '591', '0', '0' ),
( '4', '39', '592', '0', '0' ),
( '4', '39', '593', '0', '0' ),
( '4', '39', '594', '0', '0' ),
( '4', '39', '595', '0', '0' ),
( '4', '39', '596', '0', '0' ),
( '4', '39', '597', '0', '0' ),
( '4', '39', '598', '0', '0' ),
( '4', '39', '599', '0', '0' ),
( '4', '39', '600', '0', '0' ),
( '4', '40', '601', '0', '0' ),
( '4', '40', '602', '0', '0' ),
( '4', '40', '603', '0', '0' ),
( '4', '40', '604', '0', '0' ),
( '4', '40', '605', '0', '0' ),
( '4', '40', '606', '0', '0' ),
( '4', '40', '607', '0', '0' ),
( '4', '40', '608', '0', '0' ),
( '4', '40', '609', '0', '0' ),
( '4', '40', '610', '0', '0' ),
( '4', '40', '611', '0', '0' ),
( '4', '40', '612', '0', '0' ),
( '4', '40', '613', '0', '0' ),
( '4', '40', '614', '0', '0' ),
( '4', '40', '615', '0', '0' ),
( '4', '40', '616', '0', '0' ),
( '4', '40', '617', '0', '0' ),
( '4', '40', '618', '0', '0' ),
( '4', '41', '619', '0', '0' ),
( '4', '41', '620', '0', '0' ),
( '4', '41', '621', '0', '0' ),
( '4', '41', '622', '0', '0' ),
( '4', '41', '623', '0', '0' ),
( '4', '41', '624', '0', '0' ),
( '4', '41', '625', '0', '0' ),
( '4', '41', '626', '0', '0' ),
( '4', '41', '627', '0', '0' ),
( '4', '41', '628', '0', '0' ),
( '4', '41', '629', '0', '0' ),
( '4', '41', '630', '0', '0' ),
( '4', '41', '631', '0', '0' ),
( '4', '41', '632', '0', '0' ),
( '4', '41', '633', '0', '0' ),
( '4', '41', '634', '0', '0' ),
( '4', '41', '635', '0', '0' ),
( '4', '41', '636', '0', '0' ),
( '4', '41', '637', '0', '0' ),
( '4', '41', '638', '0', '0' ),
( '4', '46', '639', '0', '0' ),
( '4', '46', '640', '0', '0' ),
( '4', '46', '641', '0', '0' ),
( '4', '46', '642', '0', '0' ),
( '4', '46', '643', '0', '0' ),
( '4', '46', '644', '0', '0' ),
( '4', '46', '645', '0', '0' ),
( '4', '46', '646', '0', '0' ),
( '4', '47', '647', '0', '0' ),
( '4', '47', '648', '0', '0' ),
( '4', '47', '649', '0', '0' ),
( '4', '47', '650', '0', '0' ),
( '4', '47', '651', '0', '0' ),
( '4', '47', '652', '0', '0' ),
( '4', '47', '653', '0', '0' ),
( '4', '47', '654', '0', '0' ),
( '4', '47', '655', '0', '0' ),
( '4', '47', '656', '0', '0' ),
( '4', '47', '657', '0', '0' ),
( '4', '47', '658', '0', '0' ),
( '4', '47', '659', '0', '0' ),
( '4', '47', '660', '0', '0' ),
( '4', '47', '661', '0', '0' ),
( '4', '47', '662', '0', '0' ),
( '4', '47', '663', '0', '0' ),
( '4', '47', '664', '0', '0' ),
( '4', '47', '665', '0', '0' ),
( '4', '47', '666', '0', '0' ),
( '4', '47', '667', '0', '0' ),
( '4', '48', '668', '0', '0' ),
( '4', '48', '669', '0', '0' ),
( '4', '48', '670', '0', '0' ),
( '4', '48', '671', '0', '0' ),
( '4', '48', '672', '0', '0' ),
( '4', '48', '673', '0', '0' ),
( '4', '2', '674', '0', '0' ),
( '4', '29', '675', '0', '0' ),
( '4', '23', '676', '0', '0' ),
( '4', '23', '677', '0', '0' ),
( '4', '23', '678', '0', '0' ),
( '4', '23', '679', '0', '0' ),
( '4', '23', '680', '0', '0' ),
( '4', '23', '681', '0', '0' ),
( '4', '23', '682', '0', '0' ),
( '4', '23', '683', '0', '0' ),
( '4', '23', '684', '0', '0' ),
( '4', '22', '685', '0', '0' ),
( '4', '22', '686', '0', '0' ),
( '4', '22', '687', '0', '0' ),
( '4', '22', '688', '0', '0' ),
( '4', '22', '689', '0', '0' ),
( '4', '22', '690', '0', '0' ),
( '4', '22', '691', '0', '0' ),
( '4', '22', '692', '0', '0' ),
( '4', '22', '693', '0', '0' ),
( '4', '21', '694', '0', '0' ),
( '4', '21', '695', '0', '0' ),
( '4', '21', '696', '0', '0' ),
( '4', '21', '697', '0', '0' ),
( '4', '21', '698', '0', '0' ),
( '4', '21', '699', '0', '0' ),
( '4', '21', '700', '0', '0' );

INSERT INTO `vtiger_profile2field`(`profileid`,`tabid`,`fieldid`,`visible`,`readonly`) VALUES 
( '4', '21', '701', '0', '0' ),
( '4', '21', '702', '0', '0' ),
( '4', '20', '703', '0', '0' ),
( '4', '20', '704', '0', '0' ),
( '4', '20', '705', '0', '0' ),
( '4', '20', '706', '0', '0' ),
( '4', '20', '707', '0', '0' ),
( '4', '20', '708', '0', '0' ),
( '4', '20', '709', '0', '0' ),
( '4', '20', '710', '0', '0' ),
( '4', '20', '711', '0', '0' ),
( '4', '29', '712', '0', '0' ),
( '4', '40', '713', '0', '0' ),
( '4', '46', '714', '0', '0' ),
( '4', '29', '715', '0', '0' ),
( '4', '29', '716', '0', '0' ),
( '4', '29', '717', '0', '0' ),
( '4', '23', '718', '0', '0' ),
( '4', '22', '719', '0', '0' ),
( '4', '21', '720', '0', '0' ),
( '4', '20', '721', '0', '0' ),
( '4', '29', '722', '0', '0' ),
( '4', '6', '723', '0', '0' ),
( '4', '4', '724', '0', '0' ),
( '4', '2', '725', '0', '0' ),
( '4', '29', '726', '0', '0' ),
( '4', '23', '727', '0', '0' ),
( '4', '23', '728', '0', '0' ),
( '4', '21', '729', '0', '0' ),
( '4', '21', '730', '0', '0' ),
( '4', '18', '731', '0', '0' ),
( '4', '7', '732', '0', '0' ),
( '4', '46', '733', '0', '0' ),
( '4', '46', '734', '0', '0' ),
( '4', '23', '735', '0', '0' ),
( '4', '20', '736', '0', '0' ),
( '4', '21', '737', '0', '0' ),
( '4', '22', '738', '0', '0' ),
( '4', '29', '739', '0', '0' ),
( '4', '2', '740', '0', '0' ),
( '4', '13', '741', '0', '0' ),
( '4', '29', '742', '0', '0' ),
( '4', '29', '743', '0', '0' ),
( '4', '29', '744', '0', '0' ),
( '4', '29', '745', '0', '0' ),
( '4', '14', '772', '0', '0' ),
( '4', '35', '773', '0', '0' ),
( '4', '23', '774', '0', '0' ),
( '4', '29', '775', '0', '0' ),
( '4', '23', '776', '0', '0' ),
( '4', '23', '777', '0', '0' ),
( '4', '23', '778', '0', '0' ),
( '4', '20', '779', '0', '0' ),
( '4', '20', '780', '0', '0' ),
( '4', '20', '781', '0', '0' ),
( '4', '21', '782', '0', '0' ),
( '4', '22', '783', '0', '0' ),
( '4', '22', '784', '0', '0' ),
( '4', '22', '785', '0', '0' ),
( '4', '46', '786', '0', '0' ),
( '4', '46', '787', '0', '0' ),
( '4', '46', '788', '0', '0' ),
( '4', '2', '789', '0', '0' ),
( '4', '4', '790', '0', '0' ),
( '4', '6', '791', '0', '0' ),
( '4', '7', '792', '0', '0' ),
( '4', '8', '793', '0', '0' ),
( '4', '9', '794', '0', '0' ),
( '4', '10', '795', '0', '0' ),
( '4', '13', '796', '0', '0' ),
( '4', '14', '797', '0', '0' ),
( '4', '15', '798', '0', '0' ),
( '4', '16', '799', '0', '0' ),
( '4', '18', '800', '0', '0' ),
( '4', '19', '801', '0', '0' ),
( '4', '20', '802', '0', '0' ),
( '4', '21', '803', '0', '0' ),
( '4', '22', '804', '0', '0' ),
( '4', '23', '805', '0', '0' ),
( '4', '26', '806', '0', '0' ),
( '4', '10', '807', '0', '0' ),
( '4', '2', '808', '0', '0' ),
( '4', '4', '809', '0', '0' ),
( '4', '6', '810', '0', '0' ),
( '4', '7', '811', '0', '0' ),
( '4', '8', '812', '0', '0' ),
( '4', '9', '813', '0', '0' ),
( '4', '10', '814', '0', '0' ),
( '4', '13', '815', '0', '0' ),
( '4', '14', '816', '0', '0' ),
( '4', '15', '817', '0', '0' ),
( '4', '16', '818', '0', '0' ),
( '4', '18', '819', '0', '0' ),
( '4', '19', '820', '0', '0' ),
( '4', '20', '821', '0', '0' ),
( '4', '21', '822', '0', '0' ),
( '4', '22', '823', '0', '0' ),
( '4', '23', '824', '0', '0' ),
( '4', '26', '825', '0', '0' ),
( '4', '2', '826', '0', '0' ),
( '4', '4', '827', '0', '0' ),
( '4', '6', '828', '0', '0' ),
( '4', '7', '829', '0', '0' ),
( '4', '8', '830', '0', '0' ),
( '4', '9', '831', '0', '0' ),
( '4', '10', '832', '0', '0' ),
( '4', '13', '833', '0', '0' ),
( '4', '14', '834', '0', '0' ),
( '4', '15', '835', '0', '0' ),
( '4', '16', '836', '0', '0' ),
( '4', '18', '837', '0', '0' ),
( '4', '19', '838', '0', '0' ),
( '4', '20', '839', '0', '0' ),
( '4', '21', '840', '0', '0' ),
( '4', '22', '841', '0', '0' ),
( '4', '23', '842', '0', '0' ),
( '4', '26', '843', '0', '0' ),
( '4', '20', '844', '0', '0' ),
( '4', '21', '845', '0', '0' ),
( '4', '22', '846', '0', '0' ),
( '4', '23', '847', '0', '0' ),
( '4', '41', '848', '0', '0' ),
( '4', '41', '849', '0', '0' ),
( '4', '29', '850', '0', '0' ),
( '4', '22', '851', '0', '0' ),
( '4', '29', '852', '0', '0' ),
( '4', '54', '853', '0', '0' ),
( '4', '54', '854', '0', '0' ),
( '4', '54', '855', '0', '0' ),
( '4', '54', '856', '0', '0' ),
( '4', '54', '857', '0', '0' ),
( '4', '54', '858', '0', '0' ),
( '4', '54', '859', '0', '0' ),
( '4', '54', '860', '0', '0' ),
( '4', '54', '861', '0', '0' ),
( '4', '54', '862', '0', '0' ),
( '4', '54', '863', '0', '0' ),
( '4', '54', '864', '0', '0' ),
( '4', '54', '865', '0', '0' ),
( '4', '54', '866', '0', '0' ),
( '4', '54', '867', '0', '0' ),
( '4', '54', '868', '0', '0' ),
( '4', '54', '869', '0', '0' ),
( '4', '7', '872', '0', '0' ),
( '4', '7', '874', '0', '0' ),
( '4', '4', '876', '0', '0' ),
( '4', '58', '877', '0', '0' ),
( '4', '58', '878', '0', '0' ),
( '4', '58', '879', '0', '0' ),
( '4', '58', '880', '0', '0' ),
( '4', '58', '881', '0', '0' ),
( '4', '58', '882', '0', '0' ),
( '4', '58', '883', '0', '0' ),
( '4', '58', '884', '0', '0' ),
( '4', '58', '885', '0', '0' ),
( '4', '58', '886', '0', '0' ),
( '4', '58', '887', '0', '0' ),
( '4', '59', '888', '0', '0' ),
( '4', '59', '889', '0', '0' ),
( '4', '59', '890', '0', '0' ),
( '4', '59', '891', '0', '0' ),
( '4', '58', '892', '0', '0' ),
( '4', '58', '894', '0', '0' ),
( '4', '58', '898', '0', '0' ),
( '4', '58', '900', '0', '0' ),
( '4', '58', '902', '0', '0' ),
( '4', '58', '905', '0', '0' ),
( '4', '58', '907', '0', '0' ),
( '4', '23', '909', '0', '0' ),
( '4', '34', '912', '0', '0' ),
( '4', '61', '913', '0', '0' ),
( '4', '61', '914', '0', '0' ),
( '4', '61', '915', '0', '0' ),
( '4', '61', '916', '0', '0' ),
( '4', '61', '917', '0', '0' ),
( '4', '61', '918', '0', '0' ),
( '4', '61', '919', '0', '0' ),
( '4', '61', '920', '0', '0' ),
( '4', '61', '921', '0', '0' ),
( '4', '61', '922', '0', '0' ),
( '4', '61', '923', '0', '0' ),
( '4', '61', '924', '0', '0' ),
( '4', '61', '925', '0', '0' ),
( '4', '61', '926', '0', '0' ),
( '4', '61', '927', '0', '0' ),
( '4', '61', '928', '0', '0' ),
( '4', '61', '929', '0', '0' ),
( '4', '61', '930', '0', '0' ),
( '4', '4', '932', '0', '0' ),
( '4', '7', '934', '0', '0' ),
( '4', '4', '938', '0', '0' ),
( '4', '63', '939', '0', '0' ),
( '4', '63', '940', '0', '0' ),
( '4', '63', '941', '0', '0' ),
( '4', '63', '942', '0', '0' ),
( '4', '63', '943', '0', '0' ),
( '4', '63', '944', '0', '0' ),
( '4', '63', '945', '0', '0' ),
( '4', '63', '946', '0', '0' ),
( '4', '63', '947', '0', '0' ),
( '4', '63', '948', '0', '0' ),
( '4', '63', '949', '0', '0' ),
( '4', '63', '950', '0', '0' ),
( '4', '63', '951', '0', '0' ),
( '4', '63', '952', '0', '0' ),
( '4', '63', '953', '0', '0' ),
( '4', '63', '954', '0', '0' ),
( '4', '63', '955', '0', '0' ),
( '4', '63', '956', '0', '0' ),
( '4', '4', '960', '0', '0' );
COMMIT;
-- ---------------------------------------------------------


-- Dump data of "vtiger_profile2globalpermissions" ---------
BEGIN;

INSERT INTO `vtiger_profile2globalpermissions`(`profileid`,`globalactionid`,`globalactionpermission`) VALUES 
( '1', '1', '0' ),
( '1', '2', '0' ),
( '2', '1', '1' ),
( '2', '2', '1' ),
( '3', '1', '1' ),
( '3', '2', '1' ),
( '4', '1', '1' ),
( '4', '2', '1' );
COMMIT;
-- ---------------------------------------------------------


-- Dump data of "vtiger_profile2standardpermissions" -------
BEGIN;

INSERT INTO `vtiger_profile2standardpermissions`(`profileid`,`tabid`,`operation`,`permissions`) VALUES 
( '1', '2', '0', '0' ),
( '1', '2', '1', '0' ),
( '1', '2', '2', '0' ),
( '1', '2', '3', '0' ),
( '1', '2', '4', '0' ),
( '1', '2', '7', '0' ),
( '1', '4', '0', '0' ),
( '1', '4', '1', '0' ),
( '1', '4', '2', '0' ),
( '1', '4', '3', '0' ),
( '1', '4', '4', '0' ),
( '1', '4', '7', '0' ),
( '1', '6', '0', '0' ),
( '1', '6', '1', '0' ),
( '1', '6', '2', '0' ),
( '1', '6', '3', '0' ),
( '1', '6', '4', '0' ),
( '1', '6', '7', '0' ),
( '1', '7', '0', '0' ),
( '1', '7', '1', '0' ),
( '1', '7', '2', '0' ),
( '1', '7', '3', '0' ),
( '1', '7', '4', '0' ),
( '1', '7', '7', '0' ),
( '1', '8', '0', '0' ),
( '1', '8', '1', '0' ),
( '1', '8', '2', '0' ),
( '1', '8', '3', '0' ),
( '1', '8', '4', '0' ),
( '1', '8', '7', '0' ),
( '1', '9', '0', '0' ),
( '1', '9', '1', '0' ),
( '1', '9', '2', '0' ),
( '1', '9', '3', '0' ),
( '1', '9', '4', '0' ),
( '1', '9', '7', '0' ),
( '1', '10', '0', '0' ),
( '1', '10', '1', '0' ),
( '1', '10', '2', '0' ),
( '1', '10', '4', '0' ),
( '1', '13', '0', '0' ),
( '1', '13', '1', '0' ),
( '1', '13', '2', '0' ),
( '1', '13', '3', '0' ),
( '1', '13', '4', '0' ),
( '1', '13', '7', '0' ),
( '1', '14', '0', '0' ),
( '1', '14', '1', '0' ),
( '1', '14', '2', '0' ),
( '1', '14', '3', '0' ),
( '1', '14', '4', '0' ),
( '1', '14', '7', '0' ),
( '1', '15', '0', '0' ),
( '1', '15', '1', '0' ),
( '1', '15', '2', '0' ),
( '1', '15', '3', '0' ),
( '1', '15', '4', '0' ),
( '1', '15', '7', '0' ),
( '1', '16', '0', '0' ),
( '1', '16', '1', '0' ),
( '1', '16', '2', '0' ),
( '1', '16', '3', '0' ),
( '1', '16', '4', '0' ),
( '1', '16', '7', '0' ),
( '1', '18', '0', '0' ),
( '1', '18', '1', '0' ),
( '1', '18', '2', '0' ),
( '1', '18', '3', '0' ),
( '1', '18', '4', '0' ),
( '1', '18', '7', '0' ),
( '1', '19', '0', '0' ),
( '1', '19', '1', '0' ),
( '1', '19', '2', '0' ),
( '1', '19', '3', '0' ),
( '1', '19', '4', '0' ),
( '1', '19', '7', '0' ),
( '1', '20', '0', '0' ),
( '1', '20', '1', '0' ),
( '1', '20', '2', '0' ),
( '1', '20', '3', '0' ),
( '1', '20', '4', '0' ),
( '1', '20', '7', '0' ),
( '1', '21', '0', '0' ),
( '1', '21', '1', '0' ),
( '1', '21', '2', '0' ),
( '1', '21', '3', '0' ),
( '1', '21', '4', '0' ),
( '1', '21', '7', '0' ),
( '1', '22', '0', '0' ),
( '1', '22', '1', '0' ),
( '1', '22', '2', '0' ),
( '1', '22', '3', '0' ),
( '1', '22', '4', '0' ),
( '1', '22', '7', '0' ),
( '1', '23', '0', '0' ),
( '1', '23', '1', '0' ),
( '1', '23', '2', '0' ),
( '1', '23', '3', '0' ),
( '1', '23', '4', '0' ),
( '1', '23', '7', '0' ),
( '1', '25', '0', '1' ),
( '1', '25', '1', '1' ),
( '1', '25', '2', '1' ),
( '1', '25', '3', '0' ),
( '1', '25', '4', '0' ),
( '1', '25', '7', '1' ),
( '1', '26', '0', '0' ),
( '1', '26', '1', '0' ),
( '1', '26', '2', '0' ),
( '1', '26', '3', '0' ),
( '1', '26', '4', '0' ),
( '1', '26', '7', '0' ),
( '1', '31', '0', '0' ),
( '1', '31', '1', '0' ),
( '1', '31', '2', '0' ),
( '1', '31', '3', '0' ),
( '1', '31', '4', '0' ),
( '1', '31', '7', '0' ),
( '1', '34', '0', '0' ),
( '1', '34', '1', '0' ),
( '1', '34', '2', '0' ),
( '1', '34', '3', '0' ),
( '1', '34', '4', '0' ),
( '1', '34', '7', '0' ),
( '1', '35', '0', '0' ),
( '1', '35', '1', '0' ),
( '1', '35', '2', '0' ),
( '1', '35', '3', '0' ),
( '1', '35', '4', '0' ),
( '1', '35', '7', '0' ),
( '1', '39', '0', '0' ),
( '1', '39', '1', '0' ),
( '1', '39', '2', '0' ),
( '1', '39', '3', '0' ),
( '1', '39', '4', '0' ),
( '1', '39', '7', '0' ),
( '1', '40', '0', '0' ),
( '1', '40', '1', '0' ),
( '1', '40', '2', '0' ),
( '1', '40', '3', '0' ),
( '1', '40', '4', '0' ),
( '1', '40', '7', '0' ),
( '1', '41', '0', '0' ),
( '1', '41', '1', '0' ),
( '1', '41', '2', '0' ),
( '1', '41', '3', '0' ),
( '1', '41', '4', '0' ),
( '1', '41', '7', '0' ),
( '1', '46', '0', '0' ),
( '1', '46', '1', '0' ),
( '1', '46', '2', '0' ),
( '1', '46', '3', '0' ),
( '1', '46', '4', '0' ),
( '1', '46', '7', '0' ),
( '1', '47', '0', '0' ),
( '1', '47', '1', '0' ),
( '1', '47', '2', '0' ),
( '1', '47', '3', '0' ),
( '1', '47', '4', '0' ),
( '1', '47', '7', '0' ),
( '1', '48', '0', '0' ),
( '1', '48', '1', '0' ),
( '1', '48', '2', '0' ),
( '1', '48', '3', '0' ),
( '1', '48', '4', '0' ),
( '1', '48', '7', '0' ),
( '1', '58', '0', '0' ),
( '1', '58', '1', '0' ),
( '1', '58', '2', '0' ),
( '1', '58', '3', '0' ),
( '1', '58', '4', '0' ),
( '1', '58', '7', '0' ),
( '1', '59', '0', '0' ),
( '1', '59', '1', '0' ),
( '1', '59', '2', '0' ),
( '1', '59', '3', '0' ),
( '1', '59', '4', '0' ),
( '1', '59', '7', '0' ),
( '1', '61', '0', '0' ),
( '1', '61', '1', '0' ),
( '1', '61', '2', '0' ),
( '1', '61', '3', '0' ),
( '1', '61', '4', '0' ),
( '1', '61', '7', '0' ),
( '2', '2', '0', '0' ),
( '2', '2', '1', '0' ),
( '2', '2', '2', '0' ),
( '2', '2', '3', '0' ),
( '2', '2', '4', '0' ),
( '2', '2', '7', '0' ),
( '2', '4', '0', '0' ),
( '2', '4', '1', '0' ),
( '2', '4', '2', '0' ),
( '2', '4', '3', '0' ),
( '2', '4', '4', '0' ),
( '2', '4', '7', '0' ),
( '2', '6', '0', '0' ),
( '2', '6', '1', '0' ),
( '2', '6', '2', '0' ),
( '2', '6', '3', '0' ),
( '2', '6', '4', '0' ),
( '2', '6', '7', '0' ),
( '2', '7', '0', '0' ),
( '2', '7', '1', '0' ),
( '2', '7', '2', '0' ),
( '2', '7', '3', '0' ),
( '2', '7', '4', '0' ),
( '2', '7', '7', '0' ),
( '2', '8', '0', '0' ),
( '2', '8', '1', '0' ),
( '2', '8', '2', '0' ),
( '2', '8', '3', '0' ),
( '2', '8', '4', '0' ),
( '2', '8', '7', '0' ),
( '2', '9', '0', '0' ),
( '2', '9', '1', '0' ),
( '2', '9', '2', '0' ),
( '2', '9', '3', '0' ),
( '2', '9', '4', '0' ),
( '2', '9', '7', '0' ),
( '2', '10', '0', '0' ),
( '2', '10', '1', '0' ),
( '2', '10', '2', '0' ),
( '2', '10', '4', '0' ),
( '2', '13', '0', '1' ),
( '2', '13', '1', '1' ),
( '2', '13', '2', '1' ),
( '2', '13', '3', '0' ),
( '2', '13', '4', '0' ),
( '2', '13', '7', '1' ),
( '2', '14', '0', '0' ),
( '2', '14', '1', '0' ),
( '2', '14', '2', '0' ),
( '2', '14', '3', '0' ),
( '2', '14', '4', '0' ),
( '2', '14', '7', '0' ),
( '2', '15', '0', '0' ),
( '2', '15', '1', '0' ),
( '2', '15', '2', '0' ),
( '2', '15', '3', '0' ),
( '2', '15', '4', '0' ),
( '2', '15', '7', '0' ),
( '2', '16', '0', '0' ),
( '2', '16', '1', '0' ),
( '2', '16', '2', '0' ),
( '2', '16', '3', '0' ),
( '2', '16', '4', '0' ),
( '2', '16', '7', '0' ),
( '2', '18', '0', '0' ),
( '2', '18', '1', '0' );

INSERT INTO `vtiger_profile2standardpermissions`(`profileid`,`tabid`,`operation`,`permissions`) VALUES 
( '2', '18', '2', '0' ),
( '2', '18', '3', '0' ),
( '2', '18', '4', '0' ),
( '2', '18', '7', '0' ),
( '2', '19', '0', '0' ),
( '2', '19', '1', '0' ),
( '2', '19', '2', '0' ),
( '2', '19', '3', '0' ),
( '2', '19', '4', '0' ),
( '2', '19', '7', '0' ),
( '2', '20', '0', '0' ),
( '2', '20', '1', '0' ),
( '2', '20', '2', '0' ),
( '2', '20', '3', '0' ),
( '2', '20', '4', '0' ),
( '2', '20', '7', '0' ),
( '2', '21', '0', '0' ),
( '2', '21', '1', '0' ),
( '2', '21', '2', '0' ),
( '2', '21', '3', '0' ),
( '2', '21', '4', '0' ),
( '2', '21', '7', '0' ),
( '2', '22', '0', '0' ),
( '2', '22', '1', '0' ),
( '2', '22', '2', '0' ),
( '2', '22', '3', '0' ),
( '2', '22', '4', '0' ),
( '2', '22', '7', '0' ),
( '2', '23', '0', '0' ),
( '2', '23', '1', '0' ),
( '2', '23', '2', '0' ),
( '2', '23', '3', '0' ),
( '2', '23', '4', '0' ),
( '2', '23', '7', '0' ),
( '2', '25', '0', '1' ),
( '2', '25', '1', '1' ),
( '2', '25', '2', '1' ),
( '2', '25', '3', '0' ),
( '2', '25', '4', '0' ),
( '2', '25', '7', '1' ),
( '2', '26', '0', '0' ),
( '2', '26', '1', '0' ),
( '2', '26', '2', '0' ),
( '2', '26', '3', '0' ),
( '2', '26', '4', '0' ),
( '2', '26', '7', '0' ),
( '2', '31', '0', '0' ),
( '2', '31', '1', '0' ),
( '2', '31', '2', '0' ),
( '2', '31', '3', '0' ),
( '2', '31', '4', '0' ),
( '2', '31', '7', '0' ),
( '2', '34', '0', '0' ),
( '2', '34', '1', '0' ),
( '2', '34', '2', '0' ),
( '2', '34', '3', '0' ),
( '2', '34', '4', '0' ),
( '2', '34', '7', '0' ),
( '2', '35', '0', '0' ),
( '2', '35', '1', '0' ),
( '2', '35', '2', '0' ),
( '2', '35', '3', '0' ),
( '2', '35', '4', '0' ),
( '2', '35', '7', '0' ),
( '2', '39', '0', '0' ),
( '2', '39', '1', '0' ),
( '2', '39', '2', '0' ),
( '2', '39', '3', '0' ),
( '2', '39', '4', '0' ),
( '2', '39', '7', '0' ),
( '2', '40', '0', '0' ),
( '2', '40', '1', '0' ),
( '2', '40', '2', '0' ),
( '2', '40', '3', '0' ),
( '2', '40', '4', '0' ),
( '2', '40', '7', '0' ),
( '2', '41', '0', '0' ),
( '2', '41', '1', '0' ),
( '2', '41', '2', '0' ),
( '2', '41', '3', '0' ),
( '2', '41', '4', '0' ),
( '2', '41', '7', '0' ),
( '2', '46', '0', '0' ),
( '2', '46', '1', '0' ),
( '2', '46', '2', '0' ),
( '2', '46', '3', '0' ),
( '2', '46', '4', '0' ),
( '2', '46', '7', '0' ),
( '2', '47', '0', '0' ),
( '2', '47', '1', '0' ),
( '2', '47', '2', '0' ),
( '2', '47', '3', '0' ),
( '2', '47', '4', '0' ),
( '2', '47', '7', '0' ),
( '2', '48', '0', '0' ),
( '2', '48', '1', '0' ),
( '2', '48', '2', '0' ),
( '2', '48', '3', '0' ),
( '2', '48', '4', '0' ),
( '2', '48', '7', '0' ),
( '2', '58', '0', '0' ),
( '2', '58', '1', '0' ),
( '2', '58', '2', '0' ),
( '2', '58', '3', '0' ),
( '2', '58', '4', '0' ),
( '2', '58', '7', '0' ),
( '2', '59', '0', '0' ),
( '2', '59', '1', '0' ),
( '2', '59', '2', '0' ),
( '2', '59', '3', '0' ),
( '2', '59', '4', '0' ),
( '2', '59', '7', '0' ),
( '2', '61', '0', '0' ),
( '2', '61', '1', '0' ),
( '2', '61', '2', '0' ),
( '2', '61', '3', '0' ),
( '2', '61', '4', '0' ),
( '2', '61', '7', '0' ),
( '3', '2', '0', '1' ),
( '3', '2', '1', '1' ),
( '3', '2', '2', '1' ),
( '3', '2', '3', '0' ),
( '3', '2', '4', '0' ),
( '3', '2', '7', '1' ),
( '3', '4', '0', '0' ),
( '3', '4', '1', '0' ),
( '3', '4', '2', '0' ),
( '3', '4', '3', '0' ),
( '3', '4', '4', '0' ),
( '3', '4', '7', '0' ),
( '3', '6', '0', '0' ),
( '3', '6', '1', '0' ),
( '3', '6', '2', '0' ),
( '3', '6', '3', '0' ),
( '3', '6', '4', '0' ),
( '3', '6', '7', '0' ),
( '3', '7', '0', '0' ),
( '3', '7', '1', '0' ),
( '3', '7', '2', '0' ),
( '3', '7', '3', '0' ),
( '3', '7', '4', '0' ),
( '3', '7', '7', '0' ),
( '3', '8', '0', '0' ),
( '3', '8', '1', '0' ),
( '3', '8', '2', '0' ),
( '3', '8', '3', '0' ),
( '3', '8', '4', '0' ),
( '3', '8', '7', '0' ),
( '3', '9', '0', '0' ),
( '3', '9', '1', '0' ),
( '3', '9', '2', '0' ),
( '3', '9', '3', '0' ),
( '3', '9', '4', '0' ),
( '3', '9', '7', '0' ),
( '3', '10', '0', '0' ),
( '3', '10', '1', '0' ),
( '3', '10', '2', '0' ),
( '3', '10', '4', '0' ),
( '3', '13', '0', '0' ),
( '3', '13', '1', '0' ),
( '3', '13', '2', '0' ),
( '3', '13', '3', '0' ),
( '3', '13', '4', '0' ),
( '3', '13', '7', '0' ),
( '3', '14', '0', '0' ),
( '3', '14', '1', '0' ),
( '3', '14', '2', '0' ),
( '3', '14', '3', '0' ),
( '3', '14', '4', '0' ),
( '3', '14', '7', '0' ),
( '3', '15', '0', '0' ),
( '3', '15', '1', '0' ),
( '3', '15', '2', '0' ),
( '3', '15', '3', '0' ),
( '3', '15', '4', '0' ),
( '3', '15', '7', '0' ),
( '3', '16', '0', '0' ),
( '3', '16', '1', '0' ),
( '3', '16', '2', '0' ),
( '3', '16', '3', '0' ),
( '3', '16', '4', '0' ),
( '3', '16', '7', '0' ),
( '3', '18', '0', '0' ),
( '3', '18', '1', '0' ),
( '3', '18', '2', '0' ),
( '3', '18', '3', '0' ),
( '3', '18', '4', '0' ),
( '3', '18', '7', '0' ),
( '3', '19', '0', '0' ),
( '3', '19', '1', '0' ),
( '3', '19', '2', '0' ),
( '3', '19', '3', '0' ),
( '3', '19', '4', '0' ),
( '3', '19', '7', '0' ),
( '3', '20', '0', '0' ),
( '3', '20', '1', '0' ),
( '3', '20', '2', '0' ),
( '3', '20', '3', '0' ),
( '3', '20', '4', '0' ),
( '3', '20', '7', '0' ),
( '3', '21', '0', '0' ),
( '3', '21', '1', '0' ),
( '3', '21', '2', '0' ),
( '3', '21', '3', '0' ),
( '3', '21', '4', '0' ),
( '3', '21', '7', '0' ),
( '3', '22', '0', '0' ),
( '3', '22', '1', '0' ),
( '3', '22', '2', '0' ),
( '3', '22', '3', '0' ),
( '3', '22', '4', '0' ),
( '3', '22', '7', '0' ),
( '3', '23', '0', '0' ),
( '3', '23', '1', '0' ),
( '3', '23', '2', '0' ),
( '3', '23', '3', '0' ),
( '3', '23', '4', '0' ),
( '3', '23', '7', '0' ),
( '3', '25', '0', '1' ),
( '3', '25', '1', '1' ),
( '3', '25', '2', '1' ),
( '3', '25', '3', '0' ),
( '3', '25', '4', '0' ),
( '3', '25', '7', '1' ),
( '3', '26', '0', '0' ),
( '3', '26', '1', '0' ),
( '3', '26', '2', '0' ),
( '3', '26', '3', '0' ),
( '3', '26', '4', '0' ),
( '3', '26', '7', '0' ),
( '3', '31', '0', '0' ),
( '3', '31', '1', '0' ),
( '3', '31', '2', '0' ),
( '3', '31', '3', '0' ),
( '3', '31', '4', '0' ),
( '3', '31', '7', '0' ),
( '3', '34', '0', '0' ),
( '3', '34', '1', '0' ),
( '3', '34', '2', '0' ),
( '3', '34', '3', '0' ),
( '3', '34', '4', '0' ),
( '3', '34', '7', '0' ),
( '3', '35', '0', '0' ),
( '3', '35', '1', '0' ),
( '3', '35', '2', '0' ),
( '3', '35', '3', '0' ),
( '3', '35', '4', '0' ),
( '3', '35', '7', '0' ),
( '3', '39', '0', '0' ),
( '3', '39', '1', '0' );

INSERT INTO `vtiger_profile2standardpermissions`(`profileid`,`tabid`,`operation`,`permissions`) VALUES 
( '3', '39', '2', '0' ),
( '3', '39', '3', '0' ),
( '3', '39', '4', '0' ),
( '3', '39', '7', '0' ),
( '3', '40', '0', '0' ),
( '3', '40', '1', '0' ),
( '3', '40', '2', '0' ),
( '3', '40', '3', '0' ),
( '3', '40', '4', '0' ),
( '3', '40', '7', '0' ),
( '3', '41', '0', '0' ),
( '3', '41', '1', '0' ),
( '3', '41', '2', '0' ),
( '3', '41', '3', '0' ),
( '3', '41', '4', '0' ),
( '3', '41', '7', '0' ),
( '3', '46', '0', '0' ),
( '3', '46', '1', '0' ),
( '3', '46', '2', '0' ),
( '3', '46', '3', '0' ),
( '3', '46', '4', '0' ),
( '3', '46', '7', '0' ),
( '3', '47', '0', '0' ),
( '3', '47', '1', '0' ),
( '3', '47', '2', '0' ),
( '3', '47', '3', '0' ),
( '3', '47', '4', '0' ),
( '3', '47', '7', '0' ),
( '3', '48', '0', '0' ),
( '3', '48', '1', '0' ),
( '3', '48', '2', '0' ),
( '3', '48', '3', '0' ),
( '3', '48', '4', '0' ),
( '3', '48', '7', '0' ),
( '3', '58', '0', '0' ),
( '3', '58', '1', '0' ),
( '3', '58', '2', '0' ),
( '3', '58', '3', '0' ),
( '3', '58', '4', '0' ),
( '3', '58', '7', '0' ),
( '3', '59', '0', '0' ),
( '3', '59', '1', '0' ),
( '3', '59', '2', '0' ),
( '3', '59', '3', '0' ),
( '3', '59', '4', '0' ),
( '3', '59', '7', '0' ),
( '3', '61', '0', '0' ),
( '3', '61', '1', '0' ),
( '3', '61', '2', '0' ),
( '3', '61', '3', '0' ),
( '3', '61', '4', '0' ),
( '3', '61', '7', '0' ),
( '4', '2', '0', '1' ),
( '4', '2', '1', '1' ),
( '4', '2', '2', '1' ),
( '4', '2', '3', '0' ),
( '4', '2', '4', '0' ),
( '4', '2', '7', '1' ),
( '4', '4', '0', '1' ),
( '4', '4', '1', '1' ),
( '4', '4', '2', '1' ),
( '4', '4', '3', '0' ),
( '4', '4', '4', '0' ),
( '4', '4', '7', '1' ),
( '4', '6', '0', '1' ),
( '4', '6', '1', '1' ),
( '4', '6', '2', '1' ),
( '4', '6', '3', '0' ),
( '4', '6', '4', '0' ),
( '4', '6', '7', '1' ),
( '4', '7', '0', '1' ),
( '4', '7', '1', '1' ),
( '4', '7', '2', '1' ),
( '4', '7', '3', '0' ),
( '4', '7', '4', '0' ),
( '4', '7', '7', '1' ),
( '4', '8', '0', '1' ),
( '4', '8', '1', '1' ),
( '4', '8', '2', '1' ),
( '4', '8', '3', '0' ),
( '4', '8', '4', '0' ),
( '4', '8', '7', '1' ),
( '4', '9', '0', '1' ),
( '4', '9', '1', '1' ),
( '4', '9', '2', '1' ),
( '4', '9', '3', '0' ),
( '4', '9', '4', '0' ),
( '4', '9', '7', '1' ),
( '4', '10', '0', '0' ),
( '4', '10', '1', '0' ),
( '4', '10', '2', '0' ),
( '4', '10', '4', '0' ),
( '4', '13', '0', '1' ),
( '4', '13', '1', '1' ),
( '4', '13', '2', '1' ),
( '4', '13', '3', '0' ),
( '4', '13', '4', '0' ),
( '4', '13', '7', '1' ),
( '4', '14', '0', '1' ),
( '4', '14', '1', '1' ),
( '4', '14', '2', '1' ),
( '4', '14', '3', '0' ),
( '4', '14', '4', '0' ),
( '4', '14', '7', '1' ),
( '4', '15', '0', '1' ),
( '4', '15', '1', '1' ),
( '4', '15', '2', '1' ),
( '4', '15', '3', '0' ),
( '4', '15', '4', '0' ),
( '4', '15', '7', '1' ),
( '4', '16', '0', '1' ),
( '4', '16', '1', '1' ),
( '4', '16', '2', '1' ),
( '4', '16', '3', '0' ),
( '4', '16', '4', '0' ),
( '4', '16', '7', '1' ),
( '4', '18', '0', '1' ),
( '4', '18', '1', '1' ),
( '4', '18', '2', '1' ),
( '4', '18', '3', '0' ),
( '4', '18', '4', '0' ),
( '4', '18', '7', '1' ),
( '4', '19', '0', '1' ),
( '4', '19', '1', '1' ),
( '4', '19', '2', '1' ),
( '4', '19', '3', '0' ),
( '4', '19', '4', '0' ),
( '4', '19', '7', '1' ),
( '4', '20', '0', '1' ),
( '4', '20', '1', '1' ),
( '4', '20', '2', '1' ),
( '4', '20', '3', '0' ),
( '4', '20', '4', '0' ),
( '4', '20', '7', '1' ),
( '4', '21', '0', '1' ),
( '4', '21', '1', '1' ),
( '4', '21', '2', '1' ),
( '4', '21', '3', '0' ),
( '4', '21', '4', '0' ),
( '4', '21', '7', '1' ),
( '4', '22', '0', '1' ),
( '4', '22', '1', '1' ),
( '4', '22', '2', '1' ),
( '4', '22', '3', '0' ),
( '4', '22', '4', '0' ),
( '4', '22', '7', '1' ),
( '4', '23', '0', '1' ),
( '4', '23', '1', '1' ),
( '4', '23', '2', '1' ),
( '4', '23', '3', '0' ),
( '4', '23', '4', '0' ),
( '4', '23', '7', '1' ),
( '4', '25', '0', '1' ),
( '4', '25', '1', '1' ),
( '4', '25', '2', '1' ),
( '4', '25', '3', '0' ),
( '4', '25', '4', '0' ),
( '4', '25', '7', '1' ),
( '4', '26', '0', '1' ),
( '4', '26', '1', '1' ),
( '4', '26', '2', '1' ),
( '4', '26', '3', '0' ),
( '4', '26', '4', '0' ),
( '4', '26', '7', '1' ),
( '4', '31', '0', '0' ),
( '4', '31', '1', '0' ),
( '4', '31', '2', '0' ),
( '4', '31', '3', '0' ),
( '4', '31', '4', '0' ),
( '4', '31', '7', '0' ),
( '4', '34', '0', '0' ),
( '4', '34', '1', '0' ),
( '4', '34', '2', '0' ),
( '4', '34', '3', '0' ),
( '4', '34', '4', '0' ),
( '4', '34', '7', '0' ),
( '4', '35', '0', '0' ),
( '4', '35', '1', '0' ),
( '4', '35', '2', '0' ),
( '4', '35', '3', '0' ),
( '4', '35', '4', '0' ),
( '4', '35', '7', '0' ),
( '4', '39', '0', '0' ),
( '4', '39', '1', '0' ),
( '4', '39', '2', '0' ),
( '4', '39', '3', '0' ),
( '4', '39', '4', '0' ),
( '4', '39', '7', '0' ),
( '4', '40', '0', '0' ),
( '4', '40', '1', '0' ),
( '4', '40', '2', '0' ),
( '4', '40', '3', '0' ),
( '4', '40', '4', '0' ),
( '4', '40', '7', '0' ),
( '4', '41', '0', '0' ),
( '4', '41', '1', '0' ),
( '4', '41', '2', '0' ),
( '4', '41', '3', '0' ),
( '4', '41', '4', '0' ),
( '4', '41', '7', '0' ),
( '4', '46', '0', '0' ),
( '4', '46', '1', '0' ),
( '4', '46', '2', '0' ),
( '4', '46', '3', '0' ),
( '4', '46', '4', '0' ),
( '4', '46', '7', '0' ),
( '4', '47', '0', '0' ),
( '4', '47', '1', '0' ),
( '4', '47', '2', '0' ),
( '4', '47', '3', '0' ),
( '4', '47', '4', '0' ),
( '4', '47', '7', '0' ),
( '4', '48', '0', '0' ),
( '4', '48', '1', '0' ),
( '4', '48', '2', '0' ),
( '4', '48', '3', '0' ),
( '4', '48', '4', '0' ),
( '4', '48', '7', '0' ),
( '4', '58', '0', '0' ),
( '4', '58', '1', '0' ),
( '4', '58', '2', '0' ),
( '4', '58', '3', '0' ),
( '4', '58', '4', '0' ),
( '4', '58', '7', '0' ),
( '4', '59', '0', '0' ),
( '4', '59', '1', '0' ),
( '4', '59', '2', '0' ),
( '4', '59', '3', '0' ),
( '4', '59', '4', '0' ),
( '4', '59', '7', '0' ),
( '4', '61', '0', '0' ),
( '4', '61', '1', '0' ),
( '4', '61', '2', '0' ),
( '4', '61', '3', '0' ),
( '4', '61', '4', '0' ),
( '4', '61', '7', '0' );
COMMIT;
-- ---------------------------------------------------------


-- Dump data of "vtiger_profile2tab" -----------------------
BEGIN;

INSERT INTO `vtiger_profile2tab`(`profileid`,`tabid`,`permissions`) VALUES 
( '1', '1', '0' ),
( '1', '2', '0' ),
( '1', '3', '0' ),
( '1', '4', '0' ),
( '1', '6', '0' ),
( '1', '7', '0' ),
( '1', '8', '0' ),
( '1', '9', '0' ),
( '1', '10', '0' ),
( '1', '13', '0' ),
( '1', '14', '0' ),
( '1', '15', '0' ),
( '1', '16', '0' ),
( '1', '18', '0' ),
( '1', '19', '0' ),
( '1', '20', '0' ),
( '1', '21', '0' ),
( '1', '22', '0' ),
( '1', '23', '0' ),
( '1', '24', '0' ),
( '1', '25', '0' ),
( '1', '26', '0' ),
( '1', '27', '0' ),
( '2', '1', '0' ),
( '2', '2', '0' ),
( '2', '3', '0' ),
( '2', '4', '0' ),
( '2', '6', '0' ),
( '2', '7', '0' ),
( '2', '8', '0' ),
( '2', '9', '0' ),
( '2', '10', '0' ),
( '2', '13', '0' ),
( '2', '14', '0' ),
( '2', '15', '0' ),
( '2', '16', '0' ),
( '2', '18', '0' ),
( '2', '19', '0' ),
( '2', '20', '0' ),
( '2', '21', '0' ),
( '2', '22', '0' ),
( '2', '23', '0' ),
( '2', '24', '0' ),
( '2', '25', '0' ),
( '2', '26', '0' ),
( '2', '27', '0' ),
( '3', '1', '0' ),
( '3', '2', '0' ),
( '3', '3', '0' ),
( '3', '4', '0' ),
( '3', '6', '0' ),
( '3', '7', '0' ),
( '3', '8', '0' ),
( '3', '9', '0' ),
( '3', '10', '0' ),
( '3', '13', '0' ),
( '3', '14', '0' ),
( '3', '15', '0' ),
( '3', '16', '0' ),
( '3', '18', '0' ),
( '3', '19', '0' ),
( '3', '20', '0' ),
( '3', '21', '0' ),
( '3', '22', '0' ),
( '3', '23', '0' ),
( '3', '24', '0' ),
( '3', '25', '0' ),
( '3', '26', '0' ),
( '3', '27', '0' ),
( '4', '1', '0' ),
( '4', '2', '0' ),
( '4', '3', '0' ),
( '4', '4', '0' ),
( '4', '6', '0' ),
( '4', '7', '0' ),
( '4', '8', '0' ),
( '4', '9', '0' ),
( '4', '10', '0' ),
( '4', '13', '0' ),
( '4', '14', '0' ),
( '4', '15', '0' ),
( '4', '16', '0' ),
( '4', '18', '0' ),
( '4', '19', '0' ),
( '4', '20', '0' ),
( '4', '21', '0' ),
( '4', '22', '0' ),
( '4', '23', '0' ),
( '4', '24', '0' ),
( '4', '25', '0' ),
( '4', '26', '0' ),
( '4', '27', '0' ),
( '1', '30', '0' ),
( '2', '30', '0' ),
( '3', '30', '0' ),
( '4', '30', '0' ),
( '1', '31', '0' ),
( '2', '31', '0' ),
( '3', '31', '0' ),
( '4', '31', '0' ),
( '1', '32', '0' ),
( '2', '32', '0' ),
( '3', '32', '0' ),
( '4', '32', '0' ),
( '1', '33', '0' ),
( '2', '33', '0' ),
( '3', '33', '0' ),
( '4', '33', '0' ),
( '1', '34', '0' ),
( '2', '34', '0' ),
( '3', '34', '0' ),
( '4', '34', '0' ),
( '1', '35', '0' ),
( '2', '35', '0' ),
( '3', '35', '0' ),
( '4', '35', '0' ),
( '1', '36', '0' ),
( '2', '36', '0' ),
( '3', '36', '0' ),
( '4', '36', '0' ),
( '1', '37', '0' ),
( '2', '37', '0' ),
( '3', '37', '0' ),
( '4', '37', '0' ),
( '1', '38', '0' ),
( '2', '38', '0' ),
( '3', '38', '0' ),
( '4', '38', '0' ),
( '1', '39', '0' ),
( '2', '39', '0' ),
( '3', '39', '0' ),
( '4', '39', '0' ),
( '1', '40', '0' ),
( '2', '40', '0' ),
( '3', '40', '0' ),
( '4', '40', '0' ),
( '1', '41', '0' ),
( '2', '41', '0' ),
( '3', '41', '0' ),
( '4', '41', '0' ),
( '1', '42', '0' ),
( '2', '42', '0' ),
( '3', '42', '0' ),
( '4', '42', '0' ),
( '1', '43', '0' ),
( '2', '43', '0' ),
( '3', '43', '0' ),
( '4', '43', '0' ),
( '1', '44', '0' ),
( '2', '44', '0' ),
( '3', '44', '0' ),
( '4', '44', '0' ),
( '1', '45', '0' ),
( '2', '45', '0' ),
( '3', '45', '0' ),
( '4', '45', '0' ),
( '1', '46', '0' ),
( '2', '46', '0' ),
( '3', '46', '0' ),
( '4', '46', '0' ),
( '1', '47', '0' ),
( '2', '47', '0' ),
( '3', '47', '0' ),
( '4', '47', '0' ),
( '1', '48', '0' ),
( '2', '48', '0' ),
( '3', '48', '0' ),
( '4', '48', '0' ),
( '1', '49', '0' ),
( '2', '49', '0' ),
( '3', '49', '0' ),
( '4', '49', '0' ),
( '1', '50', '0' ),
( '2', '50', '0' ),
( '3', '50', '0' ),
( '4', '50', '0' ),
( '1', '52', '0' ),
( '2', '52', '0' ),
( '3', '52', '0' ),
( '4', '52', '0' ),
( '1', '53', '0' ),
( '2', '53', '0' ),
( '3', '53', '0' ),
( '4', '53', '0' ),
( '1', '55', '0' ),
( '2', '55', '0' ),
( '3', '55', '0' ),
( '4', '55', '0' ),
( '1', '56', '0' ),
( '2', '56', '0' ),
( '3', '56', '0' ),
( '4', '56', '0' ),
( '1', '57', '0' ),
( '2', '57', '0' ),
( '3', '57', '0' ),
( '4', '57', '0' ),
( '1', '58', '0' ),
( '2', '58', '0' ),
( '3', '58', '0' ),
( '4', '58', '0' ),
( '1', '59', '0' ),
( '2', '59', '0' ),
( '3', '59', '0' ),
( '4', '59', '0' ),
( '1', '59', '0' ),
( '2', '59', '0' ),
( '3', '59', '0' ),
( '4', '59', '0' ),
( '1', '60', '0' ),
( '2', '60', '0' ),
( '3', '60', '0' ),
( '4', '60', '0' ),
( '1', '61', '0' ),
( '2', '61', '0' ),
( '3', '61', '0' ),
( '4', '61', '0' ),
( '1', '62', '0' ),
( '2', '62', '0' ),
( '3', '62', '0' ),
( '4', '62', '0' );
COMMIT;
-- ---------------------------------------------------------


-- Dump data of "vtiger_profile2utility" -------------------
BEGIN;

INSERT INTO `vtiger_profile2utility`(`profileid`,`tabid`,`activityid`,`permission`) VALUES 
( '1', '2', '5', '0' ),
( '1', '2', '6', '0' ),
( '1', '2', '10', '0' ),
( '1', '4', '5', '0' ),
( '1', '4', '6', '0' ),
( '1', '4', '8', '0' ),
( '1', '4', '10', '0' ),
( '1', '6', '5', '0' ),
( '1', '6', '6', '0' ),
( '1', '6', '8', '0' ),
( '1', '6', '10', '0' ),
( '1', '7', '5', '0' ),
( '1', '7', '6', '0' ),
( '1', '7', '8', '0' ),
( '1', '7', '9', '0' ),
( '1', '7', '10', '0' ),
( '1', '8', '6', '0' ),
( '1', '9', '5', '0' ),
( '1', '9', '6', '0' ),
( '1', '13', '5', '0' ),
( '1', '13', '6', '0' ),
( '1', '13', '8', '0' ),
( '1', '13', '10', '0' ),
( '1', '14', '5', '0' ),
( '1', '14', '6', '0' ),
( '1', '14', '10', '0' ),
( '1', '18', '5', '0' ),
( '1', '18', '6', '0' ),
( '1', '18', '10', '0' ),
( '1', '19', '5', '1' ),
( '1', '19', '6', '1' ),
( '1', '19', '10', '1' ),
( '1', '20', '5', '0' ),
( '1', '20', '6', '0' ),
( '1', '21', '5', '0' ),
( '1', '21', '6', '0' ),
( '1', '22', '5', '0' ),
( '1', '22', '6', '0' ),
( '1', '23', '5', '0' ),
( '1', '23', '6', '0' ),
( '1', '25', '6', '0' ),
( '1', '25', '13', '0' ),
( '1', '31', '11', '1' ),
( '1', '31', '12', '1' ),
( '1', '34', '5', '0' ),
( '1', '34', '6', '0' ),
( '1', '34', '10', '0' ),
( '1', '35', '5', '0' ),
( '1', '35', '6', '0' ),
( '1', '35', '10', '0' ),
( '1', '39', '5', '1' ),
( '1', '39', '6', '1' ),
( '1', '39', '10', '1' ),
( '1', '40', '5', '0' ),
( '1', '40', '6', '0' ),
( '1', '40', '10', '0' ),
( '1', '41', '5', '0' ),
( '1', '41', '6', '0' ),
( '1', '41', '10', '0' ),
( '1', '58', '5', '0' ),
( '1', '58', '6', '0' ),
( '1', '58', '8', '0' ),
( '1', '59', '5', '0' ),
( '1', '59', '6', '0' ),
( '1', '59', '8', '0' ),
( '1', '61', '5', '0' ),
( '1', '61', '6', '0' ),
( '1', '61', '8', '0' ),
( '2', '2', '5', '1' ),
( '2', '2', '6', '1' ),
( '2', '2', '10', '0' ),
( '2', '4', '5', '1' ),
( '2', '4', '6', '1' ),
( '2', '4', '8', '0' ),
( '2', '4', '10', '0' ),
( '2', '6', '5', '1' ),
( '2', '6', '6', '1' ),
( '2', '6', '8', '0' ),
( '2', '6', '10', '0' ),
( '2', '7', '5', '1' ),
( '2', '7', '6', '1' ),
( '2', '7', '8', '0' ),
( '2', '7', '9', '0' ),
( '2', '7', '10', '0' ),
( '2', '8', '6', '1' ),
( '2', '9', '5', '0' ),
( '2', '9', '6', '0' ),
( '2', '13', '5', '1' ),
( '2', '13', '6', '1' ),
( '2', '13', '8', '0' ),
( '2', '13', '10', '0' ),
( '2', '14', '5', '1' ),
( '2', '14', '6', '1' ),
( '2', '14', '10', '0' ),
( '2', '18', '5', '1' ),
( '2', '18', '6', '1' ),
( '2', '18', '10', '0' ),
( '2', '19', '5', '1' ),
( '2', '19', '6', '1' ),
( '2', '19', '10', '1' ),
( '2', '20', '5', '0' ),
( '2', '20', '6', '0' ),
( '2', '21', '5', '0' ),
( '2', '21', '6', '0' ),
( '2', '22', '5', '0' ),
( '2', '22', '6', '0' ),
( '2', '23', '5', '0' ),
( '2', '23', '6', '0' ),
( '2', '25', '6', '0' ),
( '2', '25', '13', '0' ),
( '2', '31', '11', '1' ),
( '2', '31', '12', '1' ),
( '2', '34', '5', '0' ),
( '2', '34', '6', '0' ),
( '2', '34', '10', '0' ),
( '2', '35', '5', '0' ),
( '2', '35', '6', '0' ),
( '2', '35', '10', '0' ),
( '2', '39', '5', '1' ),
( '2', '39', '6', '1' ),
( '2', '39', '10', '1' ),
( '2', '40', '5', '0' ),
( '2', '40', '6', '0' ),
( '2', '40', '10', '0' ),
( '2', '41', '5', '0' ),
( '2', '41', '6', '0' ),
( '2', '41', '10', '0' ),
( '2', '58', '5', '0' ),
( '2', '58', '6', '0' ),
( '2', '58', '8', '0' ),
( '2', '59', '5', '0' ),
( '2', '59', '6', '0' ),
( '2', '59', '8', '0' ),
( '2', '61', '5', '0' ),
( '2', '61', '6', '0' ),
( '2', '61', '8', '0' ),
( '3', '2', '5', '1' ),
( '3', '2', '6', '1' ),
( '3', '2', '10', '0' ),
( '3', '4', '5', '1' ),
( '3', '4', '6', '1' ),
( '3', '4', '8', '0' ),
( '3', '4', '10', '0' ),
( '3', '6', '5', '1' ),
( '3', '6', '6', '1' ),
( '3', '6', '8', '0' ),
( '3', '6', '10', '0' ),
( '3', '7', '5', '1' ),
( '3', '7', '6', '1' ),
( '3', '7', '8', '0' ),
( '3', '7', '9', '0' ),
( '3', '7', '10', '0' ),
( '3', '8', '6', '1' ),
( '3', '9', '5', '0' ),
( '3', '9', '6', '0' ),
( '3', '13', '5', '1' ),
( '3', '13', '6', '1' ),
( '3', '13', '8', '0' ),
( '3', '13', '10', '0' ),
( '3', '14', '5', '1' ),
( '3', '14', '6', '1' ),
( '3', '14', '10', '0' ),
( '3', '18', '5', '1' ),
( '3', '18', '6', '1' ),
( '3', '18', '10', '0' ),
( '3', '19', '5', '1' ),
( '3', '19', '6', '1' ),
( '3', '19', '10', '1' ),
( '3', '20', '5', '0' ),
( '3', '20', '6', '0' ),
( '3', '21', '5', '0' ),
( '3', '21', '6', '0' ),
( '3', '22', '5', '0' ),
( '3', '22', '6', '0' ),
( '3', '23', '5', '0' ),
( '3', '23', '6', '0' ),
( '3', '25', '6', '0' ),
( '3', '25', '13', '0' ),
( '3', '31', '11', '1' ),
( '3', '31', '12', '1' ),
( '3', '34', '5', '0' ),
( '3', '34', '6', '0' ),
( '3', '34', '10', '0' ),
( '3', '35', '5', '0' ),
( '3', '35', '6', '0' ),
( '3', '35', '10', '0' ),
( '3', '39', '5', '1' ),
( '3', '39', '6', '1' ),
( '3', '39', '10', '1' ),
( '3', '40', '5', '0' ),
( '3', '40', '6', '0' ),
( '3', '40', '10', '0' ),
( '3', '41', '5', '0' ),
( '3', '41', '6', '0' ),
( '3', '41', '10', '0' ),
( '3', '58', '5', '0' ),
( '3', '58', '6', '0' ),
( '3', '58', '8', '0' ),
( '3', '59', '5', '0' ),
( '3', '59', '6', '0' ),
( '3', '59', '8', '0' ),
( '3', '61', '5', '0' ),
( '3', '61', '6', '0' ),
( '3', '61', '8', '0' ),
( '4', '2', '5', '1' ),
( '4', '2', '6', '1' ),
( '4', '2', '10', '0' ),
( '4', '4', '5', '1' ),
( '4', '4', '6', '1' ),
( '4', '4', '8', '1' ),
( '4', '4', '10', '0' ),
( '4', '6', '5', '1' ),
( '4', '6', '6', '1' ),
( '4', '6', '8', '1' ),
( '4', '6', '10', '0' ),
( '4', '7', '5', '1' ),
( '4', '7', '6', '1' ),
( '4', '7', '8', '1' ),
( '4', '7', '9', '0' ),
( '4', '7', '10', '0' ),
( '4', '8', '6', '1' ),
( '4', '9', '5', '0' ),
( '4', '9', '6', '0' ),
( '4', '13', '5', '1' ),
( '4', '13', '6', '1' ),
( '4', '13', '8', '1' ),
( '4', '13', '10', '0' ),
( '4', '14', '5', '1' ),
( '4', '14', '6', '1' ),
( '4', '14', '10', '0' ),
( '4', '18', '5', '1' ),
( '4', '18', '6', '1' ),
( '4', '18', '10', '0' ),
( '4', '19', '5', '1' ),
( '4', '19', '6', '1' ),
( '4', '19', '10', '1' ),
( '4', '20', '5', '0' ),
( '4', '20', '6', '0' ),
( '4', '21', '5', '0' ),
( '4', '21', '6', '0' ),
( '4', '22', '5', '0' ),
( '4', '22', '6', '0' ),
( '4', '23', '5', '0' ),
( '4', '23', '6', '0' ),
( '4', '25', '6', '0' ),
( '4', '25', '13', '0' ),
( '4', '31', '11', '1' ),
( '4', '31', '12', '1' ),
( '4', '34', '5', '0' ),
( '4', '34', '6', '0' );

INSERT INTO `vtiger_profile2utility`(`profileid`,`tabid`,`activityid`,`permission`) VALUES 
( '4', '34', '10', '0' ),
( '4', '35', '5', '0' ),
( '4', '35', '6', '0' ),
( '4', '35', '10', '0' ),
( '4', '39', '5', '1' ),
( '4', '39', '6', '1' ),
( '4', '39', '10', '1' ),
( '4', '40', '5', '0' ),
( '4', '40', '6', '0' ),
( '4', '40', '10', '0' ),
( '4', '41', '5', '0' ),
( '4', '41', '6', '0' ),
( '4', '41', '10', '0' ),
( '4', '58', '5', '0' ),
( '4', '58', '6', '0' ),
( '4', '58', '8', '0' ),
( '4', '59', '5', '0' ),
( '4', '59', '6', '0' ),
( '4', '59', '8', '0' ),
( '4', '61', '5', '0' ),
( '4', '61', '6', '0' ),
( '4', '61', '8', '0' );
COMMIT;
-- ---------------------------------------------------------


-- Dump data of "vtiger_profile_seq" -----------------------
BEGIN;

INSERT INTO `vtiger_profile_seq`(`id`) VALUES 
( '4' );
COMMIT;
-- ---------------------------------------------------------


-- Dump data of "vtiger_progress" --------------------------
BEGIN;

INSERT INTO `vtiger_progress`(`progressid`,`progress`,`presence`,`picklist_valueid`,`sortorderid`,`color`) VALUES 
( '2', '10%', '1', '276', '2', NULL ),
( '3', '20%', '1', '277', '3', NULL ),
( '4', '30%', '1', '278', '4', NULL ),
( '5', '40%', '1', '279', '5', NULL ),
( '6', '50%', '1', '280', '6', NULL ),
( '7', '60%', '1', '281', '7', NULL ),
( '8', '70%', '1', '282', '8', NULL ),
( '9', '80%', '1', '283', '9', NULL ),
( '10', '90%', '1', '284', '10', NULL ),
( '11', '100%', '1', '285', '11', NULL );
COMMIT;
-- ---------------------------------------------------------


-- Dump data of "vtiger_progress_seq" ----------------------
BEGIN;

INSERT INTO `vtiger_progress_seq`(`id`) VALUES 
( '11' );
COMMIT;
-- ---------------------------------------------------------


-- Dump data of "vtiger_project" ---------------------------
-- ---------------------------------------------------------


-- Dump data of "vtiger_projectcf" -------------------------
-- ---------------------------------------------------------


-- Dump data of "vtiger_projectmilestone" ------------------
-- ---------------------------------------------------------


-- Dump data of "vtiger_projectmilestonecf" ----------------
-- ---------------------------------------------------------


-- Dump data of "vtiger_projectmilestonetype" --------------
BEGIN;

INSERT INTO `vtiger_projectmilestonetype`(`projectmilestonetypeid`,`projectmilestonetype`,`presence`,`picklist_valueid`,`sortorderid`,`color`) VALUES 
( '2', 'administrative', '1', '236', '2', NULL ),
( '3', 'operative', '1', '237', '3', NULL ),
( '4', 'other', '1', '238', '4', NULL );
COMMIT;
-- ---------------------------------------------------------


-- Dump data of "vtiger_projectmilestonetype_seq" ----------
BEGIN;

INSERT INTO `vtiger_projectmilestonetype_seq`(`id`) VALUES 
( '4' );
COMMIT;
-- ---------------------------------------------------------


-- Dump data of "vtiger_projectpriority" -------------------
BEGIN;

INSERT INTO `vtiger_projectpriority`(`projectpriorityid`,`projectpriority`,`presence`,`picklist_valueid`,`sortorderid`,`color`) VALUES 
( '2', 'low', '1', '272', '2', NULL ),
( '3', 'normal', '1', '273', '3', NULL ),
( '4', 'high', '1', '274', '4', NULL );
COMMIT;
-- ---------------------------------------------------------


-- Dump data of "vtiger_projectpriority_seq" ---------------
BEGIN;

INSERT INTO `vtiger_projectpriority_seq`(`id`) VALUES 
( '4' );
COMMIT;
-- ---------------------------------------------------------


-- Dump data of "vtiger_projectstatus" ---------------------
BEGIN;

INSERT INTO `vtiger_projectstatus`(`projectstatusid`,`projectstatus`,`presence`,`picklist_valueid`,`sortorderid`,`color`) VALUES 
( '2', 'prospecting', '1', '259', '2', NULL ),
( '3', 'initiated', '1', '260', '3', NULL ),
( '4', 'in progress', '1', '261', '4', NULL ),
( '5', 'waiting for feedback', '1', '262', '5', NULL ),
( '6', 'on hold', '1', '263', '6', NULL ),
( '7', 'completed', '1', '264', '7', NULL ),
( '8', 'delivered', '1', '265', '8', NULL ),
( '9', 'archived', '1', '266', '9', NULL );
COMMIT;
-- ---------------------------------------------------------


-- Dump data of "vtiger_projectstatus_seq" -----------------
BEGIN;

INSERT INTO `vtiger_projectstatus_seq`(`id`) VALUES 
( '9' );
COMMIT;
-- ---------------------------------------------------------


-- Dump data of "vtiger_projecttask" -----------------------
-- ---------------------------------------------------------


-- Dump data of "vtiger_projecttask_status_color" ----------
BEGIN;

INSERT INTO `vtiger_projecttask_status_color`(`status`,`defaultcolor`,`color`) VALUES 
( 'Open', '#0099ff', NULL ),
( 'In Progress', '#fdff00', NULL ),
( 'Completed', '#3BBF67', NULL ),
( 'Deferred', '#fbb11e', NULL ),
( 'Canceled', '#660066', NULL );
COMMIT;
-- ---------------------------------------------------------


-- Dump data of "vtiger_projecttaskcf" ---------------------
-- ---------------------------------------------------------


-- Dump data of "vtiger_projecttaskpriority" ---------------
BEGIN;

INSERT INTO `vtiger_projecttaskpriority`(`projecttaskpriorityid`,`projecttaskpriority`,`presence`,`picklist_valueid`,`sortorderid`,`color`) VALUES 
( '2', 'low', '1', '244', '2', NULL ),
( '3', 'normal', '1', '245', '3', NULL ),
( '4', 'high', '1', '246', '4', NULL );
COMMIT;
-- ---------------------------------------------------------


-- Dump data of "vtiger_projecttaskpriority_seq" -----------
BEGIN;

INSERT INTO `vtiger_projecttaskpriority_seq`(`id`) VALUES 
( '4' );
COMMIT;
-- ---------------------------------------------------------


-- Dump data of "vtiger_projecttaskprogress" ---------------
BEGIN;

INSERT INTO `vtiger_projecttaskprogress`(`projecttaskprogressid`,`projecttaskprogress`,`presence`,`picklist_valueid`,`sortorderid`,`color`) VALUES 
( '2', '10%', '1', '248', '2', NULL ),
( '3', '20%', '1', '249', '3', NULL ),
( '4', '30%', '1', '250', '4', NULL ),
( '5', '40%', '1', '251', '5', NULL ),
( '6', '50%', '1', '252', '6', NULL ),
( '7', '60%', '1', '253', '7', NULL ),
( '8', '70%', '1', '254', '8', NULL ),
( '9', '80%', '1', '255', '9', NULL ),
( '10', '90%', '1', '256', '10', NULL ),
( '11', '100%', '1', '257', '11', NULL );
COMMIT;
-- ---------------------------------------------------------


-- Dump data of "vtiger_projecttaskprogress_seq" -----------
BEGIN;

INSERT INTO `vtiger_projecttaskprogress_seq`(`id`) VALUES 
( '11' );
COMMIT;
-- ---------------------------------------------------------


-- Dump data of "vtiger_projecttaskstatus" -----------------
BEGIN;

INSERT INTO `vtiger_projecttaskstatus`(`projecttaskstatusid`,`projecttaskstatus`,`presence`,`picklist_valueid`,`sortorderid`,`color`) VALUES 
( '2', 'Open', '0', '290', '2', NULL ),
( '3', 'In Progress', '0', '291', '3', NULL ),
( '4', 'Completed', '0', '292', '4', NULL ),
( '5', 'Deferred', '0', '293', '5', NULL ),
( '6', 'Canceled ', '0', '294', '6', NULL );
COMMIT;
-- ---------------------------------------------------------


-- Dump data of "vtiger_projecttaskstatus_seq" -------------
BEGIN;

INSERT INTO `vtiger_projecttaskstatus_seq`(`id`) VALUES 
( '6' );
COMMIT;
-- ---------------------------------------------------------


-- Dump data of "vtiger_projecttasktype" -------------------
BEGIN;

INSERT INTO `vtiger_projecttasktype`(`projecttasktypeid`,`projecttasktype`,`presence`,`picklist_valueid`,`sortorderid`,`color`) VALUES 
( '2', 'administrative', '1', '240', '2', NULL ),
( '3', 'operative', '1', '241', '3', NULL ),
( '4', 'other', '1', '242', '4', NULL );
COMMIT;
-- ---------------------------------------------------------


-- Dump data of "vtiger_projecttasktype_seq" ---------------
BEGIN;

INSERT INTO `vtiger_projecttasktype_seq`(`id`) VALUES 
( '4' );
COMMIT;
-- ---------------------------------------------------------


-- Dump data of "vtiger_projecttype" -----------------------
BEGIN;

INSERT INTO `vtiger_projecttype`(`projecttypeid`,`projecttype`,`presence`,`picklist_valueid`,`sortorderid`,`color`) VALUES 
( '2', 'administrative', '1', '268', '2', NULL ),
( '3', 'operative', '1', '269', '3', NULL ),
( '4', 'other', '1', '270', '4', NULL );
COMMIT;
-- ---------------------------------------------------------


-- Dump data of "vtiger_projecttype_seq" -------------------
BEGIN;

INSERT INTO `vtiger_projecttype_seq`(`id`) VALUES 
( '4' );
COMMIT;
-- ---------------------------------------------------------


-- Dump data of "vtiger_purchaseorder" ---------------------
-- ---------------------------------------------------------


-- Dump data of "vtiger_purchaseordercf" -------------------
-- ---------------------------------------------------------


-- Dump data of "vtiger_quotes" ----------------------------
BEGIN;

INSERT INTO `vtiger_quotes`(`quoteid`,`subject`,`potentialid`,`quotestage`,`validtill`,`contactid`,`quote_no`,`subtotal`,`carrier`,`shipping`,`inventorymanager`,`type`,`adjustment`,`total`,`taxtype`,`discount_percent`,`discount_amount`,`s_h_amount`,`accountid`,`terms_conditions`,`currency_id`,`conversion_rate`,`compound_taxes_info`,`pre_tax_total`,`s_h_percent`,`tags`,`region_id`) VALUES 
( '10', 'test', NULL, 'Created', NULL, '4', 'QUO1', '22.00000000', 'UPS', '', '1', NULL, '0.00000000', '27.94000000', 'group', NULL, NULL, '0.00000000', '2', '- Unless otherwise agreed in writing by the supplier all invoices are payable within thirty (30) days of the date of invoice, in the currency of the invoice, drawn on a bank based in India or by such other method as is agreed in advance by the Supplier.

 - All prices are not inclusive of VAT which shall be payable in addition by the Customer at the applicable rate.', '2', '1.000', '[]', '22.00000000', '0.000', '', '0' ),
( '13', 'test1', NULL, 'Created', NULL, '4', 'QUO2', '11.00000000', '', '', '0', NULL, '0.00000000', '13.97000000', 'group', NULL, NULL, '0.00000000', '2', '- Unless otherwise agreed in writing by the supplier all invoices are payable within thirty (30) days of the date of invoice, in the currency of the invoice, drawn on a bank based in India or by such other method as is agreed in advance by the Supplier.

 - All prices are not inclusive of VAT which shall be payable in addition by the Customer at the applicable rate.', '2', '1.000', '[]', '11.00000000', '0.000', '', '0' );
COMMIT;
-- ---------------------------------------------------------


-- Dump data of "vtiger_quotesbillads" ---------------------
BEGIN;

INSERT INTO `vtiger_quotesbillads`(`quotebilladdressid`,`bill_city`,`bill_code`,`bill_country`,`bill_state`,`bill_street`,`bill_pobox`) VALUES 
( '10', '', '', '', '', '111', '' ),
( '13', '', '', '', '', '22', '' );
COMMIT;
-- ---------------------------------------------------------


-- Dump data of "vtiger_quotescf" --------------------------
BEGIN;

INSERT INTO `vtiger_quotescf`(`quoteid`) VALUES 
( '10' ),
( '13' );
COMMIT;
-- ---------------------------------------------------------


-- Dump data of "vtiger_quotesshipads" ---------------------
BEGIN;

INSERT INTO `vtiger_quotesshipads`(`quoteshipaddressid`,`ship_city`,`ship_code`,`ship_country`,`ship_state`,`ship_street`,`ship_pobox`) VALUES 
( '10', '', '', '', '', '11', '' ),
( '13', '', '', '', '', '2', '' );
COMMIT;
-- ---------------------------------------------------------


-- Dump data of "vtiger_quotestage" ------------------------
BEGIN;

INSERT INTO `vtiger_quotestage`(`quotestageid`,`quotestage`,`presence`,`picklist_valueid`,`sortorderid`,`color`) VALUES 
( '1', 'Created', '0', '139', '0', NULL ),
( '2', 'Delivered', '0', '140', '1', NULL ),
( '3', 'Reviewed', '0', '141', '2', NULL ),
( '4', 'Accepted', '0', '142', '3', NULL ),
( '5', 'Rejected', '0', '143', '4', NULL );
COMMIT;
-- ---------------------------------------------------------


-- Dump data of "vtiger_quotestage_seq" --------------------
BEGIN;

INSERT INTO `vtiger_quotestage_seq`(`id`) VALUES 
( '5' );
COMMIT;
-- ---------------------------------------------------------


-- Dump data of "vtiger_quotestagehistory" -----------------
-- ---------------------------------------------------------


-- Dump data of "vtiger_rating" ----------------------------
BEGIN;

INSERT INTO `vtiger_rating`(`rating_id`,`rating`,`presence`,`picklist_valueid`,`sortorderid`,`color`) VALUES 
( '2', 'A', '1', '145', '1', '#ffffff' ),
( '3', 'B', '1', '146', '2', '#ffffff' ),
( '4', 'C', '1', '147', '3', '#ffffff' );
COMMIT;
-- ---------------------------------------------------------


-- Dump data of "vtiger_rating_seq" ------------------------
BEGIN;

INSERT INTO `vtiger_rating_seq`(`id`) VALUES 
( '6' );
COMMIT;
-- ---------------------------------------------------------


-- Dump data of "vtiger_recurring_frequency" ---------------
BEGIN;

INSERT INTO `vtiger_recurring_frequency`(`recurring_frequency_id`,`recurring_frequency`,`sortorderid`,`presence`,`color`) VALUES 
( '2', 'Daily', '1', '1', NULL ),
( '3', 'Weekly', '2', '1', NULL ),
( '4', 'Monthly', '3', '1', NULL ),
( '5', 'Quarterly', '4', '1', NULL ),
( '6', 'Yearly', '5', '1', NULL );
COMMIT;
-- ---------------------------------------------------------


-- Dump data of "vtiger_recurring_frequency_seq" -----------
BEGIN;

INSERT INTO `vtiger_recurring_frequency_seq`(`id`) VALUES 
( '6' );
COMMIT;
-- ---------------------------------------------------------


-- Dump data of "vtiger_recurringevents" -------------------
-- ---------------------------------------------------------


-- Dump data of "vtiger_recurringtype" ---------------------
BEGIN;

INSERT INTO `vtiger_recurringtype`(`recurringeventid`,`recurringtype`,`sortorderid`,`presence`,`color`) VALUES 
( '2', 'Daily', '1', '1', NULL ),
( '3', 'Weekly', '2', '1', NULL ),
( '4', 'Monthly', '3', '1', NULL ),
( '5', 'Yearly', '4', '1', NULL );
COMMIT;
-- ---------------------------------------------------------


-- Dump data of "vtiger_recurringtype_seq" -----------------
BEGIN;

INSERT INTO `vtiger_recurringtype_seq`(`id`) VALUES 
( '5' );
COMMIT;
-- ---------------------------------------------------------


-- Dump data of "vtiger_relatedlists" ----------------------
BEGIN;

INSERT INTO `vtiger_relatedlists`(`relation_id`,`tabid`,`related_tabid`,`name`,`sequence`,`label`,`presence`,`actions`,`relationfieldid`,`source`,`relationtype`) VALUES 
( '1', '6', '4', 'get_contacts', '2', 'Contacts', '0', 'add', '72', '', '1:N' ),
( '2', '6', '2', 'get_opportunities', '3', 'Potentials', '0', 'add', '113', '', '1:N' ),
( '3', '6', '20', 'get_quotes', '4', 'Quotes', '0', 'add', '330', '', '1:N' ),
( '4', '6', '22', 'get_salesorder', '5', 'Sales Order', '0', 'add', '409', '', '1:N' ),
( '5', '6', '23', 'get_invoices', '6', 'Invoice', '0', 'add', '452', '', '1:N' ),
( '6', '6', '9', 'get_activities', '7', 'Activities', '0', 'add', '238', '', '1:N' ),
( '7', '6', '10', 'get_emails', '8', 'Emails', '0', 'add', NULL, '', 'N:N' ),
( '8', '6', '9', 'get_history', '9', 'Activity History', '0', 'add', '238', '', '1:N' ),
( '9', '6', '8', 'get_attachments', '10', 'Documents', '0', 'add,select', NULL, '', 'N:N' ),
( '10', '6', '13', 'get_tickets', '11', 'HelpDesk', '0', 'add', '157', '', '1:N' ),
( '11', '6', '14', 'get_products', '12', 'Products', '0', 'select', NULL, '', 'N:N' ),
( '12', '7', '9', 'get_activities', '2', 'Activities', '0', 'add', '238', '', '1:N' ),
( '13', '7', '10', 'get_emails', '3', 'Emails', '0', 'add', NULL, '', 'N:N' ),
( '14', '7', '9', 'get_history', '4', 'Activity History', '0', 'add', '238', '', '1:N' ),
( '15', '7', '8', 'get_attachments', '5', 'Documents', '0', 'add,select', NULL, '', 'N:N' ),
( '16', '7', '14', 'get_products', '6', 'Products', '0', 'select', NULL, '', 'N:N' ),
( '17', '7', '26', 'get_campaigns', '7', 'Campaigns', '0', 'select', NULL, '', 'N:N' ),
( '18', '4', '2', 'get_opportunities', '2', 'Potentials', '0', 'add', '740', '', '1:N' ),
( '19', '4', '9', 'get_activities', '3', 'Activities', '0', 'add', '239', '', '1:N' ),
( '20', '4', '10', 'get_emails', '4', 'Emails', '0', 'add', NULL, '', 'N:N' ),
( '21', '4', '13', 'get_tickets', '5', 'HelpDesk', '0', 'add', '741', '', '1:N' ),
( '22', '4', '20', 'get_quotes', '6', 'Quotes', '0', 'add', '319', '', '1:N' ),
( '23', '4', '21', 'get_purchase_orders', '7', 'Purchase Order', '0', 'add', '356', '', '1:N' ),
( '24', '4', '22', 'get_salesorder', '8', 'Sales Order', '0', 'add', '395', '', '1:N' ),
( '25', '4', '14', 'get_products', '9', 'Products', '0', 'select', NULL, '', 'N:N' ),
( '26', '4', '9', 'get_history', '10', 'Activity History', '0', 'add', '239', '', '1:N' ),
( '27', '4', '8', 'get_attachments', '11', 'Documents', '0', 'add,select', NULL, '', 'N:N' ),
( '28', '4', '26', 'get_campaigns', '12', 'Campaigns', '0', 'select', NULL, '', 'N:N' ),
( '29', '4', '23', 'get_invoices', '13', 'Invoice', '0', 'add', '439', '', '1:N' ),
( '30', '2', '9', 'get_activities', '2', 'Activities', '0', 'add', '238', '', '1:N' ),
( '31', '2', '4', 'get_contacts', '3', 'Contacts', '0', 'select', NULL, '', 'N:N' ),
( '32', '2', '14', 'get_products', '4', 'Products', '0', 'select', NULL, '', 'N:N' ),
( '33', '2', '0', 'get_stage_history', '5', 'Sales Stage History', '0', '', NULL, '', 'N:N' ),
( '34', '2', '8', 'get_attachments', '6', 'Documents', '0', 'add,select', NULL, '', 'N:N' ),
( '35', '2', '20', 'get_Quotes', '7', 'Quotes', '0', 'add', '316', '', '1:N' ),
( '36', '2', '22', 'get_salesorder', '8', 'Sales Order', '0', 'add', '391', '', '1:N' ),
( '37', '2', '9', 'get_history', '9', 'Activity History', '0', '', '238', '', '1:N' ),
( '38', '14', '13', 'get_tickets', '1', 'HelpDesk', '0', 'add', '159', '', '1:N' ),
( '39', '14', '8', 'get_attachments', '3', 'Documents', '0', 'add,select', NULL, '', 'N:N' ),
( '40', '14', '20', 'get_quotes', '4', 'Quotes', '0', 'add', '703', '', '1:N' ),
( '41', '14', '21', 'get_purchase_orders', '5', 'Purchase Order', '0', 'add', '694', '', '1:N' ),
( '42', '14', '22', 'get_salesorder', '6', 'Sales Order', '0', 'add', '685', '', '1:N' ),
( '43', '14', '23', 'get_invoices', '7', 'Invoice', '0', 'add', '676', '', '1:N' ),
( '44', '14', '19', 'get_product_pricebooks', '8', 'PriceBooks', '0', 'ADD,SELECT', NULL, '', 'N:N' ),
( '45', '14', '7', 'get_leads', '9', 'Leads', '0', 'select', NULL, '', 'N:N' ),
( '46', '14', '6', 'get_accounts', '10', 'Accounts', '0', 'select', NULL, '', 'N:N' ),
( '47', '14', '4', 'get_contacts', '11', 'Contacts', '0', 'select', NULL, '', 'N:N' ),
( '48', '14', '2', 'get_opportunities', '12', 'Potentials', '0', 'select', NULL, '', 'N:N' ),
( '49', '14', '14', 'get_products', '13', 'Product Bundles', '0', 'add,select', NULL, '', 'N:N' ),
( '50', '14', '14', 'get_parent_products', '14', 'Parent Product', '0', '', NULL, '', 'N:N' ),
( '51', '10', '4', 'get_contacts', '1', 'Contacts', '0', 'select,bulkmail', NULL, '', 'N:N' ),
( '52', '10', '0', 'get_users', '2', 'Users', '0', '', NULL, '', 'N:N' ),
( '53', '10', '8', 'get_attachments', '3', 'Documents', '0', 'add,select', NULL, '', 'N:N' ),
( '54', '13', '9', 'get_activities', '2', 'Activities', '0', 'add', '238', '', '1:N' ),
( '55', '13', '8', 'get_attachments', '3', 'Documents', '0', 'add,select', NULL, '', 'N:N' ),
( '56', '13', '0', 'get_ticket_history', '4', 'Ticket History', '0', '', NULL, '', 'N:N' ),
( '57', '13', '9', 'get_history', '5', 'Activity History', '0', 'add', '238', '', '1:N' ),
( '58', '19', '14', 'get_pricebook_products', '2', 'Products', '0', 'select', NULL, '', 'N:N' ),
( '59', '18', '14', 'get_products', '1', 'Products', '0', 'add,select', '185', '', '1:N' ),
( '60', '18', '21', 'get_purchase_orders', '2', 'Purchase Order', '0', 'add', '353', '', '1:N' ),
( '61', '18', '4', 'get_contacts', '3', 'Contacts', '0', 'select', NULL, '', 'N:N' ),
( '62', '18', '10', 'get_emails', '4', 'Emails', '0', 'add', NULL, '', 'N:N' ),
( '63', '20', '22', 'get_salesorder', '1', 'Sales Order', '0', '', '393', '', '1:N' ),
( '64', '20', '9', 'get_activities', '2', 'Activities', '0', 'add', NULL, '', 'N:N' ),
( '65', '20', '8', 'get_attachments', '3', 'Documents', '0', 'add,select', NULL, '', 'N:N' ),
( '66', '20', '9', 'get_history', '4', 'Activity History', '0', '', NULL, '', 'N:N' ),
( '67', '20', '0', 'get_quotestagehistory', '5', 'Quote Stage History', '0', '', NULL, '', 'N:N' ),
( '68', '21', '9', 'get_activities', '1', 'Activities', '0', 'add', NULL, '', 'N:N' ),
( '69', '21', '8', 'get_attachments', '2', 'Documents', '0', 'add,select', NULL, '', 'N:N' ),
( '70', '21', '9', 'get_history', '3', 'Activity History', '0', '', NULL, '', 'N:N' ),
( '71', '21', '0', 'get_postatushistory', '4', 'PurchaseOrder Status History', '0', '', NULL, '', 'N:N' ),
( '72', '22', '9', 'get_activities', '1', 'Activities', '0', 'add', NULL, '', 'N:N' ),
( '73', '22', '8', 'get_attachments', '2', 'Documents', '0', 'add,select', NULL, '', 'N:N' ),
( '74', '22', '23', 'get_invoices', '3', 'Invoice', '0', '', '437', '', '1:N' ),
( '75', '22', '9', 'get_history', '4', 'Activity History', '0', '', NULL, '', 'N:N' ),
( '76', '22', '0', 'get_sostatushistory', '5', 'SalesOrder Status History', '0', '', NULL, '', 'N:N' ),
( '77', '23', '9', 'get_activities', '1', 'Activities', '0', 'add', NULL, '', 'N:N' ),
( '78', '23', '8', 'get_attachments', '2', 'Documents', '0', 'add,select', NULL, '', 'N:N' ),
( '79', '23', '9', 'get_history', '3', 'Activity History', '0', '', NULL, '', 'N:N' ),
( '80', '23', '0', 'get_invoicestatushistory', '4', 'Invoice Status History', '0', '', NULL, '', 'N:N' ),
( '81', '9', '0', 'get_users', '1', 'Users', '0', '', NULL, '', 'N:N' ),
( '82', '9', '4', 'get_contacts', '2', 'Contacts', '0', '', NULL, '', 'N:N' ),
( '83', '26', '4', 'get_contacts', '1', 'Contacts', '0', 'add,select', NULL, '', 'N:N' ),
( '84', '26', '7', 'get_leads', '2', 'Leads', '0', 'add,select', NULL, '', 'N:N' ),
( '85', '26', '2', 'get_opportunities', '3', 'Potentials', '0', 'add', '121', '', '1:N' ),
( '86', '26', '9', 'get_activities', '4', 'Activities', '0', 'add', '238', '', '1:N' ),
( '87', '6', '26', 'get_campaigns', '14', 'Campaigns', '0', 'select', NULL, '', 'N:N' ),
( '88', '26', '6', 'get_accounts', '5', 'Accounts', '0', 'add,select', NULL, '', 'N:N' ),
( '89', '15', '8', 'get_attachments', '2', 'Documents', '0', 'add,select', NULL, '', 'N:N' ),
( '93', '34', '13', 'get_related_list', '1', 'Service Requests', '0', 'ADD,SELECT', NULL, NULL, 'N:N' ),
( '94', '34', '8', 'get_attachments', '2', 'Documents', '0', 'ADD,SELECT', NULL, NULL, 'N:N' ),
( '95', '6', '34', 'get_merged_list', '16', 'Service Contracts', '0', 'ADD', '549', NULL, '1:N' ),
( '96', '4', '34', 'get_dependents_list', '15', 'Service Contracts', '0', 'ADD', '549', NULL, '1:N' ),
( '97', '13', '34', 'get_related_list', '6', 'Service Contracts', '0', 'ADD,SELECT', NULL, NULL, 'N:N' ),
( '98', '35', '13', 'get_related_list', '1', 'HelpDesk', '0', 'ADD,SELECT', NULL, NULL, 'N:N' ),
( '99', '35', '20', 'get_quotes', '2', 'Quotes', '0', 'ADD', '703', NULL, '1:N' ),
( '100', '35', '21', 'get_purchase_orders', '3', 'Purchase Order', '0', 'ADD', '694', NULL, '1:N' ),
( '101', '35', '22', 'get_salesorder', '4', 'Sales Order', '0', 'ADD', '685', NULL, '1:N' ),
( '102', '35', '23', 'get_invoices', '5', 'Invoice', '0', 'ADD', '676', NULL, '1:N' ),
( '103', '35', '19', 'get_service_pricebooks', '6', 'PriceBooks', '0', 'ADD', NULL, NULL, 'N:N' ),
( '104', '35', '7', 'get_related_list', '7', 'Leads', '0', 'SELECT', NULL, NULL, 'N:N' ),
( '105', '35', '6', 'get_related_list', '8', 'Accounts', '0', 'SELECT', NULL, NULL, 'N:N' ),
( '106', '35', '4', 'get_related_list', '9', 'Contacts', '0', 'SELECT', NULL, NULL, 'N:N' ),
( '107', '35', '2', 'get_related_list', '10', 'Potentials', '0', 'SELECT', NULL, NULL, 'N:N' ),
( '108', '35', '8', 'get_attachments', '11', 'Documents', '0', 'ADD,SELECT', NULL, NULL, 'N:N' ),
( '109', '13', '35', 'get_related_list', '7', 'Services', '0', 'SELECT', NULL, NULL, 'N:N' ),
( '110', '7', '35', 'get_related_list', '9', 'Services', '0', 'SELECT', NULL, NULL, 'N:N' ),
( '111', '6', '35', 'get_related_list', '17', 'Services', '0', 'SELECT', NULL, NULL, 'N:N' ),
( '112', '4', '35', 'get_related_list', '16', 'Services', '0', 'SELECT', NULL, NULL, 'N:N' ),
( '113', '2', '35', 'get_related_list', '10', 'Services', '0', 'SELECT', NULL, NULL, 'N:N' ),
( '114', '19', '35', 'get_pricebook_services', '3', 'Services', '0', 'SELECT', NULL, NULL, 'N:N' ),
( '121', '6', '41', 'get_merged_list', '18', 'Projects', '0', 'add', '625', NULL, '1:N' ),
( '122', '4', '41', 'get_dependents_list', '17', 'Projects', '0', 'add', '625', NULL, '1:N' ),
( '123', '13', '41', 'get_related_list', '8', 'Projects', '0', 'SELECT', NULL, NULL, 'N:N' ),
( '124', '7', '46', 'get_comments', '10', 'ModComments', '0', '', '643', NULL, '1:N' ),
( '125', '4', '46', 'get_comments', '18', 'ModComments', '0', '', '643', NULL, '1:N' ),
( '126', '6', '46', 'get_comments', '19', 'ModComments', '0', '', '643', NULL, '1:N' ),
( '127', '2', '46', 'get_comments', '11', 'ModComments', '0', '', '643', NULL, '1:N' ),
( '130', '47', '13', 'get_related_list', '1', 'HelpDesk', '0', 'ADD,SELECT', NULL, NULL, 'N:N' ),
( '131', '47', '8', 'get_attachments', '2', 'Documents', '0', 'ADD,SELECT', NULL, NULL, 'N:N' ),
( '132', '6', '47', 'get_merged_list', '20', 'Assets', '0', 'ADD', '659', NULL, '1:N' ),
( '133', '14', '47', 'get_dependents_list', '15', 'Assets', '0', 'ADD', '648', NULL, '1:N' ),
( '134', '23', '47', 'get_dependents_list', '5', 'Assets', '0', 'ADD', '654', NULL, '1:N' ),
( '135', '48', '6', 'get_related_list', '1', 'Accounts', '0', ' ', NULL, NULL, 'N:N' ),
( '136', '48', '4', 'get_related_list', '2', 'Contacts', '0', ' ', NULL, NULL, 'N:N' ),
( '137', '48', '7', 'get_related_list', '3', 'Leads', '0', ' ', NULL, NULL, 'N:N' ),
( '138', '40', '8', 'get_attachments', '2', 'Documents', '0', 'ADD,SELECT', NULL, NULL, 'N:N' ),
( '139', '40', '46', 'get_comments', '3', 'ModComments', '0', '', '643', NULL, '1:N' ),
( '140', '41', '40', 'get_dependents_list', '2', 'Project Tasks', '0', 'ADD', '604', NULL, '1:N' ),
( '141', '41', '39', 'get_dependents_list', '3', 'Project Milestones', '0', 'ADD', '590', NULL, '1:N' ),
( '142', '41', '8', 'get_attachments', '4', 'Documents', '0', 'ADD,SELECT', NULL, NULL, 'N:N' ),
( '143', '41', '13', 'get_related_list', '5', 'HelpDesk', '0', 'ADD,SELECT', NULL, NULL, 'N:N' ),
( '144', '41', '0', 'get_gantt_chart', '6', 'Charts', '0', '', NULL, NULL, 'N:N' ),
( '145', '41', '46', 'get_comments', '7', 'ModComments', '0', '', '643', NULL, '1:N' ),
( '146', '13', '46', 'get_comments', '9', 'ModComments', '0', '', '643', NULL, '1:N' ),
( '147', '15', '46', 'get_comments', '3', 'ModComments', '0', '', '643', NULL, '1:N' ),
( '148', '4', '47', 'get_dependents_list', '19', 'Assets', '0', 'ADD', '660', NULL, '1:N' ),
( '149', '4', '18', 'get_vendors', '20', 'Vendors', '0', 'SELECT', NULL, '', 'N:N' ),
( '150', '2', '23', 'get_dependents_list', '12', 'Invoice', '0', 'ADD', '774', NULL, '1:N' ),
( '151', '8', '4', 'get_related_list', '1', 'Contacts', '0', '1', NULL, NULL, 'N:N' ),
( '152', '8', '6', 'get_related_list', '2', 'Accounts', '0', '1', NULL, NULL, 'N:N' ),
( '153', '8', '2', 'get_related_list', '3', 'Potentials', '0', '1', NULL, NULL, 'N:N' ),
( '154', '8', '7', 'get_related_list', '4', 'Leads', '0', '1', NULL, NULL, 'N:N' ),
( '155', '8', '14', 'get_related_list', '5', 'Products', '0', '1', NULL, NULL, 'N:N' ),
( '156', '8', '35', 'get_related_list', '6', 'Services', '0', '1', NULL, NULL, 'N:N' ),
( '157', '8', '41', 'get_related_list', '7', 'Project', '0', '1', NULL, NULL, 'N:N' ),
( '158', '8', '47', 'get_related_list', '8', 'Assets', '0', '1', NULL, NULL, 'N:N' ),
( '159', '8', '34', 'get_related_list', '9', 'ServiceContracts', '0', '1', NULL, NULL, 'N:N' ),
( '160', '8', '20', 'get_related_list', '10', 'Quotes', '0', '1', NULL, NULL, 'N:N' ),
( '161', '8', '23', 'get_related_list', '11', 'Invoice', '0', '1', NULL, NULL, 'N:N' ),
( '162', '8', '22', 'get_related_list', '12', 'SalesOrder', '0', '1', NULL, NULL, 'N:N' ),
( '163', '8', '21', 'get_related_list', '13', 'PurchaseOrder', '0', '1', NULL, NULL, 'N:N' ),
( '164', '8', '13', 'get_related_list', '14', 'HelpDesk', '0', '1', NULL, NULL, 'N:N' ),
( '165', '8', '15', 'get_related_list', '15', 'Faq', '0', '1', NULL, NULL, 'N:N' ),
( '166', '41', '10', 'get_emails', '8', 'Emails', '0', 'ADD', NULL, NULL, 'N:N' ),
( '167', '40', '10', 'get_emails', '4', 'Emails', '0', 'ADD', NULL, NULL, 'N:N' ),
( '168', '41', '9', 'get_related_list', '9', 'Activities', '0', 'ADD', NULL, NULL, 'N:N' ),
( '169', '41', '20', 'get_related_list', '10', 'Quotes', '0', 'SELECT', NULL, NULL, 'N:N' ),
( '170', '14', '21', 'get_purchase_orders', '16', 'PurchaseOrder', '0', 'ADD', NULL, NULL, 'N:N' ),
( '171', '2', '10', 'get_emails', '13', 'Emails', '0', 'ADD', NULL, NULL, 'N:N' ),
( '172', '13', '10', 'get_emails', '10', 'Emails', '0', 'ADD', NULL, NULL, 'N:N' ),
( '173', '23', '54', 'get_dependents_list', '6', 'Payments', '0', '', '855', NULL, '1:N' ),
( '174', '58', '46', 'get_comments', '1', 'ModComments', '0', 'ADD', NULL, NULL, 'N:N' ),
( '175', '58', '8', 'get_attachments', '2', 'Documents', '0', 'ADD,SELECT', NULL, NULL, 'N:N' ),
( '176', '58', '9', 'get_activities', '3', 'Activities', '0', 'ADD', '238', NULL, '1:N' ),
( '177', '58', '10', 'get_emails', '4', 'Emails', '0', 'ADD', NULL, NULL, 'N:N' ),
( '178', '58', '46', 'get_comments', '5', 'ModComments', '0', 'ADD', NULL, NULL, 'N:N' ),
( '179', '58', '8', 'get_attachments', '6', 'Documents', '0', 'ADD,SELECT', NULL, NULL, 'N:N' ),
( '180', '58', '9', 'get_activities', '7', 'Activities', '0', 'ADD', '238', NULL, '1:N' ),
( '181', '58', '10', 'get_emails', '8', 'Emails', '0', 'ADD', NULL, NULL, 'N:N' ),
( '182', '20', '58', 'get_dependents_list', '6', 'CustomPayments', '0', 'ADD', '892', NULL, '1:N' ),
( '183', '2', '58', 'get_dependents_list', '14', 'CustomPayments', '0', 'ADD', '905', NULL, '1:N' ),
( '184', '2', '34', 'get_dependents_list', '15', 'ServiceContracts', '0', 'ADD', '912', NULL, '1:N' ),
( '185', '23', '61', 'get_dependents_list', '7', 'Payments', '0', '', '915', NULL, '1:N' ),
( '186', '2', '61', 'get_dependents_list', '16', 'Payments', '0', '', '916', NULL, '1:N' );
COMMIT;
-- ---------------------------------------------------------


-- Dump data of "vtiger_relatedlists_rb" -------------------
BEGIN;

INSERT INTO `vtiger_relatedlists_rb`(`entityid`,`action`,`rel_table`,`rel_column`,`ref_column`,`related_crm_ids`) VALUES 
( '12', 'update', 'vtiger_payments', 'invoice', 'paymentid', '14,15' ),
( '60', 'update', 'vtiger_modcomments', 'related_to', 'modcommentsid', '102,103,' ),
( '60', 'update', 'vtiger_invoice', 'potential_id', 'invoiceid', '63' ),
( '60', 'update', 'vtiger_servicecontracts', 'cf_potentials_id', 'servicecontractsid', '64' ),
( '109', 'update', 'vtiger_payments', 'potential', 'paymentid', '111,113' ),
( '17', 'update', 'vtiger_invoice', 'potential_id', 'invoiceid', '20,41,79' ),
( '17', 'update', 'vtiger_custompayments', 'cf_potentials_id', 'custompaymentsid', '19,40' ),
( '17', 'update', 'vtiger_payments', 'potential', 'paymentid', '90,98,99,100' ),
( '43', 'update', 'vtiger_invoice', 'potential_id', 'invoiceid', '47,91' ),
( '43', 'update', 'vtiger_custompayments', 'cf_potentials_id', 'custompaymentsid', '44' ),
( '43', 'update', 'vtiger_payments', 'potential', 'paymentid', '80,84,92,128' ),
( '143', 'update', 'vtiger_crmentity', 'deleted', 'crmid', '' ),
( '145', 'update', 'vtiger_crmentity', 'deleted', 'crmid', '' );
COMMIT;
-- ---------------------------------------------------------


-- Dump data of "vtiger_relatedlists_seq" ------------------
BEGIN;

INSERT INTO `vtiger_relatedlists_seq`(`id`) VALUES 
( '186' );
COMMIT;
-- ---------------------------------------------------------


-- Dump data of "vtiger_relcriteria" -----------------------
BEGIN;

INSERT INTO `vtiger_relcriteria`(`queryid`,`columnindex`,`columnname`,`comparator`,`value`,`groupid`,`column_condition`) VALUES 
( '1', '0', 'vtiger_contactdetails:accountid:Contacts_Account_Name:account_id:V', 'n', '', '1', 'and' ),
( '2', '0', 'vtiger_contactdetails:accountid:Contacts_Account_Name:account_id:V', 'e', '', '1', 'and' ),
( '3', '0', 'vtiger_potential:potentialname:Potentials_Potential_Name:potentialname:V', 'n', '', '1', 'and' ),
( '7', '0', 'vtiger_potential:sales_stage:Potentials_Sales_Stage:sales_stage:V', 'e', 'Closed Won', '1', 'and' ),
( '12', '0', 'vtiger_troubletickets:status:HelpDesk_Status:ticketstatus:V', 'n', 'Closed', '1', 'and' ),
( '15', '0', 'vtiger_quotes:quotestage:Quotes_Quote_Stage:quotestage:V', 'n', 'Accepted', '1', 'and' ),
( '15', '1', 'vtiger_quotes:quotestage:Quotes_Quote_Stage:quotestage:V', 'n', 'Rejected', '1', 'and' ),
( '22', '0', 'vtiger_email_track:access_count:Emails_Access_Count:access_count:I', 'ny', '', '1', 'and' ),
( '23', '0', 'vtiger_email_track:access_count:Emails_Access_Count:access_count:I', 'ny', '', '1', 'and' ),
( '24', '0', 'vtiger_email_track:access_count:Emails_Access_Count:access_count:I', 'ny', '', '1', 'and' ),
( '25', '0', 'vtiger_email_track:access_count:Emails_Access_Count:access_count:I', 'ny', '', '1', 'and' );
COMMIT;
-- ---------------------------------------------------------


-- Dump data of "vtiger_relcriteria_grouping" --------------
BEGIN;

INSERT INTO `vtiger_relcriteria_grouping`(`groupid`,`queryid`,`group_condition`,`condition_expression`) VALUES 
( '1', '1', '', '0' ),
( '1', '2', '', '0' ),
( '1', '3', '', '0' ),
( '1', '7', '', '0' ),
( '1', '12', '', '0' ),
( '1', '15', '', '0 and 1' ),
( '1', '22', '', '0' ),
( '1', '23', '', '0' ),
( '1', '24', '', '0' ),
( '1', '25', '', '0' );
COMMIT;
-- ---------------------------------------------------------


-- Dump data of "vtiger_reminder_interval" -----------------
BEGIN;

INSERT INTO `vtiger_reminder_interval`(`reminder_intervalid`,`reminder_interval`,`sortorderid`,`presence`) VALUES 
( '2', '1 Minute', '1', '1' ),
( '3', '5 Minutes', '2', '1' ),
( '4', '15 Minutes', '3', '1' ),
( '5', '30 Minutes', '4', '1' ),
( '6', '45 Minutes', '5', '1' ),
( '7', '1 Hour', '6', '1' ),
( '8', '1 Day', '7', '1' );
COMMIT;
-- ---------------------------------------------------------


-- Dump data of "vtiger_reminder_interval_seq" -------------
BEGIN;

INSERT INTO `vtiger_reminder_interval_seq`(`id`) VALUES 
( '8' );
COMMIT;
-- ---------------------------------------------------------


-- Dump data of "vtiger_report" ----------------------------
BEGIN;

INSERT INTO `vtiger_report`(`reportid`,`folderid`,`reportname`,`description`,`reporttype`,`queryid`,`state`,`customizable`,`category`,`owner`,`sharingtype`) VALUES 
( '1', '1', 'Contacts by Accounts', 'Contacts related to Accounts', 'tabular', '1', 'CUSTOM', '1', '1', '1', 'Public' ),
( '2', '1', 'Contacts without Accounts', 'Contacts not related to Accounts', 'tabular', '2', 'CUSTOM', '1', '1', '1', 'Public' ),
( '3', '1', 'Contacts by Potentials', 'Contacts related to Potentials', 'tabular', '3', 'CUSTOM', '1', '1', '1', 'Public' ),
( '4', '2', 'Lead by Source', 'Lead by Source', 'summary', '4', 'CUSTOM', '1', '1', '1', 'Public' ),
( '5', '2', 'Lead Status Report', 'Lead Status Report', 'summary', '5', 'CUSTOM', '1', '1', '1', 'Public' ),
( '6', '3', 'Potential Pipeline', 'Potential Pipeline', 'summary', '6', 'CUSTOM', '1', '1', '1', 'Public' ),
( '7', '3', 'Closed Potentials', 'Potential that have Won', 'tabular', '7', 'CUSTOM', '1', '1', '1', 'Public' ),
( '8', '4', 'Last Month Activities', 'Last Month Activities', 'tabular', '8', 'CUSTOM', '1', '1', '1', 'Public' ),
( '9', '4', 'This Month Activities', 'This Month Activities', 'tabular', '9', 'CUSTOM', '1', '1', '1', 'Public' ),
( '10', '5', 'Tickets by Products', 'Tickets related to Products', 'tabular', '10', 'CUSTOM', '1', '1', '1', 'Public' ),
( '11', '5', 'Tickets by Priority', 'Tickets by Priority', 'summary', '11', 'CUSTOM', '1', '1', '1', 'Public' ),
( '12', '5', 'Open Tickets', 'Tickets that are Open', 'tabular', '12', 'CUSTOM', '1', '1', '1', 'Public' ),
( '13', '6', 'Product Details', 'Product Detailed Report', 'tabular', '13', 'CUSTOM', '1', '1', '1', 'Public' ),
( '14', '6', 'Products by Contacts', 'Products related to Contacts', 'tabular', '14', 'CUSTOM', '1', '1', '1', 'Public' ),
( '15', '7', 'Open Quotes', 'Quotes that are Open', 'tabular', '15', 'CUSTOM', '1', '1', '1', 'Public' ),
( '16', '7', 'Quotes Detailed Report', 'Quotes Detailed Report', 'tabular', '16', 'CUSTOM', '1', '1', '1', 'Public' ),
( '17', '8', 'PurchaseOrder by Contacts', 'PurchaseOrder related to Contacts', 'tabular', '17', 'CUSTOM', '1', '1', '1', 'Public' ),
( '18', '8', 'PurchaseOrder Detailed Report', 'PurchaseOrder Detailed Report', 'tabular', '18', 'CUSTOM', '1', '1', '1', 'Public' ),
( '19', '9', 'Invoice Detailed Report', 'Invoice Detailed Report', 'tabular', '19', 'CUSTOM', '1', '1', '1', 'Public' ),
( '20', '10', 'SalesOrder Detailed Report', 'SalesOrder Detailed Report', 'tabular', '20', 'CUSTOM', '1', '1', '1', 'Public' ),
( '21', '11', 'Campaign Expectations and Actuals', 'Campaign Expectations and Actuals', 'tabular', '21', 'CUSTOM', '1', '1', '1', 'Public' ),
( '22', '12', 'Contacts Email Report', 'Emails sent to Contacts', 'tabular', '22', 'CUSTOM', '1', '1', '1', 'Public' ),
( '23', '12', 'Accounts Email Report', 'Emails sent to Organizations', 'tabular', '23', 'CUSTOM', '1', '1', '1', 'Public' ),
( '24', '12', 'Leads Email Report', 'Emails sent to Leads', 'tabular', '24', 'CUSTOM', '1', '1', '1', 'Public' ),
( '25', '12', 'Vendors Email Report', 'Emails sent to Vendors', 'tabular', '25', 'CUSTOM', '1', '1', '1', 'Public' );
COMMIT;
-- ---------------------------------------------------------


-- Dump data of "vtiger_report_sharegroups" ----------------
-- ---------------------------------------------------------


-- Dump data of "vtiger_report_shareusers" -----------------
-- ---------------------------------------------------------


-- Dump data of "vtiger_reportdatefilter" ------------------
BEGIN;

INSERT INTO `vtiger_reportdatefilter`(`datefilterid`,`datecolumnname`,`datefilter`,`startdate`,`enddate`) VALUES 
( '8', 'vtiger_crmentity:modifiedtime:modifiedtime:Calendar_Modified_Time', 'lastmonth', '2005-05-01', '2005-05-31' ),
( '9', 'vtiger_crmentity:modifiedtime:modifiedtime:Calendar_Modified_Time', 'thismonth', '2005-06-01', '2005-06-30' );
COMMIT;
-- ---------------------------------------------------------


-- Dump data of "vtiger_reportfilters" ---------------------
BEGIN;

INSERT INTO `vtiger_reportfilters`(`filterid`,`name`) VALUES 
( '1', 'Private' ),
( '2', 'Public' ),
( '3', 'Shared' );
COMMIT;
-- ---------------------------------------------------------


-- Dump data of "vtiger_reportfolder" ----------------------
BEGIN;

INSERT INTO `vtiger_reportfolder`(`folderid`,`foldername`,`description`,`state`) VALUES 
( '1', 'Organization and Contact Reports', 'Account and Contact Reports', 'SAVED' ),
( '2', 'Lead Reports', 'Lead Reports', 'SAVED' ),
( '3', 'Opportunity Reports', 'Potential Reports', 'SAVED' ),
( '4', 'Activity Reports', 'Activity Reports', 'SAVED' ),
( '5', 'Tickets Reports', 'HelpDesk Reports', 'SAVED' ),
( '6', 'Product Reports', 'Product Reports', 'SAVED' ),
( '7', 'Quote Reports', 'Quote Reports', 'SAVED' ),
( '8', 'Purchase Order Reports', 'PurchaseOrder Reports', 'SAVED' ),
( '9', 'Invoice Reports', 'Invoice Reports', 'SAVED' ),
( '10', 'Sales Order Reports', 'SalesOrder Reports', 'SAVED' ),
( '11', 'Campaign Reports', 'Campaign Reports', 'SAVED' ),
( '12', 'Email Reports', 'Email Reports', 'SAVED' );
COMMIT;
-- ---------------------------------------------------------


-- Dump data of "vtiger_reportgroupbycolumn" ---------------
-- ---------------------------------------------------------


-- Dump data of "vtiger_reportmodules" ---------------------
BEGIN;

INSERT INTO `vtiger_reportmodules`(`reportmodulesid`,`primarymodule`,`secondarymodules`) VALUES 
( '1', 'Contacts', 'Accounts' ),
( '2', 'Contacts', 'Accounts' ),
( '3', 'Contacts', 'Potentials' ),
( '4', 'Leads', '' ),
( '5', 'Leads', '' ),
( '6', 'Potentials', '' ),
( '7', 'Potentials', '' ),
( '8', 'Calendar', '' ),
( '9', 'Calendar', '' ),
( '10', 'HelpDesk', 'Products' ),
( '11', 'HelpDesk', '' ),
( '12', 'HelpDesk', '' ),
( '13', 'Products', '' ),
( '14', 'Products', 'Contacts' ),
( '15', 'Quotes', '' ),
( '16', 'Quotes', '' ),
( '17', 'PurchaseOrder', 'Contacts' ),
( '18', 'PurchaseOrder', '' ),
( '19', 'Invoice', '' ),
( '20', 'SalesOrder', '' ),
( '21', 'Campaigns', '' ),
( '22', 'Contacts', 'Emails' ),
( '23', 'Accounts', 'Emails' ),
( '24', 'Leads', 'Emails' ),
( '25', 'Vendors', 'Emails' );
COMMIT;
-- ---------------------------------------------------------


-- Dump data of "vtiger_reportsharing" ---------------------
-- ---------------------------------------------------------


-- Dump data of "vtiger_reportsortcol" ---------------------
BEGIN;

INSERT INTO `vtiger_reportsortcol`(`sortcolid`,`reportid`,`columnname`,`sortorder`) VALUES 
( '1', '4', 'vtiger_leaddetails:leadsource:Leads_Lead_Source:leadsource:V', 'Ascending' ),
( '1', '5', 'vtiger_leaddetails:leadstatus:Leads_Lead_Status:leadstatus:V', 'Ascending' ),
( '1', '6', 'vtiger_potential:sales_stage:Potentials_Sales_Stage:sales_stage:V', 'Ascending' ),
( '1', '11', 'vtiger_troubletickets:priority:HelpDesk_Priority:ticketpriorities:V', 'Ascending' );
COMMIT;
-- ---------------------------------------------------------


-- Dump data of "vtiger_reportsummary" ---------------------
-- ---------------------------------------------------------


-- Dump data of "vtiger_reporttype" ------------------------
-- ---------------------------------------------------------


-- Dump data of "vtiger_role" ------------------------------
BEGIN;

INSERT INTO `vtiger_role`(`roleid`,`rolename`,`parentrole`,`depth`,`allowassignedrecordsto`) VALUES 
( 'H1', 'Organization', 'H1', '0', '1' ),
( 'H2', 'CEO', 'H1::H2', '1', '1' ),
( 'H3', 'Vice President', 'H1::H2::H3', '2', '1' ),
( 'H4', 'Sales Manager', 'H1::H2::H3::H4', '3', '1' ),
( 'H5', 'Sales Person', 'H1::H2::H3::H4::H5', '4', '1' );
COMMIT;
-- ---------------------------------------------------------


-- Dump data of "vtiger_role2picklist" ---------------------
BEGIN;

INSERT INTO `vtiger_role2picklist`(`roleid`,`picklistvalueid`,`picklistid`,`sortid`) VALUES 
( 'H1', '1', '1', '0' ),
( 'H1', '2', '1', '1' ),
( 'H1', '3', '1', '2' ),
( 'H1', '4', '1', '3' ),
( 'H1', '5', '1', '4' ),
( 'H1', '6', '1', '5' ),
( 'H1', '7', '1', '6' ),
( 'H1', '8', '1', '7' ),
( 'H1', '9', '1', '8' ),
( 'H1', '10', '1', '9' ),
( 'H1', '11', '1', '10' ),
( 'H1', '12', '2', '0' ),
( 'H1', '13', '2', '1' ),
( 'H1', '14', '3', '0' ),
( 'H1', '15', '3', '1' ),
( 'H1', '16', '3', '2' ),
( 'H1', '17', '3', '3' ),
( 'H1', '18', '3', '4' ),
( 'H1', '19', '3', '5' ),
( 'H1', '20', '4', '0' ),
( 'H1', '21', '4', '1' ),
( 'H1', '22', '4', '2' ),
( 'H1', '23', '4', '3' ),
( 'H1', '24', '4', '4' ),
( 'H1', '25', '4', '5' ),
( 'H1', '26', '4', '6' ),
( 'H1', '27', '4', '7' ),
( 'H1', '28', '4', '8' ),
( 'H1', '29', '4', '9' ),
( 'H1', '30', '4', '10' ),
( 'H1', '31', '4', '11' ),
( 'H1', '32', '4', '12' ),
( 'H1', '33', '5', '0' ),
( 'H1', '34', '5', '1' ),
( 'H1', '35', '5', '2' ),
( 'H1', '36', '5', '3' ),
( 'H1', '37', '5', '4' ),
( 'H1', '38', '6', '0' ),
( 'H1', '39', '6', '1' ),
( 'H1', '40', '6', '2' ),
( 'H1', '41', '7', '0' ),
( 'H1', '42', '7', '1' ),
( 'H1', '43', '7', '2' ),
( 'H1', '44', '7', '3' ),
( 'H1', '45', '7', '4' ),
( 'H1', '46', '8', '0' ),
( 'H1', '47', '9', '0' ),
( 'H1', '48', '9', '1' ),
( 'H1', '49', '9', '2' ),
( 'H1', '50', '9', '3' ),
( 'H1', '51', '10', '0' ),
( 'H1', '52', '10', '1' ),
( 'H1', '53', '10', '2' ),
( 'H1', '54', '10', '3' ),
( 'H1', '55', '10', '4' ),
( 'H1', '56', '10', '5' ),
( 'H1', '57', '10', '6' ),
( 'H1', '58', '10', '7' ),
( 'H1', '59', '10', '8' ),
( 'H1', '60', '11', '0' ),
( 'H1', '61', '11', '1' ),
( 'H1', '62', '11', '2' ),
( 'H1', '63', '11', '3' ),
( 'H1', '64', '11', '4' ),
( 'H1', '65', '11', '5' ),
( 'H1', '66', '11', '6' ),
( 'H1', '67', '11', '7' ),
( 'H1', '68', '11', '8' ),
( 'H1', '69', '11', '9' ),
( 'H1', '70', '11', '10' ),
( 'H1', '71', '11', '11' ),
( 'H1', '72', '11', '12' ),
( 'H1', '73', '11', '13' ),
( 'H1', '74', '11', '14' ),
( 'H1', '75', '11', '15' ),
( 'H1', '76', '11', '16' ),
( 'H1', '77', '11', '17' ),
( 'H1', '78', '11', '18' ),
( 'H1', '79', '11', '19' ),
( 'H1', '80', '11', '20' ),
( 'H1', '81', '11', '21' ),
( 'H1', '82', '11', '22' ),
( 'H1', '83', '11', '23' ),
( 'H1', '84', '11', '24' ),
( 'H1', '85', '11', '25' ),
( 'H1', '86', '11', '26' ),
( 'H1', '87', '11', '27' ),
( 'H1', '88', '11', '28' ),
( 'H1', '89', '11', '29' ),
( 'H1', '90', '11', '30' ),
( 'H1', '91', '11', '31' ),
( 'H1', '92', '12', '0' ),
( 'H1', '93', '12', '1' ),
( 'H1', '94', '12', '2' ),
( 'H1', '95', '12', '3' ),
( 'H1', '96', '12', '4' ),
( 'H1', '97', '12', '5' ),
( 'H1', '98', '13', '0' ),
( 'H1', '99', '13', '1' ),
( 'H1', '100', '13', '2' ),
( 'H1', '101', '13', '3' ),
( 'H1', '102', '13', '4' ),
( 'H1', '103', '13', '5' ),
( 'H1', '104', '13', '6' ),
( 'H1', '105', '13', '7' ),
( 'H1', '106', '13', '8' ),
( 'H1', '107', '13', '9' ),
( 'H1', '108', '13', '10' ),
( 'H1', '109', '13', '11' ),
( 'H1', '110', '13', '12' ),
( 'H1', '111', '14', '0' ),
( 'H1', '113', '14', '2' ),
( 'H1', '117', '14', '6' ),
( 'H1', '118', '14', '7' ),
( 'H1', '120', '14', '9' ),
( 'H1', '121', '14', '10' ),
( 'H1', '123', '15', '0' ),
( 'H1', '124', '15', '1' ),
( 'H1', '125', '15', '2' ),
( 'H1', '126', '15', '3' ),
( 'H1', '127', '16', '0' ),
( 'H1', '128', '16', '1' ),
( 'H1', '129', '16', '2' ),
( 'H1', '130', '17', '0' ),
( 'H1', '131', '17', '1' ),
( 'H1', '132', '17', '2' ),
( 'H1', '133', '17', '3' ),
( 'H1', '134', '17', '4' ),
( 'H1', '135', '18', '0' ),
( 'H1', '136', '18', '1' ),
( 'H1', '137', '18', '2' ),
( 'H1', '138', '18', '3' ),
( 'H1', '139', '19', '0' ),
( 'H1', '140', '19', '1' ),
( 'H1', '141', '19', '2' ),
( 'H1', '142', '19', '3' ),
( 'H1', '143', '19', '4' ),
( 'H1', '144', '20', '0' ),
( 'H1', '145', '20', '1' ),
( 'H1', '146', '20', '2' ),
( 'H1', '147', '20', '3' ),
( 'H1', '150', '21', '0' ),
( 'H1', '158', '21', '8' ),
( 'H1', '159', '21', '9' ),
( 'H1', '160', '22', '0' ),
( 'H1', '161', '22', '1' ),
( 'H1', '162', '22', '2' ),
( 'H1', '163', '22', '3' ),
( 'H1', '164', '22', '4' ),
( 'H1', '165', '22', '5' ),
( 'H1', '166', '23', '0' ),
( 'H1', '167', '23', '1' ),
( 'H1', '168', '23', '2' ),
( 'H1', '169', '23', '3' ),
( 'H1', '170', '24', '0' ),
( 'H1', '171', '24', '1' ),
( 'H1', '172', '24', '2' ),
( 'H1', '173', '25', '0' ),
( 'H1', '174', '25', '1' ),
( 'H1', '175', '25', '2' ),
( 'H1', '176', '25', '3' ),
( 'H1', '177', '25', '4' ),
( 'H1', '178', '25', '5' ),
( 'H1', '179', '26', '0' ),
( 'H1', '180', '26', '1' ),
( 'H1', '181', '26', '2' ),
( 'H1', '182', '27', '0' ),
( 'H1', '183', '27', '1' ),
( 'H1', '184', '27', '2' ),
( 'H1', '185', '27', '3' ),
( 'H1', '186', '28', '0' ),
( 'H1', '187', '28', '1' ),
( 'H1', '188', '28', '2' ),
( 'H1', '189', '28', '3' ),
( 'H1', '190', '29', '0' ),
( 'H1', '191', '29', '1' ),
( 'H1', '192', '29', '2' ),
( 'H1', '193', '29', '3' ),
( 'H1', '194', '30', '0' ),
( 'H1', '195', '30', '1' ),
( 'H1', '196', '30', '2' ),
( 'H1', '197', '30', '3' ),
( 'H1', '198', '30', '4' ),
( 'H1', '199', '30', '5' ),
( 'H1', '200', '30', '6' ),
( 'H1', '201', '30', '7' ),
( 'H1', '202', '30', '8' ),
( 'H1', '203', '30', '9' ),
( 'H1', '204', '30', '10' ),
( 'H1', '205', '30', '11' ),
( 'H1', '206', '30', '12' ),
( 'H1', '207', '30', '13' ),
( 'H1', '208', '30', '14' ),
( 'H1', '209', '30', '15' ),
( 'H1', '210', '31', '1' ),
( 'H1', '211', '31', '2' ),
( 'H1', '212', '31', '3' ),
( 'H1', '213', '31', '4' ),
( 'H1', '214', '32', '1' ),
( 'H1', '215', '32', '2' ),
( 'H1', '216', '32', '3' ),
( 'H1', '217', '32', '4' ),
( 'H1', '218', '32', '5' ),
( 'H1', '219', '32', '6' ),
( 'H1', '220', '33', '1' ),
( 'H1', '221', '33', '2' ),
( 'H1', '222', '33', '3' ),
( 'H1', '223', '34', '1' ),
( 'H1', '224', '34', '2' ),
( 'H1', '225', '34', '3' ),
( 'H1', '226', '35', '1' ),
( 'H1', '227', '35', '2' ),
( 'H1', '228', '35', '3' ),
( 'H1', '229', '36', '1' ),
( 'H1', '230', '36', '2' ),
( 'H1', '231', '36', '3' ),
( 'H1', '232', '36', '4' ),
( 'H1', '233', '36', '5' ),
( 'H1', '234', '36', '6' ),
( 'H1', '235', '37', '1' ),
( 'H1', '236', '37', '2' ),
( 'H1', '237', '37', '3' ),
( 'H1', '238', '37', '4' ),
( 'H1', '239', '38', '1' ),
( 'H1', '240', '38', '2' ),
( 'H1', '241', '38', '3' ),
( 'H1', '242', '38', '4' ),
( 'H1', '243', '39', '1' ),
( 'H1', '244', '39', '2' ),
( 'H1', '245', '39', '3' ),
( 'H1', '246', '39', '4' ),
( 'H1', '247', '40', '1' ),
( 'H1', '248', '40', '2' ),
( 'H1', '249', '40', '3' ),
( 'H1', '250', '40', '4' ),
( 'H1', '251', '40', '5' ),
( 'H1', '252', '40', '6' ),
( 'H1', '253', '40', '7' ),
( 'H1', '254', '40', '8' ),
( 'H1', '255', '40', '9' ),
( 'H1', '256', '40', '10' ),
( 'H1', '257', '40', '11' ),
( 'H1', '258', '41', '1' ),
( 'H1', '259', '41', '2' ),
( 'H1', '260', '41', '3' ),
( 'H1', '261', '41', '4' ),
( 'H1', '262', '41', '5' ),
( 'H1', '263', '41', '6' ),
( 'H1', '264', '41', '7' ),
( 'H1', '265', '41', '8' );

INSERT INTO `vtiger_role2picklist`(`roleid`,`picklistvalueid`,`picklistid`,`sortid`) VALUES 
( 'H1', '266', '41', '9' ),
( 'H1', '267', '42', '1' ),
( 'H1', '268', '42', '2' ),
( 'H1', '269', '42', '3' ),
( 'H1', '270', '42', '4' ),
( 'H1', '271', '43', '1' ),
( 'H1', '272', '43', '2' ),
( 'H1', '273', '43', '3' ),
( 'H1', '274', '43', '4' ),
( 'H1', '275', '44', '1' ),
( 'H1', '276', '44', '2' ),
( 'H1', '277', '44', '3' ),
( 'H1', '278', '44', '4' ),
( 'H1', '279', '44', '5' ),
( 'H1', '280', '44', '6' ),
( 'H1', '281', '44', '7' ),
( 'H1', '282', '44', '8' ),
( 'H1', '283', '44', '9' ),
( 'H1', '284', '44', '10' ),
( 'H1', '285', '44', '11' ),
( 'H1', '286', '45', '1' ),
( 'H1', '287', '45', '2' ),
( 'H1', '288', '12', '1' ),
( 'H1', '289', '46', '1' ),
( 'H1', '290', '46', '2' ),
( 'H1', '291', '46', '3' ),
( 'H1', '292', '46', '4' ),
( 'H1', '293', '46', '5' ),
( 'H1', '294', '46', '6' ),
( 'H1', '295', '2', '1' ),
( 'H1', '296', '47', '1' ),
( 'H1', '297', '47', '2' ),
( 'H1', '298', '47', '3' ),
( 'H1', '299', '48', '1' ),
( 'H1', '300', '48', '2' ),
( 'H1', '303', '49', '1' ),
( 'H1', '304', '49', '2' ),
( 'H1', '323', '12', '1' ),
( 'H1', '343', '12', '1' ),
( 'H2', '1', '1', '0' ),
( 'H2', '2', '1', '1' ),
( 'H2', '3', '1', '2' ),
( 'H2', '4', '1', '3' ),
( 'H2', '5', '1', '4' ),
( 'H2', '6', '1', '5' ),
( 'H2', '7', '1', '6' ),
( 'H2', '8', '1', '7' ),
( 'H2', '9', '1', '8' ),
( 'H2', '10', '1', '9' ),
( 'H2', '11', '1', '10' ),
( 'H2', '12', '2', '0' ),
( 'H2', '13', '2', '1' ),
( 'H2', '14', '3', '0' ),
( 'H2', '15', '3', '1' ),
( 'H2', '16', '3', '2' ),
( 'H2', '17', '3', '3' ),
( 'H2', '18', '3', '4' ),
( 'H2', '19', '3', '5' ),
( 'H2', '20', '4', '0' ),
( 'H2', '21', '4', '1' ),
( 'H2', '22', '4', '2' ),
( 'H2', '23', '4', '3' ),
( 'H2', '24', '4', '4' ),
( 'H2', '25', '4', '5' ),
( 'H2', '26', '4', '6' ),
( 'H2', '27', '4', '7' ),
( 'H2', '28', '4', '8' ),
( 'H2', '29', '4', '9' ),
( 'H2', '30', '4', '10' ),
( 'H2', '31', '4', '11' ),
( 'H2', '32', '4', '12' ),
( 'H2', '33', '5', '0' ),
( 'H2', '34', '5', '1' ),
( 'H2', '35', '5', '2' ),
( 'H2', '36', '5', '3' ),
( 'H2', '37', '5', '4' ),
( 'H2', '38', '6', '0' ),
( 'H2', '39', '6', '1' ),
( 'H2', '40', '6', '2' ),
( 'H2', '41', '7', '0' ),
( 'H2', '42', '7', '1' ),
( 'H2', '43', '7', '2' ),
( 'H2', '44', '7', '3' ),
( 'H2', '45', '7', '4' ),
( 'H2', '46', '8', '0' ),
( 'H2', '47', '9', '0' ),
( 'H2', '48', '9', '1' ),
( 'H2', '49', '9', '2' ),
( 'H2', '50', '9', '3' ),
( 'H2', '51', '10', '0' ),
( 'H2', '52', '10', '1' ),
( 'H2', '53', '10', '2' ),
( 'H2', '54', '10', '3' ),
( 'H2', '55', '10', '4' ),
( 'H2', '56', '10', '5' ),
( 'H2', '57', '10', '6' ),
( 'H2', '58', '10', '7' ),
( 'H2', '59', '10', '8' ),
( 'H2', '60', '11', '0' ),
( 'H2', '61', '11', '1' ),
( 'H2', '62', '11', '2' ),
( 'H2', '63', '11', '3' ),
( 'H2', '64', '11', '4' ),
( 'H2', '65', '11', '5' ),
( 'H2', '66', '11', '6' ),
( 'H2', '67', '11', '7' ),
( 'H2', '68', '11', '8' ),
( 'H2', '69', '11', '9' ),
( 'H2', '70', '11', '10' ),
( 'H2', '71', '11', '11' ),
( 'H2', '72', '11', '12' ),
( 'H2', '73', '11', '13' ),
( 'H2', '74', '11', '14' ),
( 'H2', '75', '11', '15' ),
( 'H2', '76', '11', '16' ),
( 'H2', '77', '11', '17' ),
( 'H2', '78', '11', '18' ),
( 'H2', '79', '11', '19' ),
( 'H2', '80', '11', '20' ),
( 'H2', '81', '11', '21' ),
( 'H2', '82', '11', '22' ),
( 'H2', '83', '11', '23' ),
( 'H2', '84', '11', '24' ),
( 'H2', '85', '11', '25' ),
( 'H2', '86', '11', '26' ),
( 'H2', '87', '11', '27' ),
( 'H2', '88', '11', '28' ),
( 'H2', '89', '11', '29' ),
( 'H2', '90', '11', '30' ),
( 'H2', '91', '11', '31' ),
( 'H2', '92', '12', '0' ),
( 'H2', '93', '12', '1' ),
( 'H2', '94', '12', '2' ),
( 'H2', '95', '12', '3' ),
( 'H2', '96', '12', '4' ),
( 'H2', '97', '12', '5' ),
( 'H2', '98', '13', '0' ),
( 'H2', '99', '13', '1' ),
( 'H2', '100', '13', '2' ),
( 'H2', '101', '13', '3' ),
( 'H2', '102', '13', '4' ),
( 'H2', '103', '13', '5' ),
( 'H2', '104', '13', '6' ),
( 'H2', '105', '13', '7' ),
( 'H2', '106', '13', '8' ),
( 'H2', '107', '13', '9' ),
( 'H2', '108', '13', '10' ),
( 'H2', '109', '13', '11' ),
( 'H2', '110', '13', '12' ),
( 'H2', '111', '14', '0' ),
( 'H2', '113', '14', '2' ),
( 'H2', '117', '14', '6' ),
( 'H2', '118', '14', '7' ),
( 'H2', '120', '14', '9' ),
( 'H2', '121', '14', '10' ),
( 'H2', '123', '15', '0' ),
( 'H2', '124', '15', '1' ),
( 'H2', '125', '15', '2' ),
( 'H2', '126', '15', '3' ),
( 'H2', '127', '16', '0' ),
( 'H2', '128', '16', '1' ),
( 'H2', '129', '16', '2' ),
( 'H2', '130', '17', '0' ),
( 'H2', '131', '17', '1' ),
( 'H2', '132', '17', '2' ),
( 'H2', '133', '17', '3' ),
( 'H2', '134', '17', '4' ),
( 'H2', '135', '18', '0' ),
( 'H2', '136', '18', '1' ),
( 'H2', '137', '18', '2' ),
( 'H2', '138', '18', '3' ),
( 'H2', '139', '19', '0' ),
( 'H2', '140', '19', '1' ),
( 'H2', '141', '19', '2' ),
( 'H2', '142', '19', '3' ),
( 'H2', '143', '19', '4' ),
( 'H2', '144', '20', '0' ),
( 'H2', '145', '20', '1' ),
( 'H2', '146', '20', '2' ),
( 'H2', '147', '20', '3' ),
( 'H2', '150', '21', '0' ),
( 'H2', '158', '21', '8' ),
( 'H2', '159', '21', '9' ),
( 'H2', '160', '22', '0' ),
( 'H2', '161', '22', '1' ),
( 'H2', '162', '22', '2' ),
( 'H2', '163', '22', '3' ),
( 'H2', '164', '22', '4' ),
( 'H2', '165', '22', '5' ),
( 'H2', '166', '23', '0' ),
( 'H2', '167', '23', '1' ),
( 'H2', '168', '23', '2' ),
( 'H2', '169', '23', '3' ),
( 'H2', '170', '24', '0' ),
( 'H2', '171', '24', '1' ),
( 'H2', '172', '24', '2' ),
( 'H2', '173', '25', '0' ),
( 'H2', '174', '25', '1' ),
( 'H2', '175', '25', '2' ),
( 'H2', '176', '25', '3' ),
( 'H2', '177', '25', '4' ),
( 'H2', '178', '25', '5' ),
( 'H2', '179', '26', '0' ),
( 'H2', '180', '26', '1' ),
( 'H2', '181', '26', '2' ),
( 'H2', '182', '27', '0' ),
( 'H2', '183', '27', '1' ),
( 'H2', '184', '27', '2' ),
( 'H2', '185', '27', '3' ),
( 'H2', '186', '28', '0' ),
( 'H2', '187', '28', '1' ),
( 'H2', '188', '28', '2' ),
( 'H2', '189', '28', '3' ),
( 'H2', '190', '29', '0' ),
( 'H2', '191', '29', '1' ),
( 'H2', '192', '29', '2' ),
( 'H2', '193', '29', '3' ),
( 'H2', '194', '30', '0' ),
( 'H2', '195', '30', '1' ),
( 'H2', '196', '30', '2' ),
( 'H2', '197', '30', '3' ),
( 'H2', '198', '30', '4' ),
( 'H2', '199', '30', '5' ),
( 'H2', '200', '30', '6' ),
( 'H2', '201', '30', '7' ),
( 'H2', '202', '30', '8' ),
( 'H2', '203', '30', '9' ),
( 'H2', '204', '30', '10' ),
( 'H2', '205', '30', '11' ),
( 'H2', '206', '30', '12' ),
( 'H2', '207', '30', '13' ),
( 'H2', '208', '30', '14' ),
( 'H2', '209', '30', '15' ),
( 'H2', '210', '31', '1' ),
( 'H2', '211', '31', '2' ),
( 'H2', '212', '31', '3' ),
( 'H2', '213', '31', '4' ),
( 'H2', '214', '32', '1' ),
( 'H2', '215', '32', '2' ),
( 'H2', '216', '32', '3' ),
( 'H2', '217', '32', '4' ),
( 'H2', '218', '32', '5' ),
( 'H2', '219', '32', '6' ),
( 'H2', '220', '33', '1' ),
( 'H2', '221', '33', '2' ),
( 'H2', '222', '33', '3' ),
( 'H2', '223', '34', '1' ),
( 'H2', '224', '34', '2' ),
( 'H2', '225', '34', '3' ),
( 'H2', '226', '35', '1' );

INSERT INTO `vtiger_role2picklist`(`roleid`,`picklistvalueid`,`picklistid`,`sortid`) VALUES 
( 'H2', '227', '35', '2' ),
( 'H2', '228', '35', '3' ),
( 'H2', '229', '36', '1' ),
( 'H2', '230', '36', '2' ),
( 'H2', '231', '36', '3' ),
( 'H2', '232', '36', '4' ),
( 'H2', '233', '36', '5' ),
( 'H2', '234', '36', '6' ),
( 'H2', '235', '37', '1' ),
( 'H2', '236', '37', '2' ),
( 'H2', '237', '37', '3' ),
( 'H2', '238', '37', '4' ),
( 'H2', '239', '38', '1' ),
( 'H2', '240', '38', '2' ),
( 'H2', '241', '38', '3' ),
( 'H2', '242', '38', '4' ),
( 'H2', '243', '39', '1' ),
( 'H2', '244', '39', '2' ),
( 'H2', '245', '39', '3' ),
( 'H2', '246', '39', '4' ),
( 'H2', '247', '40', '1' ),
( 'H2', '248', '40', '2' ),
( 'H2', '249', '40', '3' ),
( 'H2', '250', '40', '4' ),
( 'H2', '251', '40', '5' ),
( 'H2', '252', '40', '6' ),
( 'H2', '253', '40', '7' ),
( 'H2', '254', '40', '8' ),
( 'H2', '255', '40', '9' ),
( 'H2', '256', '40', '10' ),
( 'H2', '257', '40', '11' ),
( 'H2', '258', '41', '1' ),
( 'H2', '259', '41', '2' ),
( 'H2', '260', '41', '3' ),
( 'H2', '261', '41', '4' ),
( 'H2', '262', '41', '5' ),
( 'H2', '263', '41', '6' ),
( 'H2', '264', '41', '7' ),
( 'H2', '265', '41', '8' ),
( 'H2', '266', '41', '9' ),
( 'H2', '267', '42', '1' ),
( 'H2', '268', '42', '2' ),
( 'H2', '269', '42', '3' ),
( 'H2', '270', '42', '4' ),
( 'H2', '271', '43', '1' ),
( 'H2', '272', '43', '2' ),
( 'H2', '273', '43', '3' ),
( 'H2', '274', '43', '4' ),
( 'H2', '275', '44', '1' ),
( 'H2', '276', '44', '2' ),
( 'H2', '277', '44', '3' ),
( 'H2', '278', '44', '4' ),
( 'H2', '279', '44', '5' ),
( 'H2', '280', '44', '6' ),
( 'H2', '281', '44', '7' ),
( 'H2', '282', '44', '8' ),
( 'H2', '283', '44', '9' ),
( 'H2', '284', '44', '10' ),
( 'H2', '285', '44', '11' ),
( 'H2', '286', '45', '1' ),
( 'H2', '287', '45', '2' ),
( 'H2', '288', '12', '1' ),
( 'H2', '289', '46', '1' ),
( 'H2', '290', '46', '2' ),
( 'H2', '291', '46', '3' ),
( 'H2', '292', '46', '4' ),
( 'H2', '293', '46', '5' ),
( 'H2', '294', '46', '6' ),
( 'H2', '295', '2', '1' ),
( 'H2', '296', '47', '1' ),
( 'H2', '297', '47', '2' ),
( 'H2', '298', '47', '3' ),
( 'H2', '299', '48', '1' ),
( 'H2', '300', '48', '2' ),
( 'H2', '303', '49', '1' ),
( 'H2', '304', '49', '2' ),
( 'H2', '323', '12', '1' ),
( 'H2', '343', '12', '1' ),
( 'H2', '344', '12', '6' ),
( 'H3', '1', '1', '0' ),
( 'H3', '2', '1', '1' ),
( 'H3', '3', '1', '2' ),
( 'H3', '4', '1', '3' ),
( 'H3', '5', '1', '4' ),
( 'H3', '6', '1', '5' ),
( 'H3', '7', '1', '6' ),
( 'H3', '8', '1', '7' ),
( 'H3', '9', '1', '8' ),
( 'H3', '10', '1', '9' ),
( 'H3', '11', '1', '10' ),
( 'H3', '12', '2', '0' ),
( 'H3', '13', '2', '1' ),
( 'H3', '14', '3', '0' ),
( 'H3', '15', '3', '1' ),
( 'H3', '16', '3', '2' ),
( 'H3', '17', '3', '3' ),
( 'H3', '18', '3', '4' ),
( 'H3', '19', '3', '5' ),
( 'H3', '20', '4', '0' ),
( 'H3', '21', '4', '1' ),
( 'H3', '22', '4', '2' ),
( 'H3', '23', '4', '3' ),
( 'H3', '24', '4', '4' ),
( 'H3', '25', '4', '5' ),
( 'H3', '26', '4', '6' ),
( 'H3', '27', '4', '7' ),
( 'H3', '28', '4', '8' ),
( 'H3', '29', '4', '9' ),
( 'H3', '30', '4', '10' ),
( 'H3', '31', '4', '11' ),
( 'H3', '32', '4', '12' ),
( 'H3', '33', '5', '0' ),
( 'H3', '34', '5', '1' ),
( 'H3', '35', '5', '2' ),
( 'H3', '36', '5', '3' ),
( 'H3', '37', '5', '4' ),
( 'H3', '38', '6', '0' ),
( 'H3', '39', '6', '1' ),
( 'H3', '40', '6', '2' ),
( 'H3', '41', '7', '0' ),
( 'H3', '42', '7', '1' ),
( 'H3', '43', '7', '2' ),
( 'H3', '44', '7', '3' ),
( 'H3', '45', '7', '4' ),
( 'H3', '46', '8', '0' ),
( 'H3', '47', '9', '0' ),
( 'H3', '48', '9', '1' ),
( 'H3', '49', '9', '2' ),
( 'H3', '50', '9', '3' ),
( 'H3', '51', '10', '0' ),
( 'H3', '52', '10', '1' ),
( 'H3', '53', '10', '2' ),
( 'H3', '54', '10', '3' ),
( 'H3', '55', '10', '4' ),
( 'H3', '56', '10', '5' ),
( 'H3', '57', '10', '6' ),
( 'H3', '58', '10', '7' ),
( 'H3', '59', '10', '8' ),
( 'H3', '60', '11', '0' ),
( 'H3', '61', '11', '1' ),
( 'H3', '62', '11', '2' ),
( 'H3', '63', '11', '3' ),
( 'H3', '64', '11', '4' ),
( 'H3', '65', '11', '5' ),
( 'H3', '66', '11', '6' ),
( 'H3', '67', '11', '7' ),
( 'H3', '68', '11', '8' ),
( 'H3', '69', '11', '9' ),
( 'H3', '70', '11', '10' ),
( 'H3', '71', '11', '11' ),
( 'H3', '72', '11', '12' ),
( 'H3', '73', '11', '13' ),
( 'H3', '74', '11', '14' ),
( 'H3', '75', '11', '15' ),
( 'H3', '76', '11', '16' ),
( 'H3', '77', '11', '17' ),
( 'H3', '78', '11', '18' ),
( 'H3', '79', '11', '19' ),
( 'H3', '80', '11', '20' ),
( 'H3', '81', '11', '21' ),
( 'H3', '82', '11', '22' ),
( 'H3', '83', '11', '23' ),
( 'H3', '84', '11', '24' ),
( 'H3', '85', '11', '25' ),
( 'H3', '86', '11', '26' ),
( 'H3', '87', '11', '27' ),
( 'H3', '88', '11', '28' ),
( 'H3', '89', '11', '29' ),
( 'H3', '90', '11', '30' ),
( 'H3', '91', '11', '31' ),
( 'H3', '92', '12', '0' ),
( 'H3', '93', '12', '1' ),
( 'H3', '94', '12', '2' ),
( 'H3', '95', '12', '3' ),
( 'H3', '96', '12', '4' ),
( 'H3', '97', '12', '5' ),
( 'H3', '98', '13', '0' ),
( 'H3', '99', '13', '1' ),
( 'H3', '100', '13', '2' ),
( 'H3', '101', '13', '3' ),
( 'H3', '102', '13', '4' ),
( 'H3', '103', '13', '5' ),
( 'H3', '104', '13', '6' ),
( 'H3', '105', '13', '7' ),
( 'H3', '106', '13', '8' ),
( 'H3', '107', '13', '9' ),
( 'H3', '108', '13', '10' ),
( 'H3', '109', '13', '11' ),
( 'H3', '110', '13', '12' ),
( 'H3', '111', '14', '0' ),
( 'H3', '113', '14', '2' ),
( 'H3', '117', '14', '6' ),
( 'H3', '118', '14', '7' ),
( 'H3', '120', '14', '9' ),
( 'H3', '121', '14', '10' ),
( 'H3', '123', '15', '0' ),
( 'H3', '124', '15', '1' ),
( 'H3', '125', '15', '2' ),
( 'H3', '126', '15', '3' ),
( 'H3', '127', '16', '0' ),
( 'H3', '128', '16', '1' ),
( 'H3', '129', '16', '2' ),
( 'H3', '130', '17', '0' ),
( 'H3', '131', '17', '1' ),
( 'H3', '132', '17', '2' ),
( 'H3', '133', '17', '3' ),
( 'H3', '134', '17', '4' ),
( 'H3', '135', '18', '0' ),
( 'H3', '136', '18', '1' ),
( 'H3', '137', '18', '2' ),
( 'H3', '138', '18', '3' ),
( 'H3', '139', '19', '0' ),
( 'H3', '140', '19', '1' ),
( 'H3', '141', '19', '2' ),
( 'H3', '142', '19', '3' ),
( 'H3', '143', '19', '4' ),
( 'H3', '144', '20', '0' ),
( 'H3', '145', '20', '1' ),
( 'H3', '146', '20', '2' ),
( 'H3', '147', '20', '3' ),
( 'H3', '150', '21', '0' ),
( 'H3', '158', '21', '8' ),
( 'H3', '159', '21', '9' ),
( 'H3', '160', '22', '0' ),
( 'H3', '161', '22', '1' ),
( 'H3', '162', '22', '2' ),
( 'H3', '163', '22', '3' ),
( 'H3', '164', '22', '4' ),
( 'H3', '165', '22', '5' ),
( 'H3', '166', '23', '0' ),
( 'H3', '167', '23', '1' ),
( 'H3', '168', '23', '2' ),
( 'H3', '169', '23', '3' ),
( 'H3', '170', '24', '0' ),
( 'H3', '171', '24', '1' ),
( 'H3', '172', '24', '2' ),
( 'H3', '173', '25', '0' ),
( 'H3', '174', '25', '1' ),
( 'H3', '175', '25', '2' ),
( 'H3', '176', '25', '3' ),
( 'H3', '177', '25', '4' ),
( 'H3', '178', '25', '5' ),
( 'H3', '179', '26', '0' ),
( 'H3', '180', '26', '1' ),
( 'H3', '181', '26', '2' ),
( 'H3', '182', '27', '0' ),
( 'H3', '183', '27', '1' ),
( 'H3', '184', '27', '2' ),
( 'H3', '185', '27', '3' ),
( 'H3', '186', '28', '0' );

INSERT INTO `vtiger_role2picklist`(`roleid`,`picklistvalueid`,`picklistid`,`sortid`) VALUES 
( 'H3', '187', '28', '1' ),
( 'H3', '188', '28', '2' ),
( 'H3', '189', '28', '3' ),
( 'H3', '190', '29', '0' ),
( 'H3', '191', '29', '1' ),
( 'H3', '192', '29', '2' ),
( 'H3', '193', '29', '3' ),
( 'H3', '194', '30', '0' ),
( 'H3', '195', '30', '1' ),
( 'H3', '196', '30', '2' ),
( 'H3', '197', '30', '3' ),
( 'H3', '198', '30', '4' ),
( 'H3', '199', '30', '5' ),
( 'H3', '200', '30', '6' ),
( 'H3', '201', '30', '7' ),
( 'H3', '202', '30', '8' ),
( 'H3', '203', '30', '9' ),
( 'H3', '204', '30', '10' ),
( 'H3', '205', '30', '11' ),
( 'H3', '206', '30', '12' ),
( 'H3', '207', '30', '13' ),
( 'H3', '208', '30', '14' ),
( 'H3', '209', '30', '15' ),
( 'H3', '210', '31', '1' ),
( 'H3', '211', '31', '2' ),
( 'H3', '212', '31', '3' ),
( 'H3', '213', '31', '4' ),
( 'H3', '214', '32', '1' ),
( 'H3', '215', '32', '2' ),
( 'H3', '216', '32', '3' ),
( 'H3', '217', '32', '4' ),
( 'H3', '218', '32', '5' ),
( 'H3', '219', '32', '6' ),
( 'H3', '220', '33', '1' ),
( 'H3', '221', '33', '2' ),
( 'H3', '222', '33', '3' ),
( 'H3', '223', '34', '1' ),
( 'H3', '224', '34', '2' ),
( 'H3', '225', '34', '3' ),
( 'H3', '226', '35', '1' ),
( 'H3', '227', '35', '2' ),
( 'H3', '228', '35', '3' ),
( 'H3', '229', '36', '1' ),
( 'H3', '230', '36', '2' ),
( 'H3', '231', '36', '3' ),
( 'H3', '232', '36', '4' ),
( 'H3', '233', '36', '5' ),
( 'H3', '234', '36', '6' ),
( 'H3', '235', '37', '1' ),
( 'H3', '236', '37', '2' ),
( 'H3', '237', '37', '3' ),
( 'H3', '238', '37', '4' ),
( 'H3', '239', '38', '1' ),
( 'H3', '240', '38', '2' ),
( 'H3', '241', '38', '3' ),
( 'H3', '242', '38', '4' ),
( 'H3', '243', '39', '1' ),
( 'H3', '244', '39', '2' ),
( 'H3', '245', '39', '3' ),
( 'H3', '246', '39', '4' ),
( 'H3', '247', '40', '1' ),
( 'H3', '248', '40', '2' ),
( 'H3', '249', '40', '3' ),
( 'H3', '250', '40', '4' ),
( 'H3', '251', '40', '5' ),
( 'H3', '252', '40', '6' ),
( 'H3', '253', '40', '7' ),
( 'H3', '254', '40', '8' ),
( 'H3', '255', '40', '9' ),
( 'H3', '256', '40', '10' ),
( 'H3', '257', '40', '11' ),
( 'H3', '258', '41', '1' ),
( 'H3', '259', '41', '2' ),
( 'H3', '260', '41', '3' ),
( 'H3', '261', '41', '4' ),
( 'H3', '262', '41', '5' ),
( 'H3', '263', '41', '6' ),
( 'H3', '264', '41', '7' ),
( 'H3', '265', '41', '8' ),
( 'H3', '266', '41', '9' ),
( 'H3', '267', '42', '1' ),
( 'H3', '268', '42', '2' ),
( 'H3', '269', '42', '3' ),
( 'H3', '270', '42', '4' ),
( 'H3', '271', '43', '1' ),
( 'H3', '272', '43', '2' ),
( 'H3', '273', '43', '3' ),
( 'H3', '274', '43', '4' ),
( 'H3', '275', '44', '1' ),
( 'H3', '276', '44', '2' ),
( 'H3', '277', '44', '3' ),
( 'H3', '278', '44', '4' ),
( 'H3', '279', '44', '5' ),
( 'H3', '280', '44', '6' ),
( 'H3', '281', '44', '7' ),
( 'H3', '282', '44', '8' ),
( 'H3', '283', '44', '9' ),
( 'H3', '284', '44', '10' ),
( 'H3', '285', '44', '11' ),
( 'H3', '286', '45', '1' ),
( 'H3', '287', '45', '2' ),
( 'H3', '288', '12', '1' ),
( 'H3', '289', '46', '1' ),
( 'H3', '290', '46', '2' ),
( 'H3', '291', '46', '3' ),
( 'H3', '292', '46', '4' ),
( 'H3', '293', '46', '5' ),
( 'H3', '294', '46', '6' ),
( 'H3', '295', '2', '1' ),
( 'H3', '296', '47', '1' ),
( 'H3', '297', '47', '2' ),
( 'H3', '298', '47', '3' ),
( 'H3', '299', '48', '1' ),
( 'H3', '300', '48', '2' ),
( 'H3', '303', '49', '1' ),
( 'H3', '304', '49', '2' ),
( 'H3', '323', '12', '1' ),
( 'H3', '343', '12', '1' ),
( 'H3', '344', '12', '6' ),
( 'H4', '1', '1', '0' ),
( 'H4', '2', '1', '1' ),
( 'H4', '3', '1', '2' ),
( 'H4', '4', '1', '3' ),
( 'H4', '5', '1', '4' ),
( 'H4', '6', '1', '5' ),
( 'H4', '7', '1', '6' ),
( 'H4', '8', '1', '7' ),
( 'H4', '9', '1', '8' ),
( 'H4', '10', '1', '9' ),
( 'H4', '11', '1', '10' ),
( 'H4', '12', '2', '0' ),
( 'H4', '13', '2', '1' ),
( 'H4', '14', '3', '0' ),
( 'H4', '15', '3', '1' ),
( 'H4', '16', '3', '2' ),
( 'H4', '17', '3', '3' ),
( 'H4', '18', '3', '4' ),
( 'H4', '19', '3', '5' ),
( 'H4', '20', '4', '0' ),
( 'H4', '21', '4', '1' ),
( 'H4', '22', '4', '2' ),
( 'H4', '23', '4', '3' ),
( 'H4', '24', '4', '4' ),
( 'H4', '25', '4', '5' ),
( 'H4', '26', '4', '6' ),
( 'H4', '27', '4', '7' ),
( 'H4', '28', '4', '8' ),
( 'H4', '29', '4', '9' ),
( 'H4', '30', '4', '10' ),
( 'H4', '31', '4', '11' ),
( 'H4', '32', '4', '12' ),
( 'H4', '33', '5', '0' ),
( 'H4', '34', '5', '1' ),
( 'H4', '35', '5', '2' ),
( 'H4', '36', '5', '3' ),
( 'H4', '37', '5', '4' ),
( 'H4', '38', '6', '0' ),
( 'H4', '39', '6', '1' ),
( 'H4', '40', '6', '2' ),
( 'H4', '41', '7', '0' ),
( 'H4', '42', '7', '1' ),
( 'H4', '43', '7', '2' ),
( 'H4', '44', '7', '3' ),
( 'H4', '45', '7', '4' ),
( 'H4', '46', '8', '0' ),
( 'H4', '47', '9', '0' ),
( 'H4', '48', '9', '1' ),
( 'H4', '49', '9', '2' ),
( 'H4', '50', '9', '3' ),
( 'H4', '51', '10', '0' ),
( 'H4', '52', '10', '1' ),
( 'H4', '53', '10', '2' ),
( 'H4', '54', '10', '3' ),
( 'H4', '55', '10', '4' ),
( 'H4', '56', '10', '5' ),
( 'H4', '57', '10', '6' ),
( 'H4', '58', '10', '7' ),
( 'H4', '59', '10', '8' ),
( 'H4', '60', '11', '0' ),
( 'H4', '61', '11', '1' ),
( 'H4', '62', '11', '2' ),
( 'H4', '63', '11', '3' ),
( 'H4', '64', '11', '4' ),
( 'H4', '65', '11', '5' ),
( 'H4', '66', '11', '6' ),
( 'H4', '67', '11', '7' ),
( 'H4', '68', '11', '8' ),
( 'H4', '69', '11', '9' ),
( 'H4', '70', '11', '10' ),
( 'H4', '71', '11', '11' ),
( 'H4', '72', '11', '12' ),
( 'H4', '73', '11', '13' ),
( 'H4', '74', '11', '14' ),
( 'H4', '75', '11', '15' ),
( 'H4', '76', '11', '16' ),
( 'H4', '77', '11', '17' ),
( 'H4', '78', '11', '18' ),
( 'H4', '79', '11', '19' ),
( 'H4', '80', '11', '20' ),
( 'H4', '81', '11', '21' ),
( 'H4', '82', '11', '22' ),
( 'H4', '83', '11', '23' ),
( 'H4', '84', '11', '24' ),
( 'H4', '85', '11', '25' ),
( 'H4', '86', '11', '26' ),
( 'H4', '87', '11', '27' ),
( 'H4', '88', '11', '28' ),
( 'H4', '89', '11', '29' ),
( 'H4', '90', '11', '30' ),
( 'H4', '91', '11', '31' ),
( 'H4', '92', '12', '0' ),
( 'H4', '93', '12', '1' ),
( 'H4', '94', '12', '2' ),
( 'H4', '95', '12', '3' ),
( 'H4', '96', '12', '4' ),
( 'H4', '97', '12', '5' ),
( 'H4', '98', '13', '0' ),
( 'H4', '99', '13', '1' ),
( 'H4', '100', '13', '2' ),
( 'H4', '101', '13', '3' ),
( 'H4', '102', '13', '4' ),
( 'H4', '103', '13', '5' ),
( 'H4', '104', '13', '6' ),
( 'H4', '105', '13', '7' ),
( 'H4', '106', '13', '8' ),
( 'H4', '107', '13', '9' ),
( 'H4', '108', '13', '10' ),
( 'H4', '109', '13', '11' ),
( 'H4', '110', '13', '12' ),
( 'H4', '111', '14', '0' ),
( 'H4', '113', '14', '2' ),
( 'H4', '117', '14', '6' ),
( 'H4', '118', '14', '7' ),
( 'H4', '120', '14', '9' ),
( 'H4', '121', '14', '10' ),
( 'H4', '123', '15', '0' ),
( 'H4', '124', '15', '1' ),
( 'H4', '125', '15', '2' ),
( 'H4', '126', '15', '3' ),
( 'H4', '127', '16', '0' ),
( 'H4', '128', '16', '1' ),
( 'H4', '129', '16', '2' ),
( 'H4', '130', '17', '0' ),
( 'H4', '131', '17', '1' ),
( 'H4', '132', '17', '2' ),
( 'H4', '133', '17', '3' ),
( 'H4', '134', '17', '4' ),
( 'H4', '135', '18', '0' ),
( 'H4', '136', '18', '1' ),
( 'H4', '137', '18', '2' );

INSERT INTO `vtiger_role2picklist`(`roleid`,`picklistvalueid`,`picklistid`,`sortid`) VALUES 
( 'H4', '138', '18', '3' ),
( 'H4', '139', '19', '0' ),
( 'H4', '140', '19', '1' ),
( 'H4', '141', '19', '2' ),
( 'H4', '142', '19', '3' ),
( 'H4', '143', '19', '4' ),
( 'H4', '144', '20', '0' ),
( 'H4', '145', '20', '1' ),
( 'H4', '146', '20', '2' ),
( 'H4', '147', '20', '3' ),
( 'H4', '150', '21', '0' ),
( 'H4', '158', '21', '8' ),
( 'H4', '159', '21', '9' ),
( 'H4', '160', '22', '0' ),
( 'H4', '161', '22', '1' ),
( 'H4', '162', '22', '2' ),
( 'H4', '163', '22', '3' ),
( 'H4', '164', '22', '4' ),
( 'H4', '165', '22', '5' ),
( 'H4', '166', '23', '0' ),
( 'H4', '167', '23', '1' ),
( 'H4', '168', '23', '2' ),
( 'H4', '169', '23', '3' ),
( 'H4', '170', '24', '0' ),
( 'H4', '171', '24', '1' ),
( 'H4', '172', '24', '2' ),
( 'H4', '173', '25', '0' ),
( 'H4', '174', '25', '1' ),
( 'H4', '175', '25', '2' ),
( 'H4', '176', '25', '3' ),
( 'H4', '177', '25', '4' ),
( 'H4', '178', '25', '5' ),
( 'H4', '179', '26', '0' ),
( 'H4', '180', '26', '1' ),
( 'H4', '181', '26', '2' ),
( 'H4', '182', '27', '0' ),
( 'H4', '183', '27', '1' ),
( 'H4', '184', '27', '2' ),
( 'H4', '185', '27', '3' ),
( 'H4', '186', '28', '0' ),
( 'H4', '187', '28', '1' ),
( 'H4', '188', '28', '2' ),
( 'H4', '189', '28', '3' ),
( 'H4', '190', '29', '0' ),
( 'H4', '191', '29', '1' ),
( 'H4', '192', '29', '2' ),
( 'H4', '193', '29', '3' ),
( 'H4', '194', '30', '0' ),
( 'H4', '195', '30', '1' ),
( 'H4', '196', '30', '2' ),
( 'H4', '197', '30', '3' ),
( 'H4', '198', '30', '4' ),
( 'H4', '199', '30', '5' ),
( 'H4', '200', '30', '6' ),
( 'H4', '201', '30', '7' ),
( 'H4', '202', '30', '8' ),
( 'H4', '203', '30', '9' ),
( 'H4', '204', '30', '10' ),
( 'H4', '205', '30', '11' ),
( 'H4', '206', '30', '12' ),
( 'H4', '207', '30', '13' ),
( 'H4', '208', '30', '14' ),
( 'H4', '209', '30', '15' ),
( 'H4', '210', '31', '1' ),
( 'H4', '211', '31', '2' ),
( 'H4', '212', '31', '3' ),
( 'H4', '213', '31', '4' ),
( 'H4', '214', '32', '1' ),
( 'H4', '215', '32', '2' ),
( 'H4', '216', '32', '3' ),
( 'H4', '217', '32', '4' ),
( 'H4', '218', '32', '5' ),
( 'H4', '219', '32', '6' ),
( 'H4', '220', '33', '1' ),
( 'H4', '221', '33', '2' ),
( 'H4', '222', '33', '3' ),
( 'H4', '223', '34', '1' ),
( 'H4', '224', '34', '2' ),
( 'H4', '225', '34', '3' ),
( 'H4', '226', '35', '1' ),
( 'H4', '227', '35', '2' ),
( 'H4', '228', '35', '3' ),
( 'H4', '229', '36', '1' ),
( 'H4', '230', '36', '2' ),
( 'H4', '231', '36', '3' ),
( 'H4', '232', '36', '4' ),
( 'H4', '233', '36', '5' ),
( 'H4', '234', '36', '6' ),
( 'H4', '235', '37', '1' ),
( 'H4', '236', '37', '2' ),
( 'H4', '237', '37', '3' ),
( 'H4', '238', '37', '4' ),
( 'H4', '239', '38', '1' ),
( 'H4', '240', '38', '2' ),
( 'H4', '241', '38', '3' ),
( 'H4', '242', '38', '4' ),
( 'H4', '243', '39', '1' ),
( 'H4', '244', '39', '2' ),
( 'H4', '245', '39', '3' ),
( 'H4', '246', '39', '4' ),
( 'H4', '247', '40', '1' ),
( 'H4', '248', '40', '2' ),
( 'H4', '249', '40', '3' ),
( 'H4', '250', '40', '4' ),
( 'H4', '251', '40', '5' ),
( 'H4', '252', '40', '6' ),
( 'H4', '253', '40', '7' ),
( 'H4', '254', '40', '8' ),
( 'H4', '255', '40', '9' ),
( 'H4', '256', '40', '10' ),
( 'H4', '257', '40', '11' ),
( 'H4', '258', '41', '1' ),
( 'H4', '259', '41', '2' ),
( 'H4', '260', '41', '3' ),
( 'H4', '261', '41', '4' ),
( 'H4', '262', '41', '5' ),
( 'H4', '263', '41', '6' ),
( 'H4', '264', '41', '7' ),
( 'H4', '265', '41', '8' ),
( 'H4', '266', '41', '9' ),
( 'H4', '267', '42', '1' ),
( 'H4', '268', '42', '2' ),
( 'H4', '269', '42', '3' ),
( 'H4', '270', '42', '4' ),
( 'H4', '271', '43', '1' ),
( 'H4', '272', '43', '2' ),
( 'H4', '273', '43', '3' ),
( 'H4', '274', '43', '4' ),
( 'H4', '275', '44', '1' ),
( 'H4', '276', '44', '2' ),
( 'H4', '277', '44', '3' ),
( 'H4', '278', '44', '4' ),
( 'H4', '279', '44', '5' ),
( 'H4', '280', '44', '6' ),
( 'H4', '281', '44', '7' ),
( 'H4', '282', '44', '8' ),
( 'H4', '283', '44', '9' ),
( 'H4', '284', '44', '10' ),
( 'H4', '285', '44', '11' ),
( 'H4', '286', '45', '1' ),
( 'H4', '287', '45', '2' ),
( 'H4', '288', '12', '1' ),
( 'H4', '289', '46', '1' ),
( 'H4', '290', '46', '2' ),
( 'H4', '291', '46', '3' ),
( 'H4', '292', '46', '4' ),
( 'H4', '293', '46', '5' ),
( 'H4', '294', '46', '6' ),
( 'H4', '295', '2', '1' ),
( 'H4', '296', '47', '1' ),
( 'H4', '297', '47', '2' ),
( 'H4', '298', '47', '3' ),
( 'H4', '299', '48', '1' ),
( 'H4', '300', '48', '2' ),
( 'H4', '303', '49', '1' ),
( 'H4', '304', '49', '2' ),
( 'H4', '323', '12', '1' ),
( 'H4', '343', '12', '1' ),
( 'H4', '344', '12', '6' ),
( 'H5', '1', '1', '0' ),
( 'H5', '2', '1', '1' ),
( 'H5', '3', '1', '2' ),
( 'H5', '4', '1', '3' ),
( 'H5', '5', '1', '4' ),
( 'H5', '6', '1', '5' ),
( 'H5', '7', '1', '6' ),
( 'H5', '8', '1', '7' ),
( 'H5', '9', '1', '8' ),
( 'H5', '10', '1', '9' ),
( 'H5', '11', '1', '10' ),
( 'H5', '12', '2', '0' ),
( 'H5', '13', '2', '1' ),
( 'H5', '14', '3', '0' ),
( 'H5', '15', '3', '1' ),
( 'H5', '16', '3', '2' ),
( 'H5', '17', '3', '3' ),
( 'H5', '18', '3', '4' ),
( 'H5', '19', '3', '5' ),
( 'H5', '20', '4', '0' ),
( 'H5', '21', '4', '1' ),
( 'H5', '22', '4', '2' ),
( 'H5', '23', '4', '3' ),
( 'H5', '24', '4', '4' ),
( 'H5', '25', '4', '5' ),
( 'H5', '26', '4', '6' ),
( 'H5', '27', '4', '7' ),
( 'H5', '28', '4', '8' ),
( 'H5', '29', '4', '9' ),
( 'H5', '30', '4', '10' ),
( 'H5', '31', '4', '11' ),
( 'H5', '32', '4', '12' ),
( 'H5', '33', '5', '0' ),
( 'H5', '34', '5', '1' ),
( 'H5', '35', '5', '2' ),
( 'H5', '36', '5', '3' ),
( 'H5', '37', '5', '4' ),
( 'H5', '38', '6', '0' ),
( 'H5', '39', '6', '1' ),
( 'H5', '40', '6', '2' ),
( 'H5', '41', '7', '0' ),
( 'H5', '42', '7', '1' ),
( 'H5', '43', '7', '2' ),
( 'H5', '44', '7', '3' ),
( 'H5', '45', '7', '4' ),
( 'H5', '46', '8', '0' ),
( 'H5', '47', '9', '0' ),
( 'H5', '48', '9', '1' ),
( 'H5', '49', '9', '2' ),
( 'H5', '50', '9', '3' ),
( 'H5', '51', '10', '0' ),
( 'H5', '52', '10', '1' ),
( 'H5', '53', '10', '2' ),
( 'H5', '54', '10', '3' ),
( 'H5', '55', '10', '4' ),
( 'H5', '56', '10', '5' ),
( 'H5', '57', '10', '6' ),
( 'H5', '58', '10', '7' ),
( 'H5', '59', '10', '8' ),
( 'H5', '60', '11', '0' ),
( 'H5', '61', '11', '1' ),
( 'H5', '62', '11', '2' ),
( 'H5', '63', '11', '3' ),
( 'H5', '64', '11', '4' ),
( 'H5', '65', '11', '5' ),
( 'H5', '66', '11', '6' ),
( 'H5', '67', '11', '7' ),
( 'H5', '68', '11', '8' ),
( 'H5', '69', '11', '9' ),
( 'H5', '70', '11', '10' ),
( 'H5', '71', '11', '11' ),
( 'H5', '72', '11', '12' ),
( 'H5', '73', '11', '13' ),
( 'H5', '74', '11', '14' ),
( 'H5', '75', '11', '15' ),
( 'H5', '76', '11', '16' ),
( 'H5', '77', '11', '17' ),
( 'H5', '78', '11', '18' ),
( 'H5', '79', '11', '19' ),
( 'H5', '80', '11', '20' ),
( 'H5', '81', '11', '21' ),
( 'H5', '82', '11', '22' ),
( 'H5', '83', '11', '23' ),
( 'H5', '84', '11', '24' ),
( 'H5', '85', '11', '25' ),
( 'H5', '86', '11', '26' ),
( 'H5', '87', '11', '27' ),
( 'H5', '88', '11', '28' ),
( 'H5', '89', '11', '29' ),
( 'H5', '90', '11', '30' ),
( 'H5', '91', '11', '31' );

INSERT INTO `vtiger_role2picklist`(`roleid`,`picklistvalueid`,`picklistid`,`sortid`) VALUES 
( 'H5', '92', '12', '0' ),
( 'H5', '93', '12', '1' ),
( 'H5', '94', '12', '2' ),
( 'H5', '95', '12', '3' ),
( 'H5', '96', '12', '4' ),
( 'H5', '97', '12', '5' ),
( 'H5', '98', '13', '0' ),
( 'H5', '99', '13', '1' ),
( 'H5', '100', '13', '2' ),
( 'H5', '101', '13', '3' ),
( 'H5', '102', '13', '4' ),
( 'H5', '103', '13', '5' ),
( 'H5', '104', '13', '6' ),
( 'H5', '105', '13', '7' ),
( 'H5', '106', '13', '8' ),
( 'H5', '107', '13', '9' ),
( 'H5', '108', '13', '10' ),
( 'H5', '109', '13', '11' ),
( 'H5', '110', '13', '12' ),
( 'H5', '111', '14', '0' ),
( 'H5', '113', '14', '2' ),
( 'H5', '117', '14', '6' ),
( 'H5', '118', '14', '7' ),
( 'H5', '120', '14', '9' ),
( 'H5', '121', '14', '10' ),
( 'H5', '123', '15', '0' ),
( 'H5', '124', '15', '1' ),
( 'H5', '125', '15', '2' ),
( 'H5', '126', '15', '3' ),
( 'H5', '127', '16', '0' ),
( 'H5', '128', '16', '1' ),
( 'H5', '129', '16', '2' ),
( 'H5', '130', '17', '0' ),
( 'H5', '131', '17', '1' ),
( 'H5', '132', '17', '2' ),
( 'H5', '133', '17', '3' ),
( 'H5', '134', '17', '4' ),
( 'H5', '135', '18', '0' ),
( 'H5', '136', '18', '1' ),
( 'H5', '137', '18', '2' ),
( 'H5', '138', '18', '3' ),
( 'H5', '139', '19', '0' ),
( 'H5', '140', '19', '1' ),
( 'H5', '141', '19', '2' ),
( 'H5', '142', '19', '3' ),
( 'H5', '143', '19', '4' ),
( 'H5', '144', '20', '0' ),
( 'H5', '145', '20', '1' ),
( 'H5', '146', '20', '2' ),
( 'H5', '147', '20', '3' ),
( 'H5', '150', '21', '0' ),
( 'H5', '158', '21', '8' ),
( 'H5', '159', '21', '9' ),
( 'H5', '160', '22', '0' ),
( 'H5', '161', '22', '1' ),
( 'H5', '162', '22', '2' ),
( 'H5', '163', '22', '3' ),
( 'H5', '164', '22', '4' ),
( 'H5', '165', '22', '5' ),
( 'H5', '166', '23', '0' ),
( 'H5', '167', '23', '1' ),
( 'H5', '168', '23', '2' ),
( 'H5', '169', '23', '3' ),
( 'H5', '170', '24', '0' ),
( 'H5', '171', '24', '1' ),
( 'H5', '172', '24', '2' ),
( 'H5', '173', '25', '0' ),
( 'H5', '174', '25', '1' ),
( 'H5', '175', '25', '2' ),
( 'H5', '176', '25', '3' ),
( 'H5', '177', '25', '4' ),
( 'H5', '178', '25', '5' ),
( 'H5', '179', '26', '0' ),
( 'H5', '180', '26', '1' ),
( 'H5', '181', '26', '2' ),
( 'H5', '182', '27', '0' ),
( 'H5', '183', '27', '1' ),
( 'H5', '184', '27', '2' ),
( 'H5', '185', '27', '3' ),
( 'H5', '186', '28', '0' ),
( 'H5', '187', '28', '1' ),
( 'H5', '188', '28', '2' ),
( 'H5', '189', '28', '3' ),
( 'H5', '190', '29', '0' ),
( 'H5', '191', '29', '1' ),
( 'H5', '192', '29', '2' ),
( 'H5', '193', '29', '3' ),
( 'H5', '194', '30', '0' ),
( 'H5', '195', '30', '1' ),
( 'H5', '196', '30', '2' ),
( 'H5', '197', '30', '3' ),
( 'H5', '198', '30', '4' ),
( 'H5', '199', '30', '5' ),
( 'H5', '200', '30', '6' ),
( 'H5', '201', '30', '7' ),
( 'H5', '202', '30', '8' ),
( 'H5', '203', '30', '9' ),
( 'H5', '204', '30', '10' ),
( 'H5', '205', '30', '11' ),
( 'H5', '206', '30', '12' ),
( 'H5', '207', '30', '13' ),
( 'H5', '208', '30', '14' ),
( 'H5', '209', '30', '15' ),
( 'H5', '210', '31', '1' ),
( 'H5', '211', '31', '2' ),
( 'H5', '212', '31', '3' ),
( 'H5', '213', '31', '4' ),
( 'H5', '214', '32', '1' ),
( 'H5', '215', '32', '2' ),
( 'H5', '216', '32', '3' ),
( 'H5', '217', '32', '4' ),
( 'H5', '218', '32', '5' ),
( 'H5', '219', '32', '6' ),
( 'H5', '220', '33', '1' ),
( 'H5', '221', '33', '2' ),
( 'H5', '222', '33', '3' ),
( 'H5', '223', '34', '1' ),
( 'H5', '224', '34', '2' ),
( 'H5', '225', '34', '3' ),
( 'H5', '226', '35', '1' ),
( 'H5', '227', '35', '2' ),
( 'H5', '228', '35', '3' ),
( 'H5', '229', '36', '1' ),
( 'H5', '230', '36', '2' ),
( 'H5', '231', '36', '3' ),
( 'H5', '232', '36', '4' ),
( 'H5', '233', '36', '5' ),
( 'H5', '234', '36', '6' ),
( 'H5', '235', '37', '1' ),
( 'H5', '236', '37', '2' ),
( 'H5', '237', '37', '3' ),
( 'H5', '238', '37', '4' ),
( 'H5', '239', '38', '1' ),
( 'H5', '240', '38', '2' ),
( 'H5', '241', '38', '3' ),
( 'H5', '242', '38', '4' ),
( 'H5', '243', '39', '1' ),
( 'H5', '244', '39', '2' ),
( 'H5', '245', '39', '3' ),
( 'H5', '246', '39', '4' ),
( 'H5', '247', '40', '1' ),
( 'H5', '248', '40', '2' ),
( 'H5', '249', '40', '3' ),
( 'H5', '250', '40', '4' ),
( 'H5', '251', '40', '5' ),
( 'H5', '252', '40', '6' ),
( 'H5', '253', '40', '7' ),
( 'H5', '254', '40', '8' ),
( 'H5', '255', '40', '9' ),
( 'H5', '256', '40', '10' ),
( 'H5', '257', '40', '11' ),
( 'H5', '258', '41', '1' ),
( 'H5', '259', '41', '2' ),
( 'H5', '260', '41', '3' ),
( 'H5', '261', '41', '4' ),
( 'H5', '262', '41', '5' ),
( 'H5', '263', '41', '6' ),
( 'H5', '264', '41', '7' ),
( 'H5', '265', '41', '8' ),
( 'H5', '266', '41', '9' ),
( 'H5', '267', '42', '1' ),
( 'H5', '268', '42', '2' ),
( 'H5', '269', '42', '3' ),
( 'H5', '270', '42', '4' ),
( 'H5', '271', '43', '1' ),
( 'H5', '272', '43', '2' ),
( 'H5', '273', '43', '3' ),
( 'H5', '274', '43', '4' ),
( 'H5', '275', '44', '1' ),
( 'H5', '276', '44', '2' ),
( 'H5', '277', '44', '3' ),
( 'H5', '278', '44', '4' ),
( 'H5', '279', '44', '5' ),
( 'H5', '280', '44', '6' ),
( 'H5', '281', '44', '7' ),
( 'H5', '282', '44', '8' ),
( 'H5', '283', '44', '9' ),
( 'H5', '284', '44', '10' ),
( 'H5', '285', '44', '11' ),
( 'H5', '286', '45', '1' ),
( 'H5', '287', '45', '2' ),
( 'H5', '288', '12', '1' ),
( 'H5', '289', '46', '1' ),
( 'H5', '290', '46', '2' ),
( 'H5', '291', '46', '3' ),
( 'H5', '292', '46', '4' ),
( 'H5', '293', '46', '5' ),
( 'H5', '294', '46', '6' ),
( 'H5', '295', '2', '1' ),
( 'H5', '296', '47', '1' ),
( 'H5', '297', '47', '2' ),
( 'H5', '298', '47', '3' ),
( 'H5', '299', '48', '1' ),
( 'H5', '300', '48', '2' ),
( 'H5', '303', '49', '1' ),
( 'H5', '304', '49', '2' ),
( 'H5', '323', '12', '1' ),
( 'H5', '343', '12', '1' ),
( 'H5', '344', '12', '6' );
COMMIT;
-- ---------------------------------------------------------


-- Dump data of "vtiger_role2profile" ----------------------
BEGIN;

INSERT INTO `vtiger_role2profile`(`roleid`,`profileid`) VALUES 
( 'H2', '1' ),
( 'H3', '2' ),
( 'H4', '2' ),
( 'H5', '2' );
COMMIT;
-- ---------------------------------------------------------


-- Dump data of "vtiger_role_seq" --------------------------
BEGIN;

INSERT INTO `vtiger_role_seq`(`id`) VALUES 
( '5' );
COMMIT;
-- ---------------------------------------------------------


-- Dump data of "vtiger_rollupcomments_settings" -----------
BEGIN;

INSERT INTO `vtiger_rollupcomments_settings`(`rollupid`,`userid`,`tabid`,`rollup_status`) VALUES 
( '1', '1', '2', '1' );
COMMIT;
-- ---------------------------------------------------------


-- Dump data of "vtiger_rowheight" -------------------------
BEGIN;

INSERT INTO `vtiger_rowheight`(`rowheightid`,`rowheight`,`sortorderid`,`presence`) VALUES 
( '1', 'wide', '0', '1' ),
( '2', 'medium', '1', '1' ),
( '3', 'narrow', '2', '1' );
COMMIT;
-- ---------------------------------------------------------


-- Dump data of "vtiger_rowheight_seq" ---------------------
BEGIN;

INSERT INTO `vtiger_rowheight_seq`(`id`) VALUES 
( '3' );
COMMIT;
-- ---------------------------------------------------------


-- Dump data of "vtiger_rss" -------------------------------
-- ---------------------------------------------------------


-- Dump data of "vtiger_sales_stage" -----------------------
BEGIN;

INSERT INTO `vtiger_sales_stage`(`sales_stage_id`,`sales_stage`,`presence`,`picklist_valueid`,`sortorderid`,`color`) VALUES 
( '1', 'New', '1', '150', '0', '#ffffff' ),
( '9', 'Closed Won', '0', '158', '8', '#6ab84f' ),
( '10', 'Closed Lost', '0', '159', '9', '#e68388' );
COMMIT;
-- ---------------------------------------------------------


-- Dump data of "vtiger_sales_stage_seq" -------------------
BEGIN;

INSERT INTO `vtiger_sales_stage_seq`(`id`) VALUES 
( '10' );
COMMIT;
-- ---------------------------------------------------------


-- Dump data of "vtiger_salesmanactivityrel" ---------------
BEGIN;

INSERT INTO `vtiger_salesmanactivityrel`(`smid`,`activityid`) VALUES 
( '1', '104' );
COMMIT;
-- ---------------------------------------------------------


-- Dump data of "vtiger_salesmanattachmentsrel" ------------
-- ---------------------------------------------------------


-- Dump data of "vtiger_salesmanticketrel" -----------------
-- ---------------------------------------------------------


-- Dump data of "vtiger_salesorder" ------------------------
BEGIN;

INSERT INTO `vtiger_salesorder`(`salesorderid`,`subject`,`potentialid`,`customerno`,`salesorder_no`,`quoteid`,`vendorterms`,`contactid`,`vendorid`,`duedate`,`carrier`,`pending`,`type`,`adjustment`,`salescommission`,`exciseduty`,`total`,`subtotal`,`taxtype`,`discount_percent`,`discount_amount`,`s_h_amount`,`accountid`,`terms_conditions`,`purchaseorder`,`sostatus`,`currency_id`,`conversion_rate`,`enable_recurring`,`compound_taxes_info`,`pre_tax_total`,`s_h_percent`,`tags`,`region_id`) VALUES 
( '5', 'test-so', '0', '', 'SO1', '0', NULL, '4', NULL, NULL, '', '', NULL, '0.00000000', '0.000', '0.000', '13.98000000', '11.00000000', 'group', NULL, NULL, '0.00000000', '2', '- Unless otherwise agreed in writing by the supplier all invoices are payable within thirty (30) days of the date of invoice, in the currency of the invoice, drawn on a bank based in India or by such other method as is agreed in advance by the Supplier.

 - All prices are not inclusive of VAT which shall be payable in addition by the Customer at the applicable rate.', '', 'Delivered', '1', '1.000', '0', '[]', '11.00000000', '0.000', '', '0' ),
( '11', 'test', '0', '', 'SO2', '10', NULL, '4', NULL, NULL, 'UPS', '', NULL, '0.00000000', '0.000', '0.000', '27.94000000', '22.00000000', 'group', NULL, NULL, '0.00000000', '2', '- Unless otherwise agreed in writing by the supplier all invoices are payable within thirty (30) days of the date of invoice, in the currency of the invoice, drawn on a bank based in India or by such other method as is agreed in advance by the Supplier.

 - All prices are not inclusive of VAT which shall be payable in addition by the Customer at the applicable rate.', '', 'Created', '2', '1.000', '0', '[]', '22.00000000', '0.000', '', '0' );
COMMIT;
-- ---------------------------------------------------------


-- Dump data of "vtiger_salesordercf" ----------------------
BEGIN;

INSERT INTO `vtiger_salesordercf`(`salesorderid`) VALUES 
( '5' ),
( '11' );
COMMIT;
-- ---------------------------------------------------------


-- Dump data of "vtiger_salutationtype" --------------------
BEGIN;

INSERT INTO `vtiger_salutationtype`(`salutationid`,`salutationtype`,`presence`,`picklist_valueid`,`sortorderid`,`color`) VALUES 
( '2', 'Mr.', '1', '161', '1', NULL ),
( '3', 'Ms.', '1', '162', '2', NULL ),
( '4', 'Mrs.', '1', '163', '3', NULL ),
( '5', 'Dr.', '1', '164', '4', NULL ),
( '6', 'Prof.', '1', '165', '5', NULL );
COMMIT;
-- ---------------------------------------------------------


-- Dump data of "vtiger_salutationtype_seq" ----------------
BEGIN;

INSERT INTO `vtiger_salutationtype_seq`(`id`) VALUES 
( '6' );
COMMIT;
-- ---------------------------------------------------------


-- Dump data of "vtiger_scheduled_reports" -----------------
-- ---------------------------------------------------------


-- Dump data of "vtiger_schedulereports" -------------------
-- ---------------------------------------------------------


-- Dump data of "vtiger_seactivityrel" ---------------------
BEGIN;

INSERT INTO `vtiger_seactivityrel`(`crmid`,`activityid`) VALUES 
( '4', '6' ),
( '4', '9' ),
( '17', '18' ),
( '42', '23' ),
( '42', '24' ),
( '42', '25' ),
( '42', '26' ),
( '42', '27' ),
( '42', '28' ),
( '42', '30' ),
( '42', '31' ),
( '42', '32' ),
( '42', '33' ),
( '42', '34' ),
( '42', '35' ),
( '42', '36' ),
( '42', '37' ),
( '42', '38' ),
( '42', '39' ),
( '42', '45' ),
( '43', '46' ),
( '42', '48' ),
( '42', '49' ),
( '42', '50' ),
( '4', '51' ),
( '4', '52' ),
( '4', '53' ),
( '4', '54' ),
( '8', '56' ),
( '58', '59' ),
( '60', '61' ),
( '42', '65' ),
( '67', '69' ),
( '68', '70' ),
( '74', '77' ),
( '82', '83' ),
( '67', '86' ),
( '42', '87' ),
( '58', '88' ),
( '4', '89' ),
( '60', '104' ),
( '82', '107' ),
( '82', '108' ),
( '109', '110' ),
( '114', '116' ),
( '115', '117' ),
( '121', '120' ),
( '121', '124' ),
( '122', '125' ),
( '123', '126' ),
( '8', '129' ),
( '8', '130' ),
( '121', '131' ),
( '42', '132' ),
( '42', '133' ),
( '42', '134' ),
( '42', '136' ),
( '42', '137' ),
( '42', '138' ),
( '135', '139' ),
( '143', '144' );
COMMIT;
-- ---------------------------------------------------------


-- Dump data of "vtiger_seactivityrel_seq" -----------------
BEGIN;

INSERT INTO `vtiger_seactivityrel_seq`(`id`) VALUES 
( '1' );
COMMIT;
-- ---------------------------------------------------------


-- Dump data of "vtiger_seattachmentsrel" ------------------
BEGIN;

INSERT INTO `vtiger_seattachmentsrel`(`crmid`,`attachmentsid`) VALUES 
( '93', '94' ),
( '96', '97' );
COMMIT;
-- ---------------------------------------------------------


-- Dump data of "vtiger_selectcolumn" ----------------------
BEGIN;

INSERT INTO `vtiger_selectcolumn`(`queryid`,`columnindex`,`columnname`) VALUES 
( '1', '0', 'vtiger_contactdetails:firstname:Contacts_First_Name:firstname:V' ),
( '1', '1', 'vtiger_contactdetails:lastname:Contacts_Last_Name:lastname:V' ),
( '1', '2', 'vtiger_contactsubdetails:leadsource:Contacts_Lead_Source:leadsource:V' ),
( '1', '3', 'vtiger_contactdetails:accountid:Contacts_Account_Name:account_id:V' ),
( '1', '4', 'vtiger_account:industry:Accounts_industry:industry:V' ),
( '1', '5', 'vtiger_contactdetails:email:Contacts_Email:email:E' ),
( '2', '0', 'vtiger_contactdetails:firstname:Contacts_First_Name:firstname:V' ),
( '2', '1', 'vtiger_contactdetails:lastname:Contacts_Last_Name:lastname:V' ),
( '2', '2', 'vtiger_contactsubdetails:leadsource:Contacts_Lead_Source:leadsource:V' ),
( '2', '3', 'vtiger_contactdetails:accountid:Contacts_Account_Name:account_id:V' ),
( '2', '4', 'vtiger_account:industry:Accounts_industry:industry:V' ),
( '2', '5', 'vtiger_contactdetails:email:Contacts_Email:email:E' ),
( '3', '0', 'vtiger_contactdetails:firstname:Contacts_First_Name:firstname:V' ),
( '3', '1', 'vtiger_contactdetails:lastname:Contacts_Last_Name:lastname:V' ),
( '3', '2', 'vtiger_contactdetails:accountid:Contacts_Account_Name:account_id:V' ),
( '3', '3', 'vtiger_contactdetails:email:Contacts_Email:email:E' ),
( '3', '4', 'vtiger_potential:potentialname:Potentials_Potential_Name:potentialname:V' ),
( '3', '5', 'vtiger_potential:sales_stage:Potentials_Sales_Stage:sales_stage:V' ),
( '4', '0', 'vtiger_leaddetails:firstname:Leads_First_Name:firstname:V' ),
( '4', '1', 'vtiger_leaddetails:lastname:Leads_Last_Name:lastname:V' ),
( '4', '2', 'vtiger_leaddetails:company:Leads_Company:company:V' ),
( '4', '3', 'vtiger_leaddetails:email:Leads_Email:email:E' ),
( '4', '4', 'vtiger_leaddetails:leadsource:Leads_Lead_Source:leadsource:V' ),
( '5', '0', 'vtiger_leaddetails:firstname:Leads_First_Name:firstname:V' ),
( '5', '1', 'vtiger_leaddetails:lastname:Leads_Last_Name:lastname:V' ),
( '5', '2', 'vtiger_leaddetails:company:Leads_Company:company:V' ),
( '5', '3', 'vtiger_leaddetails:email:Leads_Email:email:E' ),
( '5', '4', 'vtiger_leaddetails:leadsource:Leads_Lead_Source:leadsource:V' ),
( '5', '5', 'vtiger_leaddetails:leadstatus:Leads_Lead_Status:leadstatus:V' ),
( '6', '0', 'vtiger_potential:potentialname:Potentials_Potential_Name:potentialname:V' ),
( '6', '1', 'vtiger_potential:amount:Potentials_Amount:amount:N' ),
( '6', '2', 'vtiger_potential:potentialtype:Potentials_Type:opportunity_type:V' ),
( '6', '3', 'vtiger_potential:leadsource:Potentials_Lead_Source:leadsource:V' ),
( '6', '4', 'vtiger_potential:sales_stage:Potentials_Sales_Stage:sales_stage:V' ),
( '7', '0', 'vtiger_potential:potentialname:Potentials_Potential_Name:potentialname:V' ),
( '7', '1', 'vtiger_potential:amount:Potentials_Amount:amount:N' ),
( '7', '2', 'vtiger_potential:potentialtype:Potentials_Type:opportunity_type:V' ),
( '7', '3', 'vtiger_potential:leadsource:Potentials_Lead_Source:leadsource:V' ),
( '7', '4', 'vtiger_potential:sales_stage:Potentials_Sales_Stage:sales_stage:V' ),
( '8', '0', 'vtiger_activity:subject:Calendar_Subject:subject:V' ),
( '8', '1', 'vtiger_contactdetailsCalendar:lastname:Calendar_Contact_Name:contact_id:I' ),
( '8', '2', 'vtiger_activity:status:Calendar_Status:taskstatus:V' ),
( '8', '3', 'vtiger_activity:priority:Calendar_Priority:taskpriority:V' ),
( '8', '4', 'vtiger_usersCalendar:user_name:Calendar_Assigned_To:assigned_user_id:V' ),
( '9', '0', 'vtiger_activity:subject:Calendar_Subject:subject:V' ),
( '9', '1', 'vtiger_contactdetailsCalendar:lastname:Calendar_Contact_Name:contact_id:I' ),
( '9', '2', 'vtiger_activity:status:Calendar_Status:taskstatus:V' ),
( '9', '3', 'vtiger_activity:priority:Calendar_Priority:taskpriority:V' ),
( '9', '4', 'vtiger_usersCalendar:user_name:Calendar_Assigned_To:assigned_user_id:V' ),
( '10', '0', 'vtiger_troubletickets:title:HelpDesk_Title:ticket_title:V' ),
( '10', '1', 'vtiger_troubletickets:status:HelpDesk_Status:ticketstatus:V' ),
( '10', '2', 'vtiger_products:productname:Products_Product_Name:productname:V' ),
( '10', '3', 'vtiger_products:discontinued:Products_Product_Active:discontinued:V' ),
( '10', '4', 'vtiger_products:productcategory:Products_Product_Category:productcategory:V' ),
( '10', '5', 'vtiger_products:manufacturer:Products_Manufacturer:manufacturer:V' ),
( '11', '0', 'vtiger_troubletickets:title:HelpDesk_Title:ticket_title:V' ),
( '11', '1', 'vtiger_troubletickets:priority:HelpDesk_Priority:ticketpriorities:V' ),
( '11', '2', 'vtiger_troubletickets:severity:HelpDesk_Severity:ticketseverities:V' ),
( '11', '3', 'vtiger_troubletickets:status:HelpDesk_Status:ticketstatus:V' ),
( '11', '4', 'vtiger_troubletickets:category:HelpDesk_Category:ticketcategories:V' ),
( '11', '5', 'vtiger_usersHelpDesk:user_name:HelpDesk_Assigned_To:assigned_user_id:V' ),
( '12', '0', 'vtiger_troubletickets:title:HelpDesk_Title:ticket_title:V' ),
( '12', '1', 'vtiger_troubletickets:priority:HelpDesk_Priority:ticketpriorities:V' ),
( '12', '2', 'vtiger_troubletickets:severity:HelpDesk_Severity:ticketseverities:V' ),
( '12', '3', 'vtiger_troubletickets:status:HelpDesk_Status:ticketstatus:V' ),
( '12', '4', 'vtiger_troubletickets:category:HelpDesk_Category:ticketcategories:V' ),
( '12', '5', 'vtiger_usersHelpDesk:user_name:HelpDesk_Assigned_To:assigned_user_id:V' ),
( '13', '0', 'vtiger_products:productname:Products_Product_Name:productname:V' ),
( '13', '1', 'vtiger_products:productcode:Products_Product_Code:productcode:V' ),
( '13', '2', 'vtiger_products:discontinued:Products_Product_Active:discontinued:V' ),
( '13', '3', 'vtiger_products:productcategory:Products_Product_Category:productcategory:V' ),
( '13', '4', 'vtiger_products:website:Products_Website:website:V' ),
( '13', '5', 'vtiger_vendorRelProducts:vendorname:Products_Vendor_Name:vendor_id:I' ),
( '13', '6', 'vtiger_products:mfr_part_no:Products_Mfr_PartNo:mfr_part_no:V' ),
( '14', '0', 'vtiger_products:productname:Products_Product_Name:productname:V' ),
( '14', '1', 'vtiger_products:manufacturer:Products_Manufacturer:manufacturer:V' ),
( '14', '2', 'vtiger_products:productcategory:Products_Product_Category:productcategory:V' ),
( '14', '3', 'vtiger_contactdetails:firstname:Contacts_First_Name:firstname:V' ),
( '14', '4', 'vtiger_contactdetails:lastname:Contacts_Last_Name:lastname:V' ),
( '14', '5', 'vtiger_contactsubdetails:leadsource:Contacts_Lead_Source:leadsource:V' ),
( '15', '0', 'vtiger_quotes:subject:Quotes_Subject:subject:V' ),
( '15', '1', 'vtiger_potentialRelQuotes:potentialname:Quotes_Potential_Name:potential_id:I' ),
( '15', '2', 'vtiger_quotes:quotestage:Quotes_Quote_Stage:quotestage:V' ),
( '15', '3', 'vtiger_quotes:contactid:Quotes_Contact_Name:contact_id:V' ),
( '15', '4', 'vtiger_usersRel1:user_name:Quotes_Inventory_Manager:assigned_user_id1:I' ),
( '15', '5', 'vtiger_accountQuotes:accountname:Quotes_Account_Name:account_id:I' ),
( '16', '0', 'vtiger_quotes:subject:Quotes_Subject:subject:V' ),
( '16', '1', 'vtiger_potentialRelQuotes:potentialname:Quotes_Potential_Name:potential_id:I' ),
( '16', '2', 'vtiger_quotes:quotestage:Quotes_Quote_Stage:quotestage:V' ),
( '16', '3', 'vtiger_quotes:contactid:Quotes_Contact_Name:contact_id:V' ),
( '16', '4', 'vtiger_usersRel1:user_name:Quotes_Inventory_Manager:assigned_user_id1:I' ),
( '16', '5', 'vtiger_accountQuotes:accountname:Quotes_Account_Name:account_id:I' ),
( '16', '6', 'vtiger_quotes:carrier:Quotes_Carrier:carrier:V' ),
( '16', '7', 'vtiger_quotes:shipping:Quotes_Shipping:shipping:V' ),
( '17', '0', 'vtiger_purchaseorder:subject:PurchaseOrder_Subject:subject:V' ),
( '17', '1', 'vtiger_vendorRelPurchaseOrder:vendorname:PurchaseOrder_Vendor_Name:vendor_id:I' ),
( '17', '2', 'vtiger_purchaseorder:tracking_no:PurchaseOrder_Tracking_Number:tracking_no:V' ),
( '17', '3', 'vtiger_contactdetails:firstname:Contacts_First_Name:firstname:V' ),
( '17', '4', 'vtiger_contactdetails:lastname:Contacts_Last_Name:lastname:V' ),
( '17', '5', 'vtiger_contactsubdetails:leadsource:Contacts_Lead_Source:leadsource:V' ),
( '17', '6', 'vtiger_contactdetails:email:Contacts_Email:email:E' ),
( '18', '0', 'vtiger_purchaseorder:subject:PurchaseOrder_Subject:subject:V' ),
( '18', '1', 'vtiger_vendorRelPurchaseOrder:vendorname:PurchaseOrder_Vendor_Name:vendor_id:I' ),
( '18', '2', 'vtiger_purchaseorder:requisition_no:PurchaseOrder_Requisition_No:requisition_no:V' ),
( '18', '3', 'vtiger_purchaseorder:tracking_no:PurchaseOrder_Tracking_Number:tracking_no:V' ),
( '18', '4', 'vtiger_contactdetailsPurchaseOrder:lastname:PurchaseOrder_Contact_Name:contact_id:I' ),
( '18', '5', 'vtiger_purchaseorder:carrier:PurchaseOrder_Carrier:carrier:V' ),
( '18', '6', 'vtiger_purchaseorder:salescommission:PurchaseOrder_Sales_Commission:salescommission:N' ),
( '18', '7', 'vtiger_purchaseorder:exciseduty:PurchaseOrder_Excise_Duty:exciseduty:N' ),
( '18', '8', 'vtiger_usersPurchaseOrder:user_name:PurchaseOrder_Assigned_To:assigned_user_id:V' ),
( '19', '0', 'vtiger_invoice:subject:Invoice_Subject:subject:V' ),
( '19', '1', 'vtiger_invoice:salesorderid:Invoice_Sales_Order:salesorder_id:I' ),
( '19', '2', 'vtiger_invoice:customerno:Invoice_Customer_No:customerno:V' ),
( '19', '3', 'vtiger_invoice:exciseduty:Invoice_Excise_Duty:exciseduty:N' ),
( '19', '4', 'vtiger_invoice:salescommission:Invoice_Sales_Commission:salescommission:N' ),
( '19', '5', 'vtiger_accountInvoice:accountname:Invoice_Account_Name:account_id:I' ),
( '20', '0', 'vtiger_salesorder:subject:SalesOrder_Subject:subject:V' ),
( '20', '1', 'vtiger_quotesSalesOrder:subject:SalesOrder_Quote_Name:quote_id:I' ),
( '20', '2', 'vtiger_contactdetailsSalesOrder:lastname:SalesOrder_Contact_Name:contact_id:I' ),
( '20', '3', 'vtiger_salesorder:duedate:SalesOrder_Due_Date:duedate:D' ),
( '20', '4', 'vtiger_salesorder:carrier:SalesOrder_Carrier:carrier:V' ),
( '20', '5', 'vtiger_salesorder:sostatus:SalesOrder_Status:sostatus:V' ),
( '20', '6', 'vtiger_accountSalesOrder:accountname:SalesOrder_Account_Name:account_id:I' ),
( '20', '7', 'vtiger_salesorder:salescommission:SalesOrder_Sales_Commission:salescommission:N' ),
( '20', '8', 'vtiger_salesorder:exciseduty:SalesOrder_Excise_Duty:exciseduty:N' ),
( '20', '9', 'vtiger_usersSalesOrder:user_name:SalesOrder_Assigned_To:assigned_user_id:V' ),
( '21', '0', 'vtiger_campaign:campaignname:Campaigns_Campaign_Name:campaignname:V' ),
( '21', '1', 'vtiger_campaign:campaigntype:Campaigns_Campaign_Type:campaigntype:V' ),
( '21', '2', 'vtiger_campaign:targetaudience:Campaigns_Target_Audience:targetaudience:V' ),
( '21', '3', 'vtiger_campaign:budgetcost:Campaigns_Budget_Cost:budgetcost:I' ),
( '21', '4', 'vtiger_campaign:actualcost:Campaigns_Actual_Cost:actualcost:I' ),
( '21', '5', 'vtiger_campaign:expectedrevenue:Campaigns_Expected_Revenue:expectedrevenue:I' ),
( '21', '6', 'vtiger_campaign:expectedsalescount:Campaigns_Expected_Sales_Count:expectedsalescount:N' ),
( '21', '7', 'vtiger_campaign:actualsalescount:Campaigns_Actual_Sales_Count:actualsalescount:N' ),
( '21', '8', 'vtiger_usersCampaigns:user_name:Campaigns_Assigned_To:assigned_user_id:V' ),
( '22', '0', 'vtiger_contactdetails:lastname:Contacts_Last_Name:lastname:V' ),
( '22', '1', 'vtiger_contactdetails:email:Contacts_Email:email:E' ),
( '22', '2', 'vtiger_activity:subject:Emails_Subject:subject:V' ),
( '22', '3', 'vtiger_email_track:access_count:Emails_Access_Count:access_count:I' ),
( '23', '0', 'vtiger_account:accountname:Accounts_Account_Name:accountname:V' ),
( '23', '1', 'vtiger_account:phone:Accounts_Phone:phone:V' ),
( '23', '2', 'vtiger_account:email1:Accounts_Email:email1:E' ),
( '23', '3', 'vtiger_activity:subject:Emails_Subject:subject:V' ),
( '23', '4', 'vtiger_email_track:access_count:Emails_Access_Count:access_count:I' ),
( '24', '0', 'vtiger_leaddetails:lastname:Leads_Last_Name:lastname:V' ),
( '24', '1', 'vtiger_leaddetails:company:Leads_Company:company:V' ),
( '24', '2', 'vtiger_leaddetails:email:Leads_Email:email:E' ),
( '24', '3', 'vtiger_activity:subject:Emails_Subject:subject:V' ),
( '24', '4', 'vtiger_email_track:access_count:Emails_Access_Count:access_count:I' ),
( '25', '0', 'vtiger_vendor:vendorname:Vendors_Vendor_Name:vendorname:V' ),
( '25', '1', 'vtiger_vendor:glacct:Vendors_GL_Account:glacct:V' ),
( '25', '2', 'vtiger_vendor:email:Vendors_Email:email:E' ),
( '25', '3', 'vtiger_activity:subject:Emails_Subject:subject:V' ),
( '25', '4', 'vtiger_email_track:access_count:Emails_Access_Count:access_count:I' );
COMMIT;
-- ---------------------------------------------------------


-- Dump data of "vtiger_selectquery" -----------------------
BEGIN;

INSERT INTO `vtiger_selectquery`(`queryid`,`startindex`,`numofobjects`) VALUES 
( '1', '0', '0' ),
( '2', '0', '0' ),
( '3', '0', '0' ),
( '4', '0', '0' ),
( '5', '0', '0' ),
( '6', '0', '0' ),
( '7', '0', '0' ),
( '8', '0', '0' ),
( '9', '0', '0' ),
( '10', '0', '0' ),
( '11', '0', '0' ),
( '12', '0', '0' ),
( '13', '0', '0' ),
( '14', '0', '0' ),
( '15', '0', '0' ),
( '16', '0', '0' ),
( '17', '0', '0' ),
( '18', '0', '0' ),
( '19', '0', '0' ),
( '20', '0', '0' ),
( '21', '0', '0' ),
( '22', '0', '0' ),
( '23', '0', '0' ),
( '24', '0', '0' ),
( '25', '0', '0' );
COMMIT;
-- ---------------------------------------------------------


-- Dump data of "vtiger_selectquery_seq" -------------------
BEGIN;

INSERT INTO `vtiger_selectquery_seq`(`id`) VALUES 
( '25' );
COMMIT;
-- ---------------------------------------------------------


-- Dump data of "vtiger_senotesrel" ------------------------
BEGIN;

INSERT INTO `vtiger_senotesrel`(`crmid`,`notesid`) VALUES 
( '7', '78' ),
( '4', '93' ),
( '4', '95' ),
( '4', '96' );
COMMIT;
-- ---------------------------------------------------------


-- Dump data of "vtiger_seproductsrel" ---------------------
-- ---------------------------------------------------------


-- Dump data of "vtiger_service" ---------------------------
BEGIN;

INSERT INTO `vtiger_service`(`serviceid`,`service_no`,`servicename`,`servicecategory`,`qty_per_unit`,`unit_price`,`sales_start_date`,`sales_end_date`,`start_date`,`expiry_date`,`discontinued`,`service_usageunit`,`website`,`taxclass`,`currency_id`,`commissionrate`,`tags`,`purchase_cost`) VALUES 
( '72', 'SER1', 'ware', '', '25000.00', '1.00000000', '2024-06-01', '2024-06-30', NULL, NULL, '1', 'Incidents', '', '', '2', '0.000', '', '0.00000000' );
COMMIT;
-- ---------------------------------------------------------


-- Dump data of "vtiger_service_usageunit" -----------------
BEGIN;

INSERT INTO `vtiger_service_usageunit`(`service_usageunitid`,`service_usageunit`,`presence`,`picklist_valueid`,`sortorderid`,`color`) VALUES 
( '1', 'Hours', '1', '226', '1', NULL ),
( '2', 'Days', '1', '227', '2', NULL ),
( '3', 'Incidents', '1', '228', '3', NULL );
COMMIT;
-- ---------------------------------------------------------


-- Dump data of "vtiger_service_usageunit_seq" -------------
BEGIN;

INSERT INTO `vtiger_service_usageunit_seq`(`id`) VALUES 
( '3' );
COMMIT;
-- ---------------------------------------------------------


-- Dump data of "vtiger_servicecategory" -------------------
BEGIN;

INSERT INTO `vtiger_servicecategory`(`servicecategoryid`,`servicecategory`,`presence`,`picklist_valueid`,`sortorderid`,`color`) VALUES 
( '2', 'Support', '1', '230', '2', NULL ),
( '3', 'Installation', '1', '231', '3', NULL ),
( '4', 'Migration', '1', '232', '4', NULL ),
( '5', 'Customization', '1', '233', '5', NULL ),
( '6', 'Training', '1', '234', '6', NULL );
COMMIT;
-- ---------------------------------------------------------


-- Dump data of "vtiger_servicecategory_seq" ---------------
BEGIN;

INSERT INTO `vtiger_servicecategory_seq`(`id`) VALUES 
( '6' );
COMMIT;
-- ---------------------------------------------------------


-- Dump data of "vtiger_servicecf" -------------------------
BEGIN;

INSERT INTO `vtiger_servicecf`(`serviceid`) VALUES 
( '72' );
COMMIT;
-- ---------------------------------------------------------


-- Dump data of "vtiger_servicecontracts" ------------------
BEGIN;

INSERT INTO `vtiger_servicecontracts`(`servicecontractsid`,`start_date`,`end_date`,`sc_related_to`,`tracking_unit`,`total_units`,`used_units`,`subject`,`due_date`,`planned_duration`,`actual_duration`,`contract_status`,`priority`,`contract_type`,`progress`,`contract_no`,`tags`,`cf_potentials_id`) VALUES 
( '64', '2024-06-01', '2024-06-08', '58', 'Incidents', '50.00', '52.00', 'Ware', '2024-06-30', '30', '8', 'In Planning', 'Normal', 'Services', '104.00', 'SERCON1', '', '60' ),
( '73', '2024-06-01', NULL, NULL, 'Incidents', '50.00', '8.00', 'Ware', '2024-06-30', '30', '', 'In Planning', 'Normal', 'Services', '16.00', 'SERCON2', '', NULL ),
( '75', '2024-06-01', NULL, NULL, 'Incidents', '50.00', '0.00', 'Ware', '2024-06-30', '30', '', 'In Planning', 'Normal', 'Services', NULL, 'SERCON3', '', NULL ),
( '76', '2024-06-01', NULL, NULL, 'Incidents', '50.00', '0.00', 'Ware', '2024-06-30', '30', '', 'In Planning', 'Normal', 'Services', NULL, 'SERCON4', '', NULL );
COMMIT;
-- ---------------------------------------------------------


-- Dump data of "vtiger_servicecontractscf" ----------------
BEGIN;

INSERT INTO `vtiger_servicecontractscf`(`servicecontractsid`) VALUES 
( '64' ),
( '73' ),
( '75' ),
( '76' );
COMMIT;
-- ---------------------------------------------------------


-- Dump data of "vtiger_seticketsrel" ----------------------
-- ---------------------------------------------------------


-- Dump data of "vtiger_settings_blocks" -------------------
BEGIN;

INSERT INTO `vtiger_settings_blocks`(`blockid`,`label`,`sequence`) VALUES 
( '1', 'LBL_USER_MANAGEMENT', '1' ),
( '4', 'LBL_OTHER_SETTINGS', '10' ),
( '5', 'LBL_MODULE_MANAGER', '2' ),
( '6', 'LBL_INTEGRATION', '8' ),
( '7', 'LBL_AUTOMATION', '3' ),
( '8', 'LBL_CONFIGURATION', '4' ),
( '9', 'LBL_MARKETING_SALES', '5' ),
( '10', 'LBL_INVENTORY', '6' ),
( '11', 'LBL_MY_PREFERENCES', '7' ),
( '12', 'LBL_EXTENSIONS', '9' );
COMMIT;
-- ---------------------------------------------------------


-- Dump data of "vtiger_settings_blocks_seq" ---------------
BEGIN;

INSERT INTO `vtiger_settings_blocks_seq`(`id`) VALUES 
( '12' );
COMMIT;
-- ---------------------------------------------------------


-- Dump data of "vtiger_settings_field" --------------------
BEGIN;

INSERT INTO `vtiger_settings_field`(`fieldid`,`blockid`,`name`,`iconpath`,`description`,`linkto`,`sequence`,`active`,`pinned`) VALUES 
( '1', '1', 'LBL_USERS', 'ico-users.gif', 'LBL_USER_DESCRIPTION', 'index.php?module=Users&parent=Settings&view=List', '1', '0', '1' ),
( '2', '1', 'LBL_ROLES', 'ico-roles.gif', 'LBL_ROLE_DESCRIPTION', 'index.php?module=Roles&parent=Settings&view=Index', '2', '0', '0' ),
( '3', '1', 'LBL_PROFILES', 'ico-profile.gif', 'LBL_PROFILE_DESCRIPTION', 'index.php?module=Profiles&parent=Settings&view=List', '3', '0', '0' ),
( '4', '1', 'USERGROUPLIST', 'ico-groups.gif', 'LBL_GROUP_DESCRIPTION', 'index.php?module=Groups&parent=Settings&view=List', '5', '0', '0' ),
( '5', '1', 'LBL_SHARING_ACCESS', 'shareaccess.gif', 'LBL_SHARING_ACCESS_DESCRIPTION', 'index.php?module=SharingAccess&parent=Settings&view=Index', '4', '0', '0' ),
( '7', '1', 'LBL_LOGIN_HISTORY_DETAILS', 'set-IcoLoginHistory.gif', 'LBL_LOGIN_HISTORY_DESCRIPTION', 'index.php?module=LoginHistory&parent=Settings&view=List', '6', '0', '0' ),
( '8', '5', 'VTLIB_LBL_MODULE_MANAGER', 'vtlib_modmng.gif', 'VTLIB_LBL_MODULE_MANAGER_DESCRIPTION', 'index.php?module=ModuleManager&parent=Settings&view=List', '1', '0', '1' ),
( '9', '8', 'LBL_PICKLIST_EDITOR', 'picklist.gif', 'LBL_PICKLIST_DESCRIPTION', 'index.php?parent=Settings&module=Picklist&view=Index', '6', '0', '1' ),
( '10', '8', 'LBL_PICKLIST_DEPENDENCY', 'picklistdependency.gif', 'LBL_PICKLIST_DEPENDENCY_DESCRIPTION', 'index.php?parent=Settings&module=PickListDependency&view=List', '7', '0', '0' ),
( '11', '8', 'LBL_MENU_EDITOR', 'menueditor.png', 'LBL_MENU_DESC', 'index.php?module=MenuEditor&parent=Settings&view=Index', '8', '0', '0' ),
( '14', '8', 'LBL_COMPANY_DETAILS', 'company.gif', 'LBL_COMPANY_DESCRIPTION', 'index.php?parent=Settings&module=Vtiger&view=CompanyDetails', '1', '0', '0' ),
( '15', '8', 'LBL_MAIL_SERVER_SETTINGS', 'ogmailserver.gif', 'LBL_MAIL_SERVER_DESCRIPTION', 'index.php?parent=Settings&module=Vtiger&view=OutgoingServerDetail', '4', '0', '0' ),
( '16', '8', 'LBL_CURRENCY_SETTINGS', 'currency.gif', 'LBL_CURRENCY_DESCRIPTION', 'index.php?parent=Settings&module=Currency&view=List', '3', '0', '0' ),
( '17', '10', 'LBL_TAX_SETTINGS', 'taxConfiguration.gif', 'LBL_TAX_DESCRIPTION', 'index.php?module=Vtiger&parent=Settings&view=TaxIndex', '1', '0', '0' ),
( '18', '4', 'LBL_SYSTEM_INFO', 'system.gif', 'LBL_SYSTEM_DESCRIPTION', 'index.php?module=Settings&submodule=Server&view=ProxyConfig', '6', '1', '0' ),
( '20', '4', 'LBL_DEFAULT_MODULE_VIEW', 'set-IcoTwoTabConfig.gif', 'LBL_DEFAULT_MODULE_VIEW_DESC', 'index.php?module=Settings&action=DefModuleView&parenttab=Settings', '2', '0', '0' ),
( '21', '10', 'INVENTORYTERMSANDCONDITIONS', 'terms.gif', 'LBL_INV_TANDC_DESCRIPTION', 'index.php?parent=Settings&module=Vtiger&view=TermsAndConditionsEdit', '2', '0', '0' ),
( '22', '5', 'LBL_CUSTOMIZE_MODENT_NUMBER', 'settingsInvNumber.gif', 'LBL_CUSTOMIZE_MODENT_NUMBER_DESCRIPTION', 'index.php?module=Vtiger&parent=Settings&view=CustomRecordNumbering', '4', '0', '0' ),
( '23', '4', 'LBL_MAIL_SCANNER', 'mailScanner.gif', 'LBL_MAIL_SCANNER_DESCRIPTION', 'index.php?parent=Settings&module=MailConverter&view=List', '5', '0', '0' ),
( '24', '7', 'LBL_LIST_WORKFLOWS', 'settingsWorkflow.png', 'LBL_LIST_WORKFLOWS_DESCRIPTION', 'index.php?module=Workflows&parent=Settings&view=List', '3', '0', '1' ),
( '25', '8', 'Configuration Editor', 'migrate.gif', 'LBL_CONFIG_EDITOR_DESCRIPTION', 'index.php?module=Vtiger&parent=Settings&view=ConfigEditorDetail', '5', '0', '0' ),
( '26', '7', 'Scheduler', 'Cron.png', 'Allows you to Configure Cron Task', 'index.php?module=CronTasks&parent=Settings&view=List', '2', '0', '0' ),
( '29', '4', 'ModTracker', 'set-IcoLoginHistory.gif', 'LBL_MODTRACKER_DESCRIPTION', 'index.php?module=ModTracker&action=BasicSettings&parenttab=Settings&formodule=ModTracker', '9', '0', '0' ),
( '30', '7', 'Webforms', 'modules/Webforms/img/Webform.png', 'LBL_WEBFORMS_DESCRIPTION', 'index.php?module=Webforms&parent=Settings&view=List', '1', '0', '0' ),
( '31', '8', 'LBL_CUSTOMER_PORTAL', 'portal_icon.png', 'PORTAL_EXTENSION_DESCRIPTION', 'index.php?module=CustomerPortal&parent=Settings&view=Index', '2', '0', '0' ),
( '32', '5', 'LBL_EDIT_FIELDS', '', 'LBL_LAYOUT_EDITOR_DESCRIPTION', 'index.php?module=LayoutEditor&parent=Settings&view=Index', '2', '0', '0' ),
( '33', '9', 'LBL_LEAD_MAPPING', 'NULL', 'NULL', 'index.php?parent=Settings&module=Leads&view=MappingDetail', '1', '0', '1' ),
( '34', '9', 'LBL_OPPORTUNITY_MAPPING', 'NULL', 'NULL', 'index.php?parent=Settings&module=Potentials&view=MappingDetail', '2', '0', '1' ),
( '35', '11', 'My Preferences', 'NULL', 'NULL', 'index.php?module=Users&view=PreferenceDetail&parent=Settings&record=1', '1', '0', '1' ),
( '36', '11', 'Calendar Settings', 'NULL', 'NULL', 'index.php?module=Users&parent=Settings&view=Calendar&record=1', '2', '0', '1' ),
( '37', '11', 'LBL_MY_TAGS', 'NULL', 'NULL', 'index.php?module=Tags&parent=Settings&view=List&record=1', '3', '0', '1' ),
( '38', '12', 'LBL_EXTENSION_STORE', 'NULL', 'NULL', 'index.php?module=ExtensionStore&parent=Settings&view=ExtensionStore', '1', '0', '1' ),
( '39', '12', 'LBL_GOOGLE', 'NULL', 'NULL', 'index.php?module=Contacts&parent=Settings&view=Extension&extensionModule=Google&extensionView=Index&mode=settings', '2', '1', '1' ),
( '41', '4', 'Custom Module Builder', NULL, 'Settings area for Module - Link Creator', 'index.php?module=ModuleLinkCreator&view=List', '10', '0', '0' ),
( '42', '4', 'Custom Login Page', NULL, 'Custom Login Page', 'index.php?module=UserLogin&view=Settings&parent=Settings', '999', '0', '0' ),
( '43', '4', 'Summary Widgets', '', 'Summary Widgets', 'index.php?module=VTEWidgets&view=Settings&parent=Settings', '10', '0', '0' ),
( '44', '4', 'Label Editor', NULL, 'Settings area for Label Editor', 'index.php?module=VTELabelEditor&parent=Settings&view=Settings', '44', '0', '0' ),
( '45', '4', 'Buttons', NULL, 'Settings area for VTE Buttons', 'index.php?module=VTEButtons&parent=Settings&view=Settings', '45', '0', '0' ),
( '46', '4', 'Conditional Alerts/Popups', NULL, 'Settings area for Conditional Alerts/Popups', 'index.php?module=VTEConditionalAlerts&parent=Settings&view=ListAll&mode=listAll', '46', '0', '0' ),
( '47', '4', 'Advanced Menu Manager', NULL, 'Advanced Menu Manager', 'index.php?module=VTEAdvanceMenu&view=Settings&parent=Settings', '47', '0', '0' );
COMMIT;
-- ---------------------------------------------------------


-- Dump data of "vtiger_settings_field_seq" ----------------
BEGIN;

INSERT INTO `vtiger_settings_field_seq`(`id`) VALUES 
( '48' );
COMMIT;
-- ---------------------------------------------------------


-- Dump data of "vtiger_sharedcalendar" --------------------
BEGIN;

INSERT INTO `vtiger_sharedcalendar`(`userid`,`sharedid`) VALUES 
( '1', '7' ),
( '7', '1' );
COMMIT;
-- ---------------------------------------------------------


-- Dump data of "vtiger_shareduserinfo" --------------------
-- ---------------------------------------------------------


-- Dump data of "vtiger_shippingtaxinfo" -------------------
BEGIN;

INSERT INTO `vtiger_shippingtaxinfo`(`taxid`,`taxname`,`taxlabel`,`percentage`,`deleted`,`method`,`type`,`compoundon`,`regions`) VALUES 
( '1', 'shtax1', 'VAT', '4.500', '0', 'Simple', 'Fixed', '[]', '[]' ),
( '2', 'shtax2', 'Sales', '10.000', '0', 'Simple', 'Fixed', '[]', '[]' ),
( '3', 'shtax3', 'Service', '12.500', '0', 'Simple', 'Fixed', '[]', '[]' );
COMMIT;
-- ---------------------------------------------------------


-- Dump data of "vtiger_shippingtaxinfo_seq" ---------------
BEGIN;

INSERT INTO `vtiger_shippingtaxinfo_seq`(`id`) VALUES 
( '3' );
COMMIT;
-- ---------------------------------------------------------


-- Dump data of "vtiger_shorturls" -------------------------
BEGIN;

INSERT INTO `vtiger_shorturls`(`id`,`uid`,`handler_path`,`handler_class`,`handler_function`,`handler_data`,`onetime`) VALUES 
( '1', '665aed9dd3be31.09567571', 'modules/Emails/handlers/Tracker.php', 'Emails_Tracker_Handler', 'process', '{"record":9,"parentId":"4","method":"open"}', '0' ),
( '2', '665b3e79c61e91.66634240', 'modules/Emails/handlers/Tracker.php', 'Emails_Tracker_Handler', 'process', '{"record":18,"parentId":"17","method":"open"}', '0' ),
( '3', '665b61a1883175.00193589', 'modules/Emails/handlers/Tracker.php', 'Emails_Tracker_Handler', 'process', '{"record":23,"parentId":"22","method":"open"}', '0' ),
( '4', '665b61a2529358.75007472', 'modules/Emails/handlers/Tracker.php', 'Emails_Tracker_Handler', 'process', '{"record":24,"parentId":"22","method":"open"}', '0' ),
( '5', '665b6525a0b0f4.67585060', 'modules/Emails/handlers/Tracker.php', 'Emails_Tracker_Handler', 'process', '{"record":25,"parentId":"22","method":"open"}', '0' ),
( '6', '665b65269713e7.08243087', 'modules/Emails/handlers/Tracker.php', 'Emails_Tracker_Handler', 'process', '{"record":26,"parentId":"22","method":"open"}', '0' ),
( '7', '665b68a9d3c236.20051031', 'modules/Emails/handlers/Tracker.php', 'Emails_Tracker_Handler', 'process', '{"record":27,"parentId":"22","method":"open"}', '0' ),
( '8', '665b6fb1a908f1.21005108', 'modules/Emails/handlers/Tracker.php', 'Emails_Tracker_Handler', 'process', '{"record":30,"parentId":"22","method":"open"}', '0' ),
( '9', '665b6fb2c75634.19913140', 'modules/Emails/handlers/Tracker.php', 'Emails_Tracker_Handler', 'process', '{"record":31,"parentId":"22","method":"open"}', '0' ),
( '10', '665b6fb361b365.70200885', 'modules/Emails/handlers/Tracker.php', 'Emails_Tracker_Handler', 'process', '{"record":32,"parentId":"22","method":"open"}', '0' ),
( '11', '665b6fb3eb1fa5.03549252', 'modules/Emails/handlers/Tracker.php', 'Emails_Tracker_Handler', 'process', '{"record":33,"parentId":"22","method":"open"}', '0' ),
( '12', '665b6fb4901983.47488383', 'modules/Emails/handlers/Tracker.php', 'Emails_Tracker_Handler', 'process', '{"record":34,"parentId":"22","method":"open"}', '0' ),
( '13', '665b6fb5250e96.19776762', 'modules/Emails/handlers/Tracker.php', 'Emails_Tracker_Handler', 'process', '{"record":35,"parentId":"22","method":"open"}', '0' ),
( '14', '665b7335767905.06029521', 'modules/Emails/handlers/Tracker.php', 'Emails_Tracker_Handler', 'process', '{"record":36,"parentId":"22","method":"open"}', '0' ),
( '15', '665b8f91c5d850.07717939', 'modules/Emails/handlers/Tracker.php', 'Emails_Tracker_Handler', 'process', '{"record":37,"parentId":"22","method":"open"}', '0' ),
( '16', '665b92d9a9ffe0.49800981', 'modules/Emails/handlers/Tracker.php', 'Emails_Tracker_Handler', 'process', '{"record":38,"parentId":"22","method":"open"}', '0' ),
( '17', '665b9621de3f03.14379952', 'modules/Emails/handlers/Tracker.php', 'Emails_Tracker_Handler', 'process', '{"record":39,"parentId":"22","method":"open"}', '0' ),
( '18', '665c5dd1d7c0a1.56489476', 'modules/Emails/handlers/Tracker.php', 'Emails_Tracker_Handler', 'process', '{"record":45,"parentId":"42","method":"open"}', '0' ),
( '19', '665c5dd25b8293.14644459', 'modules/Emails/handlers/Tracker.php', 'Emails_Tracker_Handler', 'process', '{"record":46,"parentId":"43","method":"open"}', '0' ),
( '20', '665f1cf21baec8.13446684', 'modules/Emails/handlers/Tracker.php', 'Emails_Tracker_Handler', 'process', '{"record":48,"parentId":"42","method":"open"}', '0' ),
( '21', '665f1cf2927387.96803424', 'modules/Emails/handlers/Tracker.php', 'Emails_Tracker_Handler', 'process', '{"record":49,"parentId":"42","method":"open"}', '0' ),
( '22', '665f1cf317bc98.01333797', 'modules/Emails/handlers/Tracker.php', 'Emails_Tracker_Handler', 'process', '{"record":50,"parentId":"42","method":"open"}', '0' ),
( '23', '665f1cf392e240.10522455', 'modules/Emails/handlers/Tracker.php', 'Emails_Tracker_Handler', 'process', '{"record":51,"parentId":"4","method":"open"}', '0' ),
( '24', '665f1cf41c28a2.69723047', 'modules/Emails/handlers/Tracker.php', 'Emails_Tracker_Handler', 'process', '{"record":52,"parentId":"4","method":"open"}', '0' ),
( '25', '665f1cf4967661.23111703', 'modules/Emails/handlers/Tracker.php', 'Emails_Tracker_Handler', 'process', '{"record":53,"parentId":"4","method":"open"}', '0' ),
( '26', '665f1cf51219a5.64396815', 'modules/Emails/handlers/Tracker.php', 'Emails_Tracker_Handler', 'process', '{"record":54,"parentId":"4","method":"open"}', '0' ),
( '27', '665fa0a9c03200.38094549', 'modules/Emails/handlers/Tracker.php', 'Emails_Tracker_Handler', 'process', '{"record":56,"parentId":"8","method":"open"}', '0' ),
( '28', '66643939e70b27.05728717', 'modules/Emails/handlers/Tracker.php', 'Emails_Tracker_Handler', 'process', '{"record":59,"parentId":"58","method":"open"}', '0' ),
( '29', '66643c82241de0.98266123', 'modules/Emails/handlers/Tracker.php', 'Emails_Tracker_Handler', 'process', '{"record":61,"parentId":"60","method":"open"}', '0' ),
( '30', '666443118529a0.45505042', 'modules/Emails/handlers/Tracker.php', 'Emails_Tracker_Handler', 'process', '{"record":65,"parentId":"42","method":"open"}', '0' ),
( '31', '6664465994bef1.74832454', 'modules/Emails/handlers/Tracker.php', 'Emails_Tracker_Handler', 'process', '{"record":69,"parentId":"67","method":"open"}', '0' ),
( '32', '6664465a247375.50831043', 'modules/Emails/handlers/Tracker.php', 'Emails_Tracker_Handler', 'process', '{"record":70,"parentId":"68","method":"open"}', '0' ),
( '33', '66644ce97b2d37.55324300', 'modules/Emails/handlers/Tracker.php', 'Emails_Tracker_Handler', 'process', '{"record":77,"parentId":"74","method":"open"}', '0' ),
( '34', '6665f16223d803.99903983', 'modules/Emails/handlers/Tracker.php', 'Emails_Tracker_Handler', 'process', '{"record":83,"parentId":"82","method":"open"}', '0' ),
( '35', '66675691b8eae5.67796408', 'modules/Emails/handlers/Tracker.php', 'Emails_Tracker_Handler', 'process', '{"record":86,"parentId":"67","method":"open"}', '0' ),
( '36', '666756923c5b05.88217630', 'modules/Emails/handlers/Tracker.php', 'Emails_Tracker_Handler', 'process', '{"record":87,"parentId":"42","method":"open"}', '0' ),
( '37', '66675692ac9a45.61237843', 'modules/Emails/handlers/Tracker.php', 'Emails_Tracker_Handler', 'process', '{"record":88,"parentId":"58","method":"open"}', '0' ),
( '38', '6667569334f362.23351738', 'modules/Emails/handlers/Tracker.php', 'Emails_Tracker_Handler', 'process', '{"record":89,"parentId":"4","method":"open"}', '0' ),
( '39', '669f92d1ae0237.00318628', 'modules/Emails/handlers/Tracker.php', 'Emails_Tracker_Handler', 'process', '{"record":108,"parentId":"82","method":"open"}', '0' ),
( '40', '66b20f51e9b800.12649026', 'modules/Emails/handlers/Tracker.php', 'Emails_Tracker_Handler', 'process', '{"record":110,"parentId":"109","method":"open"}', '0' ),
( '41', '66b357e9db09d0.21883893', 'modules/Emails/handlers/Tracker.php', 'Emails_Tracker_Handler', 'process', '{"record":116,"parentId":"114","method":"open"}', '0' ),
( '42', '66b357ea56c947.05715993', 'modules/Emails/handlers/Tracker.php', 'Emails_Tracker_Handler', 'process', '{"record":117,"parentId":"115","method":"open"}', '0' ),
( '43', '66b35b3166c863.97951468', 'modules/Emails/handlers/Tracker.php', 'Emails_Tracker_Handler', 'process', '{"record":120,"parentId":"119","method":"open"}', '0' ),
( '44', '66b35e79a3d4a5.84976341', 'modules/Emails/handlers/Tracker.php', 'Emails_Tracker_Handler', 'process', '{"record":124,"parentId":"121","method":"open"}', '0' ),
( '45', '66b35e7a2bd4b1.44101414', 'modules/Emails/handlers/Tracker.php', 'Emails_Tracker_Handler', 'process', '{"record":125,"parentId":"122","method":"open"}', '0' ),
( '46', '66b35e7aa5f1c3.87265157', 'modules/Emails/handlers/Tracker.php', 'Emails_Tracker_Handler', 'process', '{"record":126,"parentId":"123","method":"open"}', '0' ),
( '47', '66b361c1a19912.69827732', 'modules/Emails/handlers/Tracker.php', 'Emails_Tracker_Handler', 'process', '{"record":129,"parentId":"8","method":"open"}', '0' ),
( '48', '66b361c2b90921.83222775', 'modules/Emails/handlers/Tracker.php', 'Emails_Tracker_Handler', 'process', '{"record":130,"parentId":"8","method":"open"}', '0' ),
( '49', '66b49bd2751346.43729239', 'modules/Emails/handlers/Tracker.php', 'Emails_Tracker_Handler', 'process', '{"record":131,"parentId":"121","method":"open"}', '0' ),
( '50', '66b61a5176c5f9.36235752', 'modules/Emails/handlers/Tracker.php', 'Emails_Tracker_Handler', 'process', '{"record":132,"parentId":"42","method":"open"}', '0' ),
( '51', '66b61a52013dc0.57454543', 'modules/Emails/handlers/Tracker.php', 'Emails_Tracker_Handler', 'process', '{"record":133,"parentId":"42","method":"open"}', '0' ),
( '52', '66b61a527762e1.88273672', 'modules/Emails/handlers/Tracker.php', 'Emails_Tracker_Handler', 'process', '{"record":134,"parentId":"42","method":"open"}', '0' ),
( '53', '66b61d99685e57.95371131', 'modules/Emails/handlers/Tracker.php', 'Emails_Tracker_Handler', 'process', '{"record":136,"parentId":"42","method":"open"}', '0' ),
( '54', '66b61d99ea78e1.70637097', 'modules/Emails/handlers/Tracker.php', 'Emails_Tracker_Handler', 'process', '{"record":137,"parentId":"42","method":"open"}', '0' ),
( '55', '66b61d9a6b2ab4.01447246', 'modules/Emails/handlers/Tracker.php', 'Emails_Tracker_Handler', 'process', '{"record":138,"parentId":"42","method":"open"}', '0' ),
( '56', '66b61d9adcd710.60306916', 'modules/Emails/handlers/Tracker.php', 'Emails_Tracker_Handler', 'process', '{"record":139,"parentId":"135","method":"open"}', '0' ),
( '57', '66b91c0210f4d9.65884280', 'modules/Emails/handlers/Tracker.php', 'Emails_Tracker_Handler', 'process', '{"record":144,"parentId":"143","method":"open"}', '0' );
COMMIT;
-- ---------------------------------------------------------


-- Dump data of "vtiger_smsnotifier" -----------------------
-- ---------------------------------------------------------


-- Dump data of "vtiger_smsnotifier_servers" ---------------
-- ---------------------------------------------------------


-- Dump data of "vtiger_smsnotifier_status" ----------------
-- ---------------------------------------------------------


-- Dump data of "vtiger_smsnotifiercf" ---------------------
-- ---------------------------------------------------------


-- Dump data of "vtiger_soapservice" -----------------------
-- ---------------------------------------------------------


-- Dump data of "vtiger_sobillads" -------------------------
BEGIN;

INSERT INTO `vtiger_sobillads`(`sobilladdressid`,`bill_city`,`bill_code`,`bill_country`,`bill_state`,`bill_street`,`bill_pobox`) VALUES 
( '5', '', '', '', '', '3123', '' ),
( '11', '', '', '', '', '111', '' );
COMMIT;
-- ---------------------------------------------------------


-- Dump data of "vtiger_soshipads" -------------------------
BEGIN;

INSERT INTO `vtiger_soshipads`(`soshipaddressid`,`ship_city`,`ship_code`,`ship_country`,`ship_state`,`ship_street`,`ship_pobox`) VALUES 
( '5', '', '', '', '', '3213', '' ),
( '11', '', '', '', '', '11', '' );
COMMIT;
-- ---------------------------------------------------------


-- Dump data of "vtiger_sostatus" --------------------------
BEGIN;

INSERT INTO `vtiger_sostatus`(`sostatusid`,`sostatus`,`presence`,`picklist_valueid`,`sortorderid`,`color`) VALUES 
( '1', 'Created', '0', '166', '0', NULL ),
( '2', 'Approved', '0', '167', '1', NULL ),
( '3', 'Delivered', '0', '168', '2', NULL ),
( '4', 'Cancelled', '0', '169', '3', NULL );
COMMIT;
-- ---------------------------------------------------------


-- Dump data of "vtiger_sostatus_seq" ----------------------
BEGIN;

INSERT INTO `vtiger_sostatus_seq`(`id`) VALUES 
( '4' );
COMMIT;
-- ---------------------------------------------------------


-- Dump data of "vtiger_sostatushistory" -------------------
-- ---------------------------------------------------------


-- Dump data of "vtiger_sqltimelog" ------------------------
-- ---------------------------------------------------------


-- Dump data of "vtiger_start_hour" ------------------------
BEGIN;

INSERT INTO `vtiger_start_hour`(`start_hourid`,`start_hour`,`sortorderid`,`presence`) VALUES 
( '1', '00:00', '0', '1' ),
( '2', '01:00', '1', '1' ),
( '3', '02:00', '2', '1' ),
( '4', '03:00', '3', '1' ),
( '5', '04:00', '4', '1' ),
( '6', '05:00', '5', '1' ),
( '7', '06:00', '6', '1' ),
( '8', '07:00', '7', '1' ),
( '9', '08:00', '8', '1' ),
( '10', '09:00', '9', '1' ),
( '11', '10:00', '10', '1' ),
( '12', '11:00', '11', '1' ),
( '13', '12:00', '12', '1' ),
( '14', '13:00', '13', '1' ),
( '15', '14:00', '14', '1' ),
( '16', '15:00', '15', '1' ),
( '17', '16:00', '16', '1' ),
( '18', '17:00', '17', '1' ),
( '19', '18:00', '18', '1' ),
( '20', '19:00', '19', '1' ),
( '21', '20:00', '20', '1' ),
( '22', '21:00', '21', '1' ),
( '23', '22:00', '22', '1' ),
( '24', '23:00', '23', '1' );
COMMIT;
-- ---------------------------------------------------------


-- Dump data of "vtiger_start_hour_seq" --------------------
BEGIN;

INSERT INTO `vtiger_start_hour_seq`(`id`) VALUES 
( '24' );
COMMIT;
-- ---------------------------------------------------------


-- Dump data of "vtiger_status" ----------------------------
BEGIN;

INSERT INTO `vtiger_status`(`statusid`,`status`,`presence`,`picklist_valueid`) VALUES 
( '1', 'Active', '0', '1' ),
( '2', 'Inactive', '1', '1' );
COMMIT;
-- ---------------------------------------------------------


-- Dump data of "vtiger_status_seq" ------------------------
BEGIN;

INSERT INTO `vtiger_status_seq`(`id`) VALUES 
( '2' );
COMMIT;
-- ---------------------------------------------------------


-- Dump data of "vtiger_systems" ---------------------------
BEGIN;

INSERT INTO `vtiger_systems`(`id`,`server`,`server_port`,`server_username`,`server_password`,`server_type`,`smtp_auth`,`server_path`,`from_email_field`) VALUES 
( '1', 'smtp.ionos.de', '0', 'info@x2tree.de', '$ve$z87Pzs_Ozs_Pzs_Pz8_Pz8_Ozs7Pzs_Oz87Oz87Pzs_Pzs_Pzs7Oz8_Oz87Pzs_Pz87Oz8_Pz87Pz87Oz87Oz8_Pzs7Pzs_Pz8_Ozs_Pz87Pzs7Oz8_Pzs_Ozs_Oz8_Pz87Pzs_Pz87Pzs7Ozs7Pzs_Oz87Oz87Pz8_Ozs7Pz84.', 'email', '1', NULL, 'info@x2tree.de' );
COMMIT;
-- ---------------------------------------------------------


-- Dump data of "vtiger_systems_seq" -----------------------
BEGIN;

INSERT INTO `vtiger_systems_seq`(`id`) VALUES 
( '1' );
COMMIT;
-- ---------------------------------------------------------


-- Dump data of "vtiger_tab" -------------------------------
BEGIN;

INSERT INTO `vtiger_tab`(`tabid`,`name`,`presence`,`tabsequence`,`tablabel`,`modifiedby`,`modifiedtime`,`customized`,`ownedby`,`isentitytype`,`trial`,`version`,`parent`,`source`,`issyncable`,`allowduplicates`,`sync_action_for_duplicates`) VALUES 
( '1', 'Dashboard', '0', '12', 'Dashboards', NULL, NULL, '0', '1', '0', '0', NULL, 'Analytics', NULL, '1', '1', '1' ),
( '2', 'Potentials', '0', '7', 'Potentials', NULL, NULL, '0', '0', '1', '0', NULL, 'Sales', NULL, '1', '1', '1' ),
( '3', 'Home', '0', '1', 'Home', NULL, NULL, '0', '1', '0', '0', NULL, NULL, NULL, '1', '1', '1' ),
( '4', 'Contacts', '0', '6', 'Contacts', NULL, NULL, '0', '0', '1', '0', NULL, 'Sales', NULL, '1', '1', '1' ),
( '6', 'Accounts', '0', '5', 'Accounts', NULL, NULL, '0', '0', '1', '0', NULL, 'Sales', NULL, '1', '0', '1' ),
( '7', 'Leads', '0', '4', 'Leads', NULL, NULL, '0', '0', '1', '0', NULL, 'Sales', NULL, '1', '1', '1' ),
( '8', 'Documents', '0', '9', 'Documents', NULL, NULL, '0', '0', '1', '0', NULL, 'Tools', NULL, '1', '1', '1' ),
( '9', 'Calendar', '0', '3', 'Calendar', NULL, NULL, '0', '0', '1', '0', NULL, 'Tools', NULL, '1', '1', '1' ),
( '10', 'Emails', '0', '10', 'Emails', NULL, NULL, '0', '0', '1', '0', NULL, 'Tools', NULL, '1', '1', '1' ),
( '13', 'HelpDesk', '0', '11', 'HelpDesk', NULL, NULL, '0', '0', '1', '0', NULL, 'Support', NULL, '1', '1', '1' ),
( '14', 'Products', '0', '8', 'Products', NULL, NULL, '0', '0', '1', '0', NULL, 'Inventory', NULL, '1', '1', '1' ),
( '15', 'Faq', '0', '-1', 'Faq', NULL, NULL, '0', '1', '1', '0', NULL, 'Support', NULL, '1', '1', '1' ),
( '16', 'Events', '2', '-1', 'Events', NULL, NULL, '0', '0', '1', '0', NULL, NULL, NULL, '1', '1', '1' ),
( '18', 'Vendors', '1', '-1', 'Vendors', NULL, NULL, '0', '0', '1', '0', NULL, 'Inventory', NULL, '1', '1', '1' ),
( '19', 'PriceBooks', '1', '-1', 'PriceBooks', NULL, NULL, '0', '1', '1', '0', NULL, 'Inventory', NULL, '1', '1', '1' ),
( '20', 'Quotes', '1', '-1', 'Quotes', NULL, NULL, '0', '0', '1', '0', NULL, 'Sales', NULL, '1', '1', '1' ),
( '21', 'PurchaseOrder', '1', '-1', 'PurchaseOrder', NULL, NULL, '0', '0', '1', '0', NULL, 'Inventory', NULL, '1', '1', '1' ),
( '22', 'SalesOrder', '1', '-1', 'SalesOrder', NULL, NULL, '0', '0', '1', '0', NULL, 'Sales', NULL, '1', '1', '1' ),
( '23', 'Invoice', '0', '-1', 'Invoice', NULL, NULL, '0', '0', '1', '0', NULL, 'Sales', NULL, '1', '1', '1' ),
( '24', 'Rss', '1', '-1', 'Rss', NULL, NULL, '0', '1', '0', '0', NULL, 'Tools', NULL, '1', '1', '1' ),
( '25', 'Reports', '0', '-1', 'Reports', NULL, NULL, '0', '1', '0', '0', NULL, 'Analytics', NULL, '1', '1', '1' ),
( '26', 'Campaigns', '0', '-1', 'Campaigns', NULL, NULL, '0', '0', '1', '0', NULL, 'Marketing', NULL, '1', '1', '1' ),
( '27', 'Portal', '1', '-1', 'Portal', NULL, NULL, '0', '1', '0', '0', NULL, 'Tools', NULL, '1', '1', '1' ),
( '28', 'Webmails', '0', '-1', 'Webmails', NULL, NULL, '0', '1', '1', '0', NULL, NULL, NULL, '1', '1', '1' ),
( '29', 'Users', '0', '-1', 'Users', NULL, NULL, '0', '1', '0', '0', NULL, NULL, NULL, '1', '1', '1' ),
( '30', 'MailManager', '0', '-1', 'MailManager', NULL, NULL, '1', '0', '0', '0', '1.9', 'Tools', NULL, '1', '1', '1' ),
( '31', 'PBXManager', '1', '-1', 'PBXManager', NULL, NULL, '1', '0', '1', '0', '2.2', 'Tools', NULL, '1', '1', '1' ),
( '32', 'Mobile', '0', '-1', 'Mobile', NULL, NULL, '1', '0', '0', '0', '2.0', '', NULL, '1', '1', '1' ),
( '33', 'WSAPP', '0', '-1', 'WSAPP', NULL, NULL, '1', '0', '0', '0', '3.4.4', '', NULL, '1', '1', '1' ),
( '34', 'ServiceContracts', '0', '-1', 'Service Contracts', NULL, NULL, '0', '0', '1', '0', '2.4', 'Support', NULL, '1', '1', '1' ),
( '35', 'Services', '1', '-1', 'Services', NULL, NULL, '0', '0', '1', '0', '2.7', 'Inventory', NULL, '1', '1', '1' ),
( '36', 'ModTracker', '0', '-1', 'ModTracker', NULL, NULL, '0', '0', '0', '0', '1.2', '', NULL, '1', '1', '1' ),
( '37', 'Import', '0', '-1', 'Import', NULL, NULL, '1', '0', '0', '0', '1.7', '', NULL, '1', '1', '1' ),
( '38', 'RecycleBin', '0', '-1', 'Recycle Bin', NULL, NULL, '0', '0', '0', '0', '1.5', 'Tools', NULL, '1', '1', '1' ),
( '39', 'ProjectMilestone', '1', '-1', 'ProjectMilestone', NULL, NULL, '0', '0', '1', '0', '3.0', 'Support', NULL, '1', '1', '1' ),
( '40', 'ProjectTask', '1', '-1', 'ProjectTask', NULL, NULL, '0', '0', '1', '0', '3.1', 'Support', NULL, '1', '1', '1' ),
( '41', 'Project', '1', '-1', 'Project', NULL, NULL, '0', '0', '1', '0', '3.3', 'Support', NULL, '1', '1', '1' ),
( '42', 'Google', '1', '-1', 'Google', NULL, NULL, '0', '0', '0', '0', '1.5', '', NULL, '1', '1', '1' ),
( '43', 'EmailTemplates', '0', '-1', 'Email Templates', NULL, NULL, '1', '0', '0', '0', '1.0', 'Tools', NULL, '1', '1', '1' ),
( '44', 'Webforms', '0', '-1', 'Webforms', NULL, NULL, '0', '0', '0', '0', '1.6', '', NULL, '1', '1', '1' ),
( '45', 'CustomerPortal', '0', '-1', 'CustomerPortal', NULL, NULL, '0', '0', '0', '0', '1.4', '', NULL, '1', '1', '1' ),
( '46', 'ModComments', '0', '-1', 'Comments', NULL, NULL, '0', '0', '1', '0', '2.1', '', NULL, '1', '1', '1' ),
( '47', 'Assets', '1', '-1', 'Assets', NULL, NULL, '0', '0', '1', '0', '2.0', 'Inventory', NULL, '1', '1', '1' ),
( '48', 'SMSNotifier', '0', '-1', 'SMSNotifier', NULL, NULL, '0', '0', '1', '0', '2.1', 'Sales', NULL, '1', '1', '1' ),
( '49', 'ExtensionStore', '0', '-1', 'Extension Store', NULL, NULL, '1', '0', '0', '0', '1.2', NULL, NULL, '1', '1', '1' ),
( '50', 'ITS4YouInstaller', '1', '-1', 'ITS4YouInstaller', NULL, NULL, '1', '0', '0', '0', '0.50', 'Settings', 'custom', '0', '1', '1' ),
( '52', 'ModuleLinkCreator', '0', '-1', 'Custom Module Builder', NULL, NULL, '1', '0', '0', '0', '0.1', '', 'custom', '0', '1', '1' ),
( '53', 'UserLogin', '0', '-1', 'Custom Login Page', NULL, NULL, '1', '0', '0', '0', '1.0', '', 'custom', '0', '1', '1' ),
( '55', 'VTEWidgets', '0', '-1', 'VTE Widgets', NULL, NULL, '1', '0', '0', '0', '1.0.0', '', 'custom', '0', '1', '1' ),
( '56', 'VTELabelEditor', '0', '-1', 'Label Editor', NULL, NULL, '1', '0', '0', '0', '1.0.0', '', 'custom', '0', '1', '1' ),
( '57', 'VTEButtons', '0', '-1', 'Buttons', NULL, NULL, '1', '0', '0', '0', '1.0.0', '', 'custom', '0', '1', '1' ),
( '58', 'CustomPayments', '1', '-1', 'CustomPayments', NULL, NULL, '1', '0', '1', '0', '0', 'SALES', 'custom', '0', '1', '1' ),
( '59', 'VTEConditionalAlerts', '0', '-1', 'Conditional Alerts/Popups', NULL, NULL, '1', '0', '0', '0', '1.0.0', '', 'custom', '0', '1', '1' ),
( '60', 'VTEAdvanceMenu', '0', '-1', 'Advanced Menu Manager', NULL, NULL, '1', '0', '0', '0', '1.0', '', 'custom', '0', '1', '1' ),
( '61', 'VTEPayments', '0', '-1', 'VTEPayments', NULL, NULL, '1', '0', '1', '0', '1.0', 'Sales', 'custom', '0', '1', '1' ),
( '62', 'PDFMaker', '0', '-1', 'PDFMaker', NULL, NULL, '1', '0', '0', '0', '4.60', 'Tools', 'custom', '0', '1', '1' );
COMMIT;
-- ---------------------------------------------------------


-- Dump data of "vtiger_tab_info" --------------------------
BEGIN;

INSERT INTO `vtiger_tab_info`(`tabid`,`prefname`,`prefvalue`) VALUES 
( '30', 'vtiger_min_version', '6.0.0RC' ),
( '31', 'vtiger_min_version', '6.0.0' ),
( '31', 'vtiger_max_version', '8.*' ),
( '32', 'vtiger_min_version', '6.0.0rc' ),
( '33', 'vtiger_min_version', '6.0.0rc' ),
( '34', 'vtiger_min_version', '6.0.0rc' ),
( '35', 'vtiger_min_version', '6.0.0rc' ),
( '35', 'vtiger_max_version', '8.*' ),
( '36', 'vtiger_min_version', '6.0.0rc' ),
( '37', 'vtiger_min_version', '6.0.0rc' ),
( '37', 'vtiger_max_version', '8.*' ),
( '38', 'vtiger_min_version', '6.0.0rc' ),
( '38', 'vtiger_max_version', '8.*' ),
( '39', 'vtiger_min_version', '6.0.0rc' ),
( '39', 'vtiger_max_version', '8.*' ),
( '40', 'vtiger_min_version', '6.0.0rc' ),
( '41', 'vtiger_min_version', '6.0.0rc' ),
( '42', 'vtiger_min_version', '6.0.0rc' ),
( '42', 'vtiger_max_version', '8.*' ),
( '43', 'vtiger_min_version', '6.0.0rc' ),
( '43', 'vtiger_max_version', '8.*' ),
( '44', 'vtiger_min_version', '6.0.0rc' ),
( '44', 'vtiger_max_version', '8.*' ),
( '45', 'vtiger_min_version', '6.0.0rc' ),
( '45', 'vtiger_max_version', '8.*' ),
( '46', 'vtiger_min_version', '6.0.0rc' ),
( '46', 'vtiger_max_version', '8.*' ),
( '47', 'vtiger_min_version', '6.0.0rc' ),
( '47', 'vtiger_max_version', '8.*' ),
( '48', 'vtiger_min_version', '6.0.0' ),
( '48', 'vtiger_max_version', '8.*' ),
( '49', 'vtiger_min_version', '6.0.0' ),
( '49', 'vtiger_max_version', '8.*' ),
( '50', 'vtiger_min_version', '8.1.0' ),
( '50', 'vtiger_max_version', '8.1.0' ),
( '52', 'vtiger_min_version', '7.0.0' ),
( '52', 'vtiger_max_version', '7.*' ),
( '53', 'vtiger_min_version', '7.0.0' ),
( '53', 'vtiger_max_version', '7.*' ),
( '55', 'vtiger_min_version', '6.0.0' ),
( '55', 'vtiger_max_version', '6.*' ),
( '56', 'vtiger_min_version', '7.0.0' ),
( '56', 'vtiger_max_version', '7.*' ),
( '57', 'vtiger_min_version', '7.0.0' ),
( '57', 'vtiger_max_version', '7.*' ),
( '59', 'vtiger_min_version', '7.0.0' ),
( '59', 'vtiger_max_version', '7.*' ),
( '60', 'vtiger_min_version', '7.0.0rc' ),
( '60', 'vtiger_max_version', '7.*' ),
( '61', 'vtiger_min_version', '6.0.0' ),
( '61', 'vtiger_max_version', '6.*' ),
( '62', 'vtiger_min_version', '8.1.0' ),
( '62', 'vtiger_max_version', '8.1.0' );
COMMIT;
-- ---------------------------------------------------------


-- Dump data of "vtiger_taskpriority" ----------------------
BEGIN;

INSERT INTO `vtiger_taskpriority`(`taskpriorityid`,`taskpriority`,`presence`,`picklist_valueid`,`sortorderid`,`color`) VALUES 
( '1', 'High', '1', '170', '0', NULL ),
( '2', 'Medium', '1', '171', '1', NULL ),
( '3', 'Low', '1', '172', '2', NULL );
COMMIT;
-- ---------------------------------------------------------


-- Dump data of "vtiger_taskpriority_seq" ------------------
BEGIN;

INSERT INTO `vtiger_taskpriority_seq`(`id`) VALUES 
( '3' );
COMMIT;
-- ---------------------------------------------------------


-- Dump data of "vtiger_taskstatus" ------------------------
BEGIN;

INSERT INTO `vtiger_taskstatus`(`taskstatusid`,`taskstatus`,`presence`,`picklist_valueid`,`sortorderid`,`color`) VALUES 
( '1', 'Not Started', '0', '173', '0', NULL ),
( '2', 'In Progress', '0', '174', '1', NULL ),
( '3', 'Completed', '0', '175', '2', NULL ),
( '4', 'Pending Input', '0', '176', '3', NULL ),
( '5', 'Deferred', '0', '177', '4', NULL ),
( '6', 'Planned', '0', '178', '5', NULL );
COMMIT;
-- ---------------------------------------------------------


-- Dump data of "vtiger_taskstatus_seq" --------------------
BEGIN;

INSERT INTO `vtiger_taskstatus_seq`(`id`) VALUES 
( '6' );
COMMIT;
-- ---------------------------------------------------------


-- Dump data of "vtiger_taxclass" --------------------------
BEGIN;

INSERT INTO `vtiger_taxclass`(`taxclassid`,`taxclass`,`sortorderid`,`presence`) VALUES 
( '1', 'SalesTax', '0', '1' ),
( '2', 'Vat', '1', '1' );
COMMIT;
-- ---------------------------------------------------------


-- Dump data of "vtiger_taxclass_seq" ----------------------
BEGIN;

INSERT INTO `vtiger_taxclass_seq`(`id`) VALUES 
( '2' );
COMMIT;
-- ---------------------------------------------------------


-- Dump data of "vtiger_taxregions" ------------------------
-- ---------------------------------------------------------


-- Dump data of "vtiger_ticketcategories" ------------------
BEGIN;

INSERT INTO `vtiger_ticketcategories`(`ticketcategories_id`,`ticketcategories`,`presence`,`picklist_valueid`,`sortorderid`,`color`) VALUES 
( '1', 'Big Problem', '1', '179', '0', NULL ),
( '2', 'Small Problem', '1', '180', '1', NULL ),
( '3', 'Other Problem', '1', '181', '2', NULL );
COMMIT;
-- ---------------------------------------------------------


-- Dump data of "vtiger_ticketcategories_seq" --------------
BEGIN;

INSERT INTO `vtiger_ticketcategories_seq`(`id`) VALUES 
( '3' );
COMMIT;
-- ---------------------------------------------------------


-- Dump data of "vtiger_ticketcf" --------------------------
BEGIN;

INSERT INTO `vtiger_ticketcf`(`ticketid`,`from_portal`) VALUES 
( '74', '0' );
COMMIT;
-- ---------------------------------------------------------


-- Dump data of "vtiger_ticketcomments" --------------------
-- ---------------------------------------------------------


-- Dump data of "vtiger_ticketpriorities" ------------------
BEGIN;

INSERT INTO `vtiger_ticketpriorities`(`ticketpriorities_id`,`ticketpriorities`,`presence`,`picklist_valueid`,`sortorderid`,`color`) VALUES 
( '1', 'Low', '1', '182', '0', NULL ),
( '2', 'Normal', '1', '183', '1', NULL ),
( '3', 'High', '1', '184', '2', NULL ),
( '4', 'Urgent', '1', '185', '3', NULL );
COMMIT;
-- ---------------------------------------------------------


-- Dump data of "vtiger_ticketpriorities_seq" --------------
BEGIN;

INSERT INTO `vtiger_ticketpriorities_seq`(`id`) VALUES 
( '4' );
COMMIT;
-- ---------------------------------------------------------


-- Dump data of "vtiger_ticketseverities" ------------------
BEGIN;

INSERT INTO `vtiger_ticketseverities`(`ticketseverities_id`,`ticketseverities`,`presence`,`picklist_valueid`,`sortorderid`,`color`) VALUES 
( '1', 'Minor', '1', '186', '0', NULL ),
( '2', 'Major', '1', '187', '1', NULL ),
( '3', 'Feature', '1', '188', '2', NULL ),
( '4', 'Critical', '1', '189', '3', NULL );
COMMIT;
-- ---------------------------------------------------------


-- Dump data of "vtiger_ticketseverities_seq" --------------
BEGIN;

INSERT INTO `vtiger_ticketseverities_seq`(`id`) VALUES 
( '4' );
COMMIT;
-- ---------------------------------------------------------


-- Dump data of "vtiger_ticketstatus" ----------------------
BEGIN;

INSERT INTO `vtiger_ticketstatus`(`ticketstatus_id`,`ticketstatus`,`presence`,`picklist_valueid`,`sortorderid`,`color`) VALUES 
( '1', 'Open', '0', '190', '0', NULL ),
( '2', 'In Progress', '0', '191', '1', NULL ),
( '3', 'Wait For Response', '0', '192', '2', NULL ),
( '4', 'Closed', '0', '193', '3', NULL );
COMMIT;
-- ---------------------------------------------------------


-- Dump data of "vtiger_ticketstatus_seq" ------------------
BEGIN;

INSERT INTO `vtiger_ticketstatus_seq`(`id`) VALUES 
( '4' );
COMMIT;
-- ---------------------------------------------------------


-- Dump data of "vtiger_time_zone" -------------------------
BEGIN;

INSERT INTO `vtiger_time_zone`(`time_zoneid`,`time_zone`,`sortorderid`,`presence`) VALUES 
( '1', 'Pacific/Midway', '1', '1' ),
( '2', 'Pacific/Samoa', '0', '1' ),
( '3', 'Pacific/Honolulu', '2', '1' ),
( '4', 'America/Anchorage', '3', '1' ),
( '5', 'America/Los_Angeles', '5', '1' ),
( '6', 'America/Tijuana', '4', '1' ),
( '7', 'America/Denver', '6', '1' ),
( '8', 'America/Chihuahua', '8', '1' ),
( '9', 'America/Mazatlan', '7', '1' ),
( '10', 'America/Phoenix', '9', '1' ),
( '11', 'America/Regina', '10', '1' ),
( '12', 'America/Tegucigalpa', '14', '1' ),
( '13', 'America/Chicago', '13', '1' ),
( '14', 'America/Mexico_City', '12', '1' ),
( '15', 'America/Monterrey', '11', '1' ),
( '16', 'America/New_York', '18', '1' ),
( '17', 'America/Bogota', '19', '1' ),
( '18', 'America/Lima', '16', '1' ),
( '19', 'America/Rio_Branco', '15', '1' ),
( '20', 'America/Indiana/Indianapolis', '17', '1' ),
( '21', 'America/Caracas', '20', '1' ),
( '22', 'America/Halifax', '25', '1' ),
( '23', 'America/Manaus', '22', '1' ),
( '24', 'America/Santiago', '21', '1' ),
( '25', 'America/La_Paz', '23', '1' ),
( '26', 'America/Cuiaba', '24', '1' ),
( '27', 'America/Asuncion', '26', '1' ),
( '28', 'America/St_Johns', '27', '1' ),
( '29', 'America/Argentina/Buenos_Aires', '30', '1' ),
( '30', 'America/Sao_Paulo', '31', '1' ),
( '31', 'America/Godthab', '29', '1' ),
( '32', 'America/Montevideo', '28', '1' ),
( '33', 'Atlantic/South_Georgia', '32', '1' ),
( '34', 'Atlantic/Azores', '34', '1' ),
( '35', 'Atlantic/Cape_Verde', '33', '1' ),
( '36', 'Europe/London', '37', '1' ),
( '37', 'UTC', '36', '1' ),
( '38', 'Africa/Monrovia', '38', '1' ),
( '39', 'Africa/Casablanca', '35', '1' ),
( '40', 'Europe/Belgrade', '40', '1' ),
( '41', 'Europe/Sarajevo', '42', '1' ),
( '42', 'Europe/Brussels', '41', '1' ),
( '43', 'Africa/Algiers', '43', '1' ),
( '44', 'Europe/Amsterdam', '39', '1' ),
( '45', 'Europe/Minsk', '52', '1' ),
( '46', 'Africa/Cairo', '47', '1' ),
( '47', 'Europe/Helsinki', '49', '1' ),
( '48', 'Europe/Athens', '45', '1' ),
( '49', 'Europe/Istanbul', '50', '1' ),
( '50', 'Asia/Jerusalem', '51', '1' ),
( '51', 'Asia/Amman', '44', '1' ),
( '52', 'Asia/Beirut', '46', '1' ),
( '53', 'Africa/Windhoek', '53', '1' ),
( '54', 'Africa/Harare', '48', '1' ),
( '55', 'Asia/Kuwait', '55', '1' ),
( '56', 'Asia/Baghdad', '54', '1' ),
( '57', 'Africa/Nairobi', '57', '1' ),
( '58', 'Asia/Tehran', '58', '1' ),
( '59', 'Asia/Tbilisi', '61', '1' ),
( '60', 'Europe/Moscow', '56', '1' ),
( '61', 'Asia/Muscat', '59', '1' ),
( '62', 'Asia/Baku', '60', '1' ),
( '63', 'Asia/Yerevan', '62', '1' ),
( '64', 'Asia/Karachi', '63', '1' ),
( '65', 'Asia/Tashkent', '64', '1' ),
( '66', 'Asia/Kolkata', '65', '1' ),
( '67', 'Asia/Colombo', '66', '1' ),
( '68', 'Asia/Katmandu', '67', '1' ),
( '69', 'Asia/Dhaka', '69', '1' ),
( '70', 'Asia/Almaty', '68', '1' ),
( '71', 'Asia/Yekaterinburg', '70', '1' ),
( '72', 'Asia/Rangoon', '71', '1' ),
( '73', 'Asia/Novosibirsk', '73', '1' ),
( '74', 'Asia/Bangkok', '72', '1' ),
( '75', 'Asia/Brunei', '74', '1' ),
( '76', 'Asia/Krasnoyarsk', '75', '1' ),
( '77', 'Asia/Ulaanbaatar', '79', '1' ),
( '78', 'Asia/Kuala_Lumpur', '76', '1' ),
( '79', 'Asia/Taipei', '78', '1' ),
( '80', 'Australia/Perth', '77', '1' ),
( '81', 'Asia/Irkutsk', '80', '1' ),
( '82', 'Asia/Seoul', '81', '1' ),
( '83', 'Asia/Tokyo', '82', '1' ),
( '84', 'Australia/Darwin', '84', '1' ),
( '85', 'Australia/Adelaide', '83', '1' ),
( '86', 'Australia/Canberra', '86', '1' ),
( '87', 'Australia/Brisbane', '85', '1' ),
( '88', 'Australia/Hobart', '88', '1' ),
( '89', 'Asia/Vladivostok', '89', '1' ),
( '90', 'Pacific/Guam', '87', '1' ),
( '91', 'Asia/Yakutsk', '90', '1' ),
( '92', 'Pacific/Fiji', '93', '1' ),
( '93', 'Asia/Kamchatka', '94', '1' ),
( '94', 'Pacific/Auckland', '92', '1' ),
( '95', 'Asia/Magadan', '95', '1' ),
( '96', 'Pacific/Tongatapu', '96', '1' ),
( '97', 'Etc/GMT-11', '91', '1' );
COMMIT;
-- ---------------------------------------------------------


-- Dump data of "vtiger_time_zone_seq" ---------------------
BEGIN;

INSERT INTO `vtiger_time_zone_seq`(`id`) VALUES 
( '96' );
COMMIT;
-- ---------------------------------------------------------


-- Dump data of "vtiger_tmp_read_group_rel_sharing_per" ----
-- ---------------------------------------------------------


-- Dump data of "vtiger_tmp_read_group_sharing_per" --------
-- ---------------------------------------------------------


-- Dump data of "vtiger_tmp_read_user_rel_sharing_per" -----
-- ---------------------------------------------------------


-- Dump data of "vtiger_tmp_read_user_sharing_per" ---------
-- ---------------------------------------------------------


-- Dump data of "vtiger_tmp_write_group_rel_sharing_per" ---
-- ---------------------------------------------------------


-- Dump data of "vtiger_tmp_write_group_sharing_per" -------
-- ---------------------------------------------------------


-- Dump data of "vtiger_tmp_write_user_rel_sharing_per" ----
-- ---------------------------------------------------------


-- Dump data of "vtiger_tmp_write_user_sharing_per" --------
-- ---------------------------------------------------------


-- Dump data of "vtiger_tracker" ---------------------------
-- ---------------------------------------------------------


-- Dump data of "vtiger_tracking_unit" ---------------------
BEGIN;

INSERT INTO `vtiger_tracking_unit`(`tracking_unitid`,`tracking_unit`,`presence`,`picklist_valueid`,`sortorderid`,`color`) VALUES 
( '2', 'Hours', '1', '211', '2', NULL ),
( '3', 'Days', '1', '212', '3', NULL ),
( '4', 'Incidents', '1', '213', '4', NULL );
COMMIT;
-- ---------------------------------------------------------


-- Dump data of "vtiger_tracking_unit_seq" -----------------
BEGIN;

INSERT INTO `vtiger_tracking_unit_seq`(`id`) VALUES 
( '4' );
COMMIT;
-- ---------------------------------------------------------


-- Dump data of "vtiger_troubletickets" --------------------
BEGIN;

INSERT INTO `vtiger_troubletickets`(`ticketid`,`ticket_no`,`groupname`,`parent_id`,`product_id`,`priority`,`severity`,`status`,`category`,`title`,`solution`,`update_log`,`version_id`,`hours`,`days`,`contact_id`,`tags`) VALUES 
( '74', 'TT1', NULL, '0', '0', 'Normal', '', 'Open', '', 'voucher', '', NULL, NULL, '0.00000000', '0.00000000', '0', '' );
COMMIT;
-- ---------------------------------------------------------


-- Dump data of "vtiger_usageunit" -------------------------
BEGIN;

INSERT INTO `vtiger_usageunit`(`usageunitid`,`usageunit`,`presence`,`picklist_valueid`,`sortorderid`,`color`) VALUES 
( '1', 'Box', '1', '194', '0', NULL ),
( '2', 'Carton', '1', '195', '1', NULL ),
( '3', 'Dozen', '1', '196', '2', NULL ),
( '4', 'Each', '1', '197', '3', NULL ),
( '5', 'Hours', '1', '198', '4', NULL ),
( '6', 'Impressions', '1', '199', '5', NULL ),
( '7', 'Lb', '1', '200', '6', NULL ),
( '8', 'M', '1', '201', '7', NULL ),
( '9', 'Pack', '1', '202', '8', NULL ),
( '10', 'Pages', '1', '203', '9', NULL ),
( '11', 'Pieces', '1', '204', '10', NULL ),
( '12', 'Quantity', '1', '205', '11', NULL ),
( '13', 'Reams', '1', '206', '12', NULL ),
( '14', 'Sheet', '1', '207', '13', NULL ),
( '15', 'Spiral Binder', '1', '208', '14', NULL ),
( '16', 'Sq Ft', '1', '209', '15', NULL );
COMMIT;
-- ---------------------------------------------------------


-- Dump data of "vtiger_usageunit_seq" ---------------------
BEGIN;

INSERT INTO `vtiger_usageunit_seq`(`id`) VALUES 
( '16' );
COMMIT;
-- ---------------------------------------------------------


-- Dump data of "vtiger_user2mergefields" ------------------
-- ---------------------------------------------------------


-- Dump data of "vtiger_user2role" -------------------------
BEGIN;

INSERT INTO `vtiger_user2role`(`userid`,`roleid`) VALUES 
( '1', 'H2' ),
( '7', 'H2' );
COMMIT;
-- ---------------------------------------------------------


-- Dump data of "vtiger_user_module_preferences" -----------
BEGIN;

INSERT INTO `vtiger_user_module_preferences`(`userid`,`tabid`,`default_cvid`) VALUES 
( '1', '7', '54' ),
( '1', '61', '57' );
COMMIT;
-- ---------------------------------------------------------


-- Dump data of "vtiger_users" -----------------------------
BEGIN;

INSERT INTO `vtiger_users`(`id`,`user_name`,`user_password`,`cal_color`,`first_name`,`last_name`,`reports_to_id`,`is_admin`,`currency_id`,`description`,`date_entered`,`date_modified`,`modified_user_id`,`title`,`department`,`phone_home`,`phone_mobile`,`phone_work`,`phone_other`,`phone_fax`,`email1`,`email2`,`secondaryemail`,`status`,`signature`,`address_street`,`address_city`,`address_state`,`address_country`,`address_postalcode`,`user_preferences`,`tz`,`holidays`,`namedays`,`workdays`,`weekstart`,`date_format`,`hour_format`,`start_hour`,`end_hour`,`is_owner`,`activity_view`,`lead_view`,`imagename`,`deleted`,`confirm_password`,`internal_mailer`,`reminder_interval`,`reminder_next_time`,`crypt_type`,`accesskey`,`theme`,`language`,`time_zone`,`currency_grouping_pattern`,`currency_decimal_separator`,`currency_grouping_separator`,`currency_symbol_placement`,`userlabel`,`defaultlandingpage`,`phone_crm_extension`,`no_of_currency_decimals`,`truncate_trailing_zeros`,`dayoftheweek`,`callduration`,`othereventduration`,`calendarsharedtype`,`default_record_view`,`leftpanelhide`,`rowheight`,`defaulteventstatus`,`defaultactivitytype`,`hidecompletedevents`,`defaultcalendarview`) VALUES 
( '1', 'admin', '$2y$10$bHhqfUavofrgajB6wxr6TeGRpFA1og8G2DNFXOCEtEITYDFJOCi2e', '#E6FAD8', 'Sergey', 'Emelyanov', '', 'on', '2', '', '0000-00-00 00:00:00', NULL, NULL, 'CEO', '', '', '', '', '', '', 'se@sergeyem.ru', '', '', 'Active', '', '', 'Hamburg', '', 'Germany', '22761', NULL, NULL, NULL, NULL, NULL, NULL, 'dd-mm-yyyy', '24', '08:00', '23:00', '1', 'This Week', 'Today', '', '0', '$2y$10$RpxoBUBNZ4oi2LXmiyZSruUjOZSyd/ZGIbfLN9MNtmnqkw1PFvBAy', '1', '1 Minute', NULL, 'PHASH', 'z65jZTXT3Puafi5G', 'alphagrey', 'en_us', 'Europe/Amsterdam', '123,456,789', '.', ',', '1.0$', 'Sergey Emelyanov', 'Home', '', '2', '1', 'Monday', '5', '5', 'public', 'Summary', '0', '', 'Planned', 'Call', '0', 'MyCalendar' ),
( '7', 'anton', '$2y$10$59XGB5MjrbbDPCiCUt7eFOhtV9lrPYWy7oiwGxmzSWDH8N92JLGN2', '#E6FAD8', 'Anton', 'Felk', '', 'on', '2', '', '0000-00-00 00:00:00', NULL, NULL, '', '', '', '', '', '', '', 'anton-felk@hotmail.de', '', '', 'Active', '', '', 'Hamburg', '', 'Germany', '', NULL, NULL, NULL, NULL, NULL, NULL, 'dd-mm-yyyy', '24', '09:00', '', '', 'Today', 'Today', '', '0', '$2y$10$biJeo8rpEdgn/B/OwCYQ..wElVycefsdNtoei3abtPFMxnyx5EJ8O', '0', '', NULL, 'PHASH', 'nOHYyA428iWNTLVD', 'softed', 'en_us', 'Europe/Amsterdam', '123,456,789', '.', ',', '$1.0', 'Anton Felk', 'Home', '', '2', '0', 'Sunday', '5', '5', 'public', 'Summary', '0', 'medium', 'Select an Option', 'Select an Option', '0', 'ListView' );
COMMIT;
-- ---------------------------------------------------------


-- Dump data of "vtiger_users2group" -----------------------
BEGIN;

INSERT INTO `vtiger_users2group`(`groupid`,`userid`) VALUES 
( '3', '1' );
COMMIT;
-- ---------------------------------------------------------


-- Dump data of "vtiger_users_last_import" -----------------
-- ---------------------------------------------------------


-- Dump data of "vtiger_users_seq" -------------------------
BEGIN;

INSERT INTO `vtiger_users_seq`(`id`) VALUES 
( '7' );
COMMIT;
-- ---------------------------------------------------------


-- Dump data of "vtiger_vendor" ----------------------------
-- ---------------------------------------------------------


-- Dump data of "vtiger_vendorcf" --------------------------
-- ---------------------------------------------------------


-- Dump data of "vtiger_vendorcontactrel" ------------------
-- ---------------------------------------------------------


-- Dump data of "vtiger_version" ---------------------------
BEGIN;

INSERT INTO `vtiger_version`(`id`,`old_version`,`current_version`) VALUES 
( '1', '8.2.0', '8.2.0' );
COMMIT;
-- ---------------------------------------------------------


-- Dump data of "vtiger_version_seq" -----------------------
BEGIN;

INSERT INTO `vtiger_version_seq`(`id`) VALUES 
( '1' );
COMMIT;
-- ---------------------------------------------------------


-- Dump data of "vtiger_visibility" ------------------------
BEGIN;

INSERT INTO `vtiger_visibility`(`visibilityid`,`visibility`,`sortorderid`,`presence`,`color`) VALUES 
( '1', 'Private', '0', '1', NULL ),
( '2', 'Public', '1', '1', NULL );
COMMIT;
-- ---------------------------------------------------------


-- Dump data of "vtiger_visibility_seq" --------------------
BEGIN;

INSERT INTO `vtiger_visibility_seq`(`id`) VALUES 
( '2' );
COMMIT;
-- ---------------------------------------------------------


-- Dump data of "vtiger_vtepayments_user_field" ------------
-- ---------------------------------------------------------


-- Dump data of "vtiger_webform_file_fields" ---------------
-- ---------------------------------------------------------


-- Dump data of "vtiger_webforms" --------------------------
-- ---------------------------------------------------------


-- Dump data of "vtiger_wf_log" ----------------------------
-- ---------------------------------------------------------


-- Dump data of "vtiger_wf_queue" --------------------------
-- ---------------------------------------------------------


-- Dump data of "vtiger_wf_settings" -----------------------
-- ---------------------------------------------------------


-- Dump data of "vtiger_wfp_blocks" ------------------------
-- ---------------------------------------------------------


-- Dump data of "vtiger_wfp_connections" -------------------
-- ---------------------------------------------------------


-- Dump data of "vtiger_wfp_objects" -----------------------
-- ---------------------------------------------------------


-- Dump data of "vtiger_wordtemplates" ---------------------
-- ---------------------------------------------------------


-- Dump data of "vtiger_ws_entity" -------------------------
BEGIN;

INSERT INTO `vtiger_ws_entity`(`id`,`name`,`handler_path`,`handler_class`,`ismodule`) VALUES 
( '1', 'Campaigns', 'include/Webservices/VtigerModuleOperation.php', 'VtigerModuleOperation', '1' ),
( '2', 'Invoice', 'include/Webservices/LineItem/VtigerInventoryOperation.php', 'VtigerInventoryOperation', '1' ),
( '3', 'SalesOrder', 'include/Webservices/LineItem/VtigerInventoryOperation.php', 'VtigerInventoryOperation', '1' ),
( '4', 'PurchaseOrder', 'include/Webservices/LineItem/VtigerInventoryOperation.php', 'VtigerInventoryOperation', '1' ),
( '5', 'Quotes', 'include/Webservices/LineItem/VtigerInventoryOperation.php', 'VtigerInventoryOperation', '1' ),
( '6', 'Faq', 'include/Webservices/VtigerModuleOperation.php', 'VtigerModuleOperation', '1' ),
( '7', 'Vendors', 'include/Webservices/VtigerModuleOperation.php', 'VtigerModuleOperation', '1' ),
( '8', 'PriceBooks', 'include/Webservices/VtigerModuleOperation.php', 'VtigerModuleOperation', '1' ),
( '9', 'Calendar', 'include/Webservices/VtigerModuleOperation.php', 'VtigerModuleOperation', '1' ),
( '10', 'Leads', 'include/Webservices/VtigerModuleOperation.php', 'VtigerModuleOperation', '1' ),
( '11', 'Accounts', 'include/Webservices/VtigerModuleOperation.php', 'VtigerModuleOperation', '1' ),
( '12', 'Contacts', 'include/Webservices/VtigerModuleOperation.php', 'VtigerModuleOperation', '1' ),
( '13', 'Potentials', 'include/Webservices/VtigerModuleOperation.php', 'VtigerModuleOperation', '1' ),
( '14', 'Products', 'include/Webservices/VtigerProductOperation.php', 'VtigerProductOperation', '1' ),
( '15', 'Documents', 'include/Webservices/VtigerModuleOperation.php', 'VtigerModuleOperation', '1' ),
( '16', 'Emails', 'include/Webservices/VtigerModuleOperation.php', 'VtigerModuleOperation', '1' ),
( '17', 'HelpDesk', 'include/Webservices/VtigerModuleOperation.php', 'VtigerModuleOperation', '1' ),
( '18', 'Events', 'include/Webservices/VtigerModuleOperation.php', 'VtigerModuleOperation', '1' ),
( '19', 'Users', 'include/Webservices/VtigerModuleOperation.php', 'VtigerModuleOperation', '1' ),
( '20', 'Groups', 'include/Webservices/VtigerActorOperation.php', 'VtigerActorOperation', '0' ),
( '21', 'Currency', 'include/Webservices/VtigerActorOperation.php', 'VtigerActorOperation', '0' ),
( '22', 'DocumentFolders', 'include/Webservices/VtigerActorOperation.php', 'VtigerActorOperation', '0' ),
( '23', 'CompanyDetails', 'include/Webservices/VtigerCompanyDetails.php', 'VtigerCompanyDetails', '0' ),
( '24', 'PBXManager', 'include/Webservices/VtigerModuleOperation.php', 'VtigerModuleOperation', '1' ),
( '25', 'ServiceContracts', 'include/Webservices/VtigerModuleOperation.php', 'VtigerModuleOperation', '1' ),
( '26', 'Services', 'include/Webservices/VtigerProductOperation.php', 'VtigerProductOperation', '1' ),
( '27', 'ProjectMilestone', 'include/Webservices/VtigerModuleOperation.php', 'VtigerModuleOperation', '1' ),
( '28', 'ProjectTask', 'include/Webservices/VtigerModuleOperation.php', 'VtigerModuleOperation', '1' ),
( '29', 'Project', 'include/Webservices/VtigerModuleOperation.php', 'VtigerModuleOperation', '1' ),
( '30', 'ModComments', 'include/Webservices/VtigerModuleOperation.php', 'VtigerModuleOperation', '1' ),
( '31', 'Assets', 'include/Webservices/VtigerModuleOperation.php', 'VtigerModuleOperation', '1' ),
( '32', 'SMSNotifier', 'include/Webservices/VtigerModuleOperation.php', 'VtigerModuleOperation', '1' ),
( '33', 'LineItem', 'include/Webservices/LineItem/VtigerLineItemOperation.php', 'VtigerLineItemOperation', '0' ),
( '34', 'Tax', 'include/Webservices/LineItem/VtigerTaxOperation.php', 'VtigerTaxOperation', '0' ),
( '35', 'ProductTaxes', 'include/Webservices/LineItem/VtigerProductTaxesOperation.php', 'VtigerProductTaxesOperation', '0' ),
( '36', 'PDFMaker', 'include/Webservices/VtigerModuleOperation.php', 'VtigerModuleOperation', '1' ),
( '37', 'ModuleLinkCreator', 'include/Webservices/VtigerModuleOperation.php', 'VtigerModuleOperation', '1' ),
( '40', 'VTELabelEditor', 'include/Webservices/VtigerModuleOperation.php', 'VtigerModuleOperation', '1' ),
( '41', 'VTEButtons', 'include/Webservices/VtigerModuleOperation.php', 'VtigerModuleOperation', '1' ),
( '42', 'CustomPayments', 'include/Webservices/VtigerModuleOperation.php', 'VtigerModuleOperation', '1' ),
( '43', 'VTEPayments', 'include/Webservices/VtigerModuleOperation.php', 'VtigerModuleOperation', '1' );
COMMIT;
-- ---------------------------------------------------------


-- Dump data of "vtiger_ws_entity_fieldtype" ---------------
BEGIN;

INSERT INTO `vtiger_ws_entity_fieldtype`(`fieldtypeid`,`table_name`,`field_name`,`fieldtype`) VALUES 
( '1', 'vtiger_attachmentsfolder', 'createdby', 'reference' ),
( '2', 'vtiger_organizationdetails', 'logoname', 'file' ),
( '3', 'vtiger_organizationdetails', 'phone', 'phone' ),
( '4', 'vtiger_organizationdetails', 'fax', 'phone' ),
( '5', 'vtiger_organizationdetails', 'website', 'url' ),
( '6', 'vtiger_inventoryproductrel', 'productid', 'reference' ),
( '7', 'vtiger_inventoryproductrel', 'id', 'reference' ),
( '8', 'vtiger_inventoryproductrel', 'incrementondel', 'autogenerated' ),
( '9', 'vtiger_producttaxrel', 'productid', 'reference' ),
( '10', 'vtiger_producttaxrel', 'taxid', 'reference' );
COMMIT;
-- ---------------------------------------------------------


-- Dump data of "vtiger_ws_entity_fieldtype_seq" -----------
BEGIN;

INSERT INTO `vtiger_ws_entity_fieldtype_seq`(`id`) VALUES 
( '10' );
COMMIT;
-- ---------------------------------------------------------


-- Dump data of "vtiger_ws_entity_name" --------------------
BEGIN;

INSERT INTO `vtiger_ws_entity_name`(`entity_id`,`name_fields`,`index_field`,`table_name`) VALUES 
( '20', 'groupname', 'groupid', 'vtiger_groups' ),
( '21', 'currency_name', 'id', 'vtiger_currency_info' ),
( '22', 'foldername', 'folderid', 'vtiger_attachmentsfolder' ),
( '23', 'organizationname', 'groupid', 'vtiger_organizationdetails' ),
( '34', 'taxlabel', 'taxid', 'vtiger_inventorytaxinfo' );
COMMIT;
-- ---------------------------------------------------------


-- Dump data of "vtiger_ws_entity_referencetype" -----------
BEGIN;

INSERT INTO `vtiger_ws_entity_referencetype`(`fieldtypeid`,`type`) VALUES 
( '5', 'Users' ),
( '6', 'Products' ),
( '7', 'Invoice' ),
( '7', 'PurchaseOrder' ),
( '7', 'Quotes' ),
( '7', 'SalesOrder' ),
( '9', 'Products' ),
( '10', 'Tax' );
COMMIT;
-- ---------------------------------------------------------


-- Dump data of "vtiger_ws_entity_seq" ---------------------
BEGIN;

INSERT INTO `vtiger_ws_entity_seq`(`id`) VALUES 
( '45' );
COMMIT;
-- ---------------------------------------------------------


-- Dump data of "vtiger_ws_entity_tables" ------------------
BEGIN;

INSERT INTO `vtiger_ws_entity_tables`(`webservice_entity_id`,`table_name`) VALUES 
( '20', 'vtiger_groups' ),
( '21', 'vtiger_currency_info' ),
( '22', 'vtiger_attachmentsfolder' ),
( '23', 'vtiger_organizationdetails' ),
( '33', 'vtiger_inventoryproductrel' ),
( '34', 'vtiger_inventorytaxinfo' ),
( '35', 'vtiger_producttaxrel' );
COMMIT;
-- ---------------------------------------------------------


-- Dump data of "vtiger_ws_fieldinfo" ----------------------
BEGIN;

INSERT INTO `vtiger_ws_fieldinfo`(`id`,`property_name`,`property_value`) VALUES 
( 'vtiger_organizationdetails.organization_id', 'upload.path', '1' );
COMMIT;
-- ---------------------------------------------------------


-- Dump data of "vtiger_ws_fieldtype" ----------------------
BEGIN;

INSERT INTO `vtiger_ws_fieldtype`(`fieldtypeid`,`uitype`,`fieldtype`) VALUES 
( '1', '15', 'picklist' ),
( '2', '16', 'picklist' ),
( '3', '19', 'text' ),
( '4', '20', 'text' ),
( '5', '21', 'text' ),
( '6', '24', 'text' ),
( '7', '3', 'autogenerated' ),
( '8', '11', 'phone' ),
( '9', '33', 'multipicklist' ),
( '10', '17', 'url' ),
( '11', '85', 'skype' ),
( '12', '56', 'boolean' ),
( '13', '156', 'boolean' ),
( '14', '53', 'owner' ),
( '15', '61', 'file' ),
( '16', '28', 'file' ),
( '17', '13', 'email' ),
( '18', '71', 'currency' ),
( '19', '72', 'currency' ),
( '20', '50', 'reference' ),
( '21', '51', 'reference' ),
( '22', '57', 'reference' ),
( '23', '58', 'reference' ),
( '24', '73', 'reference' ),
( '25', '75', 'reference' ),
( '26', '76', 'reference' ),
( '27', '78', 'reference' ),
( '28', '80', 'reference' ),
( '29', '81', 'reference' ),
( '30', '101', 'reference' ),
( '31', '52', 'reference' ),
( '32', '357', 'reference' ),
( '33', '59', 'reference' ),
( '34', '66', 'reference' ),
( '35', '77', 'reference' ),
( '36', '68', 'reference' ),
( '37', '117', 'reference' ),
( '38', '26', 'reference' ),
( '39', '10', 'reference' ),
( '40', '98', 'reference' ),
( '41', '69', 'image' );
COMMIT;
-- ---------------------------------------------------------


-- Dump data of "vtiger_ws_operation" ----------------------
BEGIN;

INSERT INTO `vtiger_ws_operation`(`operationid`,`name`,`handler_path`,`handler_method`,`type`,`prelogin`) VALUES 
( '1', 'login', 'include/Webservices/Login.php', 'vtws_login', 'POST', '1' ),
( '2', 'retrieve', 'include/Webservices/Retrieve.php', 'vtws_retrieve', 'GET', '0' ),
( '3', 'create', 'include/Webservices/Create.php', 'vtws_create', 'POST', '0' ),
( '4', 'update', 'include/Webservices/Update.php', 'vtws_update', 'POST', '0' ),
( '5', 'delete', 'include/Webservices/Delete.php', 'vtws_delete', 'POST', '0' ),
( '6', 'sync', 'include/Webservices/GetUpdates.php', 'vtws_sync', 'GET', '0' ),
( '7', 'query', 'include/Webservices/Query.php', 'vtws_query', 'GET', '0' ),
( '8', 'logout', 'include/Webservices/Logout.php', 'vtws_logout', 'POST', '0' ),
( '9', 'listtypes', 'include/Webservices/ModuleTypes.php', 'vtws_listtypes', 'GET', '0' ),
( '10', 'getchallenge', 'include/Webservices/AuthToken.php', 'vtws_getchallenge', 'GET', '1' ),
( '11', 'describe', 'include/Webservices/DescribeObject.php', 'vtws_describe', 'GET', '0' ),
( '12', 'extendsession', 'include/Webservices/ExtendSession.php', 'vtws_extendSession', 'POST', '1' ),
( '13', 'convertlead', 'include/Webservices/ConvertLead.php', 'vtws_convertlead', 'POST', '0' ),
( '14', 'revise', 'include/Webservices/Revise.php', 'vtws_revise', 'POST', '0' ),
( '15', 'changePassword', 'include/Webservices/ChangePassword.php', 'vtws_changePassword', 'POST', '0' ),
( '16', 'deleteUser', 'include/Webservices/DeleteUser.php', 'vtws_deleteUser', 'POST', '0' ),
( '17', 'mobile.fetchallalerts', 'modules/Mobile/api/wsapi.php', 'mobile_ws_fetchAllAlerts', 'POST', '0' ),
( '18', 'mobile.alertdetailswithmessage', 'modules/Mobile/api/wsapi.php', 'mobile_ws_alertDetailsWithMessage', 'POST', '0' ),
( '19', 'mobile.fetchmodulefilters', 'modules/Mobile/api/wsapi.php', 'mobile_ws_fetchModuleFilters', 'POST', '0' ),
( '20', 'mobile.fetchrecord', 'modules/Mobile/api/wsapi.php', 'mobile_ws_fetchRecord', 'POST', '0' ),
( '21', 'mobile.fetchrecordwithgrouping', 'modules/Mobile/api/wsapi.php', 'mobile_ws_fetchRecordWithGrouping', 'POST', '0' ),
( '22', 'mobile.filterdetailswithcount', 'modules/Mobile/api/wsapi.php', 'mobile_ws_filterDetailsWithCount', 'POST', '0' ),
( '23', 'mobile.listmodulerecords', 'modules/Mobile/api/wsapi.php', 'mobile_ws_listModuleRecords', 'POST', '0' ),
( '24', 'mobile.saverecord', 'modules/Mobile/api/wsapi.php', 'mobile_ws_saveRecord', 'POST', '0' ),
( '25', 'mobile.syncModuleRecords', 'modules/Mobile/api/wsapi.php', 'mobile_ws_syncModuleRecords', 'POST', '0' ),
( '26', 'mobile.query', 'modules/Mobile/api/wsapi.php', 'mobile_ws_query', 'POST', '0' ),
( '27', 'mobile.querywithgrouping', 'modules/Mobile/api/wsapi.php', 'mobile_ws_queryWithGrouping', 'POST', '0' ),
( '28', 'wsapp_register', 'modules/WSAPP/api/ws/Register.php', 'wsapp_register', 'POST', '0' ),
( '29', 'wsapp_deregister', 'modules/WSAPP/api/ws/DeRegister.php', 'wsapp_deregister', 'POST', '0' ),
( '30', 'wsapp_get', 'modules/WSAPP/api/ws/Get.php', 'wsapp_get', 'POST', '0' ),
( '31', 'wsapp_put', 'modules/WSAPP/api/ws/Put.php', 'wsapp_put', 'POST', '0' ),
( '32', 'wsapp_map', 'modules/WSAPP/api/ws/Map.php', 'wsapp_map', 'POST', '0' ),
( '33', 'retrieve_inventory', 'include/Webservices/LineItem/RetrieveInventory.php', 'vtws_retrieve_inventory', 'GET', '0' ),
( '34', 'relatedtypes', 'include/Webservices/RelatedTypes.php', 'vtws_relatedtypes', 'GET', '0' ),
( '35', 'retrieve_related', 'include/Webservices/RetrieveRelated.php', 'vtws_retrieve_related', 'GET', '0' ),
( '36', 'query_related', 'include/Webservices/QueryRelated.php', 'vtws_query_related', 'GET', '0' ),
( '37', 'add_related', 'include/Webservices/AddRelated.php', 'vtws_add_related', 'POST', '0' ),
( '38', 'files_retrieve', 'include/Webservices/FileRetrieve.php', 'vtws_file_retrieve', 'GET', '0' );
COMMIT;
-- ---------------------------------------------------------


-- Dump data of "vtiger_ws_operation_parameters" -----------
BEGIN;

INSERT INTO `vtiger_ws_operation_parameters`(`operationid`,`name`,`type`,`sequence`) VALUES 
( '1', 'accessKey', 'String', '2' ),
( '1', 'username', 'String', '1' ),
( '2', 'id', 'String', '1' ),
( '3', 'element', 'encoded', '2' ),
( '3', 'elementType', 'String', '1' ),
( '4', 'element', 'encoded', '1' ),
( '5', 'id', 'String', '1' ),
( '6', 'elementType', 'String', '2' ),
( '6', 'modifiedTime', 'DateTime', '1' ),
( '7', 'query', 'String', '1' ),
( '8', 'sessionName', 'String', '1' ),
( '9', 'fieldTypeList', 'encoded', '1' ),
( '10', 'username', 'String', '1' ),
( '11', 'elementType', 'String', '1' ),
( '13', 'element', 'encoded', '1' ),
( '14', 'element', 'Encoded', '1' ),
( '15', 'confirmPassword', 'String', '4' ),
( '15', 'id', 'String', '1' ),
( '15', 'newPassword', 'String', '3' ),
( '15', 'oldPassword', 'String', '2' ),
( '16', 'id', 'String', '1' ),
( '16', 'newOwnerId', 'String', '2' ),
( '18', 'alertid', 'string', '1' ),
( '19', 'module', 'string', '1' ),
( '20', 'record', 'string', '1' ),
( '21', 'record', 'string', '1' ),
( '22', 'filterid', 'string', '1' ),
( '23', 'elements', 'encoded', '1' ),
( '24', 'module', 'string', '1' ),
( '24', 'record', 'string', '2' ),
( '24', 'values', 'encoded', '3' ),
( '25', 'module', 'string', '1' ),
( '25', 'page', 'string', '3' ),
( '25', 'syncToken', 'string', '2' ),
( '26', 'module', 'string', '1' ),
( '26', 'page', 'string', '3' ),
( '26', 'query', 'string', '2' ),
( '27', 'module', 'string', '1' ),
( '27', 'page', 'string', '3' ),
( '27', 'query', 'string', '2' ),
( '28', 'synctype', 'string', '2' ),
( '28', 'type', 'string', '1' ),
( '29', 'key', 'string', '2' ),
( '29', 'type', 'string', '1' ),
( '30', 'key', 'string', '1' ),
( '30', 'module', 'string', '2' ),
( '30', 'token', 'string', '3' ),
( '31', 'element', 'encoded', '2' ),
( '31', 'key', 'string', '1' ),
( '32', 'element', 'encoded', '2' ),
( '32', 'key', 'string', '1' ),
( '33', 'id', 'String', '1' ),
( '34', 'elementType', 'string', '1' ),
( '35', 'id', 'string', '1' ),
( '35', 'relatedLabel', 'string', '3' ),
( '35', 'relatedType', 'string', '2' ),
( '36', 'id', 'string', '2' ),
( '36', 'query', 'string', '1' ),
( '36', 'relatedLabel', 'string', '3' ),
( '37', 'relatedRecordId', 'string', '2' ),
( '37', 'relationIdLabel', 'string', '3' ),
( '37', 'sourceRecordId', 'string', '1' ),
( '38', 'id', 'string', '1' );
COMMIT;
-- ---------------------------------------------------------


-- Dump data of "vtiger_ws_operation_seq" ------------------
BEGIN;

INSERT INTO `vtiger_ws_operation_seq`(`id`) VALUES 
( '38' );
COMMIT;
-- ---------------------------------------------------------


-- Dump data of "vtiger_ws_referencetype" ------------------
BEGIN;

INSERT INTO `vtiger_ws_referencetype`(`fieldtypeid`,`type`) VALUES 
( '20', 'Accounts' ),
( '21', 'Accounts' ),
( '22', 'Contacts' ),
( '23', 'Campaigns' ),
( '24', 'Accounts' ),
( '25', 'Vendors' ),
( '26', 'Potentials' ),
( '27', 'Quotes' ),
( '28', 'SalesOrder' ),
( '29', 'Vendors' ),
( '30', 'Users' ),
( '31', 'Users' ),
( '32', 'Accounts' ),
( '32', 'Contacts' ),
( '32', 'Leads' ),
( '32', 'Users' ),
( '32', 'Vendors' ),
( '33', 'Products' ),
( '34', 'Accounts' ),
( '34', 'Campaigns' ),
( '34', 'CustomPayments' ),
( '34', 'HelpDesk' ),
( '34', 'Invoice' ),
( '34', 'Leads' ),
( '34', 'Potentials' ),
( '34', 'PurchaseOrder' ),
( '34', 'Quotes' ),
( '34', 'SalesOrder' ),
( '35', 'Users' ),
( '36', 'Accounts' ),
( '36', 'Contacts' ),
( '37', 'Currency' ),
( '38', 'DocumentFolders' );
COMMIT;
-- ---------------------------------------------------------


-- Dump data of "vtiger_ws_userauthtoken" ------------------
-- ---------------------------------------------------------


-- Dump data of "vtiger_wsapp" -----------------------------
BEGIN;

INSERT INTO `vtiger_wsapp`(`appid`,`name`,`appkey`,`type`) VALUES 
( '1', 'vtigerCRM', '664f6d853155a', 'user' );
COMMIT;
-- ---------------------------------------------------------


-- Dump data of "vtiger_wsapp_handlerdetails" --------------
BEGIN;

INSERT INTO `vtiger_wsapp_handlerdetails`(`type`,`handlerclass`,`handlerpath`) VALUES 
( 'Outlook', 'OutlookHandler', 'modules/WSAPP/Handlers/OutlookHandler.php' ),
( 'vtigerCRM', 'vtigerCRMHandler', 'modules/WSAPP/Handlers/vtigerCRMHandler.php' ),
( 'vtigerSyncLib', 'WSAPP_VtigerSyncEventHandler', 'modules/WSAPP/synclib/handlers/VtigerSyncEventHandler.php' ),
( 'Google_vtigerHandler', 'Google_Vtiger_Handler', 'modules/Google/handlers/Vtiger.php' ),
( 'Google_vtigerSyncHandler', 'Google_VtigerSync_Handler', 'modules/Google/handlers/VtigerSync.php' );
COMMIT;
-- ---------------------------------------------------------


-- Dump data of "vtiger_wsapp_logs_basic" ------------------
-- ---------------------------------------------------------


-- Dump data of "vtiger_wsapp_logs_details" ----------------
-- ---------------------------------------------------------


-- Dump data of "vtiger_wsapp_queuerecords" ----------------
-- ---------------------------------------------------------


-- Dump data of "vtiger_wsapp_recordmapping" ---------------
-- ---------------------------------------------------------


-- Dump data of "vtiger_wsapp_sync_state" ------------------
-- ---------------------------------------------------------


-- CREATE INDEX "tabid" ----------------------------------------
CREATE INDEX `tabid` USING BTREE ON `vte_default_widgets`( `tabid` );
-- -------------------------------------------------------------


-- CREATE INDEX "tabid" ----------------------------------------
CREATE INDEX `tabid` USING BTREE ON `vte_widgets`( `tabid` );
-- -------------------------------------------------------------


-- CREATE INDEX "account_account_type_idx" ---------------------
CREATE INDEX `account_account_type_idx` USING BTREE ON `vtiger_account`( `account_type` );
-- -------------------------------------------------------------


-- CREATE INDEX "email_idx" ------------------------------------
CREATE INDEX `email_idx` USING BTREE ON `vtiger_account`( `email1`, `email2` );
-- -------------------------------------------------------------


-- CREATE INDEX "activity_activityid_subject_idx" --------------
CREATE INDEX `activity_activityid_subject_idx` USING BTREE ON `vtiger_activity`( `activityid`, `subject` );
-- -------------------------------------------------------------


-- CREATE INDEX "activity_activitytype_date_start_idx" ---------
CREATE INDEX `activity_activitytype_date_start_idx` USING BTREE ON `vtiger_activity`( `activitytype`, `date_start` );
-- -------------------------------------------------------------


-- CREATE INDEX "activity_date_start_due_date_idx" -------------
CREATE INDEX `activity_date_start_due_date_idx` USING BTREE ON `vtiger_activity`( `date_start`, `due_date` );
-- -------------------------------------------------------------


-- CREATE INDEX "activity_date_start_time_start_idx" -----------
CREATE INDEX `activity_date_start_time_start_idx` USING BTREE ON `vtiger_activity`( `date_start`, `time_start` );
-- -------------------------------------------------------------


-- CREATE INDEX "activity_eventstatus_idx" ---------------------
CREATE INDEX `activity_eventstatus_idx` USING BTREE ON `vtiger_activity`( `eventstatus` );
-- -------------------------------------------------------------


-- CREATE INDEX "activity_status_idx" --------------------------
CREATE INDEX `activity_status_idx` USING BTREE ON `vtiger_activity`( `status` );
-- -------------------------------------------------------------


-- CREATE INDEX "activityproductrel_activityid_idx" ------------
CREATE INDEX `activityproductrel_activityid_idx` USING BTREE ON `vtiger_activityproductrel`( `activityid` );
-- -------------------------------------------------------------


-- CREATE INDEX "activityproductrel_productid_idx" -------------
CREATE INDEX `activityproductrel_productid_idx` USING BTREE ON `vtiger_activityproductrel`( `productid` );
-- -------------------------------------------------------------


-- CREATE INDEX "announcement_creatorid_idx" -------------------
CREATE INDEX `announcement_creatorid_idx` USING BTREE ON `vtiger_announcement`( `creatorid` );
-- -------------------------------------------------------------


-- CREATE INDEX "vtiger_app2tab_fk_tab" ------------------------
CREATE INDEX `vtiger_app2tab_fk_tab` USING BTREE ON `vtiger_app2tab`( `tabid` );
-- -------------------------------------------------------------


-- CREATE INDEX "attachments_attachmentsid_idx" ----------------
CREATE INDEX `attachments_attachmentsid_idx` USING BTREE ON `vtiger_attachments`( `attachmentsid` );
-- -------------------------------------------------------------


-- CREATE INDEX "block_tabid_idx" ------------------------------
CREATE INDEX `block_tabid_idx` USING BTREE ON `vtiger_blocks`( `tabid` );
-- -------------------------------------------------------------


-- CREATE INDEX "campaign_campaignid_idx" ----------------------
CREATE INDEX `campaign_campaignid_idx` USING BTREE ON `vtiger_campaign`( `campaignid` );
-- -------------------------------------------------------------


-- CREATE INDEX "campaign_campaignname_idx" --------------------
CREATE INDEX `campaign_campaignname_idx` USING BTREE ON `vtiger_campaign`( `campaignname` );
-- -------------------------------------------------------------


-- CREATE INDEX "campaign_campaignstatus_idx" ------------------
CREATE INDEX `campaign_campaignstatus_idx` USING BTREE ON `vtiger_campaign`( `campaignstatus` );
-- -------------------------------------------------------------


-- CREATE INDEX "campaigncontrel_contractid_idx" ---------------
CREATE INDEX `campaigncontrel_contractid_idx` USING BTREE ON `vtiger_campaigncontrel`( `contactid` );
-- -------------------------------------------------------------


-- CREATE INDEX "campaignleadrel_leadid_campaignid_idx" --------
CREATE INDEX `campaignleadrel_leadid_campaignid_idx` USING BTREE ON `vtiger_campaignleadrel`( `leadid`, `campaignid` );
-- -------------------------------------------------------------


-- CREATE INDEX "campaignstatus_campaignstatus_idx" ------------
CREATE INDEX `campaignstatus_campaignstatus_idx` USING BTREE ON `vtiger_campaignstatus`( `campaignstatus` );
-- -------------------------------------------------------------


-- CREATE INDEX "cntactivityrel_activityid_idx" ----------------
CREATE INDEX `cntactivityrel_activityid_idx` USING BTREE ON `vtiger_cntactivityrel`( `activityid` );
-- -------------------------------------------------------------


-- CREATE INDEX "cntactivityrel_contactid_idx" -----------------
CREATE INDEX `cntactivityrel_contactid_idx` USING BTREE ON `vtiger_cntactivityrel`( `contactid` );
-- -------------------------------------------------------------


-- CREATE INDEX "contactdetails_accountid_idx" -----------------
CREATE INDEX `contactdetails_accountid_idx` USING BTREE ON `vtiger_contactdetails`( `accountid` );
-- -------------------------------------------------------------


-- CREATE INDEX "email_idx" ------------------------------------
CREATE INDEX `email_idx` USING BTREE ON `vtiger_contactdetails`( `email` );
-- -------------------------------------------------------------


-- CREATE INDEX "contpotentialrel_contactid_idx" ---------------
CREATE INDEX `contpotentialrel_contactid_idx` USING BTREE ON `vtiger_contpotentialrel`( `contactid` );
-- -------------------------------------------------------------


-- CREATE INDEX "contpotentialrel_potentialid_idx" -------------
CREATE INDEX `contpotentialrel_potentialid_idx` USING BTREE ON `vtiger_contpotentialrel`( `potentialid` );
-- -------------------------------------------------------------


-- CREATE INDEX "crm_ownerid_del_setype_idx" -------------------
CREATE INDEX `crm_ownerid_del_setype_idx` USING BTREE ON `vtiger_crmentity`( `smownerid`, `deleted`, `setype` );
-- -------------------------------------------------------------


-- CREATE INDEX "crmentity_deleted_idx" ------------------------
CREATE INDEX `crmentity_deleted_idx` USING BTREE ON `vtiger_crmentity`( `deleted` );
-- -------------------------------------------------------------


-- CREATE INDEX "crmentity_modifiedby_idx" ---------------------
CREATE INDEX `crmentity_modifiedby_idx` USING BTREE ON `vtiger_crmentity`( `modifiedby` );
-- -------------------------------------------------------------


-- CREATE INDEX "crmentity_smcreatorid_idx" --------------------
CREATE INDEX `crmentity_smcreatorid_idx` USING BTREE ON `vtiger_crmentity`( `smcreatorid` );
-- -------------------------------------------------------------


-- CREATE INDEX "vtiger_crmentity_labelidx" --------------------
CREATE INDEX `vtiger_crmentity_labelidx` USING BTREE ON `vtiger_crmentity`( `label` );
-- -------------------------------------------------------------


-- CREATE INDEX "record_user_idx" ------------------------------
CREATE INDEX `record_user_idx` USING BTREE ON `vtiger_crmentity_user_field`( `recordid`, `userid` );
-- -------------------------------------------------------------


-- CREATE INDEX "crmid_idx" ------------------------------------
CREATE INDEX `crmid_idx` USING BTREE ON `vtiger_crmentityrel`( `crmid` );
-- -------------------------------------------------------------


-- CREATE INDEX "relcrmid_idx" ---------------------------------
CREATE INDEX `relcrmid_idx` USING BTREE ON `vtiger_crmentityrel`( `relcrmid` );
-- -------------------------------------------------------------


-- CREATE INDEX "customaction_cvid_idx" ------------------------
CREATE INDEX `customaction_cvid_idx` USING BTREE ON `vtiger_customaction`( `cvid` );
-- -------------------------------------------------------------


-- CREATE INDEX "cf_potentials_id_index" -----------------------
CREATE INDEX `cf_potentials_id_index` USING BTREE ON `vtiger_custompayments`( `cf_potentials_id` );
-- -------------------------------------------------------------


-- CREATE INDEX "cf_quotes_id_index" ---------------------------
CREATE INDEX `cf_quotes_id_index` USING BTREE ON `vtiger_custompayments`( `cf_quotes_id` );
-- -------------------------------------------------------------


-- CREATE INDEX "customview_entitytype_idx" --------------------
CREATE INDEX `customview_entitytype_idx` USING BTREE ON `vtiger_customview`( `entitytype` );
-- -------------------------------------------------------------


-- CREATE INDEX "vtiger_cv2group_ibfk_1" -----------------------
CREATE INDEX `vtiger_cv2group_ibfk_1` USING BTREE ON `vtiger_cv2group`( `cvid` );
-- -------------------------------------------------------------


-- CREATE INDEX "vtiger_groups_ibfk_1" -------------------------
CREATE INDEX `vtiger_groups_ibfk_1` USING BTREE ON `vtiger_cv2group`( `groupid` );
-- -------------------------------------------------------------


-- CREATE INDEX "vtiger_cv2users_ibfk_1" -----------------------
CREATE INDEX `vtiger_cv2users_ibfk_1` USING BTREE ON `vtiger_cv2users`( `cvid` );
-- -------------------------------------------------------------


-- CREATE INDEX "vtiger_users_ibfk_1" --------------------------
CREATE INDEX `vtiger_users_ibfk_1` USING BTREE ON `vtiger_cv2users`( `userid` );
-- -------------------------------------------------------------


-- CREATE INDEX "cvadvfilter_cvid_idx" -------------------------
CREATE INDEX `cvadvfilter_cvid_idx` USING BTREE ON `vtiger_cvadvfilter`( `cvid` );
-- -------------------------------------------------------------


-- CREATE INDEX "cvcolumnlist_columnindex_idx" -----------------
CREATE INDEX `cvcolumnlist_columnindex_idx` USING BTREE ON `vtiger_cvcolumnlist`( `columnindex` );
-- -------------------------------------------------------------


-- CREATE INDEX "cvcolumnlist_cvid_idx" ------------------------
CREATE INDEX `cvcolumnlist_cvid_idx` USING BTREE ON `vtiger_cvcolumnlist`( `cvid` );
-- -------------------------------------------------------------


-- CREATE INDEX "cvstdfilter_cvid_idx" -------------------------
CREATE INDEX `cvstdfilter_cvid_idx` USING BTREE ON `vtiger_cvstdfilter`( `cvid` );
-- -------------------------------------------------------------


-- CREATE INDEX "vtiger_dashboard_tabs_ibfk_1" -----------------
CREATE INDEX `vtiger_dashboard_tabs_ibfk_1` USING BTREE ON `vtiger_dashboard_tabs`( `userid` );
-- -------------------------------------------------------------


-- CREATE INDEX "datashare_grp2grp_share_groupid_idx" ----------
CREATE INDEX `datashare_grp2grp_share_groupid_idx` USING BTREE ON `vtiger_datashare_grp2grp`( `share_groupid` );
-- -------------------------------------------------------------


-- CREATE INDEX "datashare_grp2grp_to_groupid_idx" -------------
CREATE INDEX `datashare_grp2grp_to_groupid_idx` USING BTREE ON `vtiger_datashare_grp2grp`( `to_groupid` );
-- -------------------------------------------------------------


-- CREATE INDEX "idx_datashare_grp2role_share_groupid" ---------
CREATE INDEX `idx_datashare_grp2role_share_groupid` USING BTREE ON `vtiger_datashare_grp2role`( `share_groupid` );
-- -------------------------------------------------------------


-- CREATE INDEX "idx_datashare_grp2role_to_roleid" -------------
CREATE INDEX `idx_datashare_grp2role_to_roleid` USING BTREE ON `vtiger_datashare_grp2role`( `to_roleid` );
-- -------------------------------------------------------------


-- CREATE INDEX "datashare_grp2rs_share_groupid_idx" -----------
CREATE INDEX `datashare_grp2rs_share_groupid_idx` USING BTREE ON `vtiger_datashare_grp2rs`( `share_groupid` );
-- -------------------------------------------------------------


-- CREATE INDEX "datashare_grp2rs_to_roleandsubid_idx" ---------
CREATE INDEX `datashare_grp2rs_to_roleandsubid_idx` USING BTREE ON `vtiger_datashare_grp2rs`( `to_roleandsubid` );
-- -------------------------------------------------------------


-- CREATE INDEX "idx_datashare_module_rel_tabid" ---------------
CREATE INDEX `idx_datashare_module_rel_tabid` USING BTREE ON `vtiger_datashare_module_rel`( `tabid` );
-- -------------------------------------------------------------


-- CREATE INDEX "datashare_relatedmodule_permission_shareid_permissions_idx" 
CREATE INDEX `datashare_relatedmodule_permission_shareid_permissions_idx` USING BTREE ON `vtiger_datashare_relatedmodule_permission`( `shareid`, `permission` );
-- -------------------------------------------------------------


-- CREATE INDEX "datashare_relatedmodules_relatedto_tabid_idx" -
CREATE INDEX `datashare_relatedmodules_relatedto_tabid_idx` USING BTREE ON `vtiger_datashare_relatedmodules`( `relatedto_tabid` );
-- -------------------------------------------------------------


-- CREATE INDEX "datashare_relatedmodules_tabid_idx" -----------
CREATE INDEX `datashare_relatedmodules_tabid_idx` USING BTREE ON `vtiger_datashare_relatedmodules`( `tabid` );
-- -------------------------------------------------------------


-- CREATE INDEX "idx_datashare_role2group_share_roleid" --------
CREATE INDEX `idx_datashare_role2group_share_roleid` USING BTREE ON `vtiger_datashare_role2group`( `share_roleid` );
-- -------------------------------------------------------------


-- CREATE INDEX "idx_datashare_role2group_to_groupid" ----------
CREATE INDEX `idx_datashare_role2group_to_groupid` USING BTREE ON `vtiger_datashare_role2group`( `to_groupid` );
-- -------------------------------------------------------------


-- CREATE INDEX "datashare_role2role_share_roleid_idx" ---------
CREATE INDEX `datashare_role2role_share_roleid_idx` USING BTREE ON `vtiger_datashare_role2role`( `share_roleid` );
-- -------------------------------------------------------------


-- CREATE INDEX "datashare_role2role_to_roleid_idx" ------------
CREATE INDEX `datashare_role2role_to_roleid_idx` USING BTREE ON `vtiger_datashare_role2role`( `to_roleid` );
-- -------------------------------------------------------------


-- CREATE INDEX "datashare_role2s_share_roleid_idx" ------------
CREATE INDEX `datashare_role2s_share_roleid_idx` USING BTREE ON `vtiger_datashare_role2rs`( `share_roleid` );
-- -------------------------------------------------------------


-- CREATE INDEX "datashare_role2s_to_roleandsubid_idx" ---------
CREATE INDEX `datashare_role2s_to_roleandsubid_idx` USING BTREE ON `vtiger_datashare_role2rs`( `to_roleandsubid` );
-- -------------------------------------------------------------


-- CREATE INDEX "datashare_rs2grp_share_roleandsubid_idx" ------
CREATE INDEX `datashare_rs2grp_share_roleandsubid_idx` USING BTREE ON `vtiger_datashare_rs2grp`( `share_roleandsubid` );
-- -------------------------------------------------------------


-- CREATE INDEX "datashare_rs2grp_to_groupid_idx" --------------
CREATE INDEX `datashare_rs2grp_to_groupid_idx` USING BTREE ON `vtiger_datashare_rs2grp`( `to_groupid` );
-- -------------------------------------------------------------


-- CREATE INDEX "datashare_rs2role_share_roleandsubid_idx" -----
CREATE INDEX `datashare_rs2role_share_roleandsubid_idx` USING BTREE ON `vtiger_datashare_rs2role`( `share_roleandsubid` );
-- -------------------------------------------------------------


-- CREATE INDEX "datashare_rs2role_to_roleid_idx" --------------
CREATE INDEX `datashare_rs2role_to_roleid_idx` USING BTREE ON `vtiger_datashare_rs2role`( `to_roleid` );
-- -------------------------------------------------------------


-- CREATE INDEX "datashare_rs2rs_share_roleandsubid_idx" -------
CREATE INDEX `datashare_rs2rs_share_roleandsubid_idx` USING BTREE ON `vtiger_datashare_rs2rs`( `share_roleandsubid` );
-- -------------------------------------------------------------


-- CREATE INDEX "idx_datashare_rs2rs_to_roleandsubid_idx" ------
CREATE INDEX `idx_datashare_rs2rs_to_roleandsubid_idx` USING BTREE ON `vtiger_datashare_rs2rs`( `to_roleandsubid` );
-- -------------------------------------------------------------


-- CREATE INDEX "def_org_field_tabid_fieldid_idx" --------------
CREATE INDEX `def_org_field_tabid_fieldid_idx` USING BTREE ON `vtiger_def_org_field`( `tabid`, `fieldid` );
-- -------------------------------------------------------------


-- CREATE INDEX "def_org_field_tabid_idx" ----------------------
CREATE INDEX `def_org_field_tabid_idx` USING BTREE ON `vtiger_def_org_field`( `tabid` );
-- -------------------------------------------------------------


-- CREATE INDEX "def_org_field_visible_fieldid_idx" ------------
CREATE INDEX `def_org_field_visible_fieldid_idx` USING BTREE ON `vtiger_def_org_field`( `visible`, `fieldid` );
-- -------------------------------------------------------------


-- CREATE INDEX "fk_1_vtiger_def_org_share" --------------------
CREATE INDEX `fk_1_vtiger_def_org_share` USING BTREE ON `vtiger_def_org_share`( `permission` );
-- -------------------------------------------------------------


-- CREATE INDEX "emailslookup_fieldid_setype_idx" --------------
CREATE INDEX `emailslookup_fieldid_setype_idx` USING BTREE ON `vtiger_emailslookup`( `fieldid`, `setype` );
-- -------------------------------------------------------------


-- CREATE INDEX "emailtemplates_foldernamd_templatename_subject_idx" 
CREATE INDEX `emailtemplates_foldernamd_templatename_subject_idx` USING BTREE ON `vtiger_emailtemplates`( `foldername`, `templatename`, `subject` );
-- -------------------------------------------------------------


-- CREATE INDEX "entityname_tabid_idx" -------------------------
CREATE INDEX `entityname_tabid_idx` USING BTREE ON `vtiger_entityname`( `tabid` );
-- -------------------------------------------------------------


-- CREATE INDEX "faq_id_idx" -----------------------------------
CREATE INDEX `faq_id_idx` USING BTREE ON `vtiger_faq`( `id` );
-- -------------------------------------------------------------


-- CHANGE "AUTOINCREMENT" OF "FIELD "id" -----------------------
ALTER TABLE `vtiger_faq` MODIFY `id` Int( 0 ) AUTO_INCREMENT NOT NULL;
-- -------------------------------------------------------------


-- CREATE INDEX "faqcomments_faqid_idx" ------------------------
CREATE INDEX `faqcomments_faqid_idx` USING BTREE ON `vtiger_faqcomments`( `faqid` );
-- -------------------------------------------------------------


-- CREATE INDEX "field_block_idx" ------------------------------
CREATE INDEX `field_block_idx` USING BTREE ON `vtiger_field`( `block` );
-- -------------------------------------------------------------


-- CREATE INDEX "field_displaytype_idx" ------------------------
CREATE INDEX `field_displaytype_idx` USING BTREE ON `vtiger_field`( `displaytype` );
-- -------------------------------------------------------------


-- CREATE INDEX "field_fieldname_idx" --------------------------
CREATE INDEX `field_fieldname_idx` USING BTREE ON `vtiger_field`( `fieldname` );
-- -------------------------------------------------------------


-- CREATE INDEX "field_tabid_idx" ------------------------------
CREATE INDEX `field_tabid_idx` USING BTREE ON `vtiger_field`( `tabid` );
-- -------------------------------------------------------------


-- CREATE INDEX "freetagged_objects_tag_id_tagger_id_object_id_idx" 
CREATE INDEX `freetagged_objects_tag_id_tagger_id_object_id_idx` USING BTREE ON `vtiger_freetagged_objects`( `tag_id`, `tagger_id`, `object_id` );
-- -------------------------------------------------------------


-- CREATE INDEX "fk_2_vtiger_group2role" -----------------------
CREATE INDEX `fk_2_vtiger_group2role` USING BTREE ON `vtiger_group2role`( `roleid` );
-- -------------------------------------------------------------


-- CREATE INDEX "fk_2_vtiger_group2rs" -------------------------
CREATE INDEX `fk_2_vtiger_group2rs` USING BTREE ON `vtiger_group2rs`( `roleandsubid` );
-- -------------------------------------------------------------


-- CREATE INDEX "stuff_stuffid_idx" ----------------------------
CREATE INDEX `stuff_stuffid_idx` USING BTREE ON `vtiger_homedashbd`( `stuffid` );
-- -------------------------------------------------------------


-- CREATE INDEX "stuff_stuffid_idx" ----------------------------
CREATE INDEX `stuff_stuffid_idx` USING BTREE ON `vtiger_homedefault`( `stuffid` );
-- -------------------------------------------------------------


-- CREATE INDEX "stuff_stuffid_idx" ----------------------------
CREATE INDEX `stuff_stuffid_idx` USING BTREE ON `vtiger_homemodule`( `stuffid` );
-- -------------------------------------------------------------


-- CREATE INDEX "stuff_stuffid_idx" ----------------------------
CREATE INDEX `stuff_stuffid_idx` USING BTREE ON `vtiger_homemoduleflds`( `stuffid` );
-- -------------------------------------------------------------


-- CREATE INDEX "stuff_stuffid_idx" ----------------------------
CREATE INDEX `stuff_stuffid_idx` USING BTREE ON `vtiger_homerss`( `stuffid` );
-- -------------------------------------------------------------


-- CREATE INDEX "fk_1_vtiger_homestuff" ------------------------
CREATE INDEX `fk_1_vtiger_homestuff` USING BTREE ON `vtiger_homestuff`( `userid` );
-- -------------------------------------------------------------


-- CREATE INDEX "stuff_stuffid_idx" ----------------------------
CREATE INDEX `stuff_stuffid_idx` USING BTREE ON `vtiger_homestuff`( `stuffid` );
-- -------------------------------------------------------------


-- CREATE INDEX "import_maps_assigned_user_id_module_name_deleted_idx" 
CREATE INDEX `import_maps_assigned_user_id_module_name_deleted_idx` USING BTREE ON `vtiger_import_maps`( `assigned_user_id`, `module`, `name`, `deleted` );
-- -------------------------------------------------------------


-- CREATE INDEX "record_idx" -----------------------------------
CREATE INDEX `record_idx` USING BTREE ON `vtiger_inventorychargesrel`( `recordid` );
-- -------------------------------------------------------------


-- CREATE INDEX "inventoryproductrel_id_idx" -------------------
CREATE INDEX `inventoryproductrel_id_idx` USING BTREE ON `vtiger_inventoryproductrel`( `id` );
-- -------------------------------------------------------------


-- CREATE INDEX "inventoryproductrel_productid_idx" ------------
CREATE INDEX `inventoryproductrel_productid_idx` USING BTREE ON `vtiger_inventoryproductrel`( `productid` );
-- -------------------------------------------------------------


-- CREATE INDEX "inventoryishippingrel_id_idx" -----------------
CREATE INDEX `inventoryishippingrel_id_idx` USING BTREE ON `vtiger_inventoryshippingrel`( `id` );
-- -------------------------------------------------------------


-- CREATE INDEX "inventorytaxinfo_taxname_idx" -----------------
CREATE INDEX `inventorytaxinfo_taxname_idx` USING BTREE ON `vtiger_inventorytaxinfo`( `taxname` );
-- -------------------------------------------------------------


-- CREATE INDEX "fk_2_vtiger_invoice" --------------------------
CREATE INDEX `fk_2_vtiger_invoice` USING BTREE ON `vtiger_invoice`( `salesorderid` );
-- -------------------------------------------------------------


-- CREATE INDEX "invoice_purchaseorderid_idx" ------------------
CREATE INDEX `invoice_purchaseorderid_idx` USING BTREE ON `vtiger_invoice`( `invoiceid` );
-- -------------------------------------------------------------


-- CREATE INDEX "invoicestatushistory_invoiceid_idx" -----------
CREATE INDEX `invoicestatushistory_invoiceid_idx` USING BTREE ON `vtiger_invoicestatushistory`( `invoiceid` );
-- -------------------------------------------------------------


-- CREATE INDEX "email_idx" ------------------------------------
CREATE INDEX `email_idx` USING BTREE ON `vtiger_leaddetails`( `email` );
-- -------------------------------------------------------------


-- CREATE INDEX "leaddetails_converted_leadstatus_idx" ---------
CREATE INDEX `leaddetails_converted_leadstatus_idx` USING BTREE ON `vtiger_leaddetails`( `converted`, `leadstatus` );
-- -------------------------------------------------------------


-- CREATE INDEX "link_tabidtype_idx" ---------------------------
CREATE INDEX `link_tabidtype_idx` USING BTREE ON `vtiger_links`( `tabid`, `linktype` );
-- -------------------------------------------------------------


-- CREATE INDEX "userid_muid_idx" ------------------------------
CREATE INDEX `userid_muid_idx` USING BTREE ON `vtiger_mailmanager_mailattachments`( `userid`, `muid` );
-- -------------------------------------------------------------


-- CREATE INDEX "userid_lastsavedtime_idx" ---------------------
CREATE INDEX `userid_lastsavedtime_idx` USING BTREE ON `vtiger_mailmanager_mailrecord`( `userid`, `lastsavedtime` );
-- -------------------------------------------------------------


-- CREATE INDEX "userid_muid_idx" ------------------------------
CREATE INDEX `userid_muid_idx` USING BTREE ON `vtiger_mailmanager_mailrecord`( `userid`, `muid` );
-- -------------------------------------------------------------


-- CREATE INDEX "folderid_idx" ---------------------------------
CREATE INDEX `folderid_idx` USING BTREE ON `vtiger_mailscanner_folders`( `folderid` );
-- -------------------------------------------------------------


-- CHANGE "AUTOINCREMENT" OF "FIELD "folderid" -----------------
ALTER TABLE `vtiger_mailscanner_folders` MODIFY `folderid` Int( 0 ) AUTO_INCREMENT NOT NULL;
-- -------------------------------------------------------------


-- CREATE INDEX "messageids_crmid_idx" -------------------------
CREATE INDEX `messageids_crmid_idx` USING BTREE ON `vtiger_mailscanner_ids`( `crmid` );
-- -------------------------------------------------------------


-- CREATE INDEX "scanner_message_ids_idx" ----------------------
CREATE INDEX `scanner_message_ids_idx` USING BTREE ON `vtiger_mailscanner_ids`( `scannerid`, `messageid` );
-- -------------------------------------------------------------


-- CREATE INDEX "fk_crmid_vtiger_modcomments" ------------------
CREATE INDEX `fk_crmid_vtiger_modcomments` USING BTREE ON `vtiger_modcomments`( `modcommentsid` );
-- -------------------------------------------------------------


-- CREATE INDEX "relatedto_idx" --------------------------------
CREATE INDEX `relatedto_idx` USING BTREE ON `vtiger_modcomments`( `related_to` );
-- -------------------------------------------------------------


-- CREATE INDEX "semodule_active_idx" --------------------------
CREATE INDEX `semodule_active_idx` USING BTREE ON `vtiger_modentity_num`( `semodule`, `active` );
-- -------------------------------------------------------------


-- CREATE INDEX "crmidx" ---------------------------------------
CREATE INDEX `crmidx` USING BTREE ON `vtiger_modtracker_basic`( `crmid` );
-- -------------------------------------------------------------


-- CREATE INDEX "idx" ------------------------------------------
CREATE INDEX `idx` USING BTREE ON `vtiger_modtracker_basic`( `id` );
-- -------------------------------------------------------------


-- CREATE INDEX "idx" ------------------------------------------
CREATE INDEX `idx` USING BTREE ON `vtiger_modtracker_detail`( `id` );
-- -------------------------------------------------------------


-- CREATE INDEX "dashboardtabid" -------------------------------
CREATE INDEX `dashboardtabid` USING BTREE ON `vtiger_module_dashboard_widgets`( `dashboardtabid` );
-- -------------------------------------------------------------


-- CREATE INDEX "notes_notesid_idx" ----------------------------
CREATE INDEX `notes_notesid_idx` USING BTREE ON `vtiger_notes`( `notesid` );
-- -------------------------------------------------------------


-- CREATE INDEX "notes_title_idx" ------------------------------
CREATE INDEX `notes_title_idx` USING BTREE ON `vtiger_notes`( `title` );
-- -------------------------------------------------------------


-- CREATE INDEX "fk_2_vtiger_org_share_action2tab" -------------
CREATE INDEX `fk_2_vtiger_org_share_action2tab` USING BTREE ON `vtiger_org_share_action2tab`( `tabid` );
-- -------------------------------------------------------------


-- CREATE INDEX "parenttab_parenttabid_parenttabl_label_visible_idx" 
CREATE INDEX `parenttab_parenttabid_parenttabl_label_visible_idx` USING BTREE ON `vtiger_parenttab`( `parenttabid`, `parenttab_label`, `visible` );
-- -------------------------------------------------------------


-- CREATE INDEX "fk_2_vtiger_parenttabrel" ---------------------
CREATE INDEX `fk_2_vtiger_parenttabrel` USING BTREE ON `vtiger_parenttabrel`( `parenttabid` );
-- -------------------------------------------------------------


-- CREATE INDEX "parenttabrel_tabid_parenttabid_idx" -----------
CREATE INDEX `parenttabrel_tabid_parenttabid_idx` USING BTREE ON `vtiger_parenttabrel`( `tabid`, `parenttabid` );
-- -------------------------------------------------------------


-- CREATE INDEX "contact_index" --------------------------------
CREATE INDEX `contact_index` USING BTREE ON `vtiger_payments`( `contact` );
-- -------------------------------------------------------------


-- CREATE INDEX "invoice_index" --------------------------------
CREATE INDEX `invoice_index` USING BTREE ON `vtiger_payments`( `invoice` );
-- -------------------------------------------------------------


-- CREATE INDEX "organization_index" ---------------------------
CREATE INDEX `organization_index` USING BTREE ON `vtiger_payments`( `organization` );
-- -------------------------------------------------------------


-- CREATE INDEX "index_pbxmanager_id" --------------------------
CREATE INDEX `index_pbxmanager_id` USING BTREE ON `vtiger_pbxmanager`( `pbxmanagerid` );
-- -------------------------------------------------------------


-- CREATE INDEX "index_sourceuuid" -----------------------------
CREATE INDEX `index_sourceuuid` USING BTREE ON `vtiger_pbxmanager`( `sourceuuid` );
-- -------------------------------------------------------------


-- CHANGE "AUTOINCREMENT" OF "FIELD "pbxmanagerid" -------------
ALTER TABLE `vtiger_pbxmanager` MODIFY `pbxmanagerid` Int( 0 ) AUTO_INCREMENT NOT NULL;
-- -------------------------------------------------------------


-- CREATE INDEX "index_phone_number" ---------------------------
CREATE INDEX `index_phone_number` USING BTREE ON `vtiger_pbxmanager_phonelookup`( `fnumber`, `rnumber` );
-- -------------------------------------------------------------


-- CREATE INDEX "displayed" ------------------------------------
CREATE INDEX `displayed` USING BTREE ON `vtiger_pdfmaker_displayed`( `displayed` );
-- -------------------------------------------------------------


-- CREATE INDEX "fk_1_vtiger_pdfmaker_relblocksortcol" ---------
CREATE INDEX `fk_1_vtiger_pdfmaker_relblocksortcol` USING BTREE ON `vtiger_pdfmaker_relblocksortcol`( `relblockid` );
-- -------------------------------------------------------------


-- CREATE INDEX "portal_portalname_idx" ------------------------
CREATE INDEX `portal_portalname_idx` USING BTREE ON `vtiger_portal`( `portalname` );
-- -------------------------------------------------------------


-- CREATE INDEX "postatushistory_purchaseorderid_idx" ----------
CREATE INDEX `postatushistory_purchaseorderid_idx` USING BTREE ON `vtiger_postatushistory`( `purchaseorderid` );
-- -------------------------------------------------------------


-- CREATE INDEX "potentail_sales_stage_amount_idx" -------------
CREATE INDEX `potentail_sales_stage_amount_idx` USING BTREE ON `vtiger_potential`( `amount`, `sales_stage` );
-- -------------------------------------------------------------


-- CREATE INDEX "potentail_sales_stage_idx" --------------------
CREATE INDEX `potentail_sales_stage_idx` USING BTREE ON `vtiger_potential`( `sales_stage` );
-- -------------------------------------------------------------


-- CREATE INDEX "potential_relatedto_idx" ----------------------
CREATE INDEX `potential_relatedto_idx` USING BTREE ON `vtiger_potential`( `related_to` );
-- -------------------------------------------------------------


-- CREATE INDEX "potstagehistory_potentialid_idx" --------------
CREATE INDEX `potstagehistory_potentialid_idx` USING BTREE ON `vtiger_potstagehistory`( `potentialid` );
-- -------------------------------------------------------------


-- CREATE INDEX "pricebookproductrel_pricebookid_idx" ----------
CREATE INDEX `pricebookproductrel_pricebookid_idx` USING BTREE ON `vtiger_pricebookproductrel`( `pricebookid` );
-- -------------------------------------------------------------


-- CREATE INDEX "pricebookproductrel_productid_idx" ------------
CREATE INDEX `pricebookproductrel_productid_idx` USING BTREE ON `vtiger_pricebookproductrel`( `productid` );
-- -------------------------------------------------------------


-- CREATE INDEX "producttaxrel_productid_idx" ------------------
CREATE INDEX `producttaxrel_productid_idx` USING BTREE ON `vtiger_producttaxrel`( `productid` );
-- -------------------------------------------------------------


-- CREATE INDEX "producttaxrel_taxid_idx" ----------------------
CREATE INDEX `producttaxrel_taxid_idx` USING BTREE ON `vtiger_producttaxrel`( `taxid` );
-- -------------------------------------------------------------


-- CREATE INDEX "profile2field_profileid_tabid_fieldname_idx" --
CREATE INDEX `profile2field_profileid_tabid_fieldname_idx` USING BTREE ON `vtiger_profile2field`( `profileid`, `tabid` );
-- -------------------------------------------------------------


-- CREATE INDEX "profile2field_tabid_profileid_idx" ------------
CREATE INDEX `profile2field_tabid_profileid_idx` USING BTREE ON `vtiger_profile2field`( `tabid`, `profileid` );
-- -------------------------------------------------------------


-- CREATE INDEX "profile2field_visible_profileid_idx" ----------
CREATE INDEX `profile2field_visible_profileid_idx` USING BTREE ON `vtiger_profile2field`( `visible`, `profileid` );
-- -------------------------------------------------------------


-- CREATE INDEX "idx_profile2globalpermissions" ----------------
CREATE INDEX `idx_profile2globalpermissions` USING BTREE ON `vtiger_profile2globalpermissions`( `profileid`, `globalactionid` );
-- -------------------------------------------------------------


-- CREATE INDEX "profile2standardpermissions_profileid_tabid_operation_idx" 
CREATE INDEX `profile2standardpermissions_profileid_tabid_operation_idx` USING BTREE ON `vtiger_profile2standardpermissions`( `profileid`, `tabid`, `operation` );
-- -------------------------------------------------------------


-- CREATE INDEX "profile2tab_profileid_tabid_idx" --------------
CREATE INDEX `profile2tab_profileid_tabid_idx` USING BTREE ON `vtiger_profile2tab`( `profileid`, `tabid` );
-- -------------------------------------------------------------


-- CREATE INDEX "profile2utility_profileid_tabid_activityid_idx" 
CREATE INDEX `profile2utility_profileid_tabid_activityid_idx` USING BTREE ON `vtiger_profile2utility`( `profileid`, `tabid`, `activityid` );
-- -------------------------------------------------------------


-- CREATE INDEX "purchaseorder_contactid_idx" ------------------
CREATE INDEX `purchaseorder_contactid_idx` USING BTREE ON `vtiger_purchaseorder`( `contactid` );
-- -------------------------------------------------------------


-- CREATE INDEX "purchaseorder_quoteid_idx" --------------------
CREATE INDEX `purchaseorder_quoteid_idx` USING BTREE ON `vtiger_purchaseorder`( `quoteid` );
-- -------------------------------------------------------------


-- CREATE INDEX "purchaseorder_vendorid_idx" -------------------
CREATE INDEX `purchaseorder_vendorid_idx` USING BTREE ON `vtiger_purchaseorder`( `vendorid` );
-- -------------------------------------------------------------


-- CREATE INDEX "quote_quotestage_idx" -------------------------
CREATE INDEX `quote_quotestage_idx` USING BTREE ON `vtiger_quotes`( `quotestage` );
-- -------------------------------------------------------------


-- CREATE INDEX "quotes_contactid_idx" -------------------------
CREATE INDEX `quotes_contactid_idx` USING BTREE ON `vtiger_quotes`( `contactid` );
-- -------------------------------------------------------------


-- CREATE INDEX "quotes_potentialid_idx" -----------------------
CREATE INDEX `quotes_potentialid_idx` USING BTREE ON `vtiger_quotes`( `potentialid` );
-- -------------------------------------------------------------


-- CREATE INDEX "quotestagehistory_quoteid_idx" ----------------
CREATE INDEX `quotestagehistory_quoteid_idx` USING BTREE ON `vtiger_quotestagehistory`( `quoteid` );
-- -------------------------------------------------------------


-- CREATE INDEX "fk_1_vtiger_recurringevents" ------------------
CREATE INDEX `fk_1_vtiger_recurringevents` USING BTREE ON `vtiger_recurringevents`( `activityid` );
-- -------------------------------------------------------------


-- CREATE INDEX "relatedlists_relation_id_idx" -----------------
CREATE INDEX `relatedlists_relation_id_idx` USING BTREE ON `vtiger_relatedlists`( `relation_id` );
-- -------------------------------------------------------------


-- CREATE INDEX "relcriteria_queryid_idx" ----------------------
CREATE INDEX `relcriteria_queryid_idx` USING BTREE ON `vtiger_relcriteria`( `queryid` );
-- -------------------------------------------------------------


-- CREATE INDEX "report_folderid_idx" --------------------------
CREATE INDEX `report_folderid_idx` USING BTREE ON `vtiger_report`( `folderid` );
-- -------------------------------------------------------------


-- CREATE INDEX "report_queryid_idx" ---------------------------
CREATE INDEX `report_queryid_idx` USING BTREE ON `vtiger_report`( `queryid` );
-- -------------------------------------------------------------


-- CREATE INDEX "vtiger_groups_groupid_ibfk_1" -----------------
CREATE INDEX `vtiger_groups_groupid_ibfk_1` USING BTREE ON `vtiger_report_sharegroups`( `groupid` );
-- -------------------------------------------------------------


-- CREATE INDEX "vtiger_report_sharegroups_ibfk_1" -------------
CREATE INDEX `vtiger_report_sharegroups_ibfk_1` USING BTREE ON `vtiger_report_sharegroups`( `reportid` );
-- -------------------------------------------------------------


-- CREATE INDEX "vtiger_report_shareusers_ibfk_1" --------------
CREATE INDEX `vtiger_report_shareusers_ibfk_1` USING BTREE ON `vtiger_report_shareusers`( `reportid` );
-- -------------------------------------------------------------


-- CREATE INDEX "vtiger_users_userid_ibfk_1" -------------------
CREATE INDEX `vtiger_users_userid_ibfk_1` USING BTREE ON `vtiger_report_shareusers`( `userid` );
-- -------------------------------------------------------------


-- CREATE INDEX "reportdatefilter_datefilterid_idx" ------------
CREATE INDEX `reportdatefilter_datefilterid_idx` USING BTREE ON `vtiger_reportdatefilter`( `datefilterid` );
-- -------------------------------------------------------------


-- CREATE INDEX "fk_1_vtiger_reportgroupbycolumn" --------------
CREATE INDEX `fk_1_vtiger_reportgroupbycolumn` USING BTREE ON `vtiger_reportgroupbycolumn`( `reportid` );
-- -------------------------------------------------------------


-- CREATE INDEX "fk_1_vtiger_reportsortcol" --------------------
CREATE INDEX `fk_1_vtiger_reportsortcol` USING BTREE ON `vtiger_reportsortcol`( `reportid` );
-- -------------------------------------------------------------


-- CREATE INDEX "reportsummary_reportsummaryid_idx" ------------
CREATE INDEX `reportsummary_reportsummaryid_idx` USING BTREE ON `vtiger_reportsummary`( `reportsummaryid` );
-- -------------------------------------------------------------


-- CREATE INDEX "fk_2_vtiger_role2picklist" --------------------
CREATE INDEX `fk_2_vtiger_role2picklist` USING BTREE ON `vtiger_role2picklist`( `picklistid` );
-- -------------------------------------------------------------


-- CREATE INDEX "role2picklist_roleid_picklistid_idx" ----------
CREATE INDEX `role2picklist_roleid_picklistid_idx` USING BTREE ON `vtiger_role2picklist`( `roleid`, `picklistid`, `picklistvalueid` );
-- -------------------------------------------------------------


-- CREATE INDEX "role2profile_roleid_profileid_idx" ------------
CREATE INDEX `role2profile_roleid_profileid_idx` USING BTREE ON `vtiger_role2profile`( `roleid`, `profileid` );
-- -------------------------------------------------------------


-- CREATE INDEX "salesmanactivityrel_activityid_idx" -----------
CREATE INDEX `salesmanactivityrel_activityid_idx` USING BTREE ON `vtiger_salesmanactivityrel`( `activityid` );
-- -------------------------------------------------------------


-- CREATE INDEX "salesmanactivityrel_smid_idx" -----------------
CREATE INDEX `salesmanactivityrel_smid_idx` USING BTREE ON `vtiger_salesmanactivityrel`( `smid` );
-- -------------------------------------------------------------


-- CREATE INDEX "salesmanattachmentsrel_attachmentsid_idx" -----
CREATE INDEX `salesmanattachmentsrel_attachmentsid_idx` USING BTREE ON `vtiger_salesmanattachmentsrel`( `attachmentsid` );
-- -------------------------------------------------------------


-- CREATE INDEX "salesmanattachmentsrel_smid_idx" --------------
CREATE INDEX `salesmanattachmentsrel_smid_idx` USING BTREE ON `vtiger_salesmanattachmentsrel`( `smid` );
-- -------------------------------------------------------------


-- CREATE INDEX "salesmanticketrel_id_idx" ---------------------
CREATE INDEX `salesmanticketrel_id_idx` USING BTREE ON `vtiger_salesmanticketrel`( `id` );
-- -------------------------------------------------------------


-- CREATE INDEX "salesmanticketrel_smid_idx" -------------------
CREATE INDEX `salesmanticketrel_smid_idx` USING BTREE ON `vtiger_salesmanticketrel`( `smid` );
-- -------------------------------------------------------------


-- CREATE INDEX "salesorder_contactid_idx" ---------------------
CREATE INDEX `salesorder_contactid_idx` USING BTREE ON `vtiger_salesorder`( `contactid` );
-- -------------------------------------------------------------


-- CREATE INDEX "salesorder_vendorid_idx" ----------------------
CREATE INDEX `salesorder_vendorid_idx` USING BTREE ON `vtiger_salesorder`( `vendorid` );
-- -------------------------------------------------------------


-- CREATE INDEX "seactivityrel_activityid_idx" -----------------
CREATE INDEX `seactivityrel_activityid_idx` USING BTREE ON `vtiger_seactivityrel`( `activityid` );
-- -------------------------------------------------------------


-- CREATE INDEX "seactivityrel_crmid_idx" ----------------------
CREATE INDEX `seactivityrel_crmid_idx` USING BTREE ON `vtiger_seactivityrel`( `crmid` );
-- -------------------------------------------------------------


-- CREATE INDEX "seattachmentsrel_attachmentsid_crmid_idx" -----
CREATE INDEX `seattachmentsrel_attachmentsid_crmid_idx` USING BTREE ON `vtiger_seattachmentsrel`( `attachmentsid`, `crmid` );
-- -------------------------------------------------------------


-- CREATE INDEX "seattachmentsrel_attachmentsid_idx" -----------
CREATE INDEX `seattachmentsrel_attachmentsid_idx` USING BTREE ON `vtiger_seattachmentsrel`( `attachmentsid` );
-- -------------------------------------------------------------


-- CREATE INDEX "seattachmentsrel_crmid_idx" -------------------
CREATE INDEX `seattachmentsrel_crmid_idx` USING BTREE ON `vtiger_seattachmentsrel`( `crmid` );
-- -------------------------------------------------------------


-- CREATE INDEX "selectcolumn_queryid_idx" ---------------------
CREATE INDEX `selectcolumn_queryid_idx` USING BTREE ON `vtiger_selectcolumn`( `queryid` );
-- -------------------------------------------------------------


-- CREATE INDEX "selectquery_queryid_idx" ----------------------
CREATE INDEX `selectquery_queryid_idx` USING BTREE ON `vtiger_selectquery`( `queryid` );
-- -------------------------------------------------------------


-- CREATE INDEX "senotesrel_crmid_idx" -------------------------
CREATE INDEX `senotesrel_crmid_idx` USING BTREE ON `vtiger_senotesrel`( `crmid` );
-- -------------------------------------------------------------


-- CREATE INDEX "senotesrel_notesid_idx" -----------------------
CREATE INDEX `senotesrel_notesid_idx` USING BTREE ON `vtiger_senotesrel`( `notesid` );
-- -------------------------------------------------------------


-- CREATE INDEX "seproductrel_crmid_idx" -----------------------
CREATE INDEX `seproductrel_crmid_idx` USING BTREE ON `vtiger_seproductsrel`( `crmid` );
-- -------------------------------------------------------------


-- CREATE INDEX "seproductsrel_productid_idx" ------------------
CREATE INDEX `seproductsrel_productid_idx` USING BTREE ON `vtiger_seproductsrel`( `productid` );
-- -------------------------------------------------------------


-- CREATE INDEX "cf_potentials_id_index" -----------------------
CREATE INDEX `cf_potentials_id_index` USING BTREE ON `vtiger_servicecontracts`( `cf_potentials_id` );
-- -------------------------------------------------------------


-- CREATE INDEX "fk_crmid_vtiger_servicecontracts" -------------
CREATE INDEX `fk_crmid_vtiger_servicecontracts` USING BTREE ON `vtiger_servicecontracts`( `servicecontractsid` );
-- -------------------------------------------------------------


-- CREATE INDEX "seticketsrel_crmid_idx" -----------------------
CREATE INDEX `seticketsrel_crmid_idx` USING BTREE ON `vtiger_seticketsrel`( `crmid` );
-- -------------------------------------------------------------


-- CREATE INDEX "seticketsrel_ticketid_idx" --------------------
CREATE INDEX `seticketsrel_ticketid_idx` USING BTREE ON `vtiger_seticketsrel`( `ticketid` );
-- -------------------------------------------------------------


-- CREATE INDEX "fk_1_vtiger_settings_field" -------------------
CREATE INDEX `fk_1_vtiger_settings_field` USING BTREE ON `vtiger_settings_field`( `blockid` );
-- -------------------------------------------------------------


-- CREATE INDEX "shippingtaxinfo_taxname_idx" ------------------
CREATE INDEX `shippingtaxinfo_taxname_idx` USING BTREE ON `vtiger_shippingtaxinfo`( `taxname` );
-- -------------------------------------------------------------


-- CREATE INDEX "uid" ------------------------------------------
CREATE INDEX `uid` USING BTREE ON `vtiger_shorturls`( `uid` );
-- -------------------------------------------------------------


-- CREATE INDEX "sostatushistory_salesorderid_idx" -------------
CREATE INDEX `sostatushistory_salesorderid_idx` USING BTREE ON `vtiger_sostatushistory`( `salesorderid` );
-- -------------------------------------------------------------


-- CREATE INDEX "tab_modifiedby_idx" ---------------------------
CREATE INDEX `tab_modifiedby_idx` USING BTREE ON `vtiger_tab`( `modifiedby` );
-- -------------------------------------------------------------


-- CREATE INDEX "tab_tabid_idx" --------------------------------
CREATE INDEX `tab_tabid_idx` USING BTREE ON `vtiger_tab`( `tabid` );
-- -------------------------------------------------------------


-- CREATE INDEX "fk_1_vtiger_tab_info" -------------------------
CREATE INDEX `fk_1_vtiger_tab_info` USING BTREE ON `vtiger_tab_info`( `tabid` );
-- -------------------------------------------------------------


-- CREATE INDEX "ticketcomments_ticketid_idx" ------------------
CREATE INDEX `ticketcomments_ticketid_idx` USING BTREE ON `vtiger_ticketcomments`( `ticketid` );
-- -------------------------------------------------------------


-- CREATE INDEX "tmp_read_group_rel_sharing_per_userid_sharedgroupid_tabid" 
CREATE INDEX `tmp_read_group_rel_sharing_per_userid_sharedgroupid_tabid` USING BTREE ON `vtiger_tmp_read_group_rel_sharing_per`( `userid`, `sharedgroupid`, `tabid` );
-- -------------------------------------------------------------


-- CREATE INDEX "tmp_read_group_sharing_per_userid_sharedgroupid_idx" 
CREATE INDEX `tmp_read_group_sharing_per_userid_sharedgroupid_idx` USING BTREE ON `vtiger_tmp_read_group_sharing_per`( `userid`, `sharedgroupid` );
-- -------------------------------------------------------------


-- CREATE INDEX "tmp_read_user_rel_sharing_per_userid_shared_reltabid_idx" 
CREATE INDEX `tmp_read_user_rel_sharing_per_userid_shared_reltabid_idx` USING BTREE ON `vtiger_tmp_read_user_rel_sharing_per`( `userid`, `shareduserid`, `relatedtabid` );
-- -------------------------------------------------------------


-- CREATE INDEX "tmp_read_user_sharing_per_userid_shareduserid_idx" 
CREATE INDEX `tmp_read_user_sharing_per_userid_shareduserid_idx` USING BTREE ON `vtiger_tmp_read_user_sharing_per`( `userid`, `shareduserid` );
-- -------------------------------------------------------------


-- CREATE INDEX "tmp_write_group_rel_sharing_per_userid_sharedgroupid_tabid_idx" 
CREATE INDEX `tmp_write_group_rel_sharing_per_userid_sharedgroupid_tabid_idx` USING BTREE ON `vtiger_tmp_write_group_rel_sharing_per`( `userid`, `sharedgroupid`, `tabid` );
-- -------------------------------------------------------------


-- CREATE INDEX "tmp_write_group_sharing_per_UK1" --------------
CREATE INDEX `tmp_write_group_sharing_per_UK1` USING BTREE ON `vtiger_tmp_write_group_sharing_per`( `userid`, `sharedgroupid` );
-- -------------------------------------------------------------


-- CREATE INDEX "tmp_write_user_rel_sharing_per_userid_sharduserid_tabid_idx" 
CREATE INDEX `tmp_write_user_rel_sharing_per_userid_sharduserid_tabid_idx` USING BTREE ON `vtiger_tmp_write_user_rel_sharing_per`( `userid`, `shareduserid`, `tabid` );
-- -------------------------------------------------------------


-- CREATE INDEX "tmp_write_user_sharing_per_userid_shareduserid_idx" 
CREATE INDEX `tmp_write_user_sharing_per_userid_shareduserid_idx` USING BTREE ON `vtiger_tmp_write_user_sharing_per`( `userid`, `shareduserid` );
-- -------------------------------------------------------------


-- CREATE INDEX "troubletickets_status_idx" --------------------
CREATE INDEX `troubletickets_status_idx` USING BTREE ON `vtiger_troubletickets`( `status` );
-- -------------------------------------------------------------


-- CREATE INDEX "troubletickets_ticketid_idx" ------------------
CREATE INDEX `troubletickets_ticketid_idx` USING BTREE ON `vtiger_troubletickets`( `ticketid` );
-- -------------------------------------------------------------


-- CREATE INDEX "userid_tabid_idx" -----------------------------
CREATE INDEX `userid_tabid_idx` USING BTREE ON `vtiger_user2mergefields`( `userid`, `tabid` );
-- -------------------------------------------------------------


-- CREATE INDEX "user2role_roleid_idx" -------------------------
CREATE INDEX `user2role_roleid_idx` USING BTREE ON `vtiger_user2role`( `roleid` );
-- -------------------------------------------------------------


-- CREATE INDEX "fk_2_vtiger_user_module_preferences" ----------
CREATE INDEX `fk_2_vtiger_user_module_preferences` USING BTREE ON `vtiger_user_module_preferences`( `tabid` );
-- -------------------------------------------------------------


-- CREATE INDEX "user_user_name_idx" ---------------------------
CREATE INDEX `user_user_name_idx` USING BTREE ON `vtiger_users`( `user_name` );
-- -------------------------------------------------------------


-- CREATE INDEX "user_user_password_idx" -----------------------
CREATE INDEX `user_user_password_idx` USING BTREE ON `vtiger_users`( `user_password` );
-- -------------------------------------------------------------


-- CREATE INDEX "fk_2_vtiger_users2group" ----------------------
CREATE INDEX `fk_2_vtiger_users2group` USING BTREE ON `vtiger_users2group`( `userid` );
-- -------------------------------------------------------------


-- CREATE INDEX "users2group_groupname_uerid_idx" --------------
CREATE INDEX `users2group_groupname_uerid_idx` USING BTREE ON `vtiger_users2group`( `groupid`, `userid` );
-- -------------------------------------------------------------


-- CREATE INDEX "idx_user_id" ----------------------------------
CREATE INDEX `idx_user_id` USING BTREE ON `vtiger_users_last_import`( `assigned_user_id` );
-- -------------------------------------------------------------


-- CREATE INDEX "vendorcontactrel_contact_idx" -----------------
CREATE INDEX `vendorcontactrel_contact_idx` USING BTREE ON `vtiger_vendorcontactrel`( `contactid` );
-- -------------------------------------------------------------


-- CREATE INDEX "vendorcontactrel_vendorid_idx" ----------------
CREATE INDEX `vendorcontactrel_vendorid_idx` USING BTREE ON `vtiger_vendorcontactrel`( `vendorid` );
-- -------------------------------------------------------------


-- CREATE INDEX "fk_vtiger_webforms" ---------------------------
CREATE INDEX `fk_vtiger_webforms` USING BTREE ON `vtiger_webform_file_fields`( `webformid` );
-- -------------------------------------------------------------


-- CREATE INDEX "webforms_webforms_id_idx" ---------------------
CREATE INDEX `webforms_webforms_id_idx` USING BTREE ON `vtiger_webforms`( `id` );
-- -------------------------------------------------------------


-- CHANGE "AUTOINCREMENT" OF "FIELD "id" -----------------------
ALTER TABLE `vtiger_webforms` MODIFY `id` Int( 0 ) AUTO_INCREMENT NOT NULL;
-- -------------------------------------------------------------


-- CREATE INDEX "crmid" ----------------------------------------
CREATE INDEX `crmid` USING BTREE ON `vtiger_wf_log`( `crmid`, `workflow_id`, `blockID` );
-- -------------------------------------------------------------


-- CREATE INDEX "crmid" ----------------------------------------
CREATE INDEX `crmid` USING BTREE ON `vtiger_wf_queue`( `crmid`, `workflow_id`, `block_id` );
-- -------------------------------------------------------------


-- CREATE INDEX "nextStep" -------------------------------------
CREATE INDEX `nextStep` USING BTREE ON `vtiger_wf_queue`( `nextStepField` );
-- -------------------------------------------------------------


-- CREATE INDEX "destination_id" -------------------------------
CREATE INDEX `destination_id` USING BTREE ON `vtiger_wfp_connections`( `destination_id`, `destination_key` );
-- -------------------------------------------------------------


-- CREATE INDEX "source" ---------------------------------------
CREATE INDEX `source` USING BTREE ON `vtiger_wfp_connections`( `source_mode`, `source_id`, `source_key` );
-- -------------------------------------------------------------


-- CREATE INDEX "workflow_id" ----------------------------------
CREATE INDEX `workflow_id` USING BTREE ON `vtiger_wfp_connections`( `workflow_id`, `deleted` );
-- -------------------------------------------------------------


-- CREATE INDEX "workflow_id" ----------------------------------
CREATE INDEX `workflow_id` USING BTREE ON `vtiger_wfp_objects`( `workflow_id` );
-- -------------------------------------------------------------


-- CREATE INDEX "vtiger_wsapp_logs_basic_ibfk_1" ---------------
CREATE INDEX `vtiger_wsapp_logs_basic_ibfk_1` USING BTREE ON `vtiger_wsapp_logs_details`( `id` );
-- -------------------------------------------------------------


-- CREATE LINK "emailslookup_crmid_fk" -------------------------
ALTER TABLE `vtiger_emailslookup`
	ADD CONSTRAINT `emailslookup_crmid_fk` FOREIGN KEY ( `crmid` )
	REFERENCES `vtiger_crmentity`( `crmid` )
	ON DELETE Cascade
	ON UPDATE No Action;
-- -------------------------------------------------------------


-- CREATE LINK "fk1_crmid" -------------------------------------
ALTER TABLE `vtiger_senotesrel`
	ADD CONSTRAINT `fk1_crmid` FOREIGN KEY ( `crmid` )
	REFERENCES `vtiger_crmentity`( `crmid` )
	ON DELETE Cascade
	ON UPDATE No Action;
-- -------------------------------------------------------------


-- CREATE LINK "fk_1_vtiger_account" ---------------------------
ALTER TABLE `vtiger_account`
	ADD CONSTRAINT `fk_1_vtiger_account` FOREIGN KEY ( `accountid` )
	REFERENCES `vtiger_crmentity`( `crmid` )
	ON DELETE Cascade
	ON UPDATE No Action;
-- -------------------------------------------------------------


-- CREATE LINK "fk_1_vtiger_accountbillads" --------------------
ALTER TABLE `vtiger_accountbillads`
	ADD CONSTRAINT `fk_1_vtiger_accountbillads` FOREIGN KEY ( `accountaddressid` )
	REFERENCES `vtiger_account`( `accountid` )
	ON DELETE Cascade
	ON UPDATE No Action;
-- -------------------------------------------------------------


-- CREATE LINK "fk_1_vtiger_accountscf" ------------------------
ALTER TABLE `vtiger_accountscf`
	ADD CONSTRAINT `fk_1_vtiger_accountscf` FOREIGN KEY ( `accountid` )
	REFERENCES `vtiger_account`( `accountid` )
	ON DELETE Cascade
	ON UPDATE No Action;
-- -------------------------------------------------------------


-- CREATE LINK "fk_1_vtiger_accountshipads" --------------------
ALTER TABLE `vtiger_accountshipads`
	ADD CONSTRAINT `fk_1_vtiger_accountshipads` FOREIGN KEY ( `accountaddressid` )
	REFERENCES `vtiger_account`( `accountid` )
	ON DELETE Cascade
	ON UPDATE No Action;
-- -------------------------------------------------------------


-- CREATE LINK "fk_1_vtiger_activity" --------------------------
ALTER TABLE `vtiger_activity`
	ADD CONSTRAINT `fk_1_vtiger_activity` FOREIGN KEY ( `activityid` )
	REFERENCES `vtiger_crmentity`( `crmid` )
	ON DELETE Cascade
	ON UPDATE No Action;
-- -------------------------------------------------------------


-- CREATE LINK "fk_1_vtiger_assets" ----------------------------
ALTER TABLE `vtiger_assets`
	ADD CONSTRAINT `fk_1_vtiger_assets` FOREIGN KEY ( `assetsid` )
	REFERENCES `vtiger_crmentity`( `crmid` )
	ON DELETE Cascade
	ON UPDATE No Action;
-- -------------------------------------------------------------


-- CREATE LINK "fk_1_vtiger_attachments" -----------------------
ALTER TABLE `vtiger_attachments`
	ADD CONSTRAINT `fk_1_vtiger_attachments` FOREIGN KEY ( `attachmentsid` )
	REFERENCES `vtiger_crmentity`( `crmid` )
	ON DELETE Cascade
	ON UPDATE No Action;
-- -------------------------------------------------------------


-- CREATE LINK "fk_1_vtiger_blocks" ----------------------------
ALTER TABLE `vtiger_blocks`
	ADD CONSTRAINT `fk_1_vtiger_blocks` FOREIGN KEY ( `tabid` )
	REFERENCES `vtiger_tab`( `tabid` )
	ON DELETE Cascade
	ON UPDATE No Action;
-- -------------------------------------------------------------


-- CREATE LINK "fk_1_vtiger_campaignscf" -----------------------
ALTER TABLE `vtiger_campaignscf`
	ADD CONSTRAINT `fk_1_vtiger_campaignscf` FOREIGN KEY ( `campaignid` )
	REFERENCES `vtiger_campaign`( `campaignid` )
	ON DELETE Cascade
	ON UPDATE No Action;
-- -------------------------------------------------------------


-- CREATE LINK "fk_1_vtiger_contactaddress" --------------------
ALTER TABLE `vtiger_contactaddress`
	ADD CONSTRAINT `fk_1_vtiger_contactaddress` FOREIGN KEY ( `contactaddressid` )
	REFERENCES `vtiger_contactdetails`( `contactid` )
	ON DELETE Cascade
	ON UPDATE No Action;
-- -------------------------------------------------------------


-- CREATE LINK "fk_1_vtiger_contactdetails" --------------------
ALTER TABLE `vtiger_contactdetails`
	ADD CONSTRAINT `fk_1_vtiger_contactdetails` FOREIGN KEY ( `contactid` )
	REFERENCES `vtiger_crmentity`( `crmid` )
	ON DELETE Cascade
	ON UPDATE No Action;
-- -------------------------------------------------------------


-- CREATE LINK "fk_1_vtiger_contactscf" ------------------------
ALTER TABLE `vtiger_contactscf`
	ADD CONSTRAINT `fk_1_vtiger_contactscf` FOREIGN KEY ( `contactid` )
	REFERENCES `vtiger_contactdetails`( `contactid` )
	ON DELETE Cascade
	ON UPDATE No Action;
-- -------------------------------------------------------------


-- CREATE LINK "fk_1_vtiger_contactsubdetails" -----------------
ALTER TABLE `vtiger_contactsubdetails`
	ADD CONSTRAINT `fk_1_vtiger_contactsubdetails` FOREIGN KEY ( `contactsubscriptionid` )
	REFERENCES `vtiger_contactdetails`( `contactid` )
	ON DELETE Cascade
	ON UPDATE No Action;
-- -------------------------------------------------------------


-- CREATE LINK "fk_1_vtiger_customaction" ----------------------
ALTER TABLE `vtiger_customaction`
	ADD CONSTRAINT `fk_1_vtiger_customaction` FOREIGN KEY ( `cvid` )
	REFERENCES `vtiger_customview`( `cvid` )
	ON DELETE Cascade
	ON UPDATE No Action;
-- -------------------------------------------------------------


-- CREATE LINK "fk_1_vtiger_customerdetails" -------------------
ALTER TABLE `vtiger_customerdetails`
	ADD CONSTRAINT `fk_1_vtiger_customerdetails` FOREIGN KEY ( `customerid` )
	REFERENCES `vtiger_contactdetails`( `contactid` )
	ON DELETE Cascade
	ON UPDATE No Action;
-- -------------------------------------------------------------


-- CREATE LINK "fk_1_vtiger_customview" ------------------------
ALTER TABLE `vtiger_customview`
	ADD CONSTRAINT `fk_1_vtiger_customview` FOREIGN KEY ( `entitytype` )
	REFERENCES `vtiger_tab`( `name` )
	ON DELETE Cascade
	ON UPDATE No Action;
-- -------------------------------------------------------------


-- CREATE LINK "fk_1_vtiger_cvadvfilter" -----------------------
ALTER TABLE `vtiger_cvadvfilter`
	ADD CONSTRAINT `fk_1_vtiger_cvadvfilter` FOREIGN KEY ( `cvid` )
	REFERENCES `vtiger_customview`( `cvid` )
	ON DELETE Cascade
	ON UPDATE No Action;
-- -------------------------------------------------------------


-- CREATE LINK "fk_1_vtiger_cvcolumnlist" ----------------------
ALTER TABLE `vtiger_cvcolumnlist`
	ADD CONSTRAINT `fk_1_vtiger_cvcolumnlist` FOREIGN KEY ( `cvid` )
	REFERENCES `vtiger_customview`( `cvid` )
	ON DELETE Cascade
	ON UPDATE No Action;
-- -------------------------------------------------------------


-- CREATE LINK "fk_1_vtiger_cvstdfilter" -----------------------
ALTER TABLE `vtiger_cvstdfilter`
	ADD CONSTRAINT `fk_1_vtiger_cvstdfilter` FOREIGN KEY ( `cvid` )
	REFERENCES `vtiger_customview`( `cvid` )
	ON DELETE Cascade
	ON UPDATE No Action;
-- -------------------------------------------------------------


-- CREATE LINK "fk_1_vtiger_datashare_module_rel" --------------
ALTER TABLE `vtiger_datashare_module_rel`
	ADD CONSTRAINT `fk_1_vtiger_datashare_module_rel` FOREIGN KEY ( `tabid` )
	REFERENCES `vtiger_tab`( `tabid` )
	ON DELETE Cascade
	ON UPDATE No Action;
-- -------------------------------------------------------------


-- CREATE LINK "fk_1_vtiger_defaultcv" -------------------------
ALTER TABLE `vtiger_defaultcv`
	ADD CONSTRAINT `fk_1_vtiger_defaultcv` FOREIGN KEY ( `tabid` )
	REFERENCES `vtiger_tab`( `tabid` )
	ON DELETE Cascade
	ON UPDATE No Action;
-- -------------------------------------------------------------


-- CREATE LINK "fk_1_vtiger_def_org_share" ---------------------
ALTER TABLE `vtiger_def_org_share`
	ADD CONSTRAINT `fk_1_vtiger_def_org_share` FOREIGN KEY ( `permission` )
	REFERENCES `vtiger_org_share_action_mapping`( `share_action_id` )
	ON DELETE Cascade
	ON UPDATE No Action;
-- -------------------------------------------------------------


-- CREATE LINK "fk_1_vtiger_entityname" ------------------------
ALTER TABLE `vtiger_entityname`
	ADD CONSTRAINT `fk_1_vtiger_entityname` FOREIGN KEY ( `tabid` )
	REFERENCES `vtiger_tab`( `tabid` )
	ON DELETE Cascade
	ON UPDATE No Action;
-- -------------------------------------------------------------


-- CREATE LINK "fk_1_vtiger_faq" -------------------------------
ALTER TABLE `vtiger_faq`
	ADD CONSTRAINT `fk_1_vtiger_faq` FOREIGN KEY ( `id` )
	REFERENCES `vtiger_crmentity`( `crmid` )
	ON DELETE Cascade
	ON UPDATE No Action;
-- -------------------------------------------------------------


-- CREATE LINK "fk_1_vtiger_faqcf" -----------------------------
ALTER TABLE `vtiger_faqcf`
	ADD CONSTRAINT `fk_1_vtiger_faqcf` FOREIGN KEY ( `faqid` )
	REFERENCES `vtiger_faq`( `id` )
	ON DELETE Cascade
	ON UPDATE No Action;
-- -------------------------------------------------------------


-- CREATE LINK "fk_1_vtiger_faqcomments" -----------------------
ALTER TABLE `vtiger_faqcomments`
	ADD CONSTRAINT `fk_1_vtiger_faqcomments` FOREIGN KEY ( `faqid` )
	REFERENCES `vtiger_faq`( `id` )
	ON DELETE Cascade
	ON UPDATE No Action;
-- -------------------------------------------------------------


-- CREATE LINK "fk_1_vtiger_field" -----------------------------
ALTER TABLE `vtiger_field`
	ADD CONSTRAINT `fk_1_vtiger_field` FOREIGN KEY ( `tabid` )
	REFERENCES `vtiger_tab`( `tabid` )
	ON DELETE Cascade
	ON UPDATE No Action;
-- -------------------------------------------------------------


-- CREATE LINK "fk_1_vtiger_homedashbd" ------------------------
ALTER TABLE `vtiger_homedashbd`
	ADD CONSTRAINT `fk_1_vtiger_homedashbd` FOREIGN KEY ( `stuffid` )
	REFERENCES `vtiger_homestuff`( `stuffid` )
	ON DELETE Cascade
	ON UPDATE No Action;
-- -------------------------------------------------------------


-- CREATE LINK "fk_1_vtiger_homedefault" -----------------------
ALTER TABLE `vtiger_homedefault`
	ADD CONSTRAINT `fk_1_vtiger_homedefault` FOREIGN KEY ( `stuffid` )
	REFERENCES `vtiger_homestuff`( `stuffid` )
	ON DELETE Cascade
	ON UPDATE No Action;
-- -------------------------------------------------------------


-- CREATE LINK "fk_1_vtiger_homemodule" ------------------------
ALTER TABLE `vtiger_homemodule`
	ADD CONSTRAINT `fk_1_vtiger_homemodule` FOREIGN KEY ( `stuffid` )
	REFERENCES `vtiger_homestuff`( `stuffid` )
	ON DELETE Cascade
	ON UPDATE No Action;
-- -------------------------------------------------------------


-- CREATE LINK "fk_1_vtiger_homemoduleflds" --------------------
ALTER TABLE `vtiger_homemoduleflds`
	ADD CONSTRAINT `fk_1_vtiger_homemoduleflds` FOREIGN KEY ( `stuffid` )
	REFERENCES `vtiger_homemodule`( `stuffid` )
	ON DELETE Cascade
	ON UPDATE No Action;
-- -------------------------------------------------------------


-- CREATE LINK "fk_1_vtiger_homerss" ---------------------------
ALTER TABLE `vtiger_homerss`
	ADD CONSTRAINT `fk_1_vtiger_homerss` FOREIGN KEY ( `stuffid` )
	REFERENCES `vtiger_homestuff`( `stuffid` )
	ON DELETE Cascade
	ON UPDATE No Action;
-- -------------------------------------------------------------


-- CREATE LINK "fk_1_vtiger_homestuff" -------------------------
ALTER TABLE `vtiger_homestuff`
	ADD CONSTRAINT `fk_1_vtiger_homestuff` FOREIGN KEY ( `userid` )
	REFERENCES `vtiger_users`( `id` )
	ON DELETE Cascade
	ON UPDATE No Action;
-- -------------------------------------------------------------


-- CREATE LINK "fk_1_vtiger_invoicebillads" --------------------
ALTER TABLE `vtiger_invoicebillads`
	ADD CONSTRAINT `fk_1_vtiger_invoicebillads` FOREIGN KEY ( `invoicebilladdressid` )
	REFERENCES `vtiger_invoice`( `invoiceid` )
	ON DELETE Cascade
	ON UPDATE No Action;
-- -------------------------------------------------------------


-- CREATE LINK "fk_1_vtiger_invoicecf" -------------------------
ALTER TABLE `vtiger_invoicecf`
	ADD CONSTRAINT `fk_1_vtiger_invoicecf` FOREIGN KEY ( `invoiceid` )
	REFERENCES `vtiger_invoice`( `invoiceid` )
	ON DELETE Cascade
	ON UPDATE No Action;
-- -------------------------------------------------------------


-- CREATE LINK "fk_1_vtiger_invoiceshipads" --------------------
ALTER TABLE `vtiger_invoiceshipads`
	ADD CONSTRAINT `fk_1_vtiger_invoiceshipads` FOREIGN KEY ( `invoiceshipaddressid` )
	REFERENCES `vtiger_invoice`( `invoiceid` )
	ON DELETE Cascade
	ON UPDATE No Action;
-- -------------------------------------------------------------


-- CREATE LINK "fk_1_vtiger_invoicestatushistory" --------------
ALTER TABLE `vtiger_invoicestatushistory`
	ADD CONSTRAINT `fk_1_vtiger_invoicestatushistory` FOREIGN KEY ( `invoiceid` )
	REFERENCES `vtiger_invoice`( `invoiceid` )
	ON DELETE Cascade
	ON UPDATE No Action;
-- -------------------------------------------------------------


-- CREATE LINK "fk_1_vtiger_leadaddress" -----------------------
ALTER TABLE `vtiger_leadaddress`
	ADD CONSTRAINT `fk_1_vtiger_leadaddress` FOREIGN KEY ( `leadaddressid` )
	REFERENCES `vtiger_leaddetails`( `leadid` )
	ON DELETE Cascade
	ON UPDATE No Action;
-- -------------------------------------------------------------


-- CREATE LINK "fk_1_vtiger_leaddetails" -----------------------
ALTER TABLE `vtiger_leaddetails`
	ADD CONSTRAINT `fk_1_vtiger_leaddetails` FOREIGN KEY ( `leadid` )
	REFERENCES `vtiger_crmentity`( `crmid` )
	ON DELETE Cascade
	ON UPDATE No Action;
-- -------------------------------------------------------------


-- CREATE LINK "fk_1_vtiger_leadscf" ---------------------------
ALTER TABLE `vtiger_leadscf`
	ADD CONSTRAINT `fk_1_vtiger_leadscf` FOREIGN KEY ( `leadid` )
	REFERENCES `vtiger_leaddetails`( `leadid` )
	ON DELETE Cascade
	ON UPDATE No Action;
-- -------------------------------------------------------------


-- CREATE LINK "fk_1_vtiger_leadsubdetails" --------------------
ALTER TABLE `vtiger_leadsubdetails`
	ADD CONSTRAINT `fk_1_vtiger_leadsubdetails` FOREIGN KEY ( `leadsubscriptionid` )
	REFERENCES `vtiger_leaddetails`( `leadid` )
	ON DELETE Cascade
	ON UPDATE No Action;
-- -------------------------------------------------------------


-- CREATE LINK "fk_1_vtiger_notes" -----------------------------
ALTER TABLE `vtiger_notes`
	ADD CONSTRAINT `fk_1_vtiger_notes` FOREIGN KEY ( `notesid` )
	REFERENCES `vtiger_crmentity`( `crmid` )
	ON DELETE Cascade
	ON UPDATE No Action;
-- -------------------------------------------------------------


-- CREATE LINK "fk_1_vtiger_parenttabrel" ----------------------
ALTER TABLE `vtiger_parenttabrel`
	ADD CONSTRAINT `fk_1_vtiger_parenttabrel` FOREIGN KEY ( `tabid` )
	REFERENCES `vtiger_tab`( `tabid` )
	ON DELETE Cascade
	ON UPDATE No Action;
-- -------------------------------------------------------------


-- CREATE LINK "fk_1_vtiger_pobillads" -------------------------
ALTER TABLE `vtiger_pobillads`
	ADD CONSTRAINT `fk_1_vtiger_pobillads` FOREIGN KEY ( `pobilladdressid` )
	REFERENCES `vtiger_purchaseorder`( `purchaseorderid` )
	ON DELETE Cascade
	ON UPDATE No Action;
-- -------------------------------------------------------------


-- CREATE LINK "fk_1_vtiger_portalinfo" ------------------------
ALTER TABLE `vtiger_portalinfo`
	ADD CONSTRAINT `fk_1_vtiger_portalinfo` FOREIGN KEY ( `id` )
	REFERENCES `vtiger_contactdetails`( `contactid` )
	ON DELETE Cascade
	ON UPDATE No Action;
-- -------------------------------------------------------------


-- CREATE LINK "fk_1_vtiger_poshipads" -------------------------
ALTER TABLE `vtiger_poshipads`
	ADD CONSTRAINT `fk_1_vtiger_poshipads` FOREIGN KEY ( `poshipaddressid` )
	REFERENCES `vtiger_purchaseorder`( `purchaseorderid` )
	ON DELETE Cascade
	ON UPDATE No Action;
-- -------------------------------------------------------------


-- CREATE LINK "fk_1_vtiger_postatushistory" -------------------
ALTER TABLE `vtiger_postatushistory`
	ADD CONSTRAINT `fk_1_vtiger_postatushistory` FOREIGN KEY ( `purchaseorderid` )
	REFERENCES `vtiger_purchaseorder`( `purchaseorderid` )
	ON DELETE Cascade
	ON UPDATE No Action;
-- -------------------------------------------------------------


-- CREATE LINK "fk_1_vtiger_potential" -------------------------
ALTER TABLE `vtiger_potential`
	ADD CONSTRAINT `fk_1_vtiger_potential` FOREIGN KEY ( `potentialid` )
	REFERENCES `vtiger_crmentity`( `crmid` )
	ON DELETE Cascade
	ON UPDATE No Action;
-- -------------------------------------------------------------


-- CREATE LINK "fk_1_vtiger_potentialscf" ----------------------
ALTER TABLE `vtiger_potentialscf`
	ADD CONSTRAINT `fk_1_vtiger_potentialscf` FOREIGN KEY ( `potentialid` )
	REFERENCES `vtiger_potential`( `potentialid` )
	ON DELETE Cascade
	ON UPDATE No Action;
-- -------------------------------------------------------------


-- CREATE LINK "fk_1_vtiger_potstagehistory" -------------------
ALTER TABLE `vtiger_potstagehistory`
	ADD CONSTRAINT `fk_1_vtiger_potstagehistory` FOREIGN KEY ( `potentialid` )
	REFERENCES `vtiger_potential`( `potentialid` )
	ON DELETE Cascade
	ON UPDATE No Action;
-- -------------------------------------------------------------


-- CREATE LINK "fk_1_vtiger_pricebook" -------------------------
ALTER TABLE `vtiger_pricebook`
	ADD CONSTRAINT `fk_1_vtiger_pricebook` FOREIGN KEY ( `pricebookid` )
	REFERENCES `vtiger_crmentity`( `crmid` )
	ON DELETE Cascade
	ON UPDATE No Action;
-- -------------------------------------------------------------


-- CREATE LINK "fk_1_vtiger_pricebookcf" -----------------------
ALTER TABLE `vtiger_pricebookcf`
	ADD CONSTRAINT `fk_1_vtiger_pricebookcf` FOREIGN KEY ( `pricebookid` )
	REFERENCES `vtiger_pricebook`( `pricebookid` )
	ON DELETE Cascade
	ON UPDATE No Action;
-- -------------------------------------------------------------


-- CREATE LINK "fk_1_vtiger_pricebookproductrel" ---------------
ALTER TABLE `vtiger_pricebookproductrel`
	ADD CONSTRAINT `fk_1_vtiger_pricebookproductrel` FOREIGN KEY ( `pricebookid` )
	REFERENCES `vtiger_pricebook`( `pricebookid` )
	ON DELETE Cascade
	ON UPDATE No Action;
-- -------------------------------------------------------------


-- CREATE LINK "fk_1_vtiger_productcf" -------------------------
ALTER TABLE `vtiger_productcf`
	ADD CONSTRAINT `fk_1_vtiger_productcf` FOREIGN KEY ( `productid` )
	REFERENCES `vtiger_products`( `productid` )
	ON DELETE Cascade
	ON UPDATE No Action;
-- -------------------------------------------------------------


-- CREATE LINK "fk_1_vtiger_products" --------------------------
ALTER TABLE `vtiger_products`
	ADD CONSTRAINT `fk_1_vtiger_products` FOREIGN KEY ( `productid` )
	REFERENCES `vtiger_crmentity`( `crmid` )
	ON DELETE Cascade
	ON UPDATE No Action;
-- -------------------------------------------------------------


-- CREATE LINK "fk_1_vtiger_profile2globalpermissions" ---------
ALTER TABLE `vtiger_profile2globalpermissions`
	ADD CONSTRAINT `fk_1_vtiger_profile2globalpermissions` FOREIGN KEY ( `profileid` )
	REFERENCES `vtiger_profile`( `profileid` )
	ON DELETE Cascade
	ON UPDATE No Action;
-- -------------------------------------------------------------


-- CREATE LINK "fk_1_vtiger_purchaseordercf" -------------------
ALTER TABLE `vtiger_purchaseordercf`
	ADD CONSTRAINT `fk_1_vtiger_purchaseordercf` FOREIGN KEY ( `purchaseorderid` )
	REFERENCES `vtiger_purchaseorder`( `purchaseorderid` )
	ON DELETE Cascade
	ON UPDATE No Action;
-- -------------------------------------------------------------


-- CREATE LINK "fk_1_vtiger_quotesbillads" ---------------------
ALTER TABLE `vtiger_quotesbillads`
	ADD CONSTRAINT `fk_1_vtiger_quotesbillads` FOREIGN KEY ( `quotebilladdressid` )
	REFERENCES `vtiger_quotes`( `quoteid` )
	ON DELETE Cascade
	ON UPDATE No Action;
-- -------------------------------------------------------------


-- CREATE LINK "fk_1_vtiger_quotescf" --------------------------
ALTER TABLE `vtiger_quotescf`
	ADD CONSTRAINT `fk_1_vtiger_quotescf` FOREIGN KEY ( `quoteid` )
	REFERENCES `vtiger_quotes`( `quoteid` )
	ON DELETE Cascade
	ON UPDATE No Action;
-- -------------------------------------------------------------


-- CREATE LINK "fk_1_vtiger_quotesshipads" ---------------------
ALTER TABLE `vtiger_quotesshipads`
	ADD CONSTRAINT `fk_1_vtiger_quotesshipads` FOREIGN KEY ( `quoteshipaddressid` )
	REFERENCES `vtiger_quotes`( `quoteid` )
	ON DELETE Cascade
	ON UPDATE No Action;
-- -------------------------------------------------------------


-- CREATE LINK "fk_1_vtiger_quotestagehistory" -----------------
ALTER TABLE `vtiger_quotestagehistory`
	ADD CONSTRAINT `fk_1_vtiger_quotestagehistory` FOREIGN KEY ( `quoteid` )
	REFERENCES `vtiger_quotes`( `quoteid` )
	ON DELETE Cascade
	ON UPDATE No Action;
-- -------------------------------------------------------------


-- CREATE LINK "fk_1_vtiger_recurringevents" -------------------
ALTER TABLE `vtiger_recurringevents`
	ADD CONSTRAINT `fk_1_vtiger_recurringevents` FOREIGN KEY ( `activityid` )
	REFERENCES `vtiger_activity`( `activityid` )
	ON DELETE Cascade
	ON UPDATE No Action;
-- -------------------------------------------------------------


-- CREATE LINK "fk_1_vtiger_referencetype" ---------------------
ALTER TABLE `vtiger_ws_referencetype`
	ADD CONSTRAINT `fk_1_vtiger_referencetype` FOREIGN KEY ( `fieldtypeid` )
	REFERENCES `vtiger_ws_fieldtype`( `fieldtypeid` )
	ON DELETE Cascade
	ON UPDATE No Action;
-- -------------------------------------------------------------


-- CREATE LINK "fk_1_vtiger_relcriteria" -----------------------
ALTER TABLE `vtiger_relcriteria`
	ADD CONSTRAINT `fk_1_vtiger_relcriteria` FOREIGN KEY ( `queryid` )
	REFERENCES `vtiger_selectquery`( `queryid` )
	ON DELETE Cascade
	ON UPDATE No Action;
-- -------------------------------------------------------------


-- CREATE LINK "fk_1_vtiger_reportdatefilter" ------------------
ALTER TABLE `vtiger_reportdatefilter`
	ADD CONSTRAINT `fk_1_vtiger_reportdatefilter` FOREIGN KEY ( `datefilterid` )
	REFERENCES `vtiger_report`( `reportid` )
	ON DELETE Cascade
	ON UPDATE No Action;
-- -------------------------------------------------------------


-- CREATE LINK "fk_1_vtiger_reportgroupbycolumn" ---------------
ALTER TABLE `vtiger_reportgroupbycolumn`
	ADD CONSTRAINT `fk_1_vtiger_reportgroupbycolumn` FOREIGN KEY ( `reportid` )
	REFERENCES `vtiger_report`( `reportid` )
	ON DELETE Cascade
	ON UPDATE No Action;
-- -------------------------------------------------------------


-- CREATE LINK "fk_1_vtiger_reportmodules" ---------------------
ALTER TABLE `vtiger_reportmodules`
	ADD CONSTRAINT `fk_1_vtiger_reportmodules` FOREIGN KEY ( `reportmodulesid` )
	REFERENCES `vtiger_report`( `reportid` )
	ON DELETE Cascade
	ON UPDATE No Action;
-- -------------------------------------------------------------


-- CREATE LINK "fk_1_vtiger_reportsortcol" ---------------------
ALTER TABLE `vtiger_reportsortcol`
	ADD CONSTRAINT `fk_1_vtiger_reportsortcol` FOREIGN KEY ( `reportid` )
	REFERENCES `vtiger_report`( `reportid` )
	ON DELETE Cascade
	ON UPDATE No Action;
-- -------------------------------------------------------------


-- CREATE LINK "fk_1_vtiger_reportsummary" ---------------------
ALTER TABLE `vtiger_reportsummary`
	ADD CONSTRAINT `fk_1_vtiger_reportsummary` FOREIGN KEY ( `reportsummaryid` )
	REFERENCES `vtiger_report`( `reportid` )
	ON DELETE Cascade
	ON UPDATE No Action;
-- -------------------------------------------------------------


-- CREATE LINK "fk_1_vtiger_reporttype" ------------------------
ALTER TABLE `vtiger_reporttype`
	ADD CONSTRAINT `fk_1_vtiger_reporttype` FOREIGN KEY ( `reportid` )
	REFERENCES `vtiger_report`( `reportid` )
	ON DELETE Cascade
	ON UPDATE No Action;
-- -------------------------------------------------------------


-- CREATE LINK "fk_1_vtiger_role2picklist" ---------------------
ALTER TABLE `vtiger_role2picklist`
	ADD CONSTRAINT `fk_1_vtiger_role2picklist` FOREIGN KEY ( `roleid` )
	REFERENCES `vtiger_role`( `roleid` )
	ON DELETE Cascade
	ON UPDATE No Action;
-- -------------------------------------------------------------


-- CREATE LINK "fk_1_vtiger_salesordercf" ----------------------
ALTER TABLE `vtiger_salesordercf`
	ADD CONSTRAINT `fk_1_vtiger_salesordercf` FOREIGN KEY ( `salesorderid` )
	REFERENCES `vtiger_salesorder`( `salesorderid` )
	ON DELETE Cascade
	ON UPDATE No Action;
-- -------------------------------------------------------------


-- CREATE LINK "fk_1_vtiger_selectcolumn" ----------------------
ALTER TABLE `vtiger_selectcolumn`
	ADD CONSTRAINT `fk_1_vtiger_selectcolumn` FOREIGN KEY ( `queryid` )
	REFERENCES `vtiger_selectquery`( `queryid` )
	ON DELETE Cascade
	ON UPDATE No Action;
-- -------------------------------------------------------------


-- CREATE LINK "fk_1_vtiger_service" ---------------------------
ALTER TABLE `vtiger_service`
	ADD CONSTRAINT `fk_1_vtiger_service` FOREIGN KEY ( `serviceid` )
	REFERENCES `vtiger_crmentity`( `crmid` )
	ON DELETE Cascade
	ON UPDATE No Action;
-- -------------------------------------------------------------


-- CREATE LINK "fk_1_vtiger_settings_field" --------------------
ALTER TABLE `vtiger_settings_field`
	ADD CONSTRAINT `fk_1_vtiger_settings_field` FOREIGN KEY ( `blockid` )
	REFERENCES `vtiger_settings_blocks`( `blockid` )
	ON DELETE Cascade
	ON UPDATE No Action;
-- -------------------------------------------------------------


-- CREATE LINK "fk_1_vtiger_sobillads" -------------------------
ALTER TABLE `vtiger_sobillads`
	ADD CONSTRAINT `fk_1_vtiger_sobillads` FOREIGN KEY ( `sobilladdressid` )
	REFERENCES `vtiger_salesorder`( `salesorderid` )
	ON DELETE Cascade
	ON UPDATE No Action;
-- -------------------------------------------------------------


-- CREATE LINK "fk_1_vtiger_soshipads" -------------------------
ALTER TABLE `vtiger_soshipads`
	ADD CONSTRAINT `fk_1_vtiger_soshipads` FOREIGN KEY ( `soshipaddressid` )
	REFERENCES `vtiger_salesorder`( `salesorderid` )
	ON DELETE Cascade
	ON UPDATE No Action;
-- -------------------------------------------------------------


-- CREATE LINK "fk_1_vtiger_sostatushistory" -------------------
ALTER TABLE `vtiger_sostatushistory`
	ADD CONSTRAINT `fk_1_vtiger_sostatushistory` FOREIGN KEY ( `salesorderid` )
	REFERENCES `vtiger_salesorder`( `salesorderid` )
	ON DELETE Cascade
	ON UPDATE No Action;
-- -------------------------------------------------------------


-- CREATE LINK "fk_1_vtiger_tab_info" --------------------------
ALTER TABLE `vtiger_tab_info`
	ADD CONSTRAINT `fk_1_vtiger_tab_info` FOREIGN KEY ( `tabid` )
	REFERENCES `vtiger_tab`( `tabid` )
	ON DELETE Cascade
	ON UPDATE Cascade;
-- -------------------------------------------------------------


-- CREATE LINK "fk_1_vtiger_ticketcf" --------------------------
ALTER TABLE `vtiger_ticketcf`
	ADD CONSTRAINT `fk_1_vtiger_ticketcf` FOREIGN KEY ( `ticketid` )
	REFERENCES `vtiger_troubletickets`( `ticketid` )
	ON DELETE Cascade
	ON UPDATE No Action;
-- -------------------------------------------------------------


-- CREATE LINK "fk_1_vtiger_ticketcomments" --------------------
ALTER TABLE `vtiger_ticketcomments`
	ADD CONSTRAINT `fk_1_vtiger_ticketcomments` FOREIGN KEY ( `ticketid` )
	REFERENCES `vtiger_troubletickets`( `ticketid` )
	ON DELETE Cascade
	ON UPDATE No Action;
-- -------------------------------------------------------------


-- CREATE LINK "fk_1_vtiger_troubletickets" --------------------
ALTER TABLE `vtiger_troubletickets`
	ADD CONSTRAINT `fk_1_vtiger_troubletickets` FOREIGN KEY ( `ticketid` )
	REFERENCES `vtiger_crmentity`( `crmid` )
	ON DELETE Cascade
	ON UPDATE No Action;
-- -------------------------------------------------------------


-- CREATE LINK "fk_1_vtiger_vendor" ----------------------------
ALTER TABLE `vtiger_vendor`
	ADD CONSTRAINT `fk_1_vtiger_vendor` FOREIGN KEY ( `vendorid` )
	REFERENCES `vtiger_crmentity`( `crmid` )
	ON DELETE Cascade
	ON UPDATE No Action;
-- -------------------------------------------------------------


-- CREATE LINK "fk_1_vtiger_vendorcf" --------------------------
ALTER TABLE `vtiger_vendorcf`
	ADD CONSTRAINT `fk_1_vtiger_vendorcf` FOREIGN KEY ( `vendorid` )
	REFERENCES `vtiger_vendor`( `vendorid` )
	ON DELETE Cascade
	ON UPDATE No Action;
-- -------------------------------------------------------------


-- CREATE LINK "fk_1_vtiger_ws_actor_tables" -------------------
ALTER TABLE `vtiger_ws_entity_tables`
	ADD CONSTRAINT `fk_1_vtiger_ws_actor_tables` FOREIGN KEY ( `webservice_entity_id` )
	REFERENCES `vtiger_ws_entity`( `id` )
	ON DELETE Cascade
	ON UPDATE No Action;
-- -------------------------------------------------------------


-- CREATE LINK "fk_2_vtiger_activityproductrel" ----------------
ALTER TABLE `vtiger_activityproductrel`
	ADD CONSTRAINT `fk_2_vtiger_activityproductrel` FOREIGN KEY ( `productid` )
	REFERENCES `vtiger_products`( `productid` )
	ON DELETE Cascade
	ON UPDATE No Action;
-- -------------------------------------------------------------


-- CREATE LINK "fk_2_vtiger_campaigncontrel" -------------------
ALTER TABLE `vtiger_campaigncontrel`
	ADD CONSTRAINT `fk_2_vtiger_campaigncontrel` FOREIGN KEY ( `contactid` )
	REFERENCES `vtiger_contactdetails`( `contactid` )
	ON DELETE Cascade
	ON UPDATE No Action;
-- -------------------------------------------------------------


-- CREATE LINK "fk_2_vtiger_campaignleadrel" -------------------
ALTER TABLE `vtiger_campaignleadrel`
	ADD CONSTRAINT `fk_2_vtiger_campaignleadrel` FOREIGN KEY ( `leadid` )
	REFERENCES `vtiger_leaddetails`( `leadid` )
	ON DELETE Cascade
	ON UPDATE No Action;
-- -------------------------------------------------------------


-- CREATE LINK "fk_2_vtiger_cntactivityrel" --------------------
ALTER TABLE `vtiger_cntactivityrel`
	ADD CONSTRAINT `fk_2_vtiger_cntactivityrel` FOREIGN KEY ( `contactid` )
	REFERENCES `vtiger_contactdetails`( `contactid` )
	ON DELETE Cascade
	ON UPDATE No Action;
-- -------------------------------------------------------------


-- CREATE LINK "fk_2_vtiger_contpotentialrel" ------------------
ALTER TABLE `vtiger_contpotentialrel`
	ADD CONSTRAINT `fk_2_vtiger_contpotentialrel` FOREIGN KEY ( `potentialid` )
	REFERENCES `vtiger_potential`( `potentialid` )
	ON DELETE Cascade
	ON UPDATE No Action;
-- -------------------------------------------------------------


-- CREATE LINK "fk_2_vtiger_datashare_relatedmodules" ----------
ALTER TABLE `vtiger_datashare_relatedmodules`
	ADD CONSTRAINT `fk_2_vtiger_datashare_relatedmodules` FOREIGN KEY ( `tabid` )
	REFERENCES `vtiger_tab`( `tabid` )
	ON DELETE Cascade
	ON UPDATE No Action;
-- -------------------------------------------------------------


-- CREATE LINK "fk_2_vtiger_group2grouprel" --------------------
ALTER TABLE `vtiger_group2grouprel`
	ADD CONSTRAINT `fk_2_vtiger_group2grouprel` FOREIGN KEY ( `groupid` )
	REFERENCES `vtiger_groups`( `groupid` )
	ON DELETE Cascade
	ON UPDATE Cascade;
-- -------------------------------------------------------------


-- CREATE LINK "fk_2_vtiger_group2role" ------------------------
ALTER TABLE `vtiger_group2role`
	ADD CONSTRAINT `fk_2_vtiger_group2role` FOREIGN KEY ( `roleid` )
	REFERENCES `vtiger_role`( `roleid` )
	ON DELETE Cascade
	ON UPDATE No Action;
-- -------------------------------------------------------------


-- CREATE LINK "fk_2_vtiger_group2rs" --------------------------
ALTER TABLE `vtiger_group2rs`
	ADD CONSTRAINT `fk_2_vtiger_group2rs` FOREIGN KEY ( `roleandsubid` )
	REFERENCES `vtiger_role`( `roleid` )
	ON DELETE Cascade
	ON UPDATE No Action;
-- -------------------------------------------------------------


-- CREATE LINK "fk_2_vtiger_invoice" ---------------------------
ALTER TABLE `vtiger_invoice`
	ADD CONSTRAINT `fk_2_vtiger_invoice` FOREIGN KEY ( `salesorderid` )
	REFERENCES `vtiger_salesorder`( `salesorderid` )
	ON DELETE Cascade
	ON UPDATE No Action;
-- -------------------------------------------------------------


-- CREATE LINK "fk_2_vtiger_org_share_action2tab" --------------
ALTER TABLE `vtiger_org_share_action2tab`
	ADD CONSTRAINT `fk_2_vtiger_org_share_action2tab` FOREIGN KEY ( `tabid` )
	REFERENCES `vtiger_tab`( `tabid` )
	ON DELETE Cascade
	ON UPDATE No Action;
-- -------------------------------------------------------------


-- CREATE LINK "fk_2_vtiger_parenttabrel" ----------------------
ALTER TABLE `vtiger_parenttabrel`
	ADD CONSTRAINT `fk_2_vtiger_parenttabrel` FOREIGN KEY ( `parenttabid` )
	REFERENCES `vtiger_parenttab`( `parenttabid` )
	ON DELETE Cascade
	ON UPDATE No Action;
-- -------------------------------------------------------------


-- CREATE LINK "fk_2_vtiger_report" ----------------------------
ALTER TABLE `vtiger_report`
	ADD CONSTRAINT `fk_2_vtiger_report` FOREIGN KEY ( `queryid` )
	REFERENCES `vtiger_selectquery`( `queryid` )
	ON DELETE Cascade
	ON UPDATE No Action;
-- -------------------------------------------------------------


-- CREATE LINK "fk_2_vtiger_role2picklist" ---------------------
ALTER TABLE `vtiger_role2picklist`
	ADD CONSTRAINT `fk_2_vtiger_role2picklist` FOREIGN KEY ( `picklistid` )
	REFERENCES `vtiger_picklist`( `picklistid` )
	ON DELETE Cascade
	ON UPDATE No Action;
-- -------------------------------------------------------------


-- CREATE LINK "fk_2_vtiger_salesmanactivityrel" ---------------
ALTER TABLE `vtiger_salesmanactivityrel`
	ADD CONSTRAINT `fk_2_vtiger_salesmanactivityrel` FOREIGN KEY ( `smid` )
	REFERENCES `vtiger_users`( `id` )
	ON DELETE Cascade
	ON UPDATE No Action;
-- -------------------------------------------------------------


-- CREATE LINK "fk_2_vtiger_salesmanattachmentsrel" ------------
ALTER TABLE `vtiger_salesmanattachmentsrel`
	ADD CONSTRAINT `fk_2_vtiger_salesmanattachmentsrel` FOREIGN KEY ( `attachmentsid` )
	REFERENCES `vtiger_attachments`( `attachmentsid` )
	ON DELETE Cascade
	ON UPDATE No Action;
-- -------------------------------------------------------------


-- CREATE LINK "fk_2_vtiger_salesmanticketrel" -----------------
ALTER TABLE `vtiger_salesmanticketrel`
	ADD CONSTRAINT `fk_2_vtiger_salesmanticketrel` FOREIGN KEY ( `smid` )
	REFERENCES `vtiger_users`( `id` )
	ON DELETE Cascade
	ON UPDATE No Action;
-- -------------------------------------------------------------


-- CREATE LINK "fk_2_vtiger_seactivityrel" ---------------------
ALTER TABLE `vtiger_seactivityrel`
	ADD CONSTRAINT `fk_2_vtiger_seactivityrel` FOREIGN KEY ( `crmid` )
	REFERENCES `vtiger_crmentity`( `crmid` )
	ON DELETE Cascade
	ON UPDATE No Action;
-- -------------------------------------------------------------


-- CREATE LINK "fk_2_vtiger_seattachmentsrel" ------------------
ALTER TABLE `vtiger_seattachmentsrel`
	ADD CONSTRAINT `fk_2_vtiger_seattachmentsrel` FOREIGN KEY ( `crmid` )
	REFERENCES `vtiger_crmentity`( `crmid` )
	ON DELETE Cascade
	ON UPDATE No Action;
-- -------------------------------------------------------------


-- CREATE LINK "fk_2_vtiger_senotesrel" ------------------------
ALTER TABLE `vtiger_senotesrel`
	ADD CONSTRAINT `fk_2_vtiger_senotesrel` FOREIGN KEY ( `notesid` )
	REFERENCES `vtiger_notes`( `notesid` )
	ON DELETE Cascade
	ON UPDATE No Action;
-- -------------------------------------------------------------


-- CREATE LINK "fk_2_vtiger_seproductsrel" ---------------------
ALTER TABLE `vtiger_seproductsrel`
	ADD CONSTRAINT `fk_2_vtiger_seproductsrel` FOREIGN KEY ( `productid` )
	REFERENCES `vtiger_products`( `productid` )
	ON DELETE Cascade
	ON UPDATE No Action;
-- -------------------------------------------------------------


-- CREATE LINK "fk_2_vtiger_seticketsrel" ----------------------
ALTER TABLE `vtiger_seticketsrel`
	ADD CONSTRAINT `fk_2_vtiger_seticketsrel` FOREIGN KEY ( `ticketid` )
	REFERENCES `vtiger_troubletickets`( `ticketid` )
	ON DELETE Cascade
	ON UPDATE No Action;
-- -------------------------------------------------------------


-- CREATE LINK "fk_2_vtiger_user2role" -------------------------
ALTER TABLE `vtiger_user2role`
	ADD CONSTRAINT `fk_2_vtiger_user2role` FOREIGN KEY ( `userid` )
	REFERENCES `vtiger_users`( `id` )
	ON DELETE Cascade
	ON UPDATE No Action;
-- -------------------------------------------------------------


-- CREATE LINK "fk_2_vtiger_users2group" -----------------------
ALTER TABLE `vtiger_users2group`
	ADD CONSTRAINT `fk_2_vtiger_users2group` FOREIGN KEY ( `userid` )
	REFERENCES `vtiger_users`( `id` )
	ON DELETE Cascade
	ON UPDATE No Action;
-- -------------------------------------------------------------


-- CREATE LINK "fk_2_vtiger_user_module_preferences" -----------
ALTER TABLE `vtiger_user_module_preferences`
	ADD CONSTRAINT `fk_2_vtiger_user_module_preferences` FOREIGN KEY ( `tabid` )
	REFERENCES `vtiger_tab`( `tabid` )
	ON DELETE Cascade
	ON UPDATE Cascade;
-- -------------------------------------------------------------


-- CREATE LINK "fk_2_vtiger_vendorcontactrel" ------------------
ALTER TABLE `vtiger_vendorcontactrel`
	ADD CONSTRAINT `fk_2_vtiger_vendorcontactrel` FOREIGN KEY ( `vendorid` )
	REFERENCES `vtiger_vendor`( `vendorid` )
	ON DELETE Cascade
	ON UPDATE No Action;
-- -------------------------------------------------------------


-- CREATE LINK "fk_3_vtiger_datashare_grp2grp" -----------------
ALTER TABLE `vtiger_datashare_grp2grp`
	ADD CONSTRAINT `fk_3_vtiger_datashare_grp2grp` FOREIGN KEY ( `to_groupid` )
	REFERENCES `vtiger_groups`( `groupid` )
	ON DELETE Cascade
	ON UPDATE No Action;
-- -------------------------------------------------------------


-- CREATE LINK "fk_3_vtiger_datashare_grp2role" ----------------
ALTER TABLE `vtiger_datashare_grp2role`
	ADD CONSTRAINT `fk_3_vtiger_datashare_grp2role` FOREIGN KEY ( `to_roleid` )
	REFERENCES `vtiger_role`( `roleid` )
	ON DELETE Cascade
	ON UPDATE No Action;
-- -------------------------------------------------------------


-- CREATE LINK "fk_3_vtiger_datashare_grp2rs" ------------------
ALTER TABLE `vtiger_datashare_grp2rs`
	ADD CONSTRAINT `fk_3_vtiger_datashare_grp2rs` FOREIGN KEY ( `to_roleandsubid` )
	REFERENCES `vtiger_role`( `roleid` )
	ON DELETE Cascade
	ON UPDATE No Action;
-- -------------------------------------------------------------


-- CREATE LINK "fk_3_vtiger_datashare_role2group" --------------
ALTER TABLE `vtiger_datashare_role2group`
	ADD CONSTRAINT `fk_3_vtiger_datashare_role2group` FOREIGN KEY ( `share_roleid` )
	REFERENCES `vtiger_role`( `roleid` )
	ON DELETE Cascade
	ON UPDATE No Action;
-- -------------------------------------------------------------


-- CREATE LINK "fk_3_vtiger_datashare_role2role" ---------------
ALTER TABLE `vtiger_datashare_role2role`
	ADD CONSTRAINT `fk_3_vtiger_datashare_role2role` FOREIGN KEY ( `to_roleid` )
	REFERENCES `vtiger_role`( `roleid` )
	ON DELETE Cascade
	ON UPDATE No Action;
-- -------------------------------------------------------------


-- CREATE LINK "fk_3_vtiger_datashare_role2rs" -----------------
ALTER TABLE `vtiger_datashare_role2rs`
	ADD CONSTRAINT `fk_3_vtiger_datashare_role2rs` FOREIGN KEY ( `to_roleandsubid` )
	REFERENCES `vtiger_role`( `roleid` )
	ON DELETE Cascade
	ON UPDATE No Action;
-- -------------------------------------------------------------


-- CREATE LINK "fk_3_vtiger_datashare_rs2grp" ------------------
ALTER TABLE `vtiger_datashare_rs2grp`
	ADD CONSTRAINT `fk_3_vtiger_datashare_rs2grp` FOREIGN KEY ( `share_roleandsubid` )
	REFERENCES `vtiger_role`( `roleid` )
	ON DELETE Cascade
	ON UPDATE No Action;
-- -------------------------------------------------------------


-- CREATE LINK "fk_3_vtiger_datashare_rs2role" -----------------
ALTER TABLE `vtiger_datashare_rs2role`
	ADD CONSTRAINT `fk_3_vtiger_datashare_rs2role` FOREIGN KEY ( `to_roleid` )
	REFERENCES `vtiger_role`( `roleid` )
	ON DELETE Cascade
	ON UPDATE No Action;
-- -------------------------------------------------------------


-- CREATE LINK "fk_3_vtiger_datashare_rs2rs" -------------------
ALTER TABLE `vtiger_datashare_rs2rs`
	ADD CONSTRAINT `fk_3_vtiger_datashare_rs2rs` FOREIGN KEY ( `to_roleandsubid` )
	REFERENCES `vtiger_role`( `roleid` )
	ON DELETE Cascade
	ON UPDATE No Action;
-- -------------------------------------------------------------


-- CREATE LINK "fk_3_vtiger_quotes" ----------------------------
ALTER TABLE `vtiger_quotes`
	ADD CONSTRAINT `fk_3_vtiger_quotes` FOREIGN KEY ( `potentialid` )
	REFERENCES `vtiger_potential`( `potentialid` )
	ON DELETE Cascade
	ON UPDATE No Action;
-- -------------------------------------------------------------


-- CREATE LINK "fk_3_vtiger_salesorder" ------------------------
ALTER TABLE `vtiger_salesorder`
	ADD CONSTRAINT `fk_3_vtiger_salesorder` FOREIGN KEY ( `vendorid` )
	REFERENCES `vtiger_vendor`( `vendorid` )
	ON DELETE Cascade
	ON UPDATE No Action;
-- -------------------------------------------------------------


-- CREATE LINK "fk_3_vtiger_tmp_read_group_sharing_per" --------
ALTER TABLE `vtiger_tmp_read_group_sharing_per`
	ADD CONSTRAINT `fk_3_vtiger_tmp_read_group_sharing_per` FOREIGN KEY ( `userid` )
	REFERENCES `vtiger_users`( `id` )
	ON DELETE Cascade
	ON UPDATE No Action;
-- -------------------------------------------------------------


-- CREATE LINK "fk_3_vtiger_tmp_read_user_sharing_per" ---------
ALTER TABLE `vtiger_tmp_read_user_sharing_per`
	ADD CONSTRAINT `fk_3_vtiger_tmp_read_user_sharing_per` FOREIGN KEY ( `userid` )
	REFERENCES `vtiger_users`( `id` )
	ON DELETE Cascade
	ON UPDATE No Action;
-- -------------------------------------------------------------


-- CREATE LINK "fk_3_vtiger_tmp_write_group_sharing_per" -------
ALTER TABLE `vtiger_tmp_write_group_sharing_per`
	ADD CONSTRAINT `fk_3_vtiger_tmp_write_group_sharing_per` FOREIGN KEY ( `userid` )
	REFERENCES `vtiger_users`( `id` )
	ON DELETE Cascade
	ON UPDATE No Action;
-- -------------------------------------------------------------


-- CREATE LINK "fk_3_vtiger_tmp_write_user_sharing_per" --------
ALTER TABLE `vtiger_tmp_write_user_sharing_per`
	ADD CONSTRAINT `fk_3_vtiger_tmp_write_user_sharing_per` FOREIGN KEY ( `userid` )
	REFERENCES `vtiger_users`( `id` )
	ON DELETE Cascade
	ON UPDATE No Action;
-- -------------------------------------------------------------


-- CREATE LINK "fk_4_vtiger_purchaseorder" ---------------------
ALTER TABLE `vtiger_purchaseorder`
	ADD CONSTRAINT `fk_4_vtiger_purchaseorder` FOREIGN KEY ( `vendorid` )
	REFERENCES `vtiger_vendor`( `vendorid` )
	ON DELETE Cascade
	ON UPDATE No Action;
-- -------------------------------------------------------------


-- CREATE LINK "fk_4_vtiger_tmp_read_group_rel_sharing_per" ----
ALTER TABLE `vtiger_tmp_read_group_rel_sharing_per`
	ADD CONSTRAINT `fk_4_vtiger_tmp_read_group_rel_sharing_per` FOREIGN KEY ( `userid` )
	REFERENCES `vtiger_users`( `id` )
	ON DELETE Cascade
	ON UPDATE No Action;
-- -------------------------------------------------------------


-- CREATE LINK "fk_4_vtiger_tmp_read_user_rel_sharing_per" -----
ALTER TABLE `vtiger_tmp_read_user_rel_sharing_per`
	ADD CONSTRAINT `fk_4_vtiger_tmp_read_user_rel_sharing_per` FOREIGN KEY ( `userid` )
	REFERENCES `vtiger_users`( `id` )
	ON DELETE Cascade
	ON UPDATE No Action;
-- -------------------------------------------------------------


-- CREATE LINK "fk_4_vtiger_tmp_write_group_rel_sharing_per" ---
ALTER TABLE `vtiger_tmp_write_group_rel_sharing_per`
	ADD CONSTRAINT `fk_4_vtiger_tmp_write_group_rel_sharing_per` FOREIGN KEY ( `userid` )
	REFERENCES `vtiger_users`( `id` )
	ON DELETE Cascade
	ON UPDATE No Action;
-- -------------------------------------------------------------


-- CREATE LINK "fk_4_vtiger_tmp_write_user_rel_sharing_per" ----
ALTER TABLE `vtiger_tmp_write_user_rel_sharing_per`
	ADD CONSTRAINT `fk_4_vtiger_tmp_write_user_rel_sharing_per` FOREIGN KEY ( `userid` )
	REFERENCES `vtiger_users`( `id` )
	ON DELETE Cascade
	ON UPDATE No Action;
-- -------------------------------------------------------------


-- CREATE LINK "fk_activityid_vtiger_activitycf" ---------------
ALTER TABLE `vtiger_activitycf`
	ADD CONSTRAINT `fk_activityid_vtiger_activitycf` FOREIGN KEY ( `activityid` )
	REFERENCES `vtiger_activity`( `activityid` )
	ON DELETE Cascade
	ON UPDATE No Action;
-- -------------------------------------------------------------


-- CREATE LINK "fk_activityid_vtiger_activity_reminder" --------
ALTER TABLE `vtiger_activity_reminder`
	ADD CONSTRAINT `fk_activityid_vtiger_activity_reminder` FOREIGN KEY ( `activity_id` )
	REFERENCES `vtiger_activity`( `activityid` )
	ON DELETE Cascade
	ON UPDATE No Action;
-- -------------------------------------------------------------


-- CREATE LINK "fk_assetsid_vtiger_assetscf" -------------------
ALTER TABLE `vtiger_assetscf`
	ADD CONSTRAINT `fk_assetsid_vtiger_assetscf` FOREIGN KEY ( `assetsid` )
	REFERENCES `vtiger_assets`( `assetsid` )
	ON DELETE Cascade
	ON UPDATE No Action;
-- -------------------------------------------------------------


-- CREATE LINK "fk_crmid_vtiger_campaign" ----------------------
ALTER TABLE `vtiger_campaign`
	ADD CONSTRAINT `fk_crmid_vtiger_campaign` FOREIGN KEY ( `campaignid` )
	REFERENCES `vtiger_crmentity`( `crmid` )
	ON DELETE Cascade
	ON UPDATE No Action;
-- -------------------------------------------------------------


-- CREATE LINK "fk_crmid_vtiger_inventoryproductrel" -----------
ALTER TABLE `vtiger_inventoryproductrel`
	ADD CONSTRAINT `fk_crmid_vtiger_inventoryproductrel` FOREIGN KEY ( `id` )
	REFERENCES `vtiger_crmentity`( `crmid` )
	ON DELETE Cascade
	ON UPDATE No Action;
-- -------------------------------------------------------------


-- CREATE LINK "fk_crmid_vtiger_invoice" -----------------------
ALTER TABLE `vtiger_invoice`
	ADD CONSTRAINT `fk_crmid_vtiger_invoice` FOREIGN KEY ( `invoiceid` )
	REFERENCES `vtiger_crmentity`( `crmid` )
	ON DELETE Cascade
	ON UPDATE No Action;
-- -------------------------------------------------------------


-- CREATE LINK "fk_crmid_vtiger_modcomments" -------------------
ALTER TABLE `vtiger_modcomments`
	ADD CONSTRAINT `fk_crmid_vtiger_modcomments` FOREIGN KEY ( `modcommentsid` )
	REFERENCES `vtiger_crmentity`( `crmid` )
	ON DELETE Cascade
	ON UPDATE No Action;
-- -------------------------------------------------------------


-- CREATE LINK "fk_crmid_vtiger_pbxmanager" --------------------
ALTER TABLE `vtiger_pbxmanager`
	ADD CONSTRAINT `fk_crmid_vtiger_pbxmanager` FOREIGN KEY ( `pbxmanagerid` )
	REFERENCES `vtiger_crmentity`( `crmid` )
	ON DELETE Cascade
	ON UPDATE No Action;
-- -------------------------------------------------------------


-- CREATE LINK "fk_crmid_vtiger_producttaxrel" -----------------
ALTER TABLE `vtiger_producttaxrel`
	ADD CONSTRAINT `fk_crmid_vtiger_producttaxrel` FOREIGN KEY ( `productid` )
	REFERENCES `vtiger_crmentity`( `crmid` )
	ON DELETE Cascade
	ON UPDATE No Action;
-- -------------------------------------------------------------


-- CREATE LINK "fk_crmid_vtiger_project" -----------------------
ALTER TABLE `vtiger_project`
	ADD CONSTRAINT `fk_crmid_vtiger_project` FOREIGN KEY ( `projectid` )
	REFERENCES `vtiger_crmentity`( `crmid` )
	ON DELETE Cascade
	ON UPDATE No Action;
-- -------------------------------------------------------------


-- CREATE LINK "fk_crmid_vtiger_projectmilestone" --------------
ALTER TABLE `vtiger_projectmilestone`
	ADD CONSTRAINT `fk_crmid_vtiger_projectmilestone` FOREIGN KEY ( `projectmilestoneid` )
	REFERENCES `vtiger_crmentity`( `crmid` )
	ON DELETE Cascade
	ON UPDATE No Action;
-- -------------------------------------------------------------


-- CREATE LINK "fk_crmid_vtiger_projecttask" -------------------
ALTER TABLE `vtiger_projecttask`
	ADD CONSTRAINT `fk_crmid_vtiger_projecttask` FOREIGN KEY ( `projecttaskid` )
	REFERENCES `vtiger_crmentity`( `crmid` )
	ON DELETE Cascade
	ON UPDATE No Action;
-- -------------------------------------------------------------


-- CREATE LINK "fk_crmid_vtiger_purchaseorder" -----------------
ALTER TABLE `vtiger_purchaseorder`
	ADD CONSTRAINT `fk_crmid_vtiger_purchaseorder` FOREIGN KEY ( `purchaseorderid` )
	REFERENCES `vtiger_crmentity`( `crmid` )
	ON DELETE Cascade
	ON UPDATE No Action;
-- -------------------------------------------------------------


-- CREATE LINK "fk_crmid_vtiger_quotes" ------------------------
ALTER TABLE `vtiger_quotes`
	ADD CONSTRAINT `fk_crmid_vtiger_quotes` FOREIGN KEY ( `quoteid` )
	REFERENCES `vtiger_crmentity`( `crmid` )
	ON DELETE Cascade
	ON UPDATE No Action;
-- -------------------------------------------------------------


-- CREATE LINK "fk_crmid_vtiger_salesorder" --------------------
ALTER TABLE `vtiger_salesorder`
	ADD CONSTRAINT `fk_crmid_vtiger_salesorder` FOREIGN KEY ( `salesorderid` )
	REFERENCES `vtiger_crmentity`( `crmid` )
	ON DELETE Cascade
	ON UPDATE No Action;
-- -------------------------------------------------------------


-- CREATE LINK "fk_crmid_vtiger_servicecontracts" --------------
ALTER TABLE `vtiger_servicecontracts`
	ADD CONSTRAINT `fk_crmid_vtiger_servicecontracts` FOREIGN KEY ( `servicecontractsid` )
	REFERENCES `vtiger_crmentity`( `crmid` )
	ON DELETE Cascade
	ON UPDATE No Action;
-- -------------------------------------------------------------


-- CREATE LINK "fk_crmid_vtiger_smsnotifier" -------------------
ALTER TABLE `vtiger_smsnotifier`
	ADD CONSTRAINT `fk_crmid_vtiger_smsnotifier` FOREIGN KEY ( `smsnotifierid` )
	REFERENCES `vtiger_crmentity`( `crmid` )
	ON DELETE Cascade
	ON UPDATE No Action;
-- -------------------------------------------------------------


-- CREATE LINK "fk_modcommentsid_vtiger_modcommentscf" ---------
ALTER TABLE `vtiger_modcommentscf`
	ADD CONSTRAINT `fk_modcommentsid_vtiger_modcommentscf` FOREIGN KEY ( `modcommentsid` )
	REFERENCES `vtiger_modcomments`( `modcommentsid` )
	ON DELETE Cascade
	ON UPDATE No Action;
-- -------------------------------------------------------------


-- CREATE LINK "fk_notesid_vtiger_notescf" ---------------------
ALTER TABLE `vtiger_notescf`
	ADD CONSTRAINT `fk_notesid_vtiger_notescf` FOREIGN KEY ( `notesid` )
	REFERENCES `vtiger_notes`( `notesid` )
	ON DELETE Cascade
	ON UPDATE No Action;
-- -------------------------------------------------------------


-- CREATE LINK "fk_pbxmanagerid_vtiger_pbxmanagercf" -----------
ALTER TABLE `vtiger_pbxmanagercf`
	ADD CONSTRAINT `fk_pbxmanagerid_vtiger_pbxmanagercf` FOREIGN KEY ( `pbxmanagerid` )
	REFERENCES `vtiger_pbxmanager`( `pbxmanagerid` )
	ON DELETE Cascade
	ON UPDATE No Action;
-- -------------------------------------------------------------


-- CREATE LINK "fk_projectid_vtiger_projectcf" -----------------
ALTER TABLE `vtiger_projectcf`
	ADD CONSTRAINT `fk_projectid_vtiger_projectcf` FOREIGN KEY ( `projectid` )
	REFERENCES `vtiger_project`( `projectid` )
	ON DELETE Cascade
	ON UPDATE No Action;
-- -------------------------------------------------------------


-- CREATE LINK "fk_projectmilestoneid_vtiger_projectmilestonecf" 
ALTER TABLE `vtiger_projectmilestonecf`
	ADD CONSTRAINT `fk_projectmilestoneid_vtiger_projectmilestonecf` FOREIGN KEY ( `projectmilestoneid` )
	REFERENCES `vtiger_projectmilestone`( `projectmilestoneid` )
	ON DELETE Cascade
	ON UPDATE No Action;
-- -------------------------------------------------------------


-- CREATE LINK "fk_projecttaskid_vtiger_projecttaskcf" ---------
ALTER TABLE `vtiger_projecttaskcf`
	ADD CONSTRAINT `fk_projecttaskid_vtiger_projecttaskcf` FOREIGN KEY ( `projecttaskid` )
	REFERENCES `vtiger_projecttask`( `projecttaskid` )
	ON DELETE Cascade
	ON UPDATE No Action;
-- -------------------------------------------------------------


-- CREATE LINK "fk_salesorderid_vtiger_invoice_recurring_info" -
ALTER TABLE `vtiger_invoice_recurring_info`
	ADD CONSTRAINT `fk_salesorderid_vtiger_invoice_recurring_info` FOREIGN KEY ( `salesorderid` )
	REFERENCES `vtiger_salesorder`( `salesorderid` )
	ON DELETE Cascade
	ON UPDATE No Action;
-- -------------------------------------------------------------


-- CREATE LINK "fk_servicecontractsid_vtiger_servicecontractscf" 
ALTER TABLE `vtiger_servicecontractscf`
	ADD CONSTRAINT `fk_servicecontractsid_vtiger_servicecontractscf` FOREIGN KEY ( `servicecontractsid` )
	REFERENCES `vtiger_servicecontracts`( `servicecontractsid` )
	ON DELETE Cascade
	ON UPDATE No Action;
-- -------------------------------------------------------------


-- CREATE LINK "fk_serviceid_vtiger_servicecf" -----------------
ALTER TABLE `vtiger_servicecf`
	ADD CONSTRAINT `fk_serviceid_vtiger_servicecf` FOREIGN KEY ( `serviceid` )
	REFERENCES `vtiger_service`( `serviceid` )
	ON DELETE Cascade
	ON UPDATE No Action;
-- -------------------------------------------------------------


-- CREATE LINK "fk_smsnotifierid_vtiger_smsnotifiercf" ---------
ALTER TABLE `vtiger_smsnotifiercf`
	ADD CONSTRAINT `fk_smsnotifierid_vtiger_smsnotifiercf` FOREIGN KEY ( `smsnotifierid` )
	REFERENCES `vtiger_smsnotifier`( `smsnotifierid` )
	ON DELETE Cascade
	ON UPDATE No Action;
-- -------------------------------------------------------------


-- CREATE LINK "fk_vtiger_crmentity_user_field_recordid" -------
ALTER TABLE `vtiger_crmentity_user_field`
	ADD CONSTRAINT `fk_vtiger_crmentity_user_field_recordid` FOREIGN KEY ( `recordid` )
	REFERENCES `vtiger_crmentity`( `crmid` )
	ON DELETE Cascade
	ON UPDATE No Action;
-- -------------------------------------------------------------


-- CREATE LINK "fk_vtiger_webforms" ----------------------------
ALTER TABLE `vtiger_webform_file_fields`
	ADD CONSTRAINT `fk_vtiger_webforms` FOREIGN KEY ( `webformid` )
	REFERENCES `vtiger_webforms`( `id` )
	ON DELETE Cascade
	ON UPDATE No Action;
-- -------------------------------------------------------------


-- CREATE LINK "vtiger_app2tab_fk_tab" -------------------------
ALTER TABLE `vtiger_app2tab`
	ADD CONSTRAINT `vtiger_app2tab_fk_tab` FOREIGN KEY ( `tabid` )
	REFERENCES `vtiger_tab`( `tabid` )
	ON DELETE Cascade
	ON UPDATE No Action;
-- -------------------------------------------------------------


-- CREATE LINK "vtiger_customview_ibfk_1" ----------------------
ALTER TABLE `vtiger_cv2users`
	ADD CONSTRAINT `vtiger_customview_ibfk_1` FOREIGN KEY ( `cvid` )
	REFERENCES `vtiger_customview`( `cvid` )
	ON DELETE Cascade
	ON UPDATE No Action;
-- -------------------------------------------------------------


-- CREATE LINK "vtiger_customview_ibfk_2" ----------------------
ALTER TABLE `vtiger_cv2group`
	ADD CONSTRAINT `vtiger_customview_ibfk_2` FOREIGN KEY ( `cvid` )
	REFERENCES `vtiger_customview`( `cvid` )
	ON DELETE Cascade
	ON UPDATE No Action;
-- -------------------------------------------------------------


-- CREATE LINK "vtiger_dashboard_tabs_ibfk_1" ------------------
ALTER TABLE `vtiger_dashboard_tabs`
	ADD CONSTRAINT `vtiger_dashboard_tabs_ibfk_1` FOREIGN KEY ( `userid` )
	REFERENCES `vtiger_users`( `id` )
	ON DELETE Cascade
	ON UPDATE No Action;
-- -------------------------------------------------------------


-- CREATE LINK "vtiger_fk_1_actors_referencetype" --------------
ALTER TABLE `vtiger_ws_entity_referencetype`
	ADD CONSTRAINT `vtiger_fk_1_actors_referencetype` FOREIGN KEY ( `fieldtypeid` )
	REFERENCES `vtiger_ws_entity_fieldtype`( `fieldtypeid` )
	ON DELETE Cascade
	ON UPDATE No Action;
-- -------------------------------------------------------------


-- CREATE LINK "vtiger_groups_groupid_ibfk_1" ------------------
ALTER TABLE `vtiger_report_sharegroups`
	ADD CONSTRAINT `vtiger_groups_groupid_ibfk_1` FOREIGN KEY ( `groupid` )
	REFERENCES `vtiger_groups`( `groupid` )
	ON DELETE Cascade
	ON UPDATE No Action;
-- -------------------------------------------------------------


-- CREATE LINK "vtiger_groups_ibfk_1" --------------------------
ALTER TABLE `vtiger_cv2group`
	ADD CONSTRAINT `vtiger_groups_ibfk_1` FOREIGN KEY ( `groupid` )
	REFERENCES `vtiger_groups`( `groupid` )
	ON DELETE Cascade
	ON UPDATE No Action;
-- -------------------------------------------------------------


-- CREATE LINK "vtiger_module_dashboard_widgets_ibfk_1" --------
ALTER TABLE `vtiger_module_dashboard_widgets`
	ADD CONSTRAINT `vtiger_module_dashboard_widgets_ibfk_1` FOREIGN KEY ( `dashboardtabid` )
	REFERENCES `vtiger_dashboard_tabs`( `id` )
	ON DELETE Cascade
	ON UPDATE No Action;
-- -------------------------------------------------------------


-- CREATE LINK "vtiger_pbxmanager_phonelookup_ibfk_1" ----------
ALTER TABLE `vtiger_pbxmanager_phonelookup`
	ADD CONSTRAINT `vtiger_pbxmanager_phonelookup_ibfk_1` FOREIGN KEY ( `crmid` )
	REFERENCES `vtiger_crmentity`( `crmid` )
	ON DELETE Cascade
	ON UPDATE No Action;
-- -------------------------------------------------------------


-- CREATE LINK "vtiger_reports_reportid_ibfk_1" ----------------
ALTER TABLE `vtiger_report_shareusers`
	ADD CONSTRAINT `vtiger_reports_reportid_ibfk_1` FOREIGN KEY ( `reportid` )
	REFERENCES `vtiger_report`( `reportid` )
	ON DELETE Cascade
	ON UPDATE No Action;
-- -------------------------------------------------------------


-- CREATE LINK "vtiger_report_reportid_ibfk_2" -----------------
ALTER TABLE `vtiger_report_sharegroups`
	ADD CONSTRAINT `vtiger_report_reportid_ibfk_2` FOREIGN KEY ( `reportid` )
	REFERENCES `vtiger_report`( `reportid` )
	ON DELETE Cascade
	ON UPDATE No Action;
-- -------------------------------------------------------------


-- CREATE LINK "vtiger_users_ibfk_1" ---------------------------
ALTER TABLE `vtiger_cv2users`
	ADD CONSTRAINT `vtiger_users_ibfk_1` FOREIGN KEY ( `userid` )
	REFERENCES `vtiger_users`( `id` )
	ON DELETE Cascade
	ON UPDATE No Action;
-- -------------------------------------------------------------


-- CREATE LINK "vtiger_users_userid_ibfk_1" --------------------
ALTER TABLE `vtiger_report_shareusers`
	ADD CONSTRAINT `vtiger_users_userid_ibfk_1` FOREIGN KEY ( `userid` )
	REFERENCES `vtiger_users`( `id` )
	ON DELETE Cascade
	ON UPDATE No Action;
-- -------------------------------------------------------------


-- CREATE LINK "vtiger_wsapp_logs_basic_ibfk_1" ----------------
ALTER TABLE `vtiger_wsapp_logs_details`
	ADD CONSTRAINT `vtiger_wsapp_logs_basic_ibfk_1` FOREIGN KEY ( `id` )
	REFERENCES `vtiger_wsapp_logs_basic`( `id` )
	ON DELETE Cascade
	ON UPDATE No Action;
-- -------------------------------------------------------------


/*!40101 SET SQL_MODE=@OLD_SQL_MODE */;
/*!40014 SET FOREIGN_KEY_CHECKS=@OLD_FOREIGN_KEY_CHECKS */;
/*!40101 SET CHARACTER_SET_CLIENT=@OLD_CHARACTER_SET_CLIENT */;
/*!40101 SET CHARACTER_SET_RESULTS=@OLD_CHARACTER_SET_RESULTS */;
/*!40101 SET COLLATION_CONNECTION=@OLD_COLLATION_CONNECTION */;
-- ---------------------------------------------------------


